,problem,layers,optimizer,solutions,parameters,time
0,"{'type': 'maxcut', 'graph': {'directed': False, 'multigraph': False, 'graph': {}, 'nodes': [{'id': 0}, {'id': 1}, {'id': 2}, {'id': 3}], 'links': [{'weight': 5, 'source': 0, 'target': 1}, {'weight': 5, 'source': 0, 'target': 2}, {'weight': 7, 'source': 0, 'target': 3}, {'weight': 4, 'source': 1, 'target': 2}, {'weight': 8, 'source': 1, 'target': 3}, {'weight': 8, 'source': 2, 'target': 3}]}, 'position': {0: [-0.2548148752963474, -0.8433541504801777], 1: [-0.947498195379204, 0.3810949273552925], 2: [0.9999999999999999, -0.20733107317232005], 3: [0.2023130706755527, 0.6695902962972065]}, 'solution': ([0, 1, 1, 0], 26.0)}",18,"{'optimizer': 'COBYLA', 'maxiter': 100, 'shots': 1024, 'parameter_strategy': 'RANDOM', 'x0': None, 'backend': <QAOA_Tester.Backend.NoisyEstimatorBackend object at 0x7ff72d202f50>}","[([0, 1, 1, 0], -26.0)]","[array([0.08293391, 0.42036232, 4.09102574, 2.26946143, 6.22451489,
       0.13578082, 2.9484531 , 4.19377644, 1.85461742, 2.208141  ,
       4.07289081, 2.4373654 , 4.67667113, 3.78469745, 1.05171448,
       2.97405188, 2.97017957, 3.22274406, 2.02184489, 1.74847877,
       4.78860062, 5.64719641, 4.78836405, 1.3514711 , 4.67736989,
       0.75100235, 2.83533543, 0.88333246, 5.62279916, 1.27394815,
       5.14368391, 3.1807653 , 3.16097288, 4.99194095, 4.41442364,
       2.00986745])]",[614.2576880455017]
