,problem,layers,optimizer,solutions,parameters,time
0,"{'type': 'maxcut', 'graph': {'directed': False, 'multigraph': False, 'graph': {}, 'nodes': [{'id': 0}, {'id': 1}, {'id': 2}, {'id': 3}], 'links': [{'weight': 5, 'source': 0, 'target': 1}, {'weight': 5, 'source': 0, 'target': 2}, {'weight': 7, 'source': 0, 'target': 3}, {'weight': 4, 'source': 1, 'target': 2}, {'weight': 8, 'source': 1, 'target': 3}, {'weight': 8, 'source': 2, 'target': 3}]}, 'position': {0: [-0.2548148752963474, -0.8433541504801777], 1: [-0.947498195379204, 0.3810949273552925], 2: [0.9999999999999999, -0.20733107317232005], 3: [0.2023130706755527, 0.6695902962972065]}, 'solution': ([0, 1, 1, 0], 26.0)}",25,"{'optimizer': 'COBYLA', 'maxiter': 100, 'shots': 1024, 'parameter_strategy': 'RANDOM', 'x0': None, 'backend': <QAOA_Tester.Backend.NoisyEstimatorBackend object at 0x7f2d45586230>}","[([0, 0, 0, 0], 0.0)]","[array([1.19050353, 0.45286122, 1.8946357 , 3.16920177, 4.46607536,
       3.0479773 , 1.86916161, 1.26502129, 1.93464903, 1.95102894,
       1.12503899, 1.66587155, 5.09354774, 3.99218752, 1.16362323,
       1.66050968, 5.39796063, 6.0323493 , 2.24578005, 4.76196289,
       0.14054558, 1.26395363, 5.52859615, 5.69567526, 3.24650703,
       1.91222421, 3.53659835, 3.20041798, 3.52195584, 1.99448174,
       0.05515642, 3.72113922, 0.95914341, 0.72265348, 5.41543087,
       4.36267274, 4.91344466, 3.59073928, 5.32503877, 5.59494068,
       0.47362009, 4.95220905, 5.3635907 , 4.94342933, 1.68283853,
       2.62599345, 1.38890593, 2.16185148, 5.29966887, 4.44387859])]",[609.7738983631134]
