,problem,layers,optimizer,solutions,parameters,time
0,"{'type': 'maxcut', 'graph': {'directed': False, 'multigraph': False, 'graph': {}, 'nodes': [{'id': 0}, {'id': 1}, {'id': 2}, {'id': 3}], 'links': [{'weight': 5, 'source': 0, 'target': 1}, {'weight': 5, 'source': 0, 'target': 2}, {'weight': 7, 'source': 0, 'target': 3}, {'weight': 4, 'source': 1, 'target': 2}, {'weight': 8, 'source': 1, 'target': 3}, {'weight': 8, 'source': 2, 'target': 3}]}, 'position': {0: [-0.2548148752963474, -0.8433541504801777], 1: [-0.947498195379204, 0.3810949273552925], 2: [0.9999999999999999, -0.20733107317232005], 3: [0.2023130706755527, 0.6695902962972065]}, 'solution': ([0, 1, 1, 0], 26.0)}",28,"{'optimizer': 'COBYLA', 'maxiter': 100, 'shots': 1024, 'parameter_strategy': 'RANDOM', 'x0': None, 'backend': <QAOA_Tester.Backend.NoisyEstimatorBackend object at 0x7ff8b077cd00>}","[([1, 0, 0, 1], -26.0)]","[array([ 2.77070574, -0.15007339,  4.60023847,  4.97477226,  0.15833402,
        6.10558913,  3.47180538,  2.41903169,  4.15274729,  1.8202525 ,
        1.66488856,  2.02529653,  3.15485952,  1.95668333,  4.78262494,
        1.28536392,  3.60896133,  5.39868756, -0.09782631,  2.41531662,
        0.00927008,  3.8353299 ,  2.34684078,  4.96982734,  4.49645002,
        5.66498958,  0.01816948,  6.91564958,  0.6351037 ,  0.68810363,
        0.44000463,  5.40146284,  4.51267291,  5.70358054,  4.84904458,
        3.40098173,  1.73857657,  5.49969467,  0.98456459,  5.77170957,
        4.71266163,  4.61716688,  3.5951075 ,  4.84929089,  4.44670252,
        4.06462444,  6.01366087,  3.5868801 ,  5.18446619,  2.27840079,
        1.31717416,  3.10676084,  2.63949257,  4.62846105,  2.22375786,
        0.44861002])]",[610.8751490116119]
