,problem,layers,optimizer,solutions,parameters,time
0,"{'type': 'maxcut', 'graph': {'directed': False, 'multigraph': False, 'graph': {}, 'nodes': [{'id': 0}, {'id': 1}, {'id': 2}, {'id': 3}], 'links': [{'weight': 5, 'source': 0, 'target': 1}, {'weight': 5, 'source': 0, 'target': 2}, {'weight': 7, 'source': 0, 'target': 3}, {'weight': 4, 'source': 1, 'target': 2}, {'weight': 8, 'source': 1, 'target': 3}, {'weight': 8, 'source': 2, 'target': 3}]}, 'position': {0: [-0.2548148752963474, -0.8433541504801777], 1: [-0.947498195379204, 0.3810949273552925], 2: [0.9999999999999999, -0.20733107317232005], 3: [0.2023130706755527, 0.6695902962972065]}, 'solution': ([0, 1, 1, 0], 26.0)}",28,"{'optimizer': 'COBYLA', 'maxiter': 100, 'shots': 1024, 'parameter_strategy': 'RANDOM', 'x0': None, 'backend': <QAOA_Tester.Backend.NoisyEstimatorBackend object at 0x7fa3476a0fd0>}","[([0, 0, 0, 0], 0.0)]","[array([0.02048474, 2.03778113, 5.40109183, 1.20437724, 3.66938952,
       6.09081259, 4.76719227, 1.99781359, 1.40845174, 0.76218316,
       5.65015139, 4.72580965, 5.12485445, 3.46876763, 2.31614994,
       5.53041761, 0.53359065, 1.19635322, 4.62224203, 3.62425931,
       0.66678787, 6.07266963, 2.32705562, 4.90227588, 1.14707525,
       0.06064041, 2.09578174, 1.17829468, 1.64904702, 0.91448614,
       3.66118046, 5.87416904, 3.20623752, 3.16513845, 1.66413424,
       2.72477501, 3.14187152, 1.82346852, 1.19302417, 4.37976117,
       4.44842346, 4.52275452, 3.14240825, 1.15730023, 1.89406175,
       5.07214015, 4.19532238, 0.15009642, 2.07085472, 4.91442883,
       4.88140793, 6.12706545, 2.77730929, 5.35042556, 0.46533118,
       5.25431384])]",[626.7362334728241]
