,problem,layers,optimizer,solutions,parameters,time
0,"{'type': 'maxcut', 'graph': {'directed': False, 'multigraph': False, 'graph': {}, 'nodes': [{'id': 0}, {'id': 1}, {'id': 2}, {'id': 3}], 'links': [{'weight': 5, 'source': 0, 'target': 1}, {'weight': 5, 'source': 0, 'target': 2}, {'weight': 7, 'source': 0, 'target': 3}, {'weight': 4, 'source': 1, 'target': 2}, {'weight': 8, 'source': 1, 'target': 3}, {'weight': 8, 'source': 2, 'target': 3}]}, 'position': {0: [-0.2548148752963474, -0.8433541504801777], 1: [-0.947498195379204, 0.3810949273552925], 2: [0.9999999999999999, -0.20733107317232005], 3: [0.2023130706755527, 0.6695902962972065]}, 'solution': ([0, 1, 1, 0], 26.0)}",16,"{'optimizer': 'COBYLA', 'maxiter': 100, 'shots': 1024, 'parameter_strategy': 'RANDOM', 'x0': None, 'backend': <QAOA_Tester.Backend.NoisyEstimatorBackend object at 0x7f265f6eebc0>}","[([0, 1, 1, 1], -17.0)]","[array([3.28064713, 0.63793526, 4.41306341, 5.43755232, 4.56126173,
       4.27622196, 4.76594693, 3.68464877, 3.49039681, 0.25438769,
       0.11777899, 1.7044794 , 3.76546494, 2.27314049, 1.60635872,
       5.24703168, 6.17684776, 3.47032778, 5.38550972, 1.60037025,
       5.52440883, 1.69342399, 4.32009466, 6.0288444 , 3.23340894,
       2.37319635, 0.64200528, 4.93901015, 2.32629204, 5.76972934,
       6.26759232, 0.84317384])]",[581.6075599193573]
