,problem,layers,optimizer,solutions,parameters,time
0,"{'type': 'maxcut', 'graph': {'directed': False, 'multigraph': False, 'graph': {}, 'nodes': [{'id': 0}, {'id': 1}, {'id': 2}, {'id': 3}], 'links': [{'weight': 5, 'source': 0, 'target': 1}, {'weight': 5, 'source': 0, 'target': 2}, {'weight': 7, 'source': 0, 'target': 3}, {'weight': 4, 'source': 1, 'target': 2}, {'weight': 8, 'source': 1, 'target': 3}, {'weight': 8, 'source': 2, 'target': 3}]}, 'position': {0: [-0.2548148752963474, -0.8433541504801777], 1: [-0.947498195379204, 0.3810949273552925], 2: [0.9999999999999999, -0.20733107317232005], 3: [0.2023130706755527, 0.6695902962972065]}, 'solution': ([0, 1, 1, 0], 26.0)}",16,"{'optimizer': 'COBYLA', 'maxiter': 100, 'shots': 1024, 'parameter_strategy': 'RANDOM', 'x0': None, 'backend': <QAOA_Tester.Backend.NoisyEstimatorBackend object at 0x7f6cdbdcacb0>}","[([0, 1, 0, 1], -24.0)]","[array([0.01432877, 3.73579909, 2.16297954, 2.75509101, 1.02961536,
       4.90340852, 5.4419213 , 0.36981643, 6.09156125, 1.39112551,
       4.51890171, 2.13434584, 4.42112527, 6.1555799 , 5.32926723,
       4.69898233, 3.59115909, 2.7239866 , 5.65090565, 4.38935776,
       3.69344222, 0.11150418, 2.5452387 , 1.36461647, 4.66287628,
       1.52140579, 3.96520316, 5.19037981, 4.21081652, 4.31043366,
       4.75135974, 4.55632363])]",[625.1433267593384]
