,problem,layers,optimizer,solutions,parameters,time
0,"{'type': 'maxcut', 'graph': {'directed': False, 'multigraph': False, 'graph': {}, 'nodes': [{'id': 0}, {'id': 1}, {'id': 2}, {'id': 3}], 'links': [{'weight': 5, 'source': 0, 'target': 1}, {'weight': 5, 'source': 0, 'target': 2}, {'weight': 7, 'source': 0, 'target': 3}, {'weight': 4, 'source': 1, 'target': 2}, {'weight': 8, 'source': 1, 'target': 3}, {'weight': 8, 'source': 2, 'target': 3}]}, 'position': {0: [-0.2548148752963474, -0.8433541504801777], 1: [-0.947498195379204, 0.3810949273552925], 2: [0.9999999999999999, -0.20733107317232005], 3: [0.2023130706755527, 0.6695902962972065]}, 'solution': ([0, 1, 1, 0], 26.0)}",20,"{'optimizer': 'COBYLA', 'maxiter': 100, 'shots': 1024, 'parameter_strategy': 'RANDOM', 'x0': None, 'backend': <QAOA_Tester.Backend.NoisyEstimatorBackend object at 0x7fb63f14eb00>}","[([0, 1, 0, 1], -24.0)]","[array([4.03920925, 5.2195637 , 4.88660108, 2.43157479, 4.59109369,
       4.49476901, 0.11633992, 4.61837581, 4.9392312 , 5.59014785,
       4.85129392, 0.47546043, 2.12514261, 0.6467519 , 4.95410716,
       2.25510648, 1.36758428, 4.39812609, 5.3867818 , 3.73800155,
       0.32891434, 2.08602899, 0.85513154, 2.97189907, 3.04003148,
       2.62614577, 0.68964992, 1.97775144, 3.81014947, 2.84629423,
       3.22555398, 3.72833349, 4.11384422, 0.69052432, 2.79819698,
       4.69392473, 5.65901949, 5.24011127, 1.5696467 , 5.07135592])]",[595.8174357414246]
