,problem,layers,optimizer,solutions,parameters,time
0,"{'type': 'maxcut', 'graph': {'directed': False, 'multigraph': False, 'graph': {}, 'nodes': [{'id': 0}, {'id': 1}, {'id': 2}, {'id': 3}], 'links': [{'weight': 5, 'source': 0, 'target': 1}, {'weight': 5, 'source': 0, 'target': 2}, {'weight': 7, 'source': 0, 'target': 3}, {'weight': 4, 'source': 1, 'target': 2}, {'weight': 8, 'source': 1, 'target': 3}, {'weight': 8, 'source': 2, 'target': 3}]}, 'position': {0: [-0.2548148752963474, -0.8433541504801777], 1: [-0.947498195379204, 0.3810949273552925], 2: [0.9999999999999999, -0.20733107317232005], 3: [0.2023130706755527, 0.6695902962972065]}, 'solution': ([0, 1, 1, 0], 26.0)}",30,"{'optimizer': 'COBYLA', 'maxiter': 100, 'shots': 1024, 'parameter_strategy': 'RANDOM', 'x0': None, 'backend': <QAOA_Tester.Backend.NoisyEstimatorBackend object at 0x7fa6cb969240>}","[([1, 0, 1, 0], -24.0)]","[array([6.11661045e+00, 3.63436310e+00, 7.40075355e-01, 7.70634961e-01,
       8.17408897e-01, 4.75597005e+00, 5.58254000e+00, 4.64303765e+00,
       2.88479902e+00, 1.43402972e-01, 2.25008889e+00, 1.33008155e+00,
       4.12331324e+00, 4.42000954e+00, 1.00888210e+00, 1.85012312e+00,
       2.69923885e-02, 9.35350349e-01, 2.41530436e+00, 4.98466133e+00,
       4.07438906e+00, 1.24915012e+00, 4.79296444e+00, 2.04732195e+00,
       4.04384634e+00, 3.75019900e+00, 2.47002552e-01, 5.65242683e+00,
       2.99721787e+00, 1.96186314e+00, 3.49197899e+00, 4.22205413e+00,
       3.71964311e+00, 1.26868052e+00, 2.52120742e+00, 3.97559052e+00,
       3.69504444e+00, 4.51678887e+00, 3.27552726e+00, 5.25005901e+00,
       1.91225179e+00, 4.83068734e+00, 2.24691519e+00, 6.99211815e-01,
       1.78866126e+00, 5.54165533e-01, 3.59133241e+00, 5.34921508e+00,
       9.84503195e-04, 6.27843617e+00, 6.13036429e+00, 3.48316609e+00,
       6.03987486e+00, 4.29001377e+00, 4.26573636e+00, 5.80353282e+00,
       3.12357227e+00, 3.84495866e+00, 2.63676033e+00, 3.40179236e+00])]",[467.1550512313843]
