,problem,layers,optimizer,solutions,parameters,time
0,"{'type': 'maxcut', 'graph': {'directed': False, 'multigraph': False, 'graph': {}, 'nodes': [{'id': 0}, {'id': 1}, {'id': 2}, {'id': 3}], 'links': [{'weight': 5, 'source': 0, 'target': 1}, {'weight': 5, 'source': 0, 'target': 2}, {'weight': 7, 'source': 0, 'target': 3}, {'weight': 4, 'source': 1, 'target': 2}, {'weight': 8, 'source': 1, 'target': 3}, {'weight': 8, 'source': 2, 'target': 3}]}, 'position': {0: [-0.2548148752963474, -0.8433541504801777], 1: [-0.947498195379204, 0.3810949273552925], 2: [0.9999999999999999, -0.20733107317232005], 3: [0.2023130706755527, 0.6695902962972065]}, 'solution': ([0, 1, 1, 0], 26.0)}",19,"{'optimizer': 'COBYLA', 'maxiter': 100, 'shots': 1024, 'parameter_strategy': 'RANDOM', 'x0': None, 'backend': <QAOA_Tester.Backend.NoisyEstimatorBackend object at 0x7f79ed0930a0>}","[([1, 1, 1, 1], 0.0)]","[array([4.3958059 , 3.84087604, 5.91317103, 0.32649918, 2.31000905,
       3.53667145, 4.37047419, 2.91931949, 1.46366516, 1.46025633,
       2.11393571, 1.78924059, 2.95094126, 2.14369631, 1.74862759,
       5.09068405, 1.96946233, 3.85152822, 3.30510049, 5.04567748,
       0.09674406, 1.75906937, 0.03068078, 5.33481969, 5.43328494,
       1.04271831, 0.41182085, 3.87086216, 3.50331419, 3.07393902,
       0.42998357, 2.74918397, 4.80522777, 0.50312684, 2.14347861,
       3.87642659, 2.84325705, 0.94107132])]",[574.4165065288544]
