,problem,layers,optimizer,solutions,parameters,time
0,"{'type': 'maxcut', 'graph': {'directed': False, 'multigraph': False, 'graph': {}, 'nodes': [{'id': 0}, {'id': 1}, {'id': 2}, {'id': 3}], 'links': [{'weight': 5, 'source': 0, 'target': 1}, {'weight': 5, 'source': 0, 'target': 2}, {'weight': 7, 'source': 0, 'target': 3}, {'weight': 4, 'source': 1, 'target': 2}, {'weight': 8, 'source': 1, 'target': 3}, {'weight': 8, 'source': 2, 'target': 3}]}, 'position': {0: [-0.2548148752963474, -0.8433541504801777], 1: [-0.947498195379204, 0.3810949273552925], 2: [0.9999999999999999, -0.20733107317232005], 3: [0.2023130706755527, 0.6695902962972065]}, 'solution': ([0, 1, 1, 0], 26.0)}",28,"{'optimizer': 'COBYLA', 'maxiter': 100, 'shots': 1024, 'parameter_strategy': 'RANDOM', 'x0': None, 'backend': <QAOA_Tester.Backend.NoisyEstimatorBackend object at 0x7f3c2d116350>}","[([1, 1, 0, 1], -17.0)]","[array([1.75423887, 3.12033206, 4.87620977, 2.14146921, 3.32475019,
       4.76972782, 0.21526968, 4.05638458, 1.52715312, 4.10199179,
       1.07067235, 4.10661708, 2.14190799, 2.98487927, 0.30998585,
       3.03394916, 4.40766831, 3.22563384, 4.49370144, 4.57365873,
       4.82138276, 1.41215962, 1.65205047, 2.98127862, 5.84404606,
       2.68896536, 3.15757056, 6.50627561, 5.78268585, 5.14109403,
       6.08132728, 1.50803849, 3.94783964, 0.75462392, 5.76802079,
       4.70629864, 0.36927013, 0.98637846, 5.14570184, 5.33113949,
       0.95055311, 1.11051011, 2.24991776, 2.76704524, 3.8880402 ,
       3.49867138, 2.05948342, 1.80973427, 5.1122741 , 2.03476953,
       2.63003154, 2.51561815, 3.55881805, 2.31451816, 4.9577549 ,
       2.47421444])]",[632.0780770778656]
