,problem,layers,optimizer,solutions,parameters,time
0,"{'type': 'maxcut', 'graph': {'directed': False, 'multigraph': False, 'graph': {}, 'nodes': [{'id': 0}, {'id': 1}, {'id': 2}, {'id': 3}], 'links': [{'weight': 5, 'source': 0, 'target': 1}, {'weight': 5, 'source': 0, 'target': 2}, {'weight': 7, 'source': 0, 'target': 3}, {'weight': 4, 'source': 1, 'target': 2}, {'weight': 8, 'source': 1, 'target': 3}, {'weight': 8, 'source': 2, 'target': 3}]}, 'position': {0: [-0.2548148752963474, -0.8433541504801777], 1: [-0.947498195379204, 0.3810949273552925], 2: [0.9999999999999999, -0.20733107317232005], 3: [0.2023130706755527, 0.6695902962972065]}, 'solution': ([0, 1, 1, 0], 26.0)}",27,"{'optimizer': 'COBYLA', 'maxiter': 100, 'shots': 1024, 'parameter_strategy': 'RANDOM', 'x0': None, 'backend': <QAOA_Tester.Backend.NoisyEstimatorBackend object at 0x7f7e4e58aec0>}","[([1, 1, 0, 0], -24.0)]","[array([4.37856846, 3.0955427 , 0.36107627, 2.72169454, 3.71860862,
       1.42506945, 1.18426503, 0.90537655, 2.60347497, 0.68367911,
       2.40411405, 0.82233078, 0.55584709, 0.31488205, 3.3158784 ,
       0.41135342, 2.76899383, 1.13648367, 4.69372391, 1.4466833 ,
       1.58208724, 0.24836013, 1.37702394, 2.26610565, 4.8779782 ,
       1.17188741, 3.01450041, 2.17748857, 0.9336271 , 2.56478981,
       2.12089677, 2.84586714, 3.53242224, 3.29836531, 3.02063031,
       4.23063896, 2.30463165, 2.17866042, 3.07305999, 0.28454135,
       2.94714221, 5.08482305, 2.06279494, 4.3779513 , 3.07816897,
       2.68109588, 4.99173648, 4.75183463, 4.91406967, 2.99822319,
       3.56630629, 2.69302403, 3.39273432, 3.24089377])]",[579.4301888942719]
