,problem,layers,optimizer,solutions,parameters,time
0,"{'type': 'maxcut', 'graph': {'directed': False, 'multigraph': False, 'graph': {}, 'nodes': [{'id': 0}, {'id': 1}, {'id': 2}, {'id': 3}], 'links': [{'weight': 5, 'source': 0, 'target': 1}, {'weight': 5, 'source': 0, 'target': 2}, {'weight': 7, 'source': 0, 'target': 3}, {'weight': 4, 'source': 1, 'target': 2}, {'weight': 8, 'source': 1, 'target': 3}, {'weight': 8, 'source': 2, 'target': 3}]}, 'position': {0: [-0.2548148752963474, -0.8433541504801777], 1: [-0.947498195379204, 0.3810949273552925], 2: [0.9999999999999999, -0.20733107317232005], 3: [0.2023130706755527, 0.6695902962972065]}, 'solution': ([0, 1, 1, 0], 26.0)}",29,"{'optimizer': 'COBYLA', 'maxiter': 100, 'shots': 1024, 'parameter_strategy': 'RANDOM', 'x0': None, 'backend': <QAOA_Tester.Backend.NoisyEstimatorBackend object at 0x7facca3b30a0>}","[([1, 0, 0, 0], -17.0)]","[array([ 4.43626624,  1.00698165,  5.13506907,  2.05261423,  5.12140333,
        0.70324562,  6.16209693,  5.30737641,  1.2790535 ,  4.63638328,
        2.44066339,  4.87060438,  3.71799489,  3.75489197,  3.37424477,
        5.42404526,  1.50230466,  5.47598656,  0.97687455,  2.79297389,
        3.73868354,  3.63076463,  3.89562231,  1.08131754,  5.00248892,
        3.49234489,  0.25501719,  4.38176008, -0.32175552,  4.31037515,
        3.18152842,  0.16593711,  3.69789874,  3.08445586,  0.25805426,
        0.49423111,  2.6871301 ,  5.27402143,  4.32905211,  3.85659144,
        5.7266256 ,  4.03322569,  5.82987063,  1.56450298,  3.20239433,
        3.65067748,  5.72624574,  4.10172183,  5.53980424,  4.03719442,
        2.860211  ,  2.95467476,  0.52713224,  5.7725921 ,  4.05097005,
        5.28594999,  0.84434223,  4.54733485])]",[595.3467192649841]
