,problem,layers,optimizer,solutions,parameters,time
0,"{'type': 'maxcut', 'graph': {'directed': False, 'multigraph': False, 'graph': {}, 'nodes': [{'id': 0}, {'id': 1}, {'id': 2}, {'id': 3}], 'links': [{'weight': 5, 'source': 0, 'target': 1}, {'weight': 5, 'source': 0, 'target': 2}, {'weight': 7, 'source': 0, 'target': 3}, {'weight': 4, 'source': 1, 'target': 2}, {'weight': 8, 'source': 1, 'target': 3}, {'weight': 8, 'source': 2, 'target': 3}]}, 'position': {0: [-0.2548148752963474, -0.8433541504801777], 1: [-0.947498195379204, 0.3810949273552925], 2: [0.9999999999999999, -0.20733107317232005], 3: [0.2023130706755527, 0.6695902962972065]}, 'solution': ([0, 1, 1, 0], 26.0)}",27,"{'optimizer': 'COBYLA', 'maxiter': 100, 'shots': 1024, 'parameter_strategy': 'RANDOM', 'x0': None, 'backend': <QAOA_Tester.Backend.NoisyEstimatorBackend object at 0x7fe95e38ecb0>}","[([0, 1, 0, 1], -24.0)]","[array([2.31169498, 5.86439812, 3.68177186, 2.48130454, 2.78992783,
       0.56880909, 4.4386463 , 2.01007319, 3.45071282, 0.27255418,
       1.31672676, 4.11222414, 4.10607049, 4.6604646 , 2.24933165,
       2.01529936, 5.74146131, 3.74519424, 0.73479553, 6.02363835,
       1.93943917, 3.69105754, 4.24838074, 0.65463828, 3.96167783,
       5.78974295, 3.53828762, 0.02482174, 0.78970582, 5.90267746,
       3.64246598, 3.04272234, 2.70571836, 5.54167675, 2.44898753,
       1.7023166 , 2.93063797, 5.70788552, 4.32899396, 5.97866192,
       5.22797524, 0.99600657, 2.1346712 , 1.51762283, 3.50065263,
       2.43178251, 3.51541116, 2.67618648, 4.37721849, 4.46642135,
       2.91865273, 0.29141766, 4.49383443, 3.60302793])]",[596.9908981323242]
