,problem,layers,optimizer,solutions,parameters,time
0,"{'type': 'maxcut', 'graph': {'directed': False, 'multigraph': False, 'graph': {}, 'nodes': [{'id': 0}, {'id': 1}, {'id': 2}, {'id': 3}], 'links': [{'weight': 5, 'source': 0, 'target': 1}, {'weight': 5, 'source': 0, 'target': 2}, {'weight': 7, 'source': 0, 'target': 3}, {'weight': 4, 'source': 1, 'target': 2}, {'weight': 8, 'source': 1, 'target': 3}, {'weight': 8, 'source': 2, 'target': 3}]}, 'position': {0: [-0.2548148752963474, -0.8433541504801777], 1: [-0.947498195379204, 0.3810949273552925], 2: [0.9999999999999999, -0.20733107317232005], 3: [0.2023130706755527, 0.6695902962972065]}, 'solution': ([0, 1, 1, 0], 26.0)}",17,"{'optimizer': 'COBYLA', 'maxiter': 100, 'shots': 1024, 'parameter_strategy': 'RANDOM', 'x0': None, 'backend': <QAOA_Tester.Backend.NoisyEstimatorBackend object at 0x7f3a4a066ad0>}","[([0, 1, 0, 0], -17.0)]","[array([1.12730784, 0.14727037, 6.17411617, 2.64751204, 4.35220791,
       2.64383685, 0.06556924, 1.99748429, 2.02451196, 5.73730523,
       0.95545109, 0.2096379 , 4.01707467, 1.48502725, 0.78435823,
       2.76795608, 6.44007982, 5.03445571, 1.91359252, 6.22041691,
       3.94262031, 0.1257473 , 2.92603583, 2.26501143, 3.63680951,
       3.65103063, 2.50142797, 5.76617515, 1.24275634, 1.44580817,
       3.48087483, 5.01026445, 2.13742144, 1.31190586])]",[568.8989992141724]
