,problem,layers,optimizer,solutions,parameters,time
0,"{'type': 'maxcut', 'graph': {'directed': False, 'multigraph': False, 'graph': {}, 'nodes': [{'id': 0}, {'id': 1}, {'id': 2}, {'id': 3}], 'links': [{'weight': 5, 'source': 0, 'target': 1}, {'weight': 5, 'source': 0, 'target': 2}, {'weight': 7, 'source': 0, 'target': 3}, {'weight': 4, 'source': 1, 'target': 2}, {'weight': 8, 'source': 1, 'target': 3}, {'weight': 8, 'source': 2, 'target': 3}]}, 'position': {0: [-0.2548148752963474, -0.8433541504801777], 1: [-0.947498195379204, 0.3810949273552925], 2: [0.9999999999999999, -0.20733107317232005], 3: [0.2023130706755527, 0.6695902962972065]}, 'solution': ([0, 1, 1, 0], 26.0)}",30,"{'optimizer': 'COBYLA', 'maxiter': 100, 'shots': 1024, 'parameter_strategy': 'RANDOM', 'x0': None, 'backend': <QAOA_Tester.Backend.NoisyEstimatorBackend object at 0x7f832869acb0>}","[([1, 0, 0, 1], -26.0)]","[array([0.07188298, 5.74690973, 1.1668528 , 0.40314182, 1.90726617,
       1.61338109, 6.23515331, 2.45231198, 4.8194757 , 6.26415114,
       3.81251906, 4.3336753 , 1.77399182, 0.81626159, 6.25371601,
       1.08537234, 2.46298253, 4.65432418, 3.09048287, 6.04130291,
       1.84485997, 5.32881601, 1.8803828 , 3.01437977, 3.74007953,
       6.10814846, 2.26727266, 3.29157162, 5.12851775, 2.95064256,
       0.08370127, 0.32943459, 3.73870166, 3.45111737, 2.30782503,
       2.44692206, 2.51262684, 0.76248274, 4.35075331, 5.59225595,
       0.63603933, 1.19934459, 4.06428024, 5.19972115, 3.16257406,
       5.78748004, 3.6773808 , 6.02437809, 1.59470646, 1.63257486,
       1.66525639, 3.23646306, 4.46752003, 2.17482821, 5.17485377,
       5.29982285, 5.13728845, 1.57596473, 5.20282949, 0.43521532])]",[552.3894448280334]
