,problem,layers,optimizer,solutions,parameters,time
0,"{'type': 'maxcut', 'graph': {'directed': False, 'multigraph': False, 'graph': {}, 'nodes': [{'id': 0}, {'id': 1}, {'id': 2}, {'id': 3}], 'links': [{'weight': 5, 'source': 0, 'target': 1}, {'weight': 5, 'source': 0, 'target': 2}, {'weight': 7, 'source': 0, 'target': 3}, {'weight': 4, 'source': 1, 'target': 2}, {'weight': 8, 'source': 1, 'target': 3}, {'weight': 8, 'source': 2, 'target': 3}]}, 'position': {0: [-0.2548148752963474, -0.8433541504801777], 1: [-0.947498195379204, 0.3810949273552925], 2: [0.9999999999999999, -0.20733107317232005], 3: [0.2023130706755527, 0.6695902962972065]}, 'solution': ([0, 1, 1, 0], 26.0)}",21,"{'optimizer': 'COBYLA', 'maxiter': 100, 'shots': 1024, 'parameter_strategy': 'RANDOM', 'x0': None, 'backend': <QAOA_Tester.Backend.NoisyEstimatorBackend object at 0x7f08c21f2ad0>}","[([1, 1, 0, 1], -17.0)]","[array([1.13369157, 4.82494307, 0.91803905, 2.32123939, 0.55959564,
       3.01067126, 0.58668945, 3.42778152, 2.18928358, 3.36849556,
       0.02346368, 4.29877727, 2.98868855, 4.63333235, 3.92459044,
       2.59603023, 5.7092897 , 2.19622709, 3.41290681, 0.18492688,
       5.73881481, 0.98781926, 5.79855223, 1.13562422, 5.43857762,
       0.25482749, 3.77907512, 1.67588675, 3.71855802, 5.36603987,
       5.89061585, 4.19665547, 5.01282454, 1.49530599, 0.94665659,
       0.99147328, 0.64604968, 0.2790303 , 2.71556006, 6.24816409,
       6.2269966 , 0.43339763])]",[570.2102212905884]
