,problem,layers,optimizer,solutions,parameters,time
0,"{'type': 'maxcut', 'graph': {'directed': False, 'multigraph': False, 'graph': {}, 'nodes': [{'id': 0}, {'id': 1}, {'id': 2}, {'id': 3}], 'links': [{'weight': 5, 'source': 0, 'target': 1}, {'weight': 5, 'source': 0, 'target': 2}, {'weight': 7, 'source': 0, 'target': 3}, {'weight': 4, 'source': 1, 'target': 2}, {'weight': 8, 'source': 1, 'target': 3}, {'weight': 8, 'source': 2, 'target': 3}]}, 'position': {0: [-0.2548148752963474, -0.8433541504801777], 1: [-0.947498195379204, 0.3810949273552925], 2: [0.9999999999999999, -0.20733107317232005], 3: [0.2023130706755527, 0.6695902962972065]}, 'solution': ([0, 1, 1, 0], 26.0)}",23,"{'optimizer': 'COBYLA', 'maxiter': 100, 'shots': 1024, 'parameter_strategy': 'RANDOM', 'x0': None, 'backend': <QAOA_Tester.Backend.NoisyEstimatorBackend object at 0x7f3320cb9fc0>}","[([0, 0, 0, 1], -23.0)]","[array([0.1975122 , 3.12597279, 2.07447923, 0.29605751, 0.35398285,
       6.24845498, 4.07174393, 1.2835541 , 5.64319006, 2.3823037 ,
       1.86770625, 0.09536396, 1.58270978, 4.12942566, 4.44644994,
       5.26317999, 3.64401158, 5.5672553 , 3.85283392, 1.77901787,
       5.30136791, 5.08361041, 2.4810439 , 6.11918967, 5.77202605,
       5.84196338, 1.0318096 , 2.90788312, 4.73542233, 5.44996751,
       0.69689393, 0.95016371, 0.43385641, 5.71736418, 5.72904643,
       2.07264128, 3.10833115, 4.69655438, 6.26656705, 2.18949146,
       2.46330442, 2.73424826, 5.27461835, 1.45014041, 4.48947544,
       2.90835615])]",[554.4958698749542]
