,problem,layers,optimizer,solutions,parameters,time
0,"{'type': 'maxcut', 'graph': {'directed': False, 'multigraph': False, 'graph': {}, 'nodes': [{'id': 0}, {'id': 1}, {'id': 2}, {'id': 3}], 'links': [{'weight': 5, 'source': 0, 'target': 1}, {'weight': 5, 'source': 0, 'target': 2}, {'weight': 7, 'source': 0, 'target': 3}, {'weight': 4, 'source': 1, 'target': 2}, {'weight': 8, 'source': 1, 'target': 3}, {'weight': 8, 'source': 2, 'target': 3}]}, 'position': {0: [-0.2548148752963474, -0.8433541504801777], 1: [-0.947498195379204, 0.3810949273552925], 2: [0.9999999999999999, -0.20733107317232005], 3: [0.2023130706755527, 0.6695902962972065]}, 'solution': ([0, 1, 1, 0], 26.0)}",21,"{'optimizer': 'COBYLA', 'maxiter': 100, 'shots': 1024, 'parameter_strategy': 'RANDOM', 'x0': None, 'backend': <QAOA_Tester.Backend.NoisyEstimatorBackend object at 0x7fed8b8e1840>}","[([0, 0, 1, 0], -17.0)]","[array([ 1.07079475,  3.93205774,  0.79135798,  2.27593369,  3.5434139 ,
        0.90977472,  4.4300308 ,  3.56173107,  3.14013276,  3.25046981,
        2.75659112,  2.40228445,  6.43080822,  5.04171041,  6.1346023 ,
        4.44861672,  0.82678202,  5.74793596,  5.20300642,  5.62964943,
       -0.85250652,  0.25198463,  4.40033264,  2.70892002,  4.71549768,
        1.12670199,  3.77998904,  3.44920788,  4.41320064,  4.04929026,
        2.53604056,  2.74803515,  0.36190457,  2.93214459,  0.70737281,
        1.51034991,  4.49065023,  1.2994536 ,  3.83802331,  5.51048097,
        1.10331064,  0.68521819])]",[574.9132170677185]
