,problem,layers,optimizer,solutions,parameters,time
0,"{'type': 'maxcut', 'graph': {'directed': False, 'multigraph': False, 'graph': {}, 'nodes': [{'id': 0}, {'id': 1}, {'id': 2}, {'id': 3}], 'links': [{'weight': 5, 'source': 0, 'target': 1}, {'weight': 5, 'source': 0, 'target': 2}, {'weight': 7, 'source': 0, 'target': 3}, {'weight': 4, 'source': 1, 'target': 2}, {'weight': 8, 'source': 1, 'target': 3}, {'weight': 8, 'source': 2, 'target': 3}]}, 'position': {0: [-0.2548148752963474, -0.8433541504801777], 1: [-0.947498195379204, 0.3810949273552925], 2: [0.9999999999999999, -0.20733107317232005], 3: [0.2023130706755527, 0.6695902962972065]}, 'solution': ([0, 1, 1, 0], 26.0)}",23,"{'optimizer': 'COBYLA', 'maxiter': 100, 'shots': 1024, 'parameter_strategy': 'RANDOM', 'x0': None, 'backend': <QAOA_Tester.Backend.NoisyEstimatorBackend object at 0x7fe0f0671d80>}","[([0, 1, 0, 0], -17.0)]","[array([0.57585735, 0.27272223, 6.2527769 , 3.51907322, 5.66837262,
       5.76091761, 0.07135596, 2.92953617, 1.27689502, 0.64694009,
       1.44034068, 4.88380669, 2.9703234 , 0.70384313, 3.38121093,
       3.47233498, 5.31119687, 3.29994449, 5.8604118 , 2.18210692,
       0.16239253, 5.48987412, 4.8754047 , 2.36892773, 0.65618822,
       3.5447416 , 4.53365695, 5.77731318, 5.85166468, 3.65940305,
       3.82991422, 6.08912702, 2.62641858, 3.05671196, 1.28998129,
       4.68752575, 5.20859405, 2.45250225, 2.62346129, 3.9046175 ,
       6.04806135, 2.44317948, 4.13681096, 0.62760952, 0.79551134,
       3.53348725])]",[586.7588074207306]
