,problem,layers,optimizer,solutions,parameters,time
0,"{'type': 'maxcut', 'graph': {'directed': False, 'multigraph': False, 'graph': {}, 'nodes': [{'id': 0}, {'id': 1}, {'id': 2}, {'id': 3}], 'links': [{'weight': 5, 'source': 0, 'target': 1}, {'weight': 5, 'source': 0, 'target': 2}, {'weight': 7, 'source': 0, 'target': 3}, {'weight': 4, 'source': 1, 'target': 2}, {'weight': 8, 'source': 1, 'target': 3}, {'weight': 8, 'source': 2, 'target': 3}]}, 'position': {0: [-0.2548148752963474, -0.8433541504801777], 1: [-0.947498195379204, 0.3810949273552925], 2: [0.9999999999999999, -0.20733107317232005], 3: [0.2023130706755527, 0.6695902962972065]}, 'solution': ([0, 1, 1, 0], 26.0)}",26,"{'optimizer': 'COBYLA', 'maxiter': 100, 'shots': 1024, 'parameter_strategy': 'RANDOM', 'x0': None, 'backend': <QAOA_Tester.Backend.NoisyEstimatorBackend object at 0x7fd93b7fb1f0>}","[([1, 0, 0, 1], -26.0)]","[array([2.19059285, 5.95652822, 5.8203952 , 5.915612  , 4.7183042 ,
       0.04897986, 4.41946524, 4.07131339, 4.13531783, 1.90522341,
       2.2874665 , 2.04247414, 3.46048235, 1.99557736, 0.49994155,
       5.84568668, 5.79852399, 0.30023429, 1.86848651, 4.27071324,
       5.20204125, 4.4999434 , 2.3546434 , 4.88487267, 0.05885851,
       6.15947099, 1.03681885, 4.22192312, 3.34818569, 3.89642794,
       5.2081042 , 5.85993725, 5.4742803 , 4.53698882, 4.27788943,
       0.09043281, 3.5933969 , 5.91270273, 2.85441836, 0.415808  ,
       4.62588054, 1.58542297, 5.2802569 , 3.09465127, 0.05116811,
       0.9991108 , 2.85531146, 4.80054648, 4.34052441, 3.78495144,
       3.7031449 , 3.95001707])]",[578.7578661441803]
