,problem,layers,optimizer,solutions,parameters,time
0,"{'type': 'maxcut', 'graph': {'directed': False, 'multigraph': False, 'graph': {}, 'nodes': [{'id': 0}, {'id': 1}, {'id': 2}, {'id': 3}], 'links': [{'weight': 5, 'source': 0, 'target': 1}, {'weight': 5, 'source': 0, 'target': 2}, {'weight': 7, 'source': 0, 'target': 3}, {'weight': 4, 'source': 1, 'target': 2}, {'weight': 8, 'source': 1, 'target': 3}, {'weight': 8, 'source': 2, 'target': 3}]}, 'position': {0: [-0.2548148752963474, -0.8433541504801777], 1: [-0.947498195379204, 0.3810949273552925], 2: [0.9999999999999999, -0.20733107317232005], 3: [0.2023130706755527, 0.6695902962972065]}, 'solution': ([0, 1, 1, 0], 26.0)}",29,"{'optimizer': 'COBYLA', 'maxiter': 100, 'shots': 1024, 'parameter_strategy': 'RANDOM', 'x0': None, 'backend': <QAOA_Tester.Backend.NoisyEstimatorBackend object at 0x7fac104ad120>}","[([0, 0, 0, 0], 0.0)]","[array([0.50067417, 6.1559906 , 4.26941355, 3.51555192, 3.02752729,
       0.17970495, 2.90858172, 1.18362377, 6.12055839, 1.10431781,
       1.2092851 , 1.28864376, 2.68225955, 1.73301938, 5.27213123,
       6.2227835 , 2.13866777, 5.81931886, 6.04986144, 3.22040213,
       2.33426433, 5.67445508, 2.90101335, 5.0568646 , 5.61491377,
       0.47407998, 2.22154521, 2.52866835, 6.64072004, 2.1523893 ,
       2.18265489, 2.14111561, 5.65683052, 1.49737299, 0.52349252,
       4.81529437, 1.79222245, 2.69717589, 1.57925441, 5.44299514,
       2.89727281, 3.29145518, 5.6982927 , 4.86718341, 1.79864239,
       3.29126315, 3.86482768, 1.07502611, 4.77738499, 3.13317249,
       1.6771466 , 4.48030859, 2.13253804, 4.68809405, 0.61641143,
       1.56163868, 2.127289  , 5.48592696])]",[558.0543365478516]
