,problem,layers,optimizer,solutions,parameters,time
0,"{'type': 'maxcut', 'graph': {'directed': False, 'multigraph': False, 'graph': {}, 'nodes': [{'id': 0}, {'id': 1}, {'id': 2}, {'id': 3}], 'links': [{'weight': 5, 'source': 0, 'target': 1}, {'weight': 5, 'source': 0, 'target': 2}, {'weight': 7, 'source': 0, 'target': 3}, {'weight': 4, 'source': 1, 'target': 2}, {'weight': 8, 'source': 1, 'target': 3}, {'weight': 8, 'source': 2, 'target': 3}]}, 'position': {0: [-0.2548148752963474, -0.8433541504801777], 1: [-0.947498195379204, 0.3810949273552925], 2: [0.9999999999999999, -0.20733107317232005], 3: [0.2023130706755527, 0.6695902962972065]}, 'solution': ([0, 1, 1, 0], 26.0)}",16,"{'optimizer': 'COBYLA', 'maxiter': 100, 'shots': 1024, 'parameter_strategy': 'RANDOM', 'x0': None, 'backend': <QAOA_Tester.Backend.NoisyEstimatorBackend object at 0x7f17f7441330>}","[([0, 1, 0, 0], -17.0)]","[array([1.84504273, 0.29521884, 3.69715148, 1.55600764, 4.70736392,
       3.13707915, 5.18427778, 4.6974358 , 3.04817207, 2.40223184,
       6.16785772, 2.2910216 , 1.21038513, 2.18559308, 5.00337347,
       3.33412704, 5.14851037, 5.44928266, 0.61147729, 2.062845  ,
       0.23109969, 2.76612596, 2.12020694, 5.39549818, 2.75961208,
       1.04353753, 0.03743383, 2.85348074, 0.25688561, 1.9327883 ,
       1.6826241 , 2.6435356 ])]",[607.8157279491425]
