,problem,layers,optimizer,solutions,parameters,time
0,"{'type': 'maxcut', 'graph': {'directed': False, 'multigraph': False, 'graph': {}, 'nodes': [{'id': 0}, {'id': 1}, {'id': 2}, {'id': 3}], 'links': [{'weight': 5, 'source': 0, 'target': 1}, {'weight': 5, 'source': 0, 'target': 2}, {'weight': 7, 'source': 0, 'target': 3}, {'weight': 4, 'source': 1, 'target': 2}, {'weight': 8, 'source': 1, 'target': 3}, {'weight': 8, 'source': 2, 'target': 3}]}, 'position': {0: [-0.2548148752963474, -0.8433541504801777], 1: [-0.947498195379204, 0.3810949273552925], 2: [0.9999999999999999, -0.20733107317232005], 3: [0.2023130706755527, 0.6695902962972065]}, 'solution': ([0, 1, 1, 0], 26.0)}",15,"{'optimizer': 'COBYLA', 'maxiter': 100, 'shots': 1024, 'parameter_strategy': 'RANDOM', 'x0': None, 'backend': <QAOA_Tester.Backend.NoisyEstimatorBackend object at 0x7f86b63a2e90>}","[([1, 1, 1, 1], 0.0)]","[array([5.32010592, 4.18345813, 1.62174213, 2.15309367, 5.15040284,
       1.32195641, 1.96801255, 5.39880442, 0.59148423, 4.08564766,
       1.3208086 , 1.01410336, 2.68175874, 3.32720119, 4.67316285,
       4.38868907, 1.89917939, 4.14187519, 3.65736122, 6.20762577,
       3.04315483, 0.1635284 , 3.64851824, 4.51268573, 5.49590012,
       3.20345658, 4.55684867, 3.51797558, 4.39914869, 0.15669385])]",[594.0865018367767]
