,problem,layers,optimizer,solutions,parameters,time
0,"{'type': 'maxcut', 'graph': {'directed': False, 'multigraph': False, 'graph': {}, 'nodes': [{'id': 0}, {'id': 1}, {'id': 2}, {'id': 3}], 'links': [{'weight': 5, 'source': 0, 'target': 1}, {'weight': 5, 'source': 0, 'target': 2}, {'weight': 7, 'source': 0, 'target': 3}, {'weight': 4, 'source': 1, 'target': 2}, {'weight': 8, 'source': 1, 'target': 3}, {'weight': 8, 'source': 2, 'target': 3}]}, 'position': {0: [-0.2548148752963474, -0.8433541504801777], 1: [-0.947498195379204, 0.3810949273552925], 2: [0.9999999999999999, -0.20733107317232005], 3: [0.2023130706755527, 0.6695902962972065]}, 'solution': ([0, 1, 1, 0], 26.0)}",27,"{'optimizer': 'COBYLA', 'maxiter': 100, 'shots': 1024, 'parameter_strategy': 'RANDOM', 'x0': None, 'backend': <QAOA_Tester.Backend.NoisyEstimatorBackend object at 0x7f5d06dd9ba0>}","[([0, 1, 0, 0], -17.0)]","[array([2.05772   , 4.09850661, 0.46347811, 2.36589226, 4.17713318,
       4.0636051 , 0.76144243, 2.76813028, 2.93029607, 4.38614909,
       6.01246716, 1.93789579, 3.82418144, 4.64269689, 5.01426881,
       3.76490977, 3.727603  , 5.5590067 , 5.11300794, 5.43778762,
       4.14614346, 5.43186092, 0.29298887, 2.53443635, 4.15916865,
       4.25710379, 6.22663552, 3.72273919, 2.75074633, 2.29049645,
       5.70284447, 2.05417262, 1.18103209, 0.8625408 , 4.88162637,
       6.23028445, 1.28214584, 1.61576619, 6.06478836, 0.07357877,
       1.93651263, 4.4751395 , 4.04790846, 1.88907427, 4.61908071,
       4.41116162, 0.07973408, 2.86123426, 4.83275147, 4.19368928,
       5.8397889 , 1.1113532 , 5.67188715, 5.11519322])]",[591.4725532531738]
