,problem,layers,optimizer,solutions,parameters,time
0,"{'type': 'maxcut', 'graph': {'directed': False, 'multigraph': False, 'graph': {}, 'nodes': [{'id': 0}, {'id': 1}, {'id': 2}, {'id': 3}], 'links': [{'weight': 5, 'source': 0, 'target': 1}, {'weight': 5, 'source': 0, 'target': 2}, {'weight': 7, 'source': 0, 'target': 3}, {'weight': 4, 'source': 1, 'target': 2}, {'weight': 8, 'source': 1, 'target': 3}, {'weight': 8, 'source': 2, 'target': 3}]}, 'position': {0: [-0.2548148752963474, -0.8433541504801777], 1: [-0.947498195379204, 0.3810949273552925], 2: [0.9999999999999999, -0.20733107317232005], 3: [0.2023130706755527, 0.6695902962972065]}, 'solution': ([0, 1, 1, 0], 26.0)}",19,"{'optimizer': 'COBYLA', 'maxiter': 100, 'shots': 1024, 'parameter_strategy': 'RANDOM', 'x0': None, 'backend': <QAOA_Tester.Backend.NoisyEstimatorBackend object at 0x7f68662b6d40>}","[([1, 1, 1, 1], 0.0)]","[array([4.40381143, 3.98830736, 5.89830424, 3.58902287, 1.05328115,
       0.95814998, 2.68240739, 3.16374352, 0.92884347, 4.35775772,
       1.02952074, 1.60380233, 3.35206552, 4.18007772, 2.60552966,
       5.13362951, 5.88902968, 3.36421254, 2.48891143, 1.6430774 ,
       6.11604341, 5.18580368, 3.08868771, 3.02872031, 2.56001152,
       3.45179123, 0.37095304, 4.2382186 , 5.72419172, 5.81092973,
       2.5162871 , 2.89553867, 2.29301296, 3.16086798, 2.59433355,
       4.86366747, 0.95625603, 6.20607176])]",[604.0094130039215]
