,problem,layers,optimizer,solutions,parameters,time
0,"{'type': 'maxcut', 'graph': {'directed': False, 'multigraph': False, 'graph': {}, 'nodes': [{'id': 0}, {'id': 1}, {'id': 2}, {'id': 3}], 'links': [{'weight': 5, 'source': 0, 'target': 1}, {'weight': 5, 'source': 0, 'target': 2}, {'weight': 7, 'source': 0, 'target': 3}, {'weight': 4, 'source': 1, 'target': 2}, {'weight': 8, 'source': 1, 'target': 3}, {'weight': 8, 'source': 2, 'target': 3}]}, 'position': {0: [-0.2548148752963474, -0.8433541504801777], 1: [-0.947498195379204, 0.3810949273552925], 2: [0.9999999999999999, -0.20733107317232005], 3: [0.2023130706755527, 0.6695902962972065]}, 'solution': ([0, 1, 1, 0], 26.0)}",30,"{'optimizer': 'COBYLA', 'maxiter': 100, 'shots': 1024, 'parameter_strategy': 'RANDOM', 'x0': None, 'backend': <QAOA_Tester.Backend.NoisyEstimatorBackend object at 0x7fca526e38b0>}","[([0, 0, 1, 0], -17.0)]","[array([5.35619437, 0.83155693, 1.62084418, 1.26223447, 2.50825812,
       2.04881344, 1.58122158, 5.95047685, 1.06105786, 4.59112649,
       3.80215783, 3.62509947, 1.60091969, 4.52068633, 2.93022522,
       5.6568339 , 5.22508538, 2.83928377, 5.48962631, 1.39003868,
       3.93165974, 4.52604384, 1.15600733, 0.73765171, 4.34555834,
       5.58111611, 3.66349646, 2.95334025, 5.91195447, 1.42769682,
       2.5983942 , 1.75901033, 4.52741963, 4.22710153, 2.86717445,
       5.31911667, 0.08258844, 4.75118209, 5.63349228, 3.57859282,
       2.40717412, 6.00413283, 0.12725895, 5.32152792, 1.10134308,
       5.9875316 , 0.23111107, 1.12271338, 5.67844947, 5.72724561,
       4.32446657, 2.77459483, 3.27770005, 0.50323922, 2.95118266,
       0.48533308, 3.8298253 , 1.89602841, 4.64196812, 2.30093896])]",[493.48025918006897]
