,problem,layers,optimizer,solutions,parameters,time
0,"{'type': 'maxcut', 'graph': {'directed': False, 'multigraph': False, 'graph': {}, 'nodes': [{'id': 0}, {'id': 1}, {'id': 2}, {'id': 3}], 'links': [{'weight': 5, 'source': 0, 'target': 1}, {'weight': 5, 'source': 0, 'target': 2}, {'weight': 7, 'source': 0, 'target': 3}, {'weight': 4, 'source': 1, 'target': 2}, {'weight': 8, 'source': 1, 'target': 3}, {'weight': 8, 'source': 2, 'target': 3}]}, 'position': {0: [-0.2548148752963474, -0.8433541504801777], 1: [-0.947498195379204, 0.3810949273552925], 2: [0.9999999999999999, -0.20733107317232005], 3: [0.2023130706755527, 0.6695902962972065]}, 'solution': ([0, 1, 1, 0], 26.0)}",16,"{'optimizer': 'COBYLA', 'maxiter': 100, 'shots': 1024, 'parameter_strategy': 'RANDOM', 'x0': None, 'backend': <QAOA_Tester.Backend.NoisyEstimatorBackend object at 0x7fa662585900>}","[([1, 0, 0, 0], -17.0)]","[array([5.11532309, 2.89234342, 4.59073303, 2.73712355, 0.37622907,
       1.4078245 , 0.19966533, 5.10322588, 0.32989057, 3.83314051,
       6.14508939, 2.91605186, 5.56371472, 5.42970679, 3.97117096,
       6.35363524, 5.24081625, 3.01188848, 5.86675604, 4.03786493,
       3.68896326, 4.20184562, 3.23521635, 3.76441888, 4.14486173,
       4.64342399, 3.0545248 , 2.15226618, 6.15194643, 4.02441752,
       5.08538658, 5.45340472])]",[568.0442371368408]
