,problem,layers,optimizer,solutions,parameters,time
0,"{'type': 'maxcut', 'graph': {'directed': False, 'multigraph': False, 'graph': {}, 'nodes': [{'id': 0}, {'id': 1}, {'id': 2}, {'id': 3}], 'links': [{'weight': 5, 'source': 0, 'target': 1}, {'weight': 5, 'source': 0, 'target': 2}, {'weight': 7, 'source': 0, 'target': 3}, {'weight': 4, 'source': 1, 'target': 2}, {'weight': 8, 'source': 1, 'target': 3}, {'weight': 8, 'source': 2, 'target': 3}]}, 'position': {0: [-0.2548148752963474, -0.8433541504801777], 1: [-0.947498195379204, 0.3810949273552925], 2: [0.9999999999999999, -0.20733107317232005], 3: [0.2023130706755527, 0.6695902962972065]}, 'solution': ([0, 1, 1, 0], 26.0)}",30,"{'optimizer': 'COBYLA', 'maxiter': 100, 'shots': 1024, 'parameter_strategy': 'RANDOM', 'x0': None, 'backend': <QAOA_Tester.Backend.NoisyEstimatorBackend object at 0x7f8dbb70ce50>}","[([0, 1, 0, 0], -17.0)]","[array([5.69373835, 2.3271721 , 0.36479583, 1.11499936, 2.18204917,
       2.65964886, 4.28840186, 0.54527186, 1.37645442, 5.12558912,
       5.99928952, 4.49312995, 4.29234271, 2.91477375, 4.47422661,
       1.11016728, 1.71121868, 5.27361323, 4.31048695, 5.67527885,
       3.79061826, 4.06359833, 2.84570046, 3.49284763, 5.30673627,
       6.21770942, 0.90828661, 5.20413031, 4.55740317, 1.6569687 ,
       5.71077108, 2.77104391, 3.18611732, 0.88012637, 4.15646677,
       1.56496964, 6.0430558 , 1.70240271, 2.50211564, 6.05620002,
       3.7247749 , 3.22569138, 0.06206191, 5.44260776, 0.30236615,
       1.33296716, 1.50513625, 5.29888139, 5.81248465, 4.58966636,
       3.64193196, 3.30955612, 1.25663156, 1.46328742, 4.82774832,
       2.16689933, 5.38044352, 1.52421512, 1.80722647, 2.95291049])]",[502.9376323223114]
