,problem,layers,optimizer,solutions,parameters,time
0,"{'type': 'maxcut', 'graph': {'directed': False, 'multigraph': False, 'graph': {}, 'nodes': [{'id': 0}, {'id': 1}, {'id': 2}, {'id': 3}], 'links': [{'weight': 5, 'source': 0, 'target': 1}, {'weight': 5, 'source': 0, 'target': 2}, {'weight': 7, 'source': 0, 'target': 3}, {'weight': 4, 'source': 1, 'target': 2}, {'weight': 8, 'source': 1, 'target': 3}, {'weight': 8, 'source': 2, 'target': 3}]}, 'position': {0: [-0.2548148752963474, -0.8433541504801777], 1: [-0.947498195379204, 0.3810949273552925], 2: [0.9999999999999999, -0.20733107317232005], 3: [0.2023130706755527, 0.6695902962972065]}, 'solution': ([0, 1, 1, 0], 26.0)}",30,"{'optimizer': 'COBYLA', 'maxiter': 100, 'shots': 1024, 'parameter_strategy': 'RANDOM', 'x0': None, 'backend': <QAOA_Tester.Backend.NoisyEstimatorBackend object at 0x7fde9f7f2c50>}","[([0, 0, 1, 1], -24.0)]","[array([4.58955086, 1.62880614, 2.40753508, 0.51930332, 1.50551446,
       2.74330777, 5.43833492, 4.58458801, 3.07752955, 2.50444842,
       1.1284891 , 5.92028726, 5.77977202, 2.75562884, 4.32518702,
       2.9458577 , 5.60051979, 3.55866657, 0.28378362, 6.05955637,
       2.92488822, 1.60514582, 2.84462093, 1.47525452, 3.0959484 ,
       0.43474393, 0.53300424, 3.70560963, 1.90917886, 3.63430627,
       5.10925796, 2.95517851, 0.20548742, 1.56087089, 0.57204296,
       0.27113454, 0.40227472, 5.88194128, 4.41353872, 5.42331618,
       4.00889199, 1.92520108, 1.33093474, 0.56095884, 2.34811113,
       3.49757237, 0.56882615, 6.00518779, 3.35471048, 1.85653924,
       4.59782114, 2.10934888, 4.23767243, 0.1775832 , 4.26917866,
       2.99714549, 2.75056247, 0.48533298, 1.30374296, 3.92792908])]",[496.49818110466003]
