,problem,layers,optimizer,solutions,parameters,time
0,"{'type': 'maxcut', 'graph': {'directed': False, 'multigraph': False, 'graph': {}, 'nodes': [{'id': 0}, {'id': 1}, {'id': 2}, {'id': 3}], 'links': [{'weight': 5, 'source': 0, 'target': 1}, {'weight': 5, 'source': 0, 'target': 2}, {'weight': 7, 'source': 0, 'target': 3}, {'weight': 4, 'source': 1, 'target': 2}, {'weight': 8, 'source': 1, 'target': 3}, {'weight': 8, 'source': 2, 'target': 3}]}, 'position': {0: [-0.2548148752963474, -0.8433541504801777], 1: [-0.947498195379204, 0.3810949273552925], 2: [0.9999999999999999, -0.20733107317232005], 3: [0.2023130706755527, 0.6695902962972065]}, 'solution': ([0, 1, 1, 0], 26.0)}",20,"{'optimizer': 'COBYLA', 'maxiter': 100, 'shots': 1024, 'parameter_strategy': 'RANDOM', 'x0': None, 'backend': <QAOA_Tester.Backend.NoisyEstimatorBackend object at 0x7f340617b970>}","[([1, 0, 0, 0], -17.0)]","[array([0.56403736, 5.12337461, 2.40567209, 6.03103935, 3.32457257,
       4.25223432, 2.30011417, 3.97288586, 3.69441548, 2.63769255,
       0.58471831, 0.95948459, 5.00961819, 2.0084993 , 0.7931625 ,
       1.30102957, 0.29153229, 2.41555825, 4.77721827, 1.40316095,
       3.30425467, 1.33081802, 2.13925215, 3.0976764 , 1.12051716,
       5.42451936, 5.92819772, 2.68602211, 5.13621752, 0.82579605,
       3.78434885, 4.42304973, 3.68175453, 4.33428588, 3.36342635,
       5.50244641, 5.75960304, 1.66727778, 3.83586764, 3.12194369])]",[597.8565356731415]
