,problem,layers,optimizer,solutions,parameters,time
0,"{'type': 'maxcut', 'graph': {'directed': False, 'multigraph': False, 'graph': {}, 'nodes': [{'id': 0}, {'id': 1}, {'id': 2}, {'id': 3}], 'links': [{'weight': 5, 'source': 0, 'target': 1}, {'weight': 5, 'source': 0, 'target': 2}, {'weight': 7, 'source': 0, 'target': 3}, {'weight': 4, 'source': 1, 'target': 2}, {'weight': 8, 'source': 1, 'target': 3}, {'weight': 8, 'source': 2, 'target': 3}]}, 'position': {0: [-0.2548148752963474, -0.8433541504801777], 1: [-0.947498195379204, 0.3810949273552925], 2: [0.9999999999999999, -0.20733107317232005], 3: [0.2023130706755527, 0.6695902962972065]}, 'solution': ([0, 1, 1, 0], 26.0)}",18,"{'optimizer': 'COBYLA', 'maxiter': 100, 'shots': 1024, 'parameter_strategy': 'RANDOM', 'x0': None, 'backend': <QAOA_Tester.Backend.NoisyEstimatorBackend object at 0x7fe305082ec0>}","[([1, 1, 1, 1], 0.0)]","[array([0.14920226, 4.0314783 , 1.6004773 , 4.59079728, 3.70872359,
       5.09289688, 1.64054548, 4.04818415, 0.15552544, 5.0144804 ,
       2.1502624 , 5.72852917, 5.21412541, 0.67989384, 5.48999842,
       2.49291644, 2.98899982, 3.02309058, 2.02275705, 4.78149689,
       0.12987064, 2.39351843, 0.28551981, 0.93225356, 6.14120146,
       2.57862557, 2.87791793, 5.09332629, 4.29536421, 0.4436937 ,
       0.92799682, 3.06877556, 0.3346116 , 0.61503   , 5.16885607,
       1.158135  ])]",[631.7827453613281]
