,problem,layers,optimizer,solutions,parameters,time
0,"{'type': 'maxcut', 'graph': {'directed': False, 'multigraph': False, 'graph': {}, 'nodes': [{'id': 0}, {'id': 1}, {'id': 2}, {'id': 3}], 'links': [{'weight': 5, 'source': 0, 'target': 1}, {'weight': 5, 'source': 0, 'target': 2}, {'weight': 7, 'source': 0, 'target': 3}, {'weight': 4, 'source': 1, 'target': 2}, {'weight': 8, 'source': 1, 'target': 3}, {'weight': 8, 'source': 2, 'target': 3}]}, 'position': {0: [-0.2548148752963474, -0.8433541504801777], 1: [-0.947498195379204, 0.3810949273552925], 2: [0.9999999999999999, -0.20733107317232005], 3: [0.2023130706755527, 0.6695902962972065]}, 'solution': ([0, 1, 1, 0], 26.0)}",18,"{'optimizer': 'COBYLA', 'maxiter': 100, 'shots': 1024, 'parameter_strategy': 'RANDOM', 'x0': None, 'backend': <QAOA_Tester.Backend.NoisyEstimatorBackend object at 0x7fe794d5ebc0>}","[([0, 1, 1, 0], -26.0)]","[array([ 5.25545380e+00,  5.39994084e+00, -5.76480723e-04,  8.60093540e-01,
        1.78510599e+00,  5.78233571e+00,  3.61630697e+00,  2.46427174e+00,
        1.91054895e+00,  1.01853975e+00,  2.61929890e+00,  1.50822316e+00,
        5.03621426e+00,  4.81222480e+00,  2.07485601e+00,  1.04276743e+00,
        3.60084068e+00,  3.65745916e+00,  9.73170256e-01,  4.03512009e+00,
        4.43726632e+00,  4.52186030e-01,  6.24099011e+00,  3.98154617e-01,
        5.72457544e+00,  3.81442322e+00,  1.77818908e+00,  2.41355178e+00,
        1.28773098e+00,  5.88769960e+00,  4.37691506e-01,  1.24711847e-01,
        1.33321727e+00,  5.72173775e+00,  3.61608373e+00,  4.46736673e+00])]",[594.6943559646606]
