,problem,layers,optimizer,solutions,parameters,time
0,"{'type': 'maxcut', 'graph': {'directed': False, 'multigraph': False, 'graph': {}, 'nodes': [{'id': 0}, {'id': 1}, {'id': 2}, {'id': 3}], 'links': [{'weight': 5, 'source': 0, 'target': 1}, {'weight': 5, 'source': 0, 'target': 2}, {'weight': 7, 'source': 0, 'target': 3}, {'weight': 4, 'source': 1, 'target': 2}, {'weight': 8, 'source': 1, 'target': 3}, {'weight': 8, 'source': 2, 'target': 3}]}, 'position': {0: [-0.2548148752963474, -0.8433541504801777], 1: [-0.947498195379204, 0.3810949273552925], 2: [0.9999999999999999, -0.20733107317232005], 3: [0.2023130706755527, 0.6695902962972065]}, 'solution': ([0, 1, 1, 0], 26.0)}",27,"{'optimizer': 'COBYLA', 'maxiter': 100, 'shots': 1024, 'parameter_strategy': 'RANDOM', 'x0': None, 'backend': <QAOA_Tester.Backend.NoisyEstimatorBackend object at 0x7fdb8a5c8d60>}","[([0, 1, 1, 1], -17.0)]","[array([ 4.78033645,  2.63911398,  1.76896764,  3.68098251, -0.09139182,
        1.97084517,  0.52638733,  0.67848553,  0.48466123,  2.1236194 ,
        0.01475368,  0.31454602,  1.42831059,  6.08500357,  5.76726671,
        2.06564168,  0.21844228,  0.88425271,  2.32436693,  2.72832742,
        1.50410944,  2.00644767,  0.76750262,  4.14604136,  2.35838534,
        2.8146143 ,  3.73897925,  2.03804942,  3.33765508,  1.22271827,
        3.59737567,  0.50517971,  2.48792873,  4.76624654,  5.23020385,
        1.46363836,  5.14253865,  5.64672056,  5.83372499,  2.7705078 ,
        2.00552821,  2.16339029,  5.56946051,  6.23593887,  4.98311091,
        3.39789274,  5.92223484,  5.27078892,  1.44303918,  2.87297403,
        5.47579942,  1.37810156,  3.86870909,  2.28041145])]",[587.8915545940399]
