,problem,layers,optimizer,solutions,parameters,time
0,"{'type': 'maxcut', 'graph': {'directed': False, 'multigraph': False, 'graph': {}, 'nodes': [{'id': 0}, {'id': 1}, {'id': 2}, {'id': 3}], 'links': [{'weight': 5, 'source': 0, 'target': 1}, {'weight': 5, 'source': 0, 'target': 2}, {'weight': 7, 'source': 0, 'target': 3}, {'weight': 4, 'source': 1, 'target': 2}, {'weight': 8, 'source': 1, 'target': 3}, {'weight': 8, 'source': 2, 'target': 3}]}, 'position': {0: [-0.2548148752963474, -0.8433541504801777], 1: [-0.947498195379204, 0.3810949273552925], 2: [0.9999999999999999, -0.20733107317232005], 3: [0.2023130706755527, 0.6695902962972065]}, 'solution': ([0, 1, 1, 0], 26.0)}",16,"{'optimizer': 'COBYLA', 'maxiter': 100, 'shots': 1024, 'parameter_strategy': 'RANDOM', 'x0': None, 'backend': <QAOA_Tester.Backend.NoisyEstimatorBackend object at 0x7fe44fb1b0d0>}","[([0, 1, 1, 1], -17.0)]","[array([4.55684726, 1.45493253, 5.23934509, 3.62137398, 0.06727578,
       3.72470385, 2.34423062, 2.89947982, 0.91487405, 4.83952591,
       0.39719284, 5.32308493, 0.12230962, 2.66683606, 5.50458832,
       6.63036609, 5.58704881, 0.08368841, 3.57657687, 0.07244247,
       1.14919813, 4.31509727, 5.63567067, 3.41490838, 0.25926342,
       0.16990447, 5.99590163, 3.46818261, 0.61924046, 5.42600019,
       2.48255196, 4.19296283])]",[560.2207226753235]
