,problem,layers,optimizer,solutions,parameters,time
0,"{'type': 'maxcut', 'graph': {'directed': False, 'multigraph': False, 'graph': {}, 'nodes': [{'id': 0}, {'id': 1}, {'id': 2}, {'id': 3}], 'links': [{'weight': 5, 'source': 0, 'target': 1}, {'weight': 5, 'source': 0, 'target': 2}, {'weight': 7, 'source': 0, 'target': 3}, {'weight': 4, 'source': 1, 'target': 2}, {'weight': 8, 'source': 1, 'target': 3}, {'weight': 8, 'source': 2, 'target': 3}]}, 'position': {0: [-0.2548148752963474, -0.8433541504801777], 1: [-0.947498195379204, 0.3810949273552925], 2: [0.9999999999999999, -0.20733107317232005], 3: [0.2023130706755527, 0.6695902962972065]}, 'solution': ([0, 1, 1, 0], 26.0)}",27,"{'optimizer': 'COBYLA', 'maxiter': 100, 'shots': 1024, 'parameter_strategy': 'RANDOM', 'x0': None, 'backend': <QAOA_Tester.Backend.NoisyEstimatorBackend object at 0x7fde7d9c1f00>}","[([0, 1, 1, 0], -26.0)]","[array([4.92766666, 2.16181521, 4.45106283, 4.34980848, 5.02672787,
       2.1055956 , 1.86032202, 1.93644753, 3.74298061, 4.86903744,
       1.27568812, 0.36060386, 3.33945431, 0.47619148, 3.32668969,
       0.66996228, 3.86718307, 0.72567343, 0.36529287, 1.97734559,
       2.07716694, 4.07943187, 3.30953922, 5.00870901, 4.68013497,
       4.98933948, 4.51309616, 5.9686876 , 3.75342901, 0.16587151,
       3.56936332, 3.49521277, 0.68701057, 5.23606143, 0.01398155,
       4.42236768, 3.27472932, 1.67657172, 2.60729966, 0.69760804,
       0.64499446, 3.7889389 , 5.08425942, 0.32634278, 4.33457949,
       0.52705512, 6.13180642, 3.93785793, 3.47154039, 3.73011823,
       3.13562098, 3.08837896, 4.77076289, 1.60090053])]",[591.782438993454]
