,problem,layers,optimizer,solutions,parameters,time
0,"{'type': 'maxcut', 'graph': {'directed': False, 'multigraph': False, 'graph': {}, 'nodes': [{'id': 0}, {'id': 1}, {'id': 2}, {'id': 3}], 'links': [{'weight': 5, 'source': 0, 'target': 1}, {'weight': 5, 'source': 0, 'target': 2}, {'weight': 7, 'source': 0, 'target': 3}, {'weight': 4, 'source': 1, 'target': 2}, {'weight': 8, 'source': 1, 'target': 3}, {'weight': 8, 'source': 2, 'target': 3}]}, 'position': {0: [-0.2548148752963474, -0.8433541504801777], 1: [-0.947498195379204, 0.3810949273552925], 2: [0.9999999999999999, -0.20733107317232005], 3: [0.2023130706755527, 0.6695902962972065]}, 'solution': ([0, 1, 1, 0], 26.0)}",28,"{'optimizer': 'COBYLA', 'maxiter': 100, 'shots': 1024, 'parameter_strategy': 'RANDOM', 'x0': None, 'backend': <QAOA_Tester.Backend.NoisyEstimatorBackend object at 0x7f4454ee2ef0>}","[([1, 0, 0, 0], -17.0)]","[array([3.40143888, 1.42531373, 0.04021073, 0.71573045, 2.39410547,
       0.97937664, 2.3416134 , 1.97743667, 0.37874059, 4.21404861,
       0.88438894, 3.81981007, 3.59088823, 0.77077031, 4.46080353,
       4.13847782, 4.13094476, 5.08890362, 1.95028685, 2.14223827,
       0.07914155, 3.78097891, 5.54629052, 4.53643334, 1.84120144,
       5.60338689, 0.40840068, 5.99033533, 0.50140015, 1.44136517,
       2.12324842, 3.07625978, 1.0203511 , 5.38785391, 0.37421736,
       1.68905664, 6.27742287, 5.70079321, 3.97993433, 3.73630653,
       2.19696186, 5.32463509, 3.08922713, 2.2745936 , 1.47494676,
       0.19498897, 0.44262045, 2.51445235, 5.39507061, 6.02562236,
       3.91013002, 4.02854313, 1.03173137, 3.73156645, 1.45211099,
       1.4264927 ])]",[594.842057466507]
