,problem,layers,optimizer,solutions,parameters,time
0,"{'type': 'maxcut', 'graph': {'directed': False, 'multigraph': False, 'graph': {}, 'nodes': [{'id': 0}, {'id': 1}, {'id': 2}, {'id': 3}], 'links': [{'weight': 5, 'source': 0, 'target': 1}, {'weight': 5, 'source': 0, 'target': 2}, {'weight': 7, 'source': 0, 'target': 3}, {'weight': 4, 'source': 1, 'target': 2}, {'weight': 8, 'source': 1, 'target': 3}, {'weight': 8, 'source': 2, 'target': 3}]}, 'position': {0: [-0.2548148752963474, -0.8433541504801777], 1: [-0.947498195379204, 0.3810949273552925], 2: [0.9999999999999999, -0.20733107317232005], 3: [0.2023130706755527, 0.6695902962972065]}, 'solution': ([0, 1, 1, 0], 26.0)}",18,"{'optimizer': 'COBYLA', 'maxiter': 100, 'shots': 1024, 'parameter_strategy': 'RANDOM', 'x0': None, 'backend': <QAOA_Tester.Backend.NoisyEstimatorBackend object at 0x7fb17e286da0>}","[([0, 1, 0, 1], -24.0)]","[array([ 1.13117123, -0.06499741,  3.03099428,  1.48577289,  5.77667868,
        0.15948161,  1.38274194,  4.07238289,  2.89989381,  1.66174411,
        4.46493826,  1.23920518,  3.2052887 ,  4.178735  ,  3.2123463 ,
        6.09920895,  0.16640119,  4.30233813,  1.20789346,  0.78753807,
        1.70463357,  4.72544276,  3.14136133,  3.87972396,  0.33857683,
        2.28653864,  4.9411263 ,  2.23334434,  1.14232768,  0.46224202,
        2.2637665 ,  5.11323898,  4.73590622,  2.22622713,  4.02811814,
        0.12431055])]",[626.7641861438751]
