,problem,layers,optimizer,solutions,parameters,time
0,"{'type': 'maxcut', 'graph': {'directed': False, 'multigraph': False, 'graph': {}, 'nodes': [{'id': 0}, {'id': 1}, {'id': 2}, {'id': 3}], 'links': [{'weight': 5, 'source': 0, 'target': 1}, {'weight': 5, 'source': 0, 'target': 2}, {'weight': 7, 'source': 0, 'target': 3}, {'weight': 4, 'source': 1, 'target': 2}, {'weight': 8, 'source': 1, 'target': 3}, {'weight': 8, 'source': 2, 'target': 3}]}, 'position': {0: [-0.2548148752963474, -0.8433541504801777], 1: [-0.947498195379204, 0.3810949273552925], 2: [0.9999999999999999, -0.20733107317232005], 3: [0.2023130706755527, 0.6695902962972065]}, 'solution': ([0, 1, 1, 0], 26.0)}",24,"{'optimizer': 'COBYLA', 'maxiter': 100, 'shots': 1024, 'parameter_strategy': 'RANDOM', 'x0': None, 'backend': <QAOA_Tester.Backend.NoisyEstimatorBackend object at 0x7f58e127a260>}","[([1, 0, 0, 0], -17.0)]","[array([2.36598525, 0.92356879, 3.13392592, 3.98798369, 0.91798823,
       2.79579842, 6.1552488 , 2.48599127, 3.20950307, 4.49311639,
       5.42352815, 2.04497065, 4.01405581, 1.60780397, 1.26864876,
       1.20901113, 5.47939886, 1.32838457, 6.05157191, 3.2171941 ,
       6.23591584, 1.2752664 , 2.59964904, 2.76811136, 1.78844064,
       3.50401589, 5.78724452, 5.14076813, 4.22575233, 6.03295447,
       3.03678543, 5.84651117, 0.41120796, 3.11867885, 0.8617986 ,
       1.71387537, 3.32647852, 0.0163483 , 5.76506191, 4.46148435,
       3.1281805 , 4.86537266, 2.29477847, 5.60009674, 0.99948889,
       5.70315615, 5.55168937, 5.36999707])]",[578.2674405574799]
