,problem,layers,optimizer,solutions,parameters,time
0,"{'type': 'maxcut', 'graph': {'directed': False, 'multigraph': False, 'graph': {}, 'nodes': [{'id': 0}, {'id': 1}, {'id': 2}, {'id': 3}], 'links': [{'weight': 5, 'source': 0, 'target': 1}, {'weight': 5, 'source': 0, 'target': 2}, {'weight': 7, 'source': 0, 'target': 3}, {'weight': 4, 'source': 1, 'target': 2}, {'weight': 8, 'source': 1, 'target': 3}, {'weight': 8, 'source': 2, 'target': 3}]}, 'position': {0: [-0.2548148752963474, -0.8433541504801777], 1: [-0.947498195379204, 0.3810949273552925], 2: [0.9999999999999999, -0.20733107317232005], 3: [0.2023130706755527, 0.6695902962972065]}, 'solution': ([0, 1, 1, 0], 26.0)}",16,"{'optimizer': 'COBYLA', 'maxiter': 100, 'shots': 1024, 'parameter_strategy': 'RANDOM', 'x0': None, 'backend': <QAOA_Tester.Backend.NoisyEstimatorBackend object at 0x7f3261164340>}","[([0, 1, 0, 1], -24.0)]","[array([1.50896393, 0.30078203, 2.38696728, 4.61744908, 0.65677168,
       0.28895813, 4.95328587, 2.24177926, 4.79350462, 4.4145683 ,
       1.95998914, 0.6782291 , 2.83221766, 4.16322718, 2.53878973,
       2.16755128, 2.12455533, 5.31270387, 3.27783862, 1.26896041,
       4.09628954, 0.36197908, 4.6012133 , 0.02956512, 5.43031778,
       5.6795971 , 1.90900402, 3.63918217, 2.54091315, 1.87192719,
       1.18566276, 0.27603974])]",[569.4943327903748]
