,problem,layers,optimizer,solutions,parameters,time
0,"{'type': 'maxcut', 'graph': {'directed': False, 'multigraph': False, 'graph': {}, 'nodes': [{'id': 0}, {'id': 1}, {'id': 2}, {'id': 3}], 'links': [{'weight': 5, 'source': 0, 'target': 1}, {'weight': 5, 'source': 0, 'target': 2}, {'weight': 7, 'source': 0, 'target': 3}, {'weight': 4, 'source': 1, 'target': 2}, {'weight': 8, 'source': 1, 'target': 3}, {'weight': 8, 'source': 2, 'target': 3}]}, 'position': {0: [-0.2548148752963474, -0.8433541504801777], 1: [-0.947498195379204, 0.3810949273552925], 2: [0.9999999999999999, -0.20733107317232005], 3: [0.2023130706755527, 0.6695902962972065]}, 'solution': ([0, 1, 1, 0], 26.0)}",15,"{'optimizer': 'COBYLA', 'maxiter': 100, 'shots': 1024, 'parameter_strategy': 'RANDOM', 'x0': None, 'backend': <QAOA_Tester.Backend.NoisyEstimatorBackend object at 0x7ff2df18cd30>}","[([0, 1, 1, 0], -26.0)]","[array([4.66843498, 3.92532777, 3.07909109, 0.61497443, 0.15285559,
       2.78916584, 4.05574198, 0.37768331, 2.68799543, 4.73237694,
       2.14805085, 4.87865783, 5.01284177, 1.79335423, 1.62757942,
       1.45178839, 6.25127457, 0.85672716, 2.03524405, 5.51323405,
       1.61424913, 5.32210796, 0.24176889, 5.66908203, 2.48832155,
       4.27950508, 5.2141035 , 4.66874032, 5.68729876, 5.70654117])]",[582.3061199188232]
