,problem,layers,optimizer,solutions,parameters,time
0,"{'type': 'maxcut', 'graph': {'directed': False, 'multigraph': False, 'graph': {}, 'nodes': [{'id': 0}, {'id': 1}, {'id': 2}, {'id': 3}], 'links': [{'weight': 5, 'source': 0, 'target': 1}, {'weight': 5, 'source': 0, 'target': 2}, {'weight': 7, 'source': 0, 'target': 3}, {'weight': 4, 'source': 1, 'target': 2}, {'weight': 8, 'source': 1, 'target': 3}, {'weight': 8, 'source': 2, 'target': 3}]}, 'position': {0: [-0.2548148752963474, -0.8433541504801777], 1: [-0.947498195379204, 0.3810949273552925], 2: [0.9999999999999999, -0.20733107317232005], 3: [0.2023130706755527, 0.6695902962972065]}, 'solution': ([0, 1, 1, 0], 26.0)}",22,"{'optimizer': 'COBYLA', 'maxiter': 100, 'shots': 1024, 'parameter_strategy': 'RANDOM', 'x0': None, 'backend': <QAOA_Tester.Backend.NoisyEstimatorBackend object at 0x7feeaf7d6e60>}","[([0, 0, 0, 0], 0.0)]","[array([5.34498048, 0.35053031, 5.93428985, 5.7490344 , 6.10111575,
       0.01763953, 6.02898241, 5.31840312, 0.10309253, 3.4382246 ,
       4.45887524, 1.30098406, 1.51982741, 4.12100166, 0.92315662,
       3.51671537, 2.46467954, 3.80056148, 3.0951804 , 0.81497314,
       3.85474146, 1.7628008 , 2.04391058, 0.34527499, 5.96885425,
       4.07744308, 1.26355094, 1.39112011, 1.9641782 , 3.73858325,
       0.39968913, 0.96059158, 4.87203402, 2.46270389, 1.57772664,
       3.57424744, 3.21272668, 5.2406233 , 2.22134057, 0.42639519,
       1.86967005, 2.04019923, 4.6535014 , 1.68585741])]",[596.6499938964844]
