,problem,layers,optimizer,solutions,parameters,time
0,"{'type': 'maxcut', 'graph': {'directed': False, 'multigraph': False, 'graph': {}, 'nodes': [{'id': 0}, {'id': 1}, {'id': 2}, {'id': 3}], 'links': [{'weight': 5, 'source': 0, 'target': 1}, {'weight': 5, 'source': 0, 'target': 2}, {'weight': 7, 'source': 0, 'target': 3}, {'weight': 4, 'source': 1, 'target': 2}, {'weight': 8, 'source': 1, 'target': 3}, {'weight': 8, 'source': 2, 'target': 3}]}, 'position': {0: [-0.2548148752963474, -0.8433541504801777], 1: [-0.947498195379204, 0.3810949273552925], 2: [0.9999999999999999, -0.20733107317232005], 3: [0.2023130706755527, 0.6695902962972065]}, 'solution': ([0, 1, 1, 0], 26.0)}",17,"{'optimizer': 'COBYLA', 'maxiter': 100, 'shots': 1024, 'parameter_strategy': 'RANDOM', 'x0': None, 'backend': <QAOA_Tester.Backend.NoisyEstimatorBackend object at 0x7f0493f6ac50>}","[([1, 1, 0, 0], -24.0)]","[array([5.50442804, 5.56397546, 4.6294545 , 5.65073688, 0.07674137,
       0.19379767, 6.0443646 , 5.01037329, 1.37638613, 3.3174919 ,
       3.82333975, 5.52576354, 0.05196129, 4.31071725, 0.94142768,
       0.50763387, 0.01212484, 5.79306841, 3.03711758, 3.34387255,
       3.13304718, 0.92383131, 3.18917235, 2.79371252, 0.33753015,
       0.06943738, 1.85858572, 0.2212777 , 0.10404442, 3.15963589,
       0.79175731, 5.339469  , 3.35531243, 4.55524555])]",[599.6700928211212]
