,problem,layers,optimizer,solutions,parameters,time
0,"{'type': 'maxcut', 'graph': {'directed': False, 'multigraph': False, 'graph': {}, 'nodes': [{'id': 0}, {'id': 1}, {'id': 2}, {'id': 3}], 'links': [{'weight': 5, 'source': 0, 'target': 1}, {'weight': 5, 'source': 0, 'target': 2}, {'weight': 7, 'source': 0, 'target': 3}, {'weight': 4, 'source': 1, 'target': 2}, {'weight': 8, 'source': 1, 'target': 3}, {'weight': 8, 'source': 2, 'target': 3}]}, 'position': {0: [-0.2548148752963474, -0.8433541504801777], 1: [-0.947498195379204, 0.3810949273552925], 2: [0.9999999999999999, -0.20733107317232005], 3: [0.2023130706755527, 0.6695902962972065]}, 'solution': ([0, 1, 1, 0], 26.0)}",28,"{'optimizer': 'COBYLA', 'maxiter': 100, 'shots': 1024, 'parameter_strategy': 'RANDOM', 'x0': None, 'backend': <QAOA_Tester.Backend.NoisyEstimatorBackend object at 0x7f5f9a5c63e0>}","[([1, 1, 0, 0], -24.0)]","[array([3.79308579, 2.5692234 , 1.83303857, 4.71065172, 3.68843045,
       1.31950769, 3.5856222 , 0.46765302, 2.89705852, 1.32698481,
       4.88028986, 5.82098416, 0.5594705 , 1.80774317, 4.88850693,
       4.46736169, 0.53832341, 1.3133689 , 1.43979089, 3.66440549,
       0.32464441, 4.49225674, 5.23286399, 0.81072328, 0.64401562,
       0.45305821, 5.03120627, 8.43548019, 0.99130379, 3.41355289,
       4.37844426, 5.44102918, 3.09144682, 2.79061659, 4.39537801,
       0.54792625, 6.13537007, 2.37530917, 3.88007032, 2.28460374,
       0.90418883, 4.49965368, 1.12387485, 2.56116579, 4.29660813,
       0.30949291, 5.40496047, 2.89027824, 0.33519145, 2.12642739,
       3.52544196, 6.40984098, 1.36151862, 4.39898387, 5.74691735,
       2.35581674])]",[611.6914689540863]
