,problem,layers,optimizer,solutions,parameters,time
0,"{'type': 'maxcut', 'graph': {'directed': False, 'multigraph': False, 'graph': {}, 'nodes': [{'id': 0}, {'id': 1}, {'id': 2}, {'id': 3}], 'links': [{'weight': 5, 'source': 0, 'target': 1}, {'weight': 5, 'source': 0, 'target': 2}, {'weight': 7, 'source': 0, 'target': 3}, {'weight': 4, 'source': 1, 'target': 2}, {'weight': 8, 'source': 1, 'target': 3}, {'weight': 8, 'source': 2, 'target': 3}]}, 'position': {0: [-0.2548148752963474, -0.8433541504801777], 1: [-0.947498195379204, 0.3810949273552925], 2: [0.9999999999999999, -0.20733107317232005], 3: [0.2023130706755527, 0.6695902962972065]}, 'solution': ([0, 1, 1, 0], 26.0)}",23,"{'optimizer': 'COBYLA', 'maxiter': 100, 'shots': 1024, 'parameter_strategy': 'RANDOM', 'x0': None, 'backend': <QAOA_Tester.Backend.NoisyEstimatorBackend object at 0x7fe37bd1edd0>}","[([1, 0, 0, 1], -26.0)]","[array([2.76341702, 5.71445223, 1.57579539, 2.55253345, 6.18137815,
       6.08933898, 5.17288389, 1.13181939, 2.34495954, 1.3068452 ,
       3.95438643, 3.25054362, 5.19945578, 5.36860375, 1.77530101,
       3.65970835, 2.0517986 , 0.0078973 , 1.98517477, 0.38511511,
       5.67499171, 4.92063973, 2.5841165 , 0.98655678, 5.4247222 ,
       3.0759518 , 0.08407131, 2.74841958, 1.02337035, 1.75011155,
       1.2956151 , 2.43022897, 2.65930434, 3.42428604, 3.93102364,
       3.03438066, 3.34232059, 5.6947466 , 0.78516685, 1.35729529,
       4.54818924, 1.11322665, 4.44728993, 1.83608015, 2.35752853,
       1.30750213])]",[592.5113596916199]
