,problem,layers,optimizer,solutions,parameters,time
0,"{'type': 'maxcut', 'graph': {'directed': False, 'multigraph': False, 'graph': {}, 'nodes': [{'id': 0}, {'id': 1}, {'id': 2}, {'id': 3}], 'links': [{'weight': 5, 'source': 0, 'target': 1}, {'weight': 5, 'source': 0, 'target': 2}, {'weight': 7, 'source': 0, 'target': 3}, {'weight': 4, 'source': 1, 'target': 2}, {'weight': 8, 'source': 1, 'target': 3}, {'weight': 8, 'source': 2, 'target': 3}]}, 'position': {0: [-0.2548148752963474, -0.8433541504801777], 1: [-0.947498195379204, 0.3810949273552925], 2: [0.9999999999999999, -0.20733107317232005], 3: [0.2023130706755527, 0.6695902962972065]}, 'solution': ([0, 1, 1, 0], 26.0)}",21,"{'optimizer': 'COBYLA', 'maxiter': 100, 'shots': 1024, 'parameter_strategy': 'RANDOM', 'x0': None, 'backend': <QAOA_Tester.Backend.NoisyEstimatorBackend object at 0x7f888a54b0a0>}","[([1, 0, 0, 0], -17.0)]","[array([4.92873274, 1.74731474, 0.37956764, 4.74148557, 3.98093542,
       1.16149558, 2.18033002, 5.28466296, 2.30810995, 5.79592645,
       4.64504829, 4.4058005 , 0.74469341, 3.83356272, 2.15241652,
       0.28579119, 1.30007401, 0.04220431, 5.68857726, 4.58913858,
       3.855096  , 3.0241859 , 5.06616443, 6.27159551, 0.8873589 ,
       2.82271002, 4.42200586, 6.00986815, 4.18301361, 2.90136807,
       6.20093443, 4.851817  , 2.00102295, 2.86396469, 0.53429413,
       0.23514426, 6.01191172, 0.89821067, 2.14126584, 1.13103126,
       3.06319203, 1.95506323])]",[579.6506066322327]
