,problem,layers,optimizer,solutions,parameters,time
0,"{'type': 'maxcut', 'graph': {'directed': False, 'multigraph': False, 'graph': {}, 'nodes': [{'id': 0}, {'id': 1}, {'id': 2}, {'id': 3}], 'links': [{'weight': 5, 'source': 0, 'target': 1}, {'weight': 5, 'source': 0, 'target': 2}, {'weight': 7, 'source': 0, 'target': 3}, {'weight': 4, 'source': 1, 'target': 2}, {'weight': 8, 'source': 1, 'target': 3}, {'weight': 8, 'source': 2, 'target': 3}]}, 'position': {0: [-0.2548148752963474, -0.8433541504801777], 1: [-0.947498195379204, 0.3810949273552925], 2: [0.9999999999999999, -0.20733107317232005], 3: [0.2023130706755527, 0.6695902962972065]}, 'solution': ([0, 1, 1, 0], 26.0)}",17,"{'optimizer': 'COBYLA', 'maxiter': 100, 'shots': 1024, 'parameter_strategy': 'RANDOM', 'x0': None, 'backend': <QAOA_Tester.Backend.NoisyEstimatorBackend object at 0x7f9487561ab0>}","[([0, 1, 1, 0], -26.0)]","[array([6.15247342, 3.19584718, 0.21926298, 0.45692813, 3.77405259,
       3.84408134, 2.4448596 , 5.34475927, 0.59495288, 5.08110646,
       3.56133831, 0.19598375, 5.46639185, 3.82543126, 5.22527615,
       1.20353712, 2.80206842, 1.02581393, 6.22783722, 1.87122083,
       0.88282189, 2.47279862, 5.45245572, 0.0619014 , 2.39240685,
       2.15689519, 4.1811605 , 1.79254582, 3.15329982, 4.21698113,
       6.38080353, 1.76035071, 3.066899  , 0.94167725])]",[600.279100894928]
