,problem,layers,optimizer,solutions,parameters,time
0,"{'type': 'maxcut', 'graph': {'directed': False, 'multigraph': False, 'graph': {}, 'nodes': [{'id': 0}, {'id': 1}, {'id': 2}, {'id': 3}], 'links': [{'weight': 5, 'source': 0, 'target': 1}, {'weight': 5, 'source': 0, 'target': 2}, {'weight': 7, 'source': 0, 'target': 3}, {'weight': 4, 'source': 1, 'target': 2}, {'weight': 8, 'source': 1, 'target': 3}, {'weight': 8, 'source': 2, 'target': 3}]}, 'position': {0: [-0.2548148752963474, -0.8433541504801777], 1: [-0.947498195379204, 0.3810949273552925], 2: [0.9999999999999999, -0.20733107317232005], 3: [0.2023130706755527, 0.6695902962972065]}, 'solution': ([0, 1, 1, 0], 26.0)}",16,"{'optimizer': 'COBYLA', 'maxiter': 100, 'shots': 1024, 'parameter_strategy': 'RANDOM', 'x0': None, 'backend': <QAOA_Tester.Backend.NoisyEstimatorBackend object at 0x7fb64ba42950>}","[([1, 0, 1, 0], -24.0)]","[array([1.40813406, 3.89239911, 4.13949091, 4.14827178, 2.15857921,
       4.29815306, 0.1820801 , 2.44119147, 6.18276233, 4.80938934,
       4.67323395, 1.24436757, 5.10865241, 1.51245548, 3.00196722,
       1.81905879, 4.04898237, 0.98664392, 2.98356002, 3.31550577,
       1.05953722, 6.26777183, 5.98518573, 0.93096205, 5.4420652 ,
       4.54619187, 4.82011222, 3.6134864 , 0.65233101, 0.89906511,
       0.96077514, 4.97463763])]",[558.1883940696716]
