,problem,layers,optimizer,solutions,parameters,time
0,"{'type': 'maxcut', 'graph': {'directed': False, 'multigraph': False, 'graph': {}, 'nodes': [{'id': 0}, {'id': 1}, {'id': 2}, {'id': 3}], 'links': [{'weight': 5, 'source': 0, 'target': 1}, {'weight': 5, 'source': 0, 'target': 2}, {'weight': 7, 'source': 0, 'target': 3}, {'weight': 4, 'source': 1, 'target': 2}, {'weight': 8, 'source': 1, 'target': 3}, {'weight': 8, 'source': 2, 'target': 3}]}, 'position': {0: [-0.2548148752963474, -0.8433541504801777], 1: [-0.947498195379204, 0.3810949273552925], 2: [0.9999999999999999, -0.20733107317232005], 3: [0.2023130706755527, 0.6695902962972065]}, 'solution': ([0, 1, 1, 0], 26.0)}",22,"{'optimizer': 'COBYLA', 'maxiter': 100, 'shots': 1024, 'parameter_strategy': 'RANDOM', 'x0': None, 'backend': <QAOA_Tester.Backend.NoisyEstimatorBackend object at 0x7fa546ee2ec0>}","[([0, 1, 1, 0], -26.0)]","[array([3.63434753, 5.31973199, 4.22594596, 5.75460763, 5.47158922,
       2.70390313, 1.83397203, 4.2987997 , 0.07454322, 2.21398809,
       0.46156293, 6.21244564, 1.72576925, 0.04609292, 0.40972985,
       1.5004543 , 4.00591534, 4.48678559, 4.55228758, 4.99686864,
       4.83224195, 6.01127588, 4.06397231, 1.92690042, 5.62498469,
       4.55357913, 5.55629937, 5.2272055 , 5.73039365, 1.69578774,
       6.22629926, 5.66168437, 0.23747277, 0.84689556, 4.20424167,
       0.71945031, 3.37450442, 4.10282957, 1.07952159, 4.85875833,
       5.18980801, 2.50644931, 5.56724332, 0.76157457])]",[584.5795488357544]
