,problem,layers,optimizer,solutions,parameters,time
0,"{'type': 'maxcut', 'graph': {'directed': False, 'multigraph': False, 'graph': {}, 'nodes': [{'id': 0}, {'id': 1}, {'id': 2}, {'id': 3}], 'links': [{'weight': 5, 'source': 0, 'target': 1}, {'weight': 5, 'source': 0, 'target': 2}, {'weight': 7, 'source': 0, 'target': 3}, {'weight': 4, 'source': 1, 'target': 2}, {'weight': 8, 'source': 1, 'target': 3}, {'weight': 8, 'source': 2, 'target': 3}]}, 'position': {0: [-0.2548148752963474, -0.8433541504801777], 1: [-0.947498195379204, 0.3810949273552925], 2: [0.9999999999999999, -0.20733107317232005], 3: [0.2023130706755527, 0.6695902962972065]}, 'solution': ([0, 1, 1, 0], 26.0)}",23,"{'optimizer': 'COBYLA', 'maxiter': 100, 'shots': 1024, 'parameter_strategy': 'RANDOM', 'x0': None, 'backend': <QAOA_Tester.Backend.NoisyEstimatorBackend object at 0x7f1abd1d20b0>}","[([1, 0, 1, 1], -17.0)]","[array([0.27861903, 2.87182904, 5.83245583, 2.58409017, 0.26077096,
       1.94924521, 2.44194072, 6.05326408, 1.51668394, 3.08289307,
       1.78571479, 0.29033391, 5.99412901, 5.7543969 , 4.14685847,
       6.14789844, 1.43318049, 3.26416042, 4.39666669, 4.6072488 ,
       2.66413331, 4.14881131, 1.71710123, 2.12308612, 4.50085308,
       1.29013364, 3.15874761, 4.10697112, 6.22008616, 1.83333368,
       1.42344402, 5.17353996, 3.80538114, 1.3282998 , 4.59664625,
       4.87587541, 3.19936945, 1.70402352, 2.39933626, 2.89657389,
       1.61984175, 5.37753977, 3.51853001, 6.14154648, 4.35434789,
       0.60006663])]",[574.6612906455994]
