,problem,layers,optimizer,solutions,parameters,time
0,"{'type': 'maxcut', 'graph': {'directed': False, 'multigraph': False, 'graph': {}, 'nodes': [{'id': 0}, {'id': 1}, {'id': 2}, {'id': 3}], 'links': [{'weight': 5, 'source': 0, 'target': 1}, {'weight': 5, 'source': 0, 'target': 2}, {'weight': 7, 'source': 0, 'target': 3}, {'weight': 4, 'source': 1, 'target': 2}, {'weight': 8, 'source': 1, 'target': 3}, {'weight': 8, 'source': 2, 'target': 3}]}, 'position': {0: [-0.2548148752963474, -0.8433541504801777], 1: [-0.947498195379204, 0.3810949273552925], 2: [0.9999999999999999, -0.20733107317232005], 3: [0.2023130706755527, 0.6695902962972065]}, 'solution': ([0, 1, 1, 0], 26.0)}",22,"{'optimizer': 'COBYLA', 'maxiter': 100, 'shots': 1024, 'parameter_strategy': 'RANDOM', 'x0': None, 'backend': <QAOA_Tester.Backend.NoisyEstimatorBackend object at 0x7f30e9645900>}","[([0, 0, 0, 0], 0.0)]","[array([3.71415909, 5.70241393, 3.2239346 , 3.71934612, 2.97114328,
       0.24421159, 3.61131361, 1.94890516, 3.8572952 , 3.44178449,
       1.63565977, 4.99407899, 2.00744879, 1.47912952, 4.53047484,
       1.1101986 , 1.12675258, 4.4640703 , 2.98298038, 4.32611567,
       3.15055576, 2.90676157, 5.449529  , 5.76667683, 4.28026981,
       3.22396455, 2.98267147, 3.39973344, 6.20848449, 4.12815284,
       3.84494166, 4.95418145, 2.94515942, 1.1932472 , 1.00046656,
       0.04071583, 4.24746885, 2.24624325, 4.57640176, 5.07821012,
       5.12124412, 2.92042481, 3.97760223, 2.15766842])]",[594.3940749168396]
