,problem,layers,optimizer,solutions,parameters,time
0,"{'type': 'maxcut', 'graph': {'directed': False, 'multigraph': False, 'graph': {}, 'nodes': [{'id': 0}, {'id': 1}, {'id': 2}, {'id': 3}], 'links': [{'weight': 5, 'source': 0, 'target': 1}, {'weight': 5, 'source': 0, 'target': 2}, {'weight': 7, 'source': 0, 'target': 3}, {'weight': 4, 'source': 1, 'target': 2}, {'weight': 8, 'source': 1, 'target': 3}, {'weight': 8, 'source': 2, 'target': 3}]}, 'position': {0: [-0.2548148752963474, -0.8433541504801777], 1: [-0.947498195379204, 0.3810949273552925], 2: [0.9999999999999999, -0.20733107317232005], 3: [0.2023130706755527, 0.6695902962972065]}, 'solution': ([0, 1, 1, 0], 26.0)}",21,"{'optimizer': 'COBYLA', 'maxiter': 100, 'shots': 1024, 'parameter_strategy': 'RANDOM', 'x0': None, 'backend': <QAOA_Tester.Backend.NoisyEstimatorBackend object at 0x7fcb5c6263e0>}","[([0, 1, 0, 0], -17.0)]","[array([ 2.57704847e+00,  4.98345460e+00,  5.82075176e+00,  5.73812781e+00,
        1.15172494e-02,  2.91678159e+00,  5.52627286e+00,  5.02491363e+00,
        5.13052861e+00,  4.53735495e+00,  5.32484112e-01,  3.20439033e+00,
        5.68142864e+00,  5.51057286e-01,  6.16341125e+00,  3.76629090e+00,
        2.74853139e+00,  5.66347821e+00,  3.45278213e+00,  3.17356207e+00,
        3.55581444e+00,  4.68274163e+00,  4.49879488e+00,  1.62547756e-01,
        1.70524339e+00,  2.26896827e+00,  5.34750741e+00,  4.21763753e+00,
        3.67939245e-01,  4.50795749e+00,  2.53076170e+00,  3.89502461e+00,
        3.91895958e+00,  5.79311844e+00,  5.83371000e+00,  1.76936407e+00,
        4.90968541e+00,  2.30580220e+00,  2.76964722e+00,  6.72023841e-01,
       -5.60184520e-03,  2.10852313e+00])]",[588.3415386676788]
