,problem,layers,optimizer,solutions,parameters,time
0,"{'type': 'maxcut', 'graph': {'directed': False, 'multigraph': False, 'graph': {}, 'nodes': [{'id': 0}, {'id': 1}, {'id': 2}, {'id': 3}], 'links': [{'weight': 5, 'source': 0, 'target': 1}, {'weight': 5, 'source': 0, 'target': 2}, {'weight': 7, 'source': 0, 'target': 3}, {'weight': 4, 'source': 1, 'target': 2}, {'weight': 8, 'source': 1, 'target': 3}, {'weight': 8, 'source': 2, 'target': 3}]}, 'position': {0: [-0.2548148752963474, -0.8433541504801777], 1: [-0.947498195379204, 0.3810949273552925], 2: [0.9999999999999999, -0.20733107317232005], 3: [0.2023130706755527, 0.6695902962972065]}, 'solution': ([0, 1, 1, 0], 26.0)}",16,"{'optimizer': 'COBYLA', 'maxiter': 100, 'shots': 1024, 'parameter_strategy': 'RANDOM', 'x0': None, 'backend': <QAOA_Tester.Backend.NoisyEstimatorBackend object at 0x7f38260f2350>}","[([1, 0, 0, 0], -17.0)]","[array([6.15444304, 5.24936095, 2.15901698, 2.48445642, 3.30362721,
       3.86444356, 4.73538281, 1.57771551, 2.84081609, 4.62518327,
       4.53343078, 3.01181253, 4.24028842, 1.97253772, 5.60223914,
       3.89335222, 3.49667058, 5.68689087, 0.46882328, 1.53876998,
       1.23572058, 5.88487223, 0.46572095, 3.84079933, 5.3046727 ,
       5.3928938 , 4.38771816, 2.02149485, 3.05244896, 0.37769124,
       1.10744085, 6.04262209])]",[611.191921710968]
