,problem,layers,optimizer,solutions,parameters,time
0,"{'type': 'maxcut', 'graph': {'directed': False, 'multigraph': False, 'graph': {}, 'nodes': [{'id': 0}, {'id': 1}, {'id': 2}, {'id': 3}], 'links': [{'weight': 5, 'source': 0, 'target': 1}, {'weight': 5, 'source': 0, 'target': 2}, {'weight': 7, 'source': 0, 'target': 3}, {'weight': 4, 'source': 1, 'target': 2}, {'weight': 8, 'source': 1, 'target': 3}, {'weight': 8, 'source': 2, 'target': 3}]}, 'position': {0: [-0.2548148752963474, -0.8433541504801777], 1: [-0.947498195379204, 0.3810949273552925], 2: [0.9999999999999999, -0.20733107317232005], 3: [0.2023130706755527, 0.6695902962972065]}, 'solution': ([0, 1, 1, 0], 26.0)}",25,"{'optimizer': 'COBYLA', 'maxiter': 100, 'shots': 1024, 'parameter_strategy': 'RANDOM', 'x0': None, 'backend': <QAOA_Tester.Backend.NoisyEstimatorBackend object at 0x7fba043baf20>}","[([0, 1, 0, 1], -24.0)]","[array([0.33435635, 5.21664703, 2.70235452, 0.91173724, 3.72975729,
       1.553132  , 2.32763249, 4.77625968, 3.37013408, 5.58506744,
       4.65649617, 0.02213592, 3.1023292 , 5.5071717 , 5.98276458,
       0.2071896 , 2.82633259, 5.00677987, 5.68354746, 1.31018089,
       1.14247864, 2.32222885, 2.63447522, 5.55835212, 6.57495457,
       0.04808547, 1.8757918 , 1.80547237, 0.49321938, 2.88585179,
       1.61628865, 4.83904078, 3.05147513, 3.86534769, 3.53036448,
       1.13044911, 5.81892854, 1.46171945, 0.70731485, 1.29712553,
       2.94983321, 1.63882286, 5.44006541, 1.52589028, 2.0358213 ,
       1.12524157, 4.24096128, 6.26678527, 0.11838198, 0.29673973])]",[568.3221969604492]
