,problem,layers,optimizer,solutions,parameters,time
0,"{'type': 'maxcut', 'graph': {'directed': False, 'multigraph': False, 'graph': {}, 'nodes': [{'id': 0}, {'id': 1}, {'id': 2}, {'id': 3}], 'links': [{'weight': 5, 'source': 0, 'target': 1}, {'weight': 5, 'source': 0, 'target': 2}, {'weight': 7, 'source': 0, 'target': 3}, {'weight': 4, 'source': 1, 'target': 2}, {'weight': 8, 'source': 1, 'target': 3}, {'weight': 8, 'source': 2, 'target': 3}]}, 'position': {0: [-0.2548148752963474, -0.8433541504801777], 1: [-0.947498195379204, 0.3810949273552925], 2: [0.9999999999999999, -0.20733107317232005], 3: [0.2023130706755527, 0.6695902962972065]}, 'solution': ([0, 1, 1, 0], 26.0)}",20,"{'optimizer': 'COBYLA', 'maxiter': 100, 'shots': 1024, 'parameter_strategy': 'RANDOM', 'x0': None, 'backend': <QAOA_Tester.Backend.NoisyEstimatorBackend object at 0x7f627e181cf0>}","[([1, 1, 1, 1], 0.0)]","[array([3.09309979, 1.89951418, 3.38900501, 4.28712899, 4.05554902,
       2.02838054, 5.56543912, 2.01109504, 1.47374638, 5.73215887,
       2.23936523, 5.32407108, 0.83835969, 4.05458435, 2.34672795,
       1.15906854, 2.89846978, 4.33888352, 1.2500547 , 5.89387808,
       1.00334177, 5.12269006, 4.05203382, 1.21939824, 2.12129183,
       5.44711653, 3.03127597, 2.90401556, 1.29900215, 0.64513019,
       1.72004886, 0.57410374, 4.45588071, 2.16425184, 1.33024064,
       3.05459039, 3.11691271, 4.56469646, 2.0196501 , 0.46314325])]",[591.9374794960022]
