,problem,layers,optimizer,solutions,parameters,time
0,"{'type': 'maxcut', 'graph': {'directed': False, 'multigraph': False, 'graph': {}, 'nodes': [{'id': 0}, {'id': 1}, {'id': 2}, {'id': 3}], 'links': [{'weight': 5, 'source': 0, 'target': 1}, {'weight': 5, 'source': 0, 'target': 2}, {'weight': 7, 'source': 0, 'target': 3}, {'weight': 4, 'source': 1, 'target': 2}, {'weight': 8, 'source': 1, 'target': 3}, {'weight': 8, 'source': 2, 'target': 3}]}, 'position': {0: [-0.2548148752963474, -0.8433541504801777], 1: [-0.947498195379204, 0.3810949273552925], 2: [0.9999999999999999, -0.20733107317232005], 3: [0.2023130706755527, 0.6695902962972065]}, 'solution': ([0, 1, 1, 0], 26.0)}",22,"{'optimizer': 'COBYLA', 'maxiter': 100, 'shots': 1024, 'parameter_strategy': 'RANDOM', 'x0': None, 'backend': <QAOA_Tester.Backend.NoisyEstimatorBackend object at 0x7f749b6a3100>}","[([1, 0, 0, 1], -26.0)]","[array([4.06446609, 0.78992847, 2.54299921, 0.03409046, 2.28053609,
       6.17733288, 4.17397122, 1.78229578, 3.49124175, 5.2935619 ,
       3.7548257 , 3.59593575, 4.96785925, 2.01593915, 5.77314149,
       1.44943731, 4.90060957, 4.26478699, 0.37950656, 0.63680687,
       2.45050301, 3.27946068, 2.22023379, 2.90662456, 4.40921914,
       3.45278595, 2.57853633, 3.60259924, 6.22799663, 4.11874904,
       2.81778715, 0.6479999 , 5.70814141, 4.02614295, 4.92689719,
       2.09097145, 2.05666022, 2.17161914, 5.62843915, 1.34056389,
       0.26447451, 4.32901831, 0.15541906, 0.57408712])]",[589.1206471920013]
