,problem,layers,optimizer,solutions,parameters,time
0,"{'type': 'maxcut', 'graph': {'directed': False, 'multigraph': False, 'graph': {}, 'nodes': [{'id': 0}, {'id': 1}, {'id': 2}, {'id': 3}], 'links': [{'weight': 5, 'source': 0, 'target': 1}, {'weight': 5, 'source': 0, 'target': 2}, {'weight': 7, 'source': 0, 'target': 3}, {'weight': 4, 'source': 1, 'target': 2}, {'weight': 8, 'source': 1, 'target': 3}, {'weight': 8, 'source': 2, 'target': 3}]}, 'position': {0: [-0.2548148752963474, -0.8433541504801777], 1: [-0.947498195379204, 0.3810949273552925], 2: [0.9999999999999999, -0.20733107317232005], 3: [0.2023130706755527, 0.6695902962972065]}, 'solution': ([0, 1, 1, 0], 26.0)}",17,"{'optimizer': 'COBYLA', 'maxiter': 100, 'shots': 1024, 'parameter_strategy': 'RANDOM', 'x0': None, 'backend': <QAOA_Tester.Backend.NoisyEstimatorBackend object at 0x7f118c26a560>}","[([0, 1, 1, 1], -17.0)]","[array([4.99902783, 0.61301639, 1.2727173 , 5.805383  , 2.4867093 ,
       1.28023397, 1.63674721, 2.16664831, 4.77888398, 4.61884964,
       0.26295393, 2.36217296, 0.49258305, 4.27463324, 2.49699324,
       1.55121367, 6.64365486, 0.3283776 , 3.24924099, 3.69258317,
       4.22068324, 6.01884931, 4.42557649, 5.03493293, 5.96481672,
       5.55958999, 5.20861922, 3.40912441, 1.93113776, 1.4787395 ,
       2.03363476, 0.68980263, 1.26238983, 3.84191015])]",[577.5712864398956]
