,problem,layers,optimizer,solutions,parameters,time
0,"{'type': 'maxcut', 'graph': {'directed': False, 'multigraph': False, 'graph': {}, 'nodes': [{'id': 0}, {'id': 1}, {'id': 2}, {'id': 3}], 'links': [{'weight': 5, 'source': 0, 'target': 1}, {'weight': 5, 'source': 0, 'target': 2}, {'weight': 7, 'source': 0, 'target': 3}, {'weight': 4, 'source': 1, 'target': 2}, {'weight': 8, 'source': 1, 'target': 3}, {'weight': 8, 'source': 2, 'target': 3}]}, 'position': {0: [-0.2548148752963474, -0.8433541504801777], 1: [-0.947498195379204, 0.3810949273552925], 2: [0.9999999999999999, -0.20733107317232005], 3: [0.2023130706755527, 0.6695902962972065]}, 'solution': ([0, 1, 1, 0], 26.0)}",26,"{'optimizer': 'COBYLA', 'maxiter': 100, 'shots': 1024, 'parameter_strategy': 'RANDOM', 'x0': None, 'backend': <QAOA_Tester.Backend.NoisyEstimatorBackend object at 0x7f5b4916ae90>}","[([0, 1, 1, 1], -17.0)]","[array([3.68154634, 3.03261579, 1.22075372, 5.02843101, 4.2462202 ,
       3.86406547, 2.38993549, 0.12987983, 0.75039617, 0.89301865,
       2.51884372, 4.13092252, 4.62975545, 4.91403234, 1.11473884,
       2.68843647, 1.08640854, 2.34089539, 1.62810738, 0.63465254,
       6.15662216, 2.6746054 , 4.60972226, 2.71653568, 5.21519829,
       6.16890819, 0.50171966, 3.20618257, 5.04557964, 1.46936071,
       5.29429107, 4.63230789, 4.7740591 , 1.06727118, 5.31970552,
       2.65554552, 5.50493315, 4.63884982, 1.20432758, 4.54445095,
       0.21661014, 3.37096773, 0.77639615, 2.39346302, 3.22912073,
       3.18257695, 3.54919965, 0.27743462, 6.11536253, 4.86693712,
       2.35667543, 3.9427057 ])]",[636.0444800853729]
