,problem,layers,optimizer,solutions,parameters,time
0,"{'type': 'maxcut', 'graph': {'directed': False, 'multigraph': False, 'graph': {}, 'nodes': [{'id': 0}, {'id': 1}, {'id': 2}, {'id': 3}], 'links': [{'weight': 5, 'source': 0, 'target': 1}, {'weight': 5, 'source': 0, 'target': 2}, {'weight': 7, 'source': 0, 'target': 3}, {'weight': 4, 'source': 1, 'target': 2}, {'weight': 8, 'source': 1, 'target': 3}, {'weight': 8, 'source': 2, 'target': 3}]}, 'position': {0: [-0.2548148752963474, -0.8433541504801777], 1: [-0.947498195379204, 0.3810949273552925], 2: [0.9999999999999999, -0.20733107317232005], 3: [0.2023130706755527, 0.6695902962972065]}, 'solution': ([0, 1, 1, 0], 26.0)}",23,"{'optimizer': 'COBYLA', 'maxiter': 100, 'shots': 1024, 'parameter_strategy': 'RANDOM', 'x0': None, 'backend': <QAOA_Tester.Backend.NoisyEstimatorBackend object at 0x7fcd159f25f0>}","[([1, 0, 1, 0], -24.0)]","[array([4.51482438, 3.137405  , 5.18267294, 0.97211368, 0.03817021,
       4.94200185, 0.70988233, 2.24122152, 5.9854343 , 1.10173452,
       0.57874413, 1.40559448, 2.76674762, 4.01774764, 2.27297261,
       4.78315541, 4.5935769 , 2.59234707, 2.79209885, 4.60288461,
       3.25568011, 1.48909137, 3.84757503, 3.22073938, 3.11386341,
       2.53294903, 3.10491976, 0.75433541, 0.88871994, 1.31672967,
       6.24930476, 1.50201673, 0.81189525, 1.33152726, 0.96734704,
       2.64019501, 1.73883204, 2.53300715, 5.45381961, 4.40236412,
       3.45497403, 2.7166175 , 4.72018819, 3.81980168, 2.7066882 ,
       1.04164427])]",[573.1061284542084]
