,problem,layers,optimizer,solutions,parameters,time
0,"{'type': 'maxcut', 'graph': {'directed': False, 'multigraph': False, 'graph': {}, 'nodes': [{'id': 0}, {'id': 1}, {'id': 2}, {'id': 3}], 'links': [{'weight': 5, 'source': 0, 'target': 1}, {'weight': 5, 'source': 0, 'target': 2}, {'weight': 7, 'source': 0, 'target': 3}, {'weight': 4, 'source': 1, 'target': 2}, {'weight': 8, 'source': 1, 'target': 3}, {'weight': 8, 'source': 2, 'target': 3}]}, 'position': {0: [-0.2548148752963474, -0.8433541504801777], 1: [-0.947498195379204, 0.3810949273552925], 2: [0.9999999999999999, -0.20733107317232005], 3: [0.2023130706755527, 0.6695902962972065]}, 'solution': ([0, 1, 1, 0], 26.0)}",16,"{'optimizer': 'COBYLA', 'maxiter': 100, 'shots': 1024, 'parameter_strategy': 'RANDOM', 'x0': None, 'backend': <QAOA_Tester.Backend.NoisyEstimatorBackend object at 0x7fa953192fb0>}","[([0, 1, 1, 1], -17.0)]","[array([0.63170508, 3.35839662, 2.95612293, 3.79009105, 4.59847856,
       1.34027323, 5.66666924, 1.90359939, 1.23377346, 1.7832236 ,
       5.52719518, 1.97015192, 4.08907507, 5.06929734, 0.26434955,
       6.04835883, 5.55751982, 0.63450082, 3.9363517 , 2.16435761,
       4.04624313, 1.63075693, 3.63470169, 0.71762169, 4.0322935 ,
       6.00812628, 2.2465703 , 3.90824568, 5.26327985, 4.64196204,
       2.29249759, 6.03223712])]",[565.9684782028198]
