,problem,layers,optimizer,solutions,parameters,time
0,"{'type': 'maxcut', 'graph': {'directed': False, 'multigraph': False, 'graph': {}, 'nodes': [{'id': 0}, {'id': 1}, {'id': 2}, {'id': 3}], 'links': [{'weight': 5, 'source': 0, 'target': 1}, {'weight': 5, 'source': 0, 'target': 2}, {'weight': 7, 'source': 0, 'target': 3}, {'weight': 4, 'source': 1, 'target': 2}, {'weight': 8, 'source': 1, 'target': 3}, {'weight': 8, 'source': 2, 'target': 3}]}, 'position': {0: [-0.2548148752963474, -0.8433541504801777], 1: [-0.947498195379204, 0.3810949273552925], 2: [0.9999999999999999, -0.20733107317232005], 3: [0.2023130706755527, 0.6695902962972065]}, 'solution': ([0, 1, 1, 0], 26.0)}",25,"{'optimizer': 'COBYLA', 'maxiter': 100, 'shots': 1024, 'parameter_strategy': 'RANDOM', 'x0': None, 'backend': <QAOA_Tester.Backend.NoisyEstimatorBackend object at 0x7f2de4376f20>}","[([0, 1, 0, 1], -24.0)]","[array([1.50376225, 0.25463667, 5.98635169, 4.12684798, 1.3224846 ,
       3.95878159, 2.55778405, 4.67956754, 5.04491517, 1.6349563 ,
       1.30921671, 6.16180345, 0.87484814, 2.92254084, 2.0359678 ,
       2.65750411, 2.81570875, 2.73012994, 4.14344978, 2.0267918 ,
       4.26028595, 0.93680746, 3.9877314 , 2.07569607, 0.72333234,
       1.61991265, 1.16869858, 4.21651815, 5.22773808, 1.32028647,
       4.05690553, 4.64923351, 2.0353284 , 0.45139603, 1.89456053,
       4.99778309, 4.94072501, 2.03636868, 0.02998788, 5.14531695,
       3.07943839, 1.98112579, 2.67341828, 2.85589431, 4.83475148,
       2.35801701, 2.54490497, 5.67772475, 4.23066503, 2.41349891])]",[574.7936584949493]
