,problem,layers,optimizer,solutions,parameters,time
0,"{'type': 'maxcut', 'graph': {'directed': False, 'multigraph': False, 'graph': {}, 'nodes': [{'id': 0}, {'id': 1}, {'id': 2}, {'id': 3}], 'links': [{'weight': 5, 'source': 0, 'target': 1}, {'weight': 5, 'source': 0, 'target': 2}, {'weight': 7, 'source': 0, 'target': 3}, {'weight': 4, 'source': 1, 'target': 2}, {'weight': 8, 'source': 1, 'target': 3}, {'weight': 8, 'source': 2, 'target': 3}]}, 'position': {0: [-0.2548148752963474, -0.8433541504801777], 1: [-0.947498195379204, 0.3810949273552925], 2: [0.9999999999999999, -0.20733107317232005], 3: [0.2023130706755527, 0.6695902962972065]}, 'solution': ([0, 1, 1, 0], 26.0)}",30,"{'optimizer': 'COBYLA', 'maxiter': 100, 'shots': 1024, 'parameter_strategy': 'RANDOM', 'x0': None, 'backend': <QAOA_Tester.Backend.NoisyEstimatorBackend object at 0x7f9518ff2b00>}","[([1, 1, 0, 0], -24.0)]","[array([0.13227117, 0.09847073, 1.82796077, 3.43030388, 3.9876534 ,
       0.29598134, 3.59993055, 3.84571698, 1.40887321, 3.74919532,
       2.05456611, 2.07690145, 2.23397445, 0.93783041, 2.62527897,
       4.68212572, 2.62490452, 5.83290627, 4.44764527, 5.7168138 ,
       2.49623368, 4.46702731, 5.79696955, 0.97258618, 5.15695136,
       0.95280768, 1.46207674, 4.034333  , 1.99191361, 0.73586994,
       2.4734534 , 5.39087783, 3.72847592, 4.47031653, 2.68313401,
       4.78063535, 1.01628774, 1.36578031, 2.69578489, 4.51060692,
       2.00362956, 3.01461746, 2.78767069, 0.61722813, 2.01050598,
       1.95101985, 5.70427875, 3.73828384, 1.9097386 , 0.47859573,
       3.92301137, 2.9661034 , 0.96412178, 4.06859016, 0.45752679,
       2.48477262, 0.25159449, 2.66042907, 4.53405182, 6.07743088])]",[564.7907645702362]
