,problem,layers,optimizer,solutions,parameters,time
0,"{'type': 'maxcut', 'graph': {'directed': False, 'multigraph': False, 'graph': {}, 'nodes': [{'id': 0}, {'id': 1}, {'id': 2}, {'id': 3}], 'links': [{'weight': 5, 'source': 0, 'target': 1}, {'weight': 5, 'source': 0, 'target': 2}, {'weight': 7, 'source': 0, 'target': 3}, {'weight': 4, 'source': 1, 'target': 2}, {'weight': 8, 'source': 1, 'target': 3}, {'weight': 8, 'source': 2, 'target': 3}]}, 'position': {0: [-0.2548148752963474, -0.8433541504801777], 1: [-0.947498195379204, 0.3810949273552925], 2: [0.9999999999999999, -0.20733107317232005], 3: [0.2023130706755527, 0.6695902962972065]}, 'solution': ([0, 1, 1, 0], 26.0)}",19,"{'optimizer': 'COBYLA', 'maxiter': 100, 'shots': 1024, 'parameter_strategy': 'RANDOM', 'x0': None, 'backend': <QAOA_Tester.Backend.NoisyEstimatorBackend object at 0x7fc667f84f10>}","[([0, 1, 1, 0], -26.0)]","[array([4.30134718, 1.75192257, 1.64248879, 4.69644829, 1.70846553,
       6.00549643, 3.53578266, 3.96001961, 0.62147046, 5.6365115 ,
       4.35568145, 0.30769599, 1.17286204, 2.08608271, 5.92640785,
       6.12296783, 4.14569424, 3.33449757, 4.26503055, 2.05346067,
       4.22163285, 2.73916528, 2.48943409, 2.43357884, 0.31793213,
       2.76608883, 2.46914942, 4.24442795, 4.91181562, 6.21434595,
       4.69945574, 0.72152717, 1.68916533, 6.06159569, 3.36871466,
       2.00345048, 3.58248617, 4.63626644])]",[602.9052503108978]
