,problem,layers,optimizer,solutions,parameters,time
0,"{'type': 'maxcut', 'graph': {'directed': False, 'multigraph': False, 'graph': {}, 'nodes': [{'id': 0}, {'id': 1}, {'id': 2}, {'id': 3}], 'links': [{'weight': 5, 'source': 0, 'target': 1}, {'weight': 5, 'source': 0, 'target': 2}, {'weight': 7, 'source': 0, 'target': 3}, {'weight': 4, 'source': 1, 'target': 2}, {'weight': 8, 'source': 1, 'target': 3}, {'weight': 8, 'source': 2, 'target': 3}]}, 'position': {0: [-0.2548148752963474, -0.8433541504801777], 1: [-0.947498195379204, 0.3810949273552925], 2: [0.9999999999999999, -0.20733107317232005], 3: [0.2023130706755527, 0.6695902962972065]}, 'solution': ([0, 1, 1, 0], 26.0)}",23,"{'optimizer': 'COBYLA', 'maxiter': 100, 'shots': 1024, 'parameter_strategy': 'RANDOM', 'x0': None, 'backend': <QAOA_Tester.Backend.NoisyEstimatorBackend object at 0x7fc62a5be470>}","[([0, 0, 1, 1], -24.0)]","[array([4.93639148, 3.3910442 , 5.64102563, 5.4903854 , 1.36977027,
       3.29894574, 0.89148088, 0.95515986, 3.71527037, 4.4282581 ,
       2.1477503 , 6.14220983, 6.13135842, 2.16369381, 4.19924539,
       4.04662336, 1.70587175, 3.90104936, 5.4067681 , 2.31576548,
       3.43085845, 4.90911902, 6.50940848, 5.54713626, 0.83780696,
       4.72668124, 5.1502947 , 4.79891489, 4.10362019, 0.74172108,
       1.05714985, 1.85655804, 5.62008694, 0.45661395, 4.54887555,
       3.84677703, 1.94591666, 2.48886652, 2.6481125 , 5.12607236,
       4.55189249, 5.77869362, 4.58622218, 0.91159095, 5.81394595,
       7.52665105])]",[602.8229842185974]
