,problem,layers,optimizer,solutions,parameters,time
0,"{'type': 'maxcut', 'graph': {'directed': False, 'multigraph': False, 'graph': {}, 'nodes': [{'id': 0}, {'id': 1}, {'id': 2}, {'id': 3}], 'links': [{'weight': 5, 'source': 0, 'target': 1}, {'weight': 5, 'source': 0, 'target': 2}, {'weight': 7, 'source': 0, 'target': 3}, {'weight': 4, 'source': 1, 'target': 2}, {'weight': 8, 'source': 1, 'target': 3}, {'weight': 8, 'source': 2, 'target': 3}]}, 'position': {0: [-0.2548148752963474, -0.8433541504801777], 1: [-0.947498195379204, 0.3810949273552925], 2: [0.9999999999999999, -0.20733107317232005], 3: [0.2023130706755527, 0.6695902962972065]}, 'solution': ([0, 1, 1, 0], 26.0)}",27,"{'optimizer': 'COBYLA', 'maxiter': 100, 'shots': 1024, 'parameter_strategy': 'RANDOM', 'x0': None, 'backend': <QAOA_Tester.Backend.NoisyEstimatorBackend object at 0x7ff1a8a69d80>}","[([1, 0, 1, 0], -24.0)]","[array([4.27380461, 6.25185894, 5.79643303, 1.36439037, 0.31229063,
       4.50255458, 5.70711901, 5.05902185, 4.07011773, 6.08508116,
       0.15182653, 2.77739707, 5.95263683, 2.58498769, 6.10677356,
       4.94093315, 2.06685539, 5.95861533, 1.22442969, 4.11430568,
       1.36284335, 2.72845895, 0.73357179, 0.94404447, 0.90739303,
       3.72861062, 0.8802626 , 0.87722574, 0.33946886, 0.08244233,
       2.50292302, 5.48095815, 2.94834855, 5.70374318, 4.28851269,
       6.04899438, 1.31084826, 5.52475301, 3.14793011, 1.5287091 ,
       4.68543413, 0.78685357, 0.00933028, 6.21103113, 4.1284662 ,
       5.29999628, 5.99899437, 4.93938939, 2.13568558, 2.08247657,
       1.14779524, 1.76627153, 3.07920117, 1.97358175])]",[594.9809548854828]
