,problem,layers,optimizer,solutions,parameters,time
0,"{'type': 'maxcut', 'graph': {'directed': False, 'multigraph': False, 'graph': {}, 'nodes': [{'id': 0}, {'id': 1}, {'id': 2}, {'id': 3}], 'links': [{'weight': 5, 'source': 0, 'target': 1}, {'weight': 5, 'source': 0, 'target': 2}, {'weight': 7, 'source': 0, 'target': 3}, {'weight': 4, 'source': 1, 'target': 2}, {'weight': 8, 'source': 1, 'target': 3}, {'weight': 8, 'source': 2, 'target': 3}]}, 'position': {0: [-0.2548148752963474, -0.8433541504801777], 1: [-0.947498195379204, 0.3810949273552925], 2: [0.9999999999999999, -0.20733107317232005], 3: [0.2023130706755527, 0.6695902962972065]}, 'solution': ([0, 1, 1, 0], 26.0)}",24,"{'optimizer': 'COBYLA', 'maxiter': 100, 'shots': 1024, 'parameter_strategy': 'RANDOM', 'x0': None, 'backend': <QAOA_Tester.Backend.NoisyEstimatorBackend object at 0x7f1a00e8ad40>}","[([0, 1, 1, 1], -17.0)]","[array([ 2.45567267,  4.14875156,  0.40691196,  3.83893216,  5.9500894 ,
        1.58577184,  1.97969318,  2.9288285 ,  0.97492796,  1.50552503,
        0.08067993,  4.98125908,  1.31047218,  2.06071703,  4.29795694,
        0.58355007,  0.08113412,  5.90715991,  0.23705437,  2.64074446,
        2.01517036,  3.58117104,  1.73842986, -0.21767449,  4.91147083,
        4.87392624,  3.724386  ,  2.80226372,  4.01765201,  2.280554  ,
        5.29503744,  0.9466559 ,  3.20648074,  1.37247943,  1.07405878,
        3.50445997,  5.50683555,  0.46391705,  2.71035183,  4.21689367,
        4.97396725,  2.95195604,  5.9475843 ,  1.47041455,  2.34449207,
        0.27760263,  4.41537763,  4.74128682])]",[583.0372939109802]
