,problem,layers,optimizer,solutions,parameters,time
0,"{'type': 'maxcut', 'graph': {'directed': False, 'multigraph': False, 'graph': {}, 'nodes': [{'id': 0}, {'id': 1}, {'id': 2}, {'id': 3}], 'links': [{'weight': 5, 'source': 0, 'target': 1}, {'weight': 5, 'source': 0, 'target': 2}, {'weight': 7, 'source': 0, 'target': 3}, {'weight': 4, 'source': 1, 'target': 2}, {'weight': 8, 'source': 1, 'target': 3}, {'weight': 8, 'source': 2, 'target': 3}]}, 'position': {0: [-0.2548148752963474, -0.8433541504801777], 1: [-0.947498195379204, 0.3810949273552925], 2: [0.9999999999999999, -0.20733107317232005], 3: [0.2023130706755527, 0.6695902962972065]}, 'solution': ([0, 1, 1, 0], 26.0)}",30,"{'optimizer': 'COBYLA', 'maxiter': 100, 'shots': 1024, 'parameter_strategy': 'RANDOM', 'x0': None, 'backend': <QAOA_Tester.Backend.NoisyEstimatorBackend object at 0x7f4fb3d630d0>}","[([1, 0, 1, 1], -17.0)]","[array([4.44969108, 4.46719862, 2.87248413, 5.97980535, 0.90412476,
       2.99408924, 0.80790605, 3.54636352, 3.04522091, 4.97837596,
       5.23310401, 0.30548874, 4.35954834, 3.49456071, 2.06056922,
       5.8064821 , 0.22662785, 3.41168108, 3.86998312, 0.5995761 ,
       1.37087089, 6.03470333, 4.02930919, 1.29700508, 4.6405403 ,
       6.27343251, 0.99585207, 2.45705578, 0.80173064, 5.9612982 ,
       0.63884275, 3.86556271, 0.64695694, 0.72715141, 5.32492976,
       1.9863257 , 2.82215239, 1.53699584, 0.14352623, 4.43342649,
       5.27871054, 2.65865133, 3.93677752, 0.2833398 , 6.02329731,
       3.75399228, 4.45361214, 3.06627918, 0.46749495, 0.10628473,
       0.07935271, 1.95508299, 2.44374185, 5.87270122, 2.0632933 ,
       4.36221936, 1.97201498, 3.00209339, 4.66920337, 0.94830464])]",[514.3024382591248]
