,problem,layers,optimizer,solutions,parameters,time
0,"{'type': 'maxcut', 'graph': {'directed': False, 'multigraph': False, 'graph': {}, 'nodes': [{'id': 0}, {'id': 1}, {'id': 2}, {'id': 3}], 'links': [{'weight': 5, 'source': 0, 'target': 1}, {'weight': 5, 'source': 0, 'target': 2}, {'weight': 7, 'source': 0, 'target': 3}, {'weight': 4, 'source': 1, 'target': 2}, {'weight': 8, 'source': 1, 'target': 3}, {'weight': 8, 'source': 2, 'target': 3}]}, 'position': {0: [-0.2548148752963474, -0.8433541504801777], 1: [-0.947498195379204, 0.3810949273552925], 2: [0.9999999999999999, -0.20733107317232005], 3: [0.2023130706755527, 0.6695902962972065]}, 'solution': ([0, 1, 1, 0], 26.0)}",23,"{'optimizer': 'COBYLA', 'maxiter': 100, 'shots': 1024, 'parameter_strategy': 'RANDOM', 'x0': None, 'backend': <QAOA_Tester.Backend.NoisyEstimatorBackend object at 0x7f9925751660>}","[([0, 1, 0, 0], -17.0)]","[array([3.24947829, 5.46518155, 4.39118219, 5.41316944, 3.62389661,
       3.15465213, 1.51984976, 4.85620425, 1.77865921, 1.47720925,
       5.63790968, 4.59339752, 0.26506384, 5.18381286, 2.63921214,
       0.2096758 , 2.29772481, 6.11090348, 6.10557519, 4.69402043,
       3.57854874, 1.96090844, 1.26129295, 0.09934945, 2.33738162,
       2.24008573, 4.34862238, 1.02812078, 0.13510261, 1.25090482,
       2.67329709, 4.38131693, 3.61966873, 1.6304364 , 3.09861402,
       3.07850691, 5.30366971, 0.13725582, 0.34175759, 3.82656342,
       3.9599348 , 4.45515305, 4.69950745, 5.03093358, 0.02513261,
       0.08029159])]",[606.3679270744324]
