,problem,layers,optimizer,solutions,parameters,time
0,"{'type': 'maxcut', 'graph': {'directed': False, 'multigraph': False, 'graph': {}, 'nodes': [{'id': 0}, {'id': 1}, {'id': 2}, {'id': 3}], 'links': [{'weight': 5, 'source': 0, 'target': 1}, {'weight': 5, 'source': 0, 'target': 2}, {'weight': 7, 'source': 0, 'target': 3}, {'weight': 4, 'source': 1, 'target': 2}, {'weight': 8, 'source': 1, 'target': 3}, {'weight': 8, 'source': 2, 'target': 3}]}, 'position': {0: [-0.2548148752963474, -0.8433541504801777], 1: [-0.947498195379204, 0.3810949273552925], 2: [0.9999999999999999, -0.20733107317232005], 3: [0.2023130706755527, 0.6695902962972065]}, 'solution': ([0, 1, 1, 0], 26.0)}",20,"{'optimizer': 'COBYLA', 'maxiter': 100, 'shots': 1024, 'parameter_strategy': 'RANDOM', 'x0': None, 'backend': <QAOA_Tester.Backend.NoisyEstimatorBackend object at 0x7f9a6db32500>}","[([0, 1, 1, 0], -26.0)]","[array([9.56347633e-01, 6.07018944e-01, 2.68105683e+00, 4.20136112e+00,
       4.48127639e+00, 3.53388546e+00, 1.95703676e+00, 2.86852282e+00,
       1.45117001e+00, 2.23234356e+00, 3.78986552e+00, 1.62915178e+00,
       3.83390975e-01, 3.64357625e-02, 5.76134500e+00, 3.12864520e+00,
       3.12523060e+00, 4.69592579e+00, 3.05730018e-01, 5.34447399e+00,
       1.39485270e+00, 7.35474433e-01, 6.07056080e+00, 3.98043349e-03,
       1.11626397e+00, 1.38064386e+00, 6.96337831e-01, 7.64956955e-01,
       5.66300466e+00, 6.42217973e-01, 5.44330907e+00, 1.19413931e-01,
       9.80578351e-01, 5.43299760e+00, 6.03967959e+00, 1.12145982e+00,
       2.26469132e+00, 4.00352559e+00, 3.62198838e+00, 7.02238223e-01])]",[618.8138518333435]
