,problem,layers,optimizer,solutions,parameters,time
0,"{'type': 'maxcut', 'graph': {'directed': False, 'multigraph': False, 'graph': {}, 'nodes': [{'id': 0}, {'id': 1}, {'id': 2}, {'id': 3}], 'links': [{'weight': 5, 'source': 0, 'target': 1}, {'weight': 5, 'source': 0, 'target': 2}, {'weight': 7, 'source': 0, 'target': 3}, {'weight': 4, 'source': 1, 'target': 2}, {'weight': 8, 'source': 1, 'target': 3}, {'weight': 8, 'source': 2, 'target': 3}]}, 'position': {0: [-0.2548148752963474, -0.8433541504801777], 1: [-0.947498195379204, 0.3810949273552925], 2: [0.9999999999999999, -0.20733107317232005], 3: [0.2023130706755527, 0.6695902962972065]}, 'solution': ([0, 1, 1, 0], 26.0)}",20,"{'optimizer': 'COBYLA', 'maxiter': 100, 'shots': 1024, 'parameter_strategy': 'RANDOM', 'x0': None, 'backend': <QAOA_Tester.Backend.NoisyEstimatorBackend object at 0x7f215f0b8940>}","[([0, 0, 0, 0], 0.0)]","[array([5.41119521, 1.26823107, 6.10940961, 1.35004602, 5.28783212,
       2.41383111, 0.84149171, 5.2422975 , 1.90620523, 2.99058446,
       3.31829032, 3.59125215, 5.99025041, 5.20367007, 6.15364157,
       1.89018514, 1.84041882, 5.87177663, 0.8468159 , 7.26716904,
       1.91001376, 5.94254689, 3.39868748, 2.20222368, 1.72214163,
       4.79243164, 4.42369152, 6.1396927 , 5.87180469, 2.24748526,
       6.10543614, 1.02227775, 3.86135468, 5.90923763, 1.17572567,
       0.43834956, 0.51037113, 0.54158023, 5.88833553, 0.41409672])]",[596.5511312484741]
