,problem,layers,optimizer,solutions,parameters,time
0,"{'type': 'maxcut', 'graph': {'directed': False, 'multigraph': False, 'graph': {}, 'nodes': [{'id': 0}, {'id': 1}, {'id': 2}, {'id': 3}], 'links': [{'weight': 5, 'source': 0, 'target': 1}, {'weight': 5, 'source': 0, 'target': 2}, {'weight': 7, 'source': 0, 'target': 3}, {'weight': 4, 'source': 1, 'target': 2}, {'weight': 8, 'source': 1, 'target': 3}, {'weight': 8, 'source': 2, 'target': 3}]}, 'position': {0: [-0.2548148752963474, -0.8433541504801777], 1: [-0.947498195379204, 0.3810949273552925], 2: [0.9999999999999999, -0.20733107317232005], 3: [0.2023130706755527, 0.6695902962972065]}, 'solution': ([0, 1, 1, 0], 26.0)}",28,"{'optimizer': 'COBYLA', 'maxiter': 100, 'shots': 1024, 'parameter_strategy': 'RANDOM', 'x0': None, 'backend': <QAOA_Tester.Backend.NoisyEstimatorBackend object at 0x7f82c918ec20>}","[([1, 1, 1, 1], 0.0)]","[array([1.93388637, 3.75902393, 1.71402922, 2.13465781, 4.43342354,
       3.71253555, 2.53790211, 2.61456182, 5.35172929, 2.61817181,
       2.37168711, 4.71047927, 3.75849397, 3.84680917, 3.2106236 ,
       4.90304887, 6.1509496 , 2.51935615, 3.17789747, 4.60653716,
       0.65758348, 0.55552302, 0.36362629, 1.57282627, 4.26410395,
       4.0288925 , 2.20262122, 2.29821196, 1.19877742, 4.30257057,
       5.02196836, 2.50685493, 1.00847239, 1.95955184, 6.26180987,
       4.20701789, 4.29476283, 5.39412629, 6.08346012, 1.9979633 ,
       3.89075942, 2.10968078, 3.13378507, 1.69731192, 2.80825448,
       3.38184258, 2.61433998, 2.79219564, 2.08132307, 4.76631739,
       1.78951819, 1.56332164, 1.37573783, 4.37831199, 0.6435542 ,
       5.29896272])]",[617.3576176166534]
