,problem,layers,optimizer,solutions,parameters,time
0,"{'type': 'maxcut', 'graph': {'directed': False, 'multigraph': False, 'graph': {}, 'nodes': [{'id': 0}, {'id': 1}, {'id': 2}, {'id': 3}], 'links': [{'weight': 5, 'source': 0, 'target': 1}, {'weight': 5, 'source': 0, 'target': 2}, {'weight': 7, 'source': 0, 'target': 3}, {'weight': 4, 'source': 1, 'target': 2}, {'weight': 8, 'source': 1, 'target': 3}, {'weight': 8, 'source': 2, 'target': 3}]}, 'position': {0: [-0.2548148752963474, -0.8433541504801777], 1: [-0.947498195379204, 0.3810949273552925], 2: [0.9999999999999999, -0.20733107317232005], 3: [0.2023130706755527, 0.6695902962972065]}, 'solution': ([0, 1, 1, 0], 26.0)}",29,"{'optimizer': 'COBYLA', 'maxiter': 100, 'shots': 1024, 'parameter_strategy': 'RANDOM', 'x0': None, 'backend': <QAOA_Tester.Backend.NoisyEstimatorBackend object at 0x7effed5d7040>}","[([0, 0, 1, 0], -17.0)]","[array([3.41165343, 3.37693083, 6.13753341, 1.7748239 , 6.23993958,
       2.82881976, 3.46683899, 6.16282972, 0.09355377, 3.85535982,
       4.39215481, 0.87504542, 5.50669475, 2.94206029, 4.38724777,
       3.62615554, 1.63884319, 2.6726711 , 1.04799432, 4.23851856,
       3.26611962, 4.77592228, 1.20286795, 6.27133613, 5.49031483,
       4.55322921, 5.86279463, 0.37044101, 6.257859  , 6.21446723,
       1.29291856, 6.23308385, 5.71980731, 4.41365233, 4.71077301,
       4.72161842, 4.41997101, 0.94597827, 1.11839075, 2.17646884,
       2.20376745, 5.25611696, 1.34148007, 4.25550311, 1.82231892,
       5.21157671, 4.96249084, 1.89957123, 1.36138052, 4.47697321,
       1.33855183, 4.86023741, 3.00008124, 1.85114487, 0.10793953,
       4.43681448, 6.14386642, 0.40676046])]",[577.4191348552704]
