,problem,layers,optimizer,solutions,parameters,time
0,"{'type': 'maxcut', 'graph': {'directed': False, 'multigraph': False, 'graph': {}, 'nodes': [{'id': 0}, {'id': 1}, {'id': 2}, {'id': 3}], 'links': [{'weight': 5, 'source': 0, 'target': 1}, {'weight': 5, 'source': 0, 'target': 2}, {'weight': 7, 'source': 0, 'target': 3}, {'weight': 4, 'source': 1, 'target': 2}, {'weight': 8, 'source': 1, 'target': 3}, {'weight': 8, 'source': 2, 'target': 3}]}, 'position': {0: [-0.2548148752963474, -0.8433541504801777], 1: [-0.947498195379204, 0.3810949273552925], 2: [0.9999999999999999, -0.20733107317232005], 3: [0.2023130706755527, 0.6695902962972065]}, 'solution': ([0, 1, 1, 0], 26.0)}",30,"{'optimizer': 'COBYLA', 'maxiter': 100, 'shots': 1024, 'parameter_strategy': 'RANDOM', 'x0': None, 'backend': <QAOA_Tester.Backend.NoisyEstimatorBackend object at 0x7f25f43b6320>}","[([1, 0, 1, 0], -24.0)]","[array([1.31672255, 3.02422811, 6.18439052, 3.652554  , 4.59303051,
       3.70297793, 5.54052295, 3.46014711, 5.18942565, 0.5959657 ,
       4.97429137, 4.18094436, 1.70718595, 0.15169548, 3.95493131,
       2.54206853, 3.87763414, 6.25118816, 4.64825594, 4.24228641,
       3.03636106, 5.96964285, 4.23401146, 0.59501822, 0.87094286,
       5.07548752, 4.03067649, 1.93013403, 0.62125242, 2.96396784,
       0.3414255 , 6.10000263, 1.68154701, 6.01405529, 2.91866617,
       1.51069521, 0.92090027, 1.89284036, 1.12725367, 2.53531756,
       4.98634483, 1.84313769, 5.66320806, 5.14680173, 3.41194022,
       3.99522399, 4.72204639, 5.83284248, 2.95304221, 1.95737057,
       6.22224847, 4.74655959, 4.01255164, 5.75657654, 4.32748227,
       0.59460353, 5.12185016, 1.32949597, 6.20223106, 0.84106981])]",[559.7811388969421]
