,problem,layers,optimizer,solutions,parameters,time
0,"{'type': 'maxcut', 'graph': {'directed': False, 'multigraph': False, 'graph': {}, 'nodes': [{'id': 0}, {'id': 1}, {'id': 2}, {'id': 3}], 'links': [{'weight': 5, 'source': 0, 'target': 1}, {'weight': 5, 'source': 0, 'target': 2}, {'weight': 7, 'source': 0, 'target': 3}, {'weight': 4, 'source': 1, 'target': 2}, {'weight': 8, 'source': 1, 'target': 3}, {'weight': 8, 'source': 2, 'target': 3}]}, 'position': {0: [-0.2548148752963474, -0.8433541504801777], 1: [-0.947498195379204, 0.3810949273552925], 2: [0.9999999999999999, -0.20733107317232005], 3: [0.2023130706755527, 0.6695902962972065]}, 'solution': ([0, 1, 1, 0], 26.0)}",28,"{'optimizer': 'COBYLA', 'maxiter': 100, 'shots': 1024, 'parameter_strategy': 'RANDOM', 'x0': None, 'backend': <QAOA_Tester.Backend.NoisyEstimatorBackend object at 0x7f78e857eb60>}","[([0, 0, 0, 0], 0.0)]","[array([0.83708524, 5.36393094, 3.4093291 , 2.39867931, 2.57465155,
       5.73076455, 3.3186245 , 1.75470374, 3.87350316, 2.73904774,
       1.3886049 , 3.02708423, 5.99919605, 5.34081575, 0.30707619,
       1.64099637, 1.00622008, 0.40377571, 3.89419184, 5.4062823 ,
       0.3988918 , 2.03629359, 3.44821022, 3.20475386, 3.65321023,
       2.77220743, 2.9320336 , 3.40820233, 1.60807775, 1.63871273,
       4.68420884, 4.24836716, 3.83024307, 1.95099861, 2.44042104,
       1.83333566, 4.82971835, 1.1618852 , 5.40169453, 1.79038673,
       1.17802817, 4.68728206, 6.26545858, 4.09496102, 1.78032924,
       0.51246906, 5.17863974, 1.46847444, 3.64667753, 2.77786149,
       5.67602361, 4.98808124, 5.52335061, 5.7106972 , 1.06185999,
       1.05025824])]",[596.8944482803345]
