,problem,layers,optimizer,solutions,parameters,time
0,"{'type': 'maxcut', 'graph': {'directed': False, 'multigraph': False, 'graph': {}, 'nodes': [{'id': 0}, {'id': 1}, {'id': 2}, {'id': 3}], 'links': [{'weight': 5, 'source': 0, 'target': 1}, {'weight': 5, 'source': 0, 'target': 2}, {'weight': 7, 'source': 0, 'target': 3}, {'weight': 4, 'source': 1, 'target': 2}, {'weight': 8, 'source': 1, 'target': 3}, {'weight': 8, 'source': 2, 'target': 3}]}, 'position': {0: [-0.2548148752963474, -0.8433541504801777], 1: [-0.947498195379204, 0.3810949273552925], 2: [0.9999999999999999, -0.20733107317232005], 3: [0.2023130706755527, 0.6695902962972065]}, 'solution': ([0, 1, 1, 0], 26.0)}",23,"{'optimizer': 'COBYLA', 'maxiter': 100, 'shots': 1024, 'parameter_strategy': 'RANDOM', 'x0': None, 'backend': <QAOA_Tester.Backend.NoisyEstimatorBackend object at 0x7f33bd066110>}","[([0, 0, 1, 0], -17.0)]","[array([1.93203974, 1.9389858 , 6.22731835, 5.18732017, 3.80082096,
       5.42559066, 5.05730653, 5.06285282, 0.6694174 , 4.04410565,
       3.48657492, 1.44552784, 1.54476118, 5.82111657, 6.13719632,
       5.44884479, 0.83528101, 3.54694956, 0.97026984, 0.68034565,
       5.94772302, 3.20044643, 3.02357484, 6.01627546, 1.75302068,
       2.81110319, 1.88851493, 3.03116   , 5.57779988, 4.82543634,
       4.70473274, 6.16232986, 1.32064146, 0.70674328, 2.49603655,
       4.19740719, 5.03480024, 0.67565902, 2.79693001, 2.50779993,
       1.8964588 , 1.89168208, 2.49411957, 3.08375972, 4.76523866,
       2.89145258])]",[590.0702168941498]
