,problem,layers,optimizer,solutions,parameters,time
0,"{'type': 'maxcut', 'graph': {'directed': False, 'multigraph': False, 'graph': {}, 'nodes': [{'id': 0}, {'id': 1}, {'id': 2}, {'id': 3}], 'links': [{'weight': 5, 'source': 0, 'target': 1}, {'weight': 5, 'source': 0, 'target': 2}, {'weight': 7, 'source': 0, 'target': 3}, {'weight': 4, 'source': 1, 'target': 2}, {'weight': 8, 'source': 1, 'target': 3}, {'weight': 8, 'source': 2, 'target': 3}]}, 'position': {0: [-0.2548148752963474, -0.8433541504801777], 1: [-0.947498195379204, 0.3810949273552925], 2: [0.9999999999999999, -0.20733107317232005], 3: [0.2023130706755527, 0.6695902962972065]}, 'solution': ([0, 1, 1, 0], 26.0)}",25,"{'optimizer': 'COBYLA', 'maxiter': 100, 'shots': 1024, 'parameter_strategy': 'RANDOM', 'x0': None, 'backend': <QAOA_Tester.Backend.NoisyEstimatorBackend object at 0x7f758beddb10>}","[([1, 1, 0, 1], -17.0)]","[array([2.06705908, 2.39575565, 5.14617325, 5.57633135, 0.6938697 ,
       5.40167095, 1.38252586, 2.86104948, 1.52969949, 4.89759795,
       0.54594916, 4.38606029, 5.04403745, 4.55844511, 1.24240714,
       1.7800613 , 1.18064039, 4.6068475 , 2.26075252, 0.44735314,
       4.90430679, 1.18058167, 1.59387295, 2.69801825, 2.73756033,
       2.90785316, 5.40311718, 0.63779608, 4.36478297, 5.42246705,
       3.91184158, 4.65242813, 5.46426357, 1.77755819, 3.95218165,
       2.94016621, 3.09928742, 2.5016555 , 0.384102  , 2.95127653,
       4.43290139, 4.28095788, 0.7053983 , 5.37617928, 1.36243498,
       5.98395376, 5.66798717, 1.56251516, 3.84567681, 3.75809278])]",[594.8014364242554]
