,problem,layers,optimizer,solutions,parameters,time
0,"{'type': 'maxcut', 'graph': {'directed': False, 'multigraph': False, 'graph': {}, 'nodes': [{'id': 0}, {'id': 1}, {'id': 2}, {'id': 3}], 'links': [{'weight': 5, 'source': 0, 'target': 1}, {'weight': 5, 'source': 0, 'target': 2}, {'weight': 7, 'source': 0, 'target': 3}, {'weight': 4, 'source': 1, 'target': 2}, {'weight': 8, 'source': 1, 'target': 3}, {'weight': 8, 'source': 2, 'target': 3}]}, 'position': {0: [-0.2548148752963474, -0.8433541504801777], 1: [-0.947498195379204, 0.3810949273552925], 2: [0.9999999999999999, -0.20733107317232005], 3: [0.2023130706755527, 0.6695902962972065]}, 'solution': ([0, 1, 1, 0], 26.0)}",22,"{'optimizer': 'COBYLA', 'maxiter': 100, 'shots': 1024, 'parameter_strategy': 'RANDOM', 'x0': None, 'backend': <QAOA_Tester.Backend.NoisyEstimatorBackend object at 0x7f9911f5ae90>}","[([0, 1, 0, 0], -17.0)]","[array([ 6.03358012,  0.12700569,  1.77295213,  6.2164107 ,  4.67133814,
        4.44931613,  1.10682168,  3.24103481,  2.89560317,  5.449425  ,
        2.5622377 ,  2.81075428,  4.32528577,  3.44492584,  2.01613429,
        1.69397429,  4.21922193,  1.77950268,  2.03271943,  0.08654336,
        1.193356  , -0.34975229,  1.34159749,  4.5848501 ,  5.35095974,
        2.26776497,  1.63656313,  1.32393281,  2.30235595,  1.07226834,
        5.08296306,  0.7718303 ,  2.92505302,  5.83067754,  3.1608809 ,
        5.36669201,  2.71651817,  3.54482916,  4.82550972,  1.22068218,
        2.37227269,  5.28438099,  6.20158062,  6.08132349])]",[605.321879863739]
