,problem,layers,optimizer,solutions,parameters,time
0,"{'type': 'maxcut', 'graph': {'directed': False, 'multigraph': False, 'graph': {}, 'nodes': [{'id': 0}, {'id': 1}, {'id': 2}, {'id': 3}], 'links': [{'weight': 5, 'source': 0, 'target': 1}, {'weight': 5, 'source': 0, 'target': 2}, {'weight': 7, 'source': 0, 'target': 3}, {'weight': 4, 'source': 1, 'target': 2}, {'weight': 8, 'source': 1, 'target': 3}, {'weight': 8, 'source': 2, 'target': 3}]}, 'position': {0: [-0.2548148752963474, -0.8433541504801777], 1: [-0.947498195379204, 0.3810949273552925], 2: [0.9999999999999999, -0.20733107317232005], 3: [0.2023130706755527, 0.6695902962972065]}, 'solution': ([0, 1, 1, 0], 26.0)}",27,"{'optimizer': 'COBYLA', 'maxiter': 100, 'shots': 1024, 'parameter_strategy': 'RANDOM', 'x0': None, 'backend': <QAOA_Tester.Backend.NoisyEstimatorBackend object at 0x7f86c85a8220>}","[([0, 1, 1, 1], -17.0)]","[array([1.92004084, 1.29307716, 0.24955888, 3.73986618, 5.41158743,
       2.21835106, 2.58276061, 3.03148327, 3.80900495, 3.08449748,
       0.32197656, 4.0724161 , 3.07624113, 4.82917874, 0.87459853,
       1.21050248, 4.37832596, 2.63582085, 3.37804085, 5.89447875,
       4.07077419, 3.72854143, 0.92721326, 0.2859115 , 1.39835419,
       1.98757403, 6.04885631, 6.08301447, 4.99803412, 5.52540763,
       5.11950104, 4.10944585, 5.83645928, 4.3249007 , 5.60895287,
       5.99486411, 2.02846573, 6.0505254 , 2.59982927, 4.10887903,
       6.15774534, 2.35803651, 5.06449461, 1.55325301, 3.81099768,
       4.96110737, 0.23903263, 3.50894098, 2.35650537, 6.23426641,
       5.69123971, 3.92237705, 3.09194924, 4.46526022])]",[584.5230083465576]
