,problem,layers,optimizer,solutions,parameters,time
0,"{'type': 'maxcut', 'graph': {'directed': False, 'multigraph': False, 'graph': {}, 'nodes': [{'id': 0}, {'id': 1}, {'id': 2}, {'id': 3}], 'links': [{'weight': 5, 'source': 0, 'target': 1}, {'weight': 5, 'source': 0, 'target': 2}, {'weight': 7, 'source': 0, 'target': 3}, {'weight': 4, 'source': 1, 'target': 2}, {'weight': 8, 'source': 1, 'target': 3}, {'weight': 8, 'source': 2, 'target': 3}]}, 'position': {0: [-0.2548148752963474, -0.8433541504801777], 1: [-0.947498195379204, 0.3810949273552925], 2: [0.9999999999999999, -0.20733107317232005], 3: [0.2023130706755527, 0.6695902962972065]}, 'solution': ([0, 1, 1, 0], 26.0)}",17,"{'optimizer': 'COBYLA', 'maxiter': 100, 'shots': 1024, 'parameter_strategy': 'RANDOM', 'x0': None, 'backend': <QAOA_Tester.Backend.NoisyEstimatorBackend object at 0x7f165ac55de0>}","[([1, 0, 0, 0], -17.0)]","[array([5.90091883, 2.68801596, 1.07398365, 4.25384741, 5.89073059,
       1.96692107, 5.26120857, 0.28322944, 2.13299222, 0.05942891,
       0.36119928, 5.21297421, 0.75978749, 5.57886437, 4.83679027,
       6.02485526, 1.1848179 , 4.76492124, 6.13137115, 1.16136642,
       3.18214697, 5.26272384, 4.81726399, 1.25503042, 0.71118781,
       5.48975091, 5.55146437, 0.23087402, 0.97923677, 2.98242129,
       4.52499095, 1.12092655, 1.89833939, 4.44885143])]",[601.9281508922577]
