,problem,layers,optimizer,solutions,parameters,time
0,"{'type': 'maxcut', 'graph': {'directed': False, 'multigraph': False, 'graph': {}, 'nodes': [{'id': 0}, {'id': 1}, {'id': 2}, {'id': 3}], 'links': [{'weight': 5, 'source': 0, 'target': 1}, {'weight': 5, 'source': 0, 'target': 2}, {'weight': 7, 'source': 0, 'target': 3}, {'weight': 4, 'source': 1, 'target': 2}, {'weight': 8, 'source': 1, 'target': 3}, {'weight': 8, 'source': 2, 'target': 3}]}, 'position': {0: [-0.2548148752963474, -0.8433541504801777], 1: [-0.947498195379204, 0.3810949273552925], 2: [0.9999999999999999, -0.20733107317232005], 3: [0.2023130706755527, 0.6695902962972065]}, 'solution': ([0, 1, 1, 0], 26.0)}",27,"{'optimizer': 'COBYLA', 'maxiter': 100, 'shots': 1024, 'parameter_strategy': 'RANDOM', 'x0': None, 'backend': <QAOA_Tester.Backend.NoisyEstimatorBackend object at 0x7fb0b80bd120>}","[([0, 1, 1, 0], -26.0)]","[array([ 1.2739744 ,  1.33620184,  1.16580475,  3.02566015,  4.15419996,
        2.99995921,  2.9923362 ,  5.46667304,  3.10844934,  2.1159231 ,
        2.98151903,  3.42440137,  4.29698332,  2.71148663,  0.3810671 ,
        1.03353274,  5.33765743,  5.3252777 ,  5.01669231,  4.87428816,
        5.53015634,  4.8798738 ,  1.16013839,  4.81145788,  2.69833004,
        0.6314547 , -0.29507612,  0.88496935,  3.20021153,  1.38721069,
        3.06765848,  4.5549768 ,  1.70047492,  2.40114187,  0.26591844,
        2.54185474,  0.23644777,  2.38049334,  3.49104761,  1.78033904,
        0.97806705,  4.43537281,  4.75052238,  0.54529985,  1.28929354,
        0.56922703,  2.54933125,  2.34302637,  4.06780029,  5.55194663,
        1.6863253 ,  0.73094782,  2.91363351,  2.71326892])]",[619.9272184371948]
