,problem,layers,optimizer,solutions,parameters,time
0,"{'type': 'maxcut', 'graph': {'directed': False, 'multigraph': False, 'graph': {}, 'nodes': [{'id': 0}, {'id': 1}, {'id': 2}, {'id': 3}], 'links': [{'weight': 5, 'source': 0, 'target': 1}, {'weight': 5, 'source': 0, 'target': 2}, {'weight': 7, 'source': 0, 'target': 3}, {'weight': 4, 'source': 1, 'target': 2}, {'weight': 8, 'source': 1, 'target': 3}, {'weight': 8, 'source': 2, 'target': 3}]}, 'position': {0: [-0.2548148752963474, -0.8433541504801777], 1: [-0.947498195379204, 0.3810949273552925], 2: [0.9999999999999999, -0.20733107317232005], 3: [0.2023130706755527, 0.6695902962972065]}, 'solution': ([0, 1, 1, 0], 26.0)}",30,"{'optimizer': 'COBYLA', 'maxiter': 100, 'shots': 1024, 'parameter_strategy': 'RANDOM', 'x0': None, 'backend': <QAOA_Tester.Backend.NoisyEstimatorBackend object at 0x7fd66b642ec0>}","[([1, 0, 0, 0], -17.0)]","[array([ 4.55025701,  3.16095159,  3.05993995,  2.36037825,  4.18259393,
        2.13976125,  4.00151812,  1.09879166,  0.55132155,  2.92694277,
        5.73683994,  5.00821516,  3.37636046,  2.04975638,  6.09032529,
        4.60457062,  0.34245305,  4.95425568,  4.8153209 ,  0.70663458,
        2.52235229,  5.93443513,  0.63590502, -0.17440524,  0.66074228,
        2.64759663,  3.52717303,  2.80775792,  3.17644645,  6.78583877,
        4.83441243,  2.79222303,  3.10859634,  3.48886904,  0.77606991,
        1.2851296 ,  0.02228683,  5.25074202,  2.34722281,  5.17432556,
        4.56497398,  0.53291878,  2.71031869,  6.19950576,  5.98848334,
        1.73424792,  3.98878652,  0.51909576,  0.58098322,  5.02263848,
        4.90912409,  1.5614239 ,  4.84266909,  1.15690244,  0.72020849,
        2.37439082,  5.88506292,  3.26743946,  2.3830748 ,  1.9128319 ])]",[559.4793727397919]
