,problem,layers,optimizer,solutions,parameters,time
0,"{'type': 'maxcut', 'graph': {'directed': False, 'multigraph': False, 'graph': {}, 'nodes': [{'id': 0}, {'id': 1}, {'id': 2}, {'id': 3}], 'links': [{'weight': 5, 'source': 0, 'target': 1}, {'weight': 5, 'source': 0, 'target': 2}, {'weight': 7, 'source': 0, 'target': 3}, {'weight': 4, 'source': 1, 'target': 2}, {'weight': 8, 'source': 1, 'target': 3}, {'weight': 8, 'source': 2, 'target': 3}]}, 'position': {0: [-0.2548148752963474, -0.8433541504801777], 1: [-0.947498195379204, 0.3810949273552925], 2: [0.9999999999999999, -0.20733107317232005], 3: [0.2023130706755527, 0.6695902962972065]}, 'solution': ([0, 1, 1, 0], 26.0)}",20,"{'optimizer': 'COBYLA', 'maxiter': 100, 'shots': 1024, 'parameter_strategy': 'RANDOM', 'x0': None, 'backend': <QAOA_Tester.Backend.NoisyEstimatorBackend object at 0x7fdc6f712e90>}","[([0, 0, 0, 1], -23.0)]","[array([1.60437643, 4.82648517, 4.12357329, 1.91249733, 1.40994399,
       2.26383781, 0.20948933, 3.85823945, 1.51220252, 2.75216802,
       1.94607083, 2.77775894, 3.27751438, 0.9687236 , 0.70398581,
       3.81799889, 1.6259264 , 3.9239443 , 0.34437564, 6.18049005,
       4.1696899 , 0.62123545, 2.93599954, 0.46319339, 2.14369552,
       1.29613624, 5.06816632, 6.18912757, 6.03021293, 3.69572512,
       3.88317744, 5.80755527, 3.76342947, 4.9551772 , 2.39176224,
       0.6173115 , 1.84017897, 2.0080551 , 4.28869962, 0.62259666])]",[563.2850389480591]
