,problem,layers,optimizer,solutions,parameters,time
0,"{'type': 'maxcut', 'graph': {'directed': False, 'multigraph': False, 'graph': {}, 'nodes': [{'id': 0}, {'id': 1}, {'id': 2}, {'id': 3}], 'links': [{'weight': 5, 'source': 0, 'target': 1}, {'weight': 5, 'source': 0, 'target': 2}, {'weight': 7, 'source': 0, 'target': 3}, {'weight': 4, 'source': 1, 'target': 2}, {'weight': 8, 'source': 1, 'target': 3}, {'weight': 8, 'source': 2, 'target': 3}]}, 'position': {0: [-0.2548148752963474, -0.8433541504801777], 1: [-0.947498195379204, 0.3810949273552925], 2: [0.9999999999999999, -0.20733107317232005], 3: [0.2023130706755527, 0.6695902962972065]}, 'solution': ([0, 1, 1, 0], 26.0)}",18,"{'optimizer': 'COBYLA', 'maxiter': 100, 'shots': 1024, 'parameter_strategy': 'RANDOM', 'x0': None, 'backend': <QAOA_Tester.Backend.NoisyEstimatorBackend object at 0x7f8ad0a35b40>}","[([1, 1, 1, 0], -23.0)]","[array([0.27797411, 6.12308204, 1.10226875, 3.6588184 , 5.4364635 ,
       3.40937167, 4.69877204, 1.43137426, 4.69036244, 4.85421498,
       3.4391006 , 0.9952106 , 3.21083893, 5.96732309, 0.14640989,
       5.18362683, 3.9545599 , 2.92915962, 5.4215982 , 2.40576503,
       3.34500233, 1.07737767, 1.89644698, 1.80481098, 0.79813673,
       2.35948113, 4.02823502, 2.08720127, 2.26229531, 4.41521662,
       4.66983224, 2.52914062, 5.12078861, 4.36132398, 4.39469347,
       4.83345334])]",[609.7280395030975]
