,problem,layers,optimizer,solutions,parameters,time
0,"{'type': 'maxcut', 'graph': {'directed': False, 'multigraph': False, 'graph': {}, 'nodes': [{'id': 0}, {'id': 1}, {'id': 2}, {'id': 3}], 'links': [{'weight': 5, 'source': 0, 'target': 1}, {'weight': 5, 'source': 0, 'target': 2}, {'weight': 7, 'source': 0, 'target': 3}, {'weight': 4, 'source': 1, 'target': 2}, {'weight': 8, 'source': 1, 'target': 3}, {'weight': 8, 'source': 2, 'target': 3}]}, 'position': {0: [-0.2548148752963474, -0.8433541504801777], 1: [-0.947498195379204, 0.3810949273552925], 2: [0.9999999999999999, -0.20733107317232005], 3: [0.2023130706755527, 0.6695902962972065]}, 'solution': ([0, 1, 1, 0], 26.0)}",14,"{'optimizer': 'COBYLA', 'maxiter': 100, 'shots': 1024, 'parameter_strategy': 'RANDOM', 'x0': None, 'backend': <QAOA_Tester.Backend.NoisyEstimatorBackend object at 0x7f8a77e82f50>}","[([0, 0, 0, 0], 0.0)]","[array([3.58677014, 5.34773756, 3.50040811, 0.62339308, 5.99621158,
       0.09208886, 2.92682935, 4.17383648, 3.14093134, 5.68797925,
       4.4244825 , 1.76604853, 0.44541069, 2.52258857, 2.39062837,
       0.06150567, 5.60620951, 2.71218316, 0.81309076, 4.0130501 ,
       4.22119656, 4.39265205, 2.73126315, 3.39961551, 1.47790082,
       3.38430401, 4.31719468, 0.15824202])]",[601.5569586753845]
