,problem,layers,optimizer,solutions,parameters,time
0,"{'type': 'maxcut', 'graph': {'directed': False, 'multigraph': False, 'graph': {}, 'nodes': [{'id': 0}, {'id': 1}, {'id': 2}, {'id': 3}], 'links': [{'weight': 5, 'source': 0, 'target': 1}, {'weight': 5, 'source': 0, 'target': 2}, {'weight': 7, 'source': 0, 'target': 3}, {'weight': 4, 'source': 1, 'target': 2}, {'weight': 8, 'source': 1, 'target': 3}, {'weight': 8, 'source': 2, 'target': 3}]}, 'position': {0: [-0.2548148752963474, -0.8433541504801777], 1: [-0.947498195379204, 0.3810949273552925], 2: [0.9999999999999999, -0.20733107317232005], 3: [0.2023130706755527, 0.6695902962972065]}, 'solution': ([0, 1, 1, 0], 26.0)}",17,"{'optimizer': 'COBYLA', 'maxiter': 100, 'shots': 1024, 'parameter_strategy': 'RANDOM', 'x0': None, 'backend': <QAOA_Tester.Backend.NoisyEstimatorBackend object at 0x7f29c26cb010>}","[([1, 0, 0, 0], -17.0)]","[array([2.83737526, 5.18334007, 5.45381589, 2.53253209, 5.72297735,
       4.47881273, 5.83275666, 4.90647558, 5.33725232, 3.74480827,
       1.07908709, 0.10143041, 1.16569976, 3.2236108 , 0.61571027,
       3.28404068, 5.44021358, 3.74253305, 2.99059936, 1.67119132,
       0.55245708, 5.38253076, 1.72548599, 2.42160902, 2.83600919,
       0.94797851, 4.07553121, 3.47025176, 1.9804822 , 5.57922434,
       4.07022515, 1.08709199, 1.03514132, 4.88967461])]",[585.0165767669678]
