,problem,layers,optimizer,solutions,parameters,time
0,"{'type': 'maxcut', 'graph': {'directed': False, 'multigraph': False, 'graph': {}, 'nodes': [{'id': 0}, {'id': 1}, {'id': 2}, {'id': 3}], 'links': [{'weight': 5, 'source': 0, 'target': 1}, {'weight': 5, 'source': 0, 'target': 2}, {'weight': 7, 'source': 0, 'target': 3}, {'weight': 4, 'source': 1, 'target': 2}, {'weight': 8, 'source': 1, 'target': 3}, {'weight': 8, 'source': 2, 'target': 3}]}, 'position': {0: [-0.2548148752963474, -0.8433541504801777], 1: [-0.947498195379204, 0.3810949273552925], 2: [0.9999999999999999, -0.20733107317232005], 3: [0.2023130706755527, 0.6695902962972065]}, 'solution': ([0, 1, 1, 0], 26.0)}",16,"{'optimizer': 'COBYLA', 'maxiter': 100, 'shots': 1024, 'parameter_strategy': 'RANDOM', 'x0': None, 'backend': <QAOA_Tester.Backend.NoisyEstimatorBackend object at 0x7f5f8696eb60>}","[([0, 0, 0, 0], 0.0)]","[array([ 5.87669303,  2.41227085,  3.19327607,  6.25145257,  5.56516688,
        3.06328866,  5.78263257,  2.80026004,  6.22959447,  1.67067029,
        2.99330027,  5.58097542,  4.80638596, -0.78883453,  5.18360122,
       -0.7303797 ,  2.66897324,  4.280643  ,  3.50528431,  5.06402975,
        5.46493499,  1.35620908,  1.88866298,  1.18331132,  2.01512879,
        3.63400564,  6.10308115,  6.14133802,  0.0421577 ,  5.83519571,
        0.48541663,  3.34658165])]",[596.6398034095764]
