,problem,layers,optimizer,solutions,parameters,time
0,"{'type': 'maxcut', 'graph': {'directed': False, 'multigraph': False, 'graph': {}, 'nodes': [{'id': 0}, {'id': 1}, {'id': 2}, {'id': 3}], 'links': [{'weight': 5, 'source': 0, 'target': 1}, {'weight': 5, 'source': 0, 'target': 2}, {'weight': 7, 'source': 0, 'target': 3}, {'weight': 4, 'source': 1, 'target': 2}, {'weight': 8, 'source': 1, 'target': 3}, {'weight': 8, 'source': 2, 'target': 3}]}, 'position': {0: [-0.2548148752963474, -0.8433541504801777], 1: [-0.947498195379204, 0.3810949273552925], 2: [0.9999999999999999, -0.20733107317232005], 3: [0.2023130706755527, 0.6695902962972065]}, 'solution': ([0, 1, 1, 0], 26.0)}",14,"{'optimizer': 'COBYLA', 'maxiter': 100, 'shots': 1024, 'parameter_strategy': 'RANDOM', 'x0': None, 'backend': <QAOA_Tester.Backend.NoisyEstimatorBackend object at 0x7fe4bf69da50>}","[([0, 1, 1, 1], -17.0)]","[array([ 5.53735322,  4.48746469,  4.35484049,  5.84573255,  4.67403035,
        3.0061413 ,  0.49969527,  1.97067844,  3.39513503,  0.24027235,
        0.17648624,  5.37101569,  1.99086806, -0.42560998,  6.13074653,
        2.83335724,  2.61850717,  1.05624922,  6.08902603,  5.19763134,
        4.00339168,  5.26221569,  2.65164863,  2.10328596,  5.71430399,
        5.44040607,  4.26354758,  3.7974859 ])]",[603.9270946979523]
