,problem,layers,optimizer,solutions,parameters,time
0,"{'type': 'maxcut', 'graph': {'directed': False, 'multigraph': False, 'graph': {}, 'nodes': [{'id': 0}, {'id': 1}, {'id': 2}, {'id': 3}], 'links': [{'weight': 5, 'source': 0, 'target': 1}, {'weight': 5, 'source': 0, 'target': 2}, {'weight': 7, 'source': 0, 'target': 3}, {'weight': 4, 'source': 1, 'target': 2}, {'weight': 8, 'source': 1, 'target': 3}, {'weight': 8, 'source': 2, 'target': 3}]}, 'position': {0: [-0.2548148752963474, -0.8433541504801777], 1: [-0.947498195379204, 0.3810949273552925], 2: [0.9999999999999999, -0.20733107317232005], 3: [0.2023130706755527, 0.6695902962972065]}, 'solution': ([0, 1, 1, 0], 26.0)}",29,"{'optimizer': 'COBYLA', 'maxiter': 100, 'shots': 1024, 'parameter_strategy': 'RANDOM', 'x0': None, 'backend': <QAOA_Tester.Backend.NoisyEstimatorBackend object at 0x7fb59a41eb30>}","[([1, 0, 0, 0], -17.0)]","[array([0.33989465, 5.44196715, 4.02394228, 0.73410676, 0.61421646,
       2.78703663, 0.27598221, 0.52904794, 5.6698735 , 1.00102786,
       2.83574083, 3.61002111, 2.5796042 , 5.16107211, 0.37643807,
       0.52178976, 4.17172499, 0.63523623, 4.13591414, 4.81733175,
       2.58895256, 4.95432718, 0.02723005, 3.38684539, 5.67367132,
       1.60623392, 1.41375195, 1.34372606, 3.27001261, 0.31551231,
       6.28142097, 2.08537797, 1.66937003, 0.17986234, 5.48419226,
       1.44848069, 2.52307671, 2.8616622 , 6.02671579, 0.39498998,
       2.97079694, 2.1918148 , 0.67286611, 3.03205846, 6.17844847,
       3.63613248, 2.64774542, 2.08108405, 2.72054507, 1.48733323,
       4.8138737 , 0.20820736, 5.7616669 , 1.24119131, 0.05653714,
       3.1678199 , 1.90013365, 1.45305275])]",[561.852947473526]
