,problem,layers,optimizer,solutions,parameters,time
0,"{'type': 'maxcut', 'graph': {'directed': False, 'multigraph': False, 'graph': {}, 'nodes': [{'id': 0}, {'id': 1}, {'id': 2}, {'id': 3}], 'links': [{'weight': 5, 'source': 0, 'target': 1}, {'weight': 5, 'source': 0, 'target': 2}, {'weight': 7, 'source': 0, 'target': 3}, {'weight': 4, 'source': 1, 'target': 2}, {'weight': 8, 'source': 1, 'target': 3}, {'weight': 8, 'source': 2, 'target': 3}]}, 'position': {0: [-0.2548148752963474, -0.8433541504801777], 1: [-0.947498195379204, 0.3810949273552925], 2: [0.9999999999999999, -0.20733107317232005], 3: [0.2023130706755527, 0.6695902962972065]}, 'solution': ([0, 1, 1, 0], 26.0)}",19,"{'optimizer': 'COBYLA', 'maxiter': 100, 'shots': 1024, 'parameter_strategy': 'RANDOM', 'x0': None, 'backend': <QAOA_Tester.Backend.NoisyEstimatorBackend object at 0x7efca94f6ef0>}","[([0, 1, 1, 1], -17.0)]","[array([1.7066993 , 5.54749195, 5.2898177 , 0.93827356, 0.58749816,
       5.07819469, 0.18497188, 1.42106626, 5.90382621, 1.94852145,
       5.92251248, 0.35464065, 3.77820827, 3.96003059, 3.67036868,
       4.01775582, 3.30107191, 2.60238488, 3.11357431, 1.30847337,
       3.51744562, 1.43924282, 5.87021021, 4.6239911 , 1.67664319,
       5.03646985, 3.24370603, 4.33182059, 3.15414804, 3.20603317,
       0.78429599, 0.09382249, 2.6049568 , 1.27140476, 0.30855018,
       2.73185699, 4.28890487, 1.2858972 ])]",[598.4435279369354]
