,problem,layers,optimizer,solutions,parameters,time
0,"{'type': 'maxcut', 'graph': {'directed': False, 'multigraph': False, 'graph': {}, 'nodes': [{'id': 0}, {'id': 1}, {'id': 2}, {'id': 3}], 'links': [{'weight': 5, 'source': 0, 'target': 1}, {'weight': 5, 'source': 0, 'target': 2}, {'weight': 7, 'source': 0, 'target': 3}, {'weight': 4, 'source': 1, 'target': 2}, {'weight': 8, 'source': 1, 'target': 3}, {'weight': 8, 'source': 2, 'target': 3}]}, 'position': {0: [-0.2548148752963474, -0.8433541504801777], 1: [-0.947498195379204, 0.3810949273552925], 2: [0.9999999999999999, -0.20733107317232005], 3: [0.2023130706755527, 0.6695902962972065]}, 'solution': ([0, 1, 1, 0], 26.0)}",30,"{'optimizer': 'COBYLA', 'maxiter': 100, 'shots': 1024, 'parameter_strategy': 'RANDOM', 'x0': None, 'backend': <QAOA_Tester.Backend.NoisyEstimatorBackend object at 0x7f12e41bbc10>}","[([1, 0, 0, 1], -26.0)]","[array([3.66232249, 6.14060243, 6.2636335 , 2.71253281, 3.13460284,
       2.21978943, 0.28393278, 1.56316566, 4.60348389, 1.96764243,
       1.90514402, 5.02773575, 2.34870262, 5.17903955, 2.68625945,
       2.89364641, 0.86737368, 0.51370664, 2.43592776, 5.67192616,
       1.3967951 , 2.06893272, 3.90033403, 0.2812269 , 0.01956121,
       5.90321716, 0.3921761 , 5.39905579, 4.523153  , 5.5599866 ,
       1.98579312, 6.02671697, 0.14946178, 5.08087104, 0.96356932,
       0.22355259, 0.66323791, 4.6031519 , 0.68171562, 1.33783875,
       1.02059112, 3.73870856, 3.39796472, 0.30916435, 1.62676932,
       0.53106437, 2.31740489, 4.75280396, 0.41637862, 5.08309682,
       0.49554213, 0.79512637, 6.1164852 , 2.00857101, 3.95041861,
       1.76249453, 3.02374082, 3.280642  , 0.81566052, 5.74727916])]",[545.9945502281189]
