,problem,layers,optimizer,solutions,parameters,time
0,"{'type': 'maxcut', 'graph': {'directed': False, 'multigraph': False, 'graph': {}, 'nodes': [{'id': 0}, {'id': 1}, {'id': 2}, {'id': 3}], 'links': [{'weight': 5, 'source': 0, 'target': 1}, {'weight': 5, 'source': 0, 'target': 2}, {'weight': 7, 'source': 0, 'target': 3}, {'weight': 4, 'source': 1, 'target': 2}, {'weight': 8, 'source': 1, 'target': 3}, {'weight': 8, 'source': 2, 'target': 3}]}, 'position': {0: [-0.2548148752963474, -0.8433541504801777], 1: [-0.947498195379204, 0.3810949273552925], 2: [0.9999999999999999, -0.20733107317232005], 3: [0.2023130706755527, 0.6695902962972065]}, 'solution': ([0, 1, 1, 0], 26.0)}",27,"{'optimizer': 'COBYLA', 'maxiter': 100, 'shots': 1024, 'parameter_strategy': 'RANDOM', 'x0': None, 'backend': <QAOA_Tester.Backend.NoisyEstimatorBackend object at 0x7f855dedae30>}","[([0, 1, 1, 1], -17.0)]","[array([4.53463313, 1.98030595, 4.71039085, 1.18517216, 4.89741688,
       3.3172853 , 0.82182953, 4.87156985, 1.27007273, 0.36737164,
       4.40768862, 1.78400469, 4.27921021, 4.54604077, 0.8818303 ,
       4.98024852, 5.76877194, 1.52768346, 5.83861025, 4.19184488,
       6.06358194, 4.93118342, 2.0625877 , 3.45587952, 4.43395906,
       5.29282803, 3.00050966, 4.90420934, 1.85612169, 5.20334305,
       2.31876701, 2.96537109, 4.56881348, 4.69991695, 0.9002958 ,
       6.27961065, 4.29230911, 2.71299777, 2.1238194 , 0.23047758,
       1.90737494, 2.8334345 , 2.85285302, 2.11290797, 2.70234254,
       3.28632767, 4.51049986, 3.26138643, 2.00854254, 2.27551417,
       6.19719081, 2.22711284, 4.29969409, 4.83048976])]",[613.2512946128845]
