,problem,layers,optimizer,solutions,parameters,time
0,"{'type': 'maxcut', 'graph': {'directed': False, 'multigraph': False, 'graph': {}, 'nodes': [{'id': 0}, {'id': 1}, {'id': 2}, {'id': 3}], 'links': [{'weight': 5, 'source': 0, 'target': 1}, {'weight': 5, 'source': 0, 'target': 2}, {'weight': 7, 'source': 0, 'target': 3}, {'weight': 4, 'source': 1, 'target': 2}, {'weight': 8, 'source': 1, 'target': 3}, {'weight': 8, 'source': 2, 'target': 3}]}, 'position': {0: [-0.2548148752963474, -0.8433541504801777], 1: [-0.947498195379204, 0.3810949273552925], 2: [0.9999999999999999, -0.20733107317232005], 3: [0.2023130706755527, 0.6695902962972065]}, 'solution': ([0, 1, 1, 0], 26.0)}",27,"{'optimizer': 'COBYLA', 'maxiter': 100, 'shots': 1024, 'parameter_strategy': 'RANDOM', 'x0': None, 'backend': <QAOA_Tester.Backend.NoisyEstimatorBackend object at 0x7fb8b1789f90>}","[([0, 1, 0, 0], -17.0)]","[array([1.20661163, 2.58041879, 2.93886769, 0.15849822, 3.86964902,
       2.34001339, 2.99963511, 3.69211163, 5.45218316, 2.41093109,
       4.93949481, 3.15461169, 2.3346175 , 4.28208617, 4.11613133,
       5.97722028, 5.59418852, 0.79895341, 3.01677015, 4.57353442,
       0.1560336 , 2.64326146, 4.28125472, 3.86198931, 0.51367781,
       1.85002293, 5.12143146, 0.494512  , 4.88807529, 1.6265064 ,
       3.38602945, 1.54458706, 0.48071275, 5.68591006, 3.56481232,
       5.14509095, 5.76928289, 3.46121096, 1.01257441, 4.3943937 ,
       3.10744035, 5.69455874, 5.14801776, 2.33729514, 5.25874226,
       2.34853983, 2.06614985, 4.37873543, 6.16256859, 6.00985249,
       6.23035261, 1.22860732, 0.46467042, 5.55350818])]",[611.3869400024414]
