,problem,layers,optimizer,solutions,parameters,time
0,"{'type': 'maxcut', 'graph': {'directed': False, 'multigraph': False, 'graph': {}, 'nodes': [{'id': 0}, {'id': 1}, {'id': 2}, {'id': 3}], 'links': [{'weight': 5, 'source': 0, 'target': 1}, {'weight': 5, 'source': 0, 'target': 2}, {'weight': 7, 'source': 0, 'target': 3}, {'weight': 4, 'source': 1, 'target': 2}, {'weight': 8, 'source': 1, 'target': 3}, {'weight': 8, 'source': 2, 'target': 3}]}, 'position': {0: [-0.2548148752963474, -0.8433541504801777], 1: [-0.947498195379204, 0.3810949273552925], 2: [0.9999999999999999, -0.20733107317232005], 3: [0.2023130706755527, 0.6695902962972065]}, 'solution': ([0, 1, 1, 0], 26.0)}",14,"{'optimizer': 'COBYLA', 'maxiter': 100, 'shots': 1024, 'parameter_strategy': 'RANDOM', 'x0': None, 'backend': <QAOA_Tester.Backend.NoisyEstimatorBackend object at 0x7fa9c8932d70>}","[([1, 0, 0, 1], -26.0)]","[array([4.8178251 , 0.92341549, 2.5898311 , 2.30952036, 4.79914853,
       4.59493809, 4.41233494, 4.51274144, 5.69381179, 0.613606  ,
       0.50226174, 1.98318065, 1.03727469, 5.9267485 , 1.29424637,
       5.33660267, 0.30026087, 1.3912878 , 3.6801631 , 6.14720511,
       2.08758724, 1.8803727 , 0.3297105 , 4.50346383, 5.63042892,
       3.8599371 , 4.80871772, 2.10816075])]",[590.1062257289886]
