,problem,layers,optimizer,solutions,parameters,time
0,"{'type': 'maxcut', 'graph': {'directed': False, 'multigraph': False, 'graph': {}, 'nodes': [{'id': 0}, {'id': 1}, {'id': 2}, {'id': 3}], 'links': [{'weight': 5, 'source': 0, 'target': 1}, {'weight': 5, 'source': 0, 'target': 2}, {'weight': 7, 'source': 0, 'target': 3}, {'weight': 4, 'source': 1, 'target': 2}, {'weight': 8, 'source': 1, 'target': 3}, {'weight': 8, 'source': 2, 'target': 3}]}, 'position': {0: [-0.2548148752963474, -0.8433541504801777], 1: [-0.947498195379204, 0.3810949273552925], 2: [0.9999999999999999, -0.20733107317232005], 3: [0.2023130706755527, 0.6695902962972065]}, 'solution': ([0, 1, 1, 0], 26.0)}",18,"{'optimizer': 'COBYLA', 'maxiter': 100, 'shots': 1024, 'parameter_strategy': 'RANDOM', 'x0': None, 'backend': <QAOA_Tester.Backend.NoisyEstimatorBackend object at 0x7f33ebf63010>}","[([0, 0, 0, 0], 0.0)]","[array([0.97404945, 2.52946653, 0.7396718 , 3.09574755, 4.62685902,
       5.48991913, 1.39971467, 4.78187974, 6.07028913, 1.03944012,
       6.26278192, 1.07722736, 4.93362318, 2.37220144, 6.06944143,
       1.61569883, 5.95720223, 5.17922631, 0.25811665, 3.84148095,
       5.16948587, 4.1581101 , 3.93310198, 1.59851359, 1.51568668,
       3.12906833, 0.40473422, 1.83119451, 4.87495243, 2.4719159 ,
       5.25215054, 1.5977547 , 5.49346332, 2.41676416, 5.97076925,
       2.16606349])]",[590.7433590888977]
