,problem,layers,optimizer,solutions,parameters,time
0,"{'type': 'maxcut', 'graph': {'directed': False, 'multigraph': False, 'graph': {}, 'nodes': [{'id': 0}, {'id': 1}, {'id': 2}, {'id': 3}], 'links': [{'weight': 5, 'source': 0, 'target': 1}, {'weight': 5, 'source': 0, 'target': 2}, {'weight': 7, 'source': 0, 'target': 3}, {'weight': 4, 'source': 1, 'target': 2}, {'weight': 8, 'source': 1, 'target': 3}, {'weight': 8, 'source': 2, 'target': 3}]}, 'position': {0: [-0.2548148752963474, -0.8433541504801777], 1: [-0.947498195379204, 0.3810949273552925], 2: [0.9999999999999999, -0.20733107317232005], 3: [0.2023130706755527, 0.6695902962972065]}, 'solution': ([0, 1, 1, 0], 26.0)}",22,"{'optimizer': 'COBYLA', 'maxiter': 100, 'shots': 1024, 'parameter_strategy': 'RANDOM', 'x0': None, 'backend': <QAOA_Tester.Backend.NoisyEstimatorBackend object at 0x7f779fb67100>}","[([0, 0, 1, 1], -24.0)]","[array([1.884228  , 0.38912285, 1.12777477, 1.75646721, 0.03325559,
       3.12332817, 2.25892309, 0.50668961, 1.42211506, 3.4764757 ,
       4.38965398, 2.47096241, 5.01537722, 1.58265078, 1.87823715,
       0.96595278, 3.18236462, 5.24006986, 3.82755048, 5.18617211,
       0.79279727, 2.66768502, 5.91729543, 1.50345645, 1.36300274,
       1.17343801, 4.07232101, 6.27255353, 4.32204863, 3.5538634 ,
       0.3558773 , 1.13662333, 3.65939891, 3.06688883, 4.90003488,
       0.51832636, 4.97074394, 3.93567035, 1.60282357, 0.03817198,
       2.45960267, 2.76319288, 5.02271839, 1.09869968])]",[628.5553069114685]
