,problem,layers,optimizer,solutions,parameters,time
0,"{'type': 'maxcut', 'graph': {'directed': False, 'multigraph': False, 'graph': {}, 'nodes': [{'id': 0}, {'id': 1}, {'id': 2}, {'id': 3}], 'links': [{'weight': 5, 'source': 0, 'target': 1}, {'weight': 5, 'source': 0, 'target': 2}, {'weight': 7, 'source': 0, 'target': 3}, {'weight': 4, 'source': 1, 'target': 2}, {'weight': 8, 'source': 1, 'target': 3}, {'weight': 8, 'source': 2, 'target': 3}]}, 'position': {0: [-0.2548148752963474, -0.8433541504801777], 1: [-0.947498195379204, 0.3810949273552925], 2: [0.9999999999999999, -0.20733107317232005], 3: [0.2023130706755527, 0.6695902962972065]}, 'solution': ([0, 1, 1, 0], 26.0)}",16,"{'optimizer': 'COBYLA', 'maxiter': 100, 'shots': 1024, 'parameter_strategy': 'RANDOM', 'x0': None, 'backend': <QAOA_Tester.Backend.NoisyEstimatorBackend object at 0x7f91f805e320>}","[([0, 1, 1, 1], -17.0)]","[array([0.89463509, 5.275305  , 0.7963842 , 4.49228604, 3.75766509,
       4.46081361, 5.16774864, 5.1937961 , 2.83924764, 1.64195045,
       5.76713629, 0.42497652, 3.18049245, 0.624601  , 5.65336843,
       5.72034178, 3.51800287, 4.88514296, 0.17112094, 2.77037295,
       4.88077366, 5.49577347, 2.57770139, 5.20425434, 0.76531861,
       1.50282632, 4.19755919, 0.53380644, 1.68969416, 3.09443825,
       1.71422798, 0.92832838])]",[574.0521941184998]
