,problem,layers,optimizer,solutions,parameters,time
0,"{'type': 'maxcut', 'graph': {'directed': False, 'multigraph': False, 'graph': {}, 'nodes': [{'id': 0}, {'id': 1}, {'id': 2}, {'id': 3}], 'links': [{'weight': 5, 'source': 0, 'target': 1}, {'weight': 5, 'source': 0, 'target': 2}, {'weight': 7, 'source': 0, 'target': 3}, {'weight': 4, 'source': 1, 'target': 2}, {'weight': 8, 'source': 1, 'target': 3}, {'weight': 8, 'source': 2, 'target': 3}]}, 'position': {0: [-0.2548148752963474, -0.8433541504801777], 1: [-0.947498195379204, 0.3810949273552925], 2: [0.9999999999999999, -0.20733107317232005], 3: [0.2023130706755527, 0.6695902962972065]}, 'solution': ([0, 1, 1, 0], 26.0)}",16,"{'optimizer': 'COBYLA', 'maxiter': 100, 'shots': 1024, 'parameter_strategy': 'RANDOM', 'x0': None, 'backend': <QAOA_Tester.Backend.NoisyEstimatorBackend object at 0x7f75058e78b0>}","[([1, 1, 1, 1], 0.0)]","[array([2.59362561, 2.56299918, 0.72001521, 0.82244337, 0.28911408,
       0.30012407, 4.92125007, 2.07526918, 5.32196896, 2.53427023,
       3.27639645, 4.10478994, 5.19851485, 0.9333153 , 2.2895012 ,
       3.51303994, 3.68505039, 0.98175284, 6.14098526, 0.70673111,
       1.60689447, 0.61870542, 1.28108505, 3.33973435, 0.82295161,
       2.06708675, 1.42177862, 0.16994527, 2.85117081, 4.39004632,
       3.11727254, 2.77515657])]",[595.5676610469818]
