,problem,layers,optimizer,solutions,parameters,time
0,"{'type': 'maxcut', 'graph': {'directed': False, 'multigraph': False, 'graph': {}, 'nodes': [{'id': 0}, {'id': 1}, {'id': 2}, {'id': 3}], 'links': [{'weight': 5, 'source': 0, 'target': 1}, {'weight': 5, 'source': 0, 'target': 2}, {'weight': 7, 'source': 0, 'target': 3}, {'weight': 4, 'source': 1, 'target': 2}, {'weight': 8, 'source': 1, 'target': 3}, {'weight': 8, 'source': 2, 'target': 3}]}, 'position': {0: [-0.2548148752963474, -0.8433541504801777], 1: [-0.947498195379204, 0.3810949273552925], 2: [0.9999999999999999, -0.20733107317232005], 3: [0.2023130706755527, 0.6695902962972065]}, 'solution': ([0, 1, 1, 0], 26.0)}",17,"{'optimizer': 'COBYLA', 'maxiter': 100, 'shots': 1024, 'parameter_strategy': 'RANDOM', 'x0': None, 'backend': <QAOA_Tester.Backend.NoisyEstimatorBackend object at 0x7f5b3f65e320>}","[([0, 1, 0, 0], -17.0)]","[array([ 3.02702957,  2.05407246,  5.38895959,  5.57033996,  5.50094269,
        0.89676254,  1.06741222,  5.71229699,  5.1533964 ,  3.74151961,
        0.72643563,  4.96855108,  2.39954132,  1.1996292 ,  5.15059236,
        6.2033406 , -0.1796132 ,  5.95712685,  2.6658502 ,  6.08351244,
        1.53958406,  0.58416597,  1.74037058,  2.62754133,  4.85995689,
        1.56484092,  1.13648102,  4.31392196,  0.03661017,  3.66291524,
        1.26635877,  0.83972733,  1.81063894,  1.69928357])]",[575.3596169948578]
