,problem,layers,optimizer,solutions,parameters,time
0,"{'type': 'maxcut', 'graph': {'directed': False, 'multigraph': False, 'graph': {}, 'nodes': [{'id': 0}, {'id': 1}, {'id': 2}, {'id': 3}], 'links': [{'weight': 5, 'source': 0, 'target': 1}, {'weight': 5, 'source': 0, 'target': 2}, {'weight': 7, 'source': 0, 'target': 3}, {'weight': 4, 'source': 1, 'target': 2}, {'weight': 8, 'source': 1, 'target': 3}, {'weight': 8, 'source': 2, 'target': 3}]}, 'position': {0: [-0.2548148752963474, -0.8433541504801777], 1: [-0.947498195379204, 0.3810949273552925], 2: [0.9999999999999999, -0.20733107317232005], 3: [0.2023130706755527, 0.6695902962972065]}, 'solution': ([0, 1, 1, 0], 26.0)}",20,"{'optimizer': 'COBYLA', 'maxiter': 100, 'shots': 1024, 'parameter_strategy': 'RANDOM', 'x0': None, 'backend': <QAOA_Tester.Backend.NoisyEstimatorBackend object at 0x7f00bad711b0>}","[([1, 0, 0, 0], -17.0)]","[array([4.74469755, 0.33566692, 4.00572149, 2.30808831, 4.07777423,
       0.56330033, 6.06748218, 1.81042964, 2.84105014, 4.29594022,
       6.11555151, 3.71382944, 4.33632304, 0.66863133, 1.96952276,
       0.36876675, 4.48359535, 0.6414447 , 1.15016075, 2.01391491,
       2.51626189, 1.81719988, 2.12094618, 4.44199249, 2.96007014,
       1.40154935, 4.35549662, 5.34775283, 4.35890352, 1.95605334,
       5.2367713 , 4.50275983, 4.94200539, 0.58398041, 2.53341573,
       0.23619819, 2.93391746, 1.40336613, 1.64059847, 4.99960211])]",[601.158177614212]
