,problem,layers,optimizer,solutions,parameters,time
0,"{'type': 'maxcut', 'graph': {'directed': False, 'multigraph': False, 'graph': {}, 'nodes': [{'id': 0}, {'id': 1}, {'id': 2}, {'id': 3}], 'links': [{'weight': 5, 'source': 0, 'target': 1}, {'weight': 5, 'source': 0, 'target': 2}, {'weight': 7, 'source': 0, 'target': 3}, {'weight': 4, 'source': 1, 'target': 2}, {'weight': 8, 'source': 1, 'target': 3}, {'weight': 8, 'source': 2, 'target': 3}]}, 'position': {0: [-0.2548148752963474, -0.8433541504801777], 1: [-0.947498195379204, 0.3810949273552925], 2: [0.9999999999999999, -0.20733107317232005], 3: [0.2023130706755527, 0.6695902962972065]}, 'solution': ([0, 1, 1, 0], 26.0)}",27,"{'optimizer': 'COBYLA', 'maxiter': 100, 'shots': 1024, 'parameter_strategy': 'RANDOM', 'x0': None, 'backend': <QAOA_Tester.Backend.NoisyEstimatorBackend object at 0x7f30e95d0790>}","[([0, 0, 1, 1], -24.0)]","[array([1.95203823, 5.41810782, 5.52466345, 1.85509068, 5.92338673,
       1.34101129, 4.43241415, 2.86668032, 4.07770985, 2.50635596,
       2.80089016, 6.09509646, 3.99709642, 0.4325641 , 5.65849002,
       0.65090056, 1.1106346 , 0.86755658, 4.90913482, 5.16064701,
       0.53688894, 2.14664191, 1.30253446, 4.77255643, 0.55495486,
       2.68478368, 3.67204066, 5.42209922, 0.98881199, 2.24079498,
       0.14164758, 5.86142419, 5.79671339, 5.34989863, 3.94879696,
       1.28096166, 1.46111524, 4.07204209, 0.12277251, 2.31026142,
       3.76357918, 2.4777741 , 2.06944692, 5.18549369, 2.95966792,
       3.52456412, 5.62045998, 5.14524233, 2.25919615, 1.09382179,
       3.42392645, 1.57335599, 2.42722123, 2.57296307])]",[599.0612242221832]
