,problem,layers,optimizer,solutions,parameters,time
0,"{'type': 'maxcut', 'graph': {'directed': False, 'multigraph': False, 'graph': {}, 'nodes': [{'id': 0}, {'id': 1}, {'id': 2}, {'id': 3}], 'links': [{'weight': 5, 'source': 0, 'target': 1}, {'weight': 5, 'source': 0, 'target': 2}, {'weight': 7, 'source': 0, 'target': 3}, {'weight': 4, 'source': 1, 'target': 2}, {'weight': 8, 'source': 1, 'target': 3}, {'weight': 8, 'source': 2, 'target': 3}]}, 'position': {0: [-0.2548148752963474, -0.8433541504801777], 1: [-0.947498195379204, 0.3810949273552925], 2: [0.9999999999999999, -0.20733107317232005], 3: [0.2023130706755527, 0.6695902962972065]}, 'solution': ([0, 1, 1, 0], 26.0)}",26,"{'optimizer': 'COBYLA', 'maxiter': 100, 'shots': 1024, 'parameter_strategy': 'RANDOM', 'x0': None, 'backend': <QAOA_Tester.Backend.NoisyEstimatorBackend object at 0x7f25aae7fa60>}","[([1, 1, 1, 0], -23.0)]","[array([0.23100494, 0.89905731, 3.5306122 , 3.73332634, 4.25288248,
       2.46875449, 1.4727892 , 5.48093589, 2.61158951, 1.13735042,
       1.78044171, 5.21845843, 5.49398706, 0.78784027, 2.72422124,
       4.88233063, 5.95777564, 2.46773727, 4.96048916, 4.65917496,
       5.85527897, 2.87140898, 0.77630162, 5.10142988, 3.54080157,
       6.56127844, 3.79042356, 4.79822129, 1.34846654, 4.93808596,
       1.98489114, 3.71028804, 4.34332471, 4.4575347 , 4.55737759,
       1.95546966, 4.14129199, 3.90004862, 3.04100153, 0.11750104,
       5.66897747, 2.04167914, 4.38620225, 0.07831021, 2.39457641,
       1.60412213, 0.90534559, 1.87164086, 1.16517181, 1.7189081 ,
       0.84427435, 3.8452784 ])]",[581.3947646617889]
