,problem,layers,optimizer,solutions,parameters,time
0,"{'type': 'maxcut', 'graph': {'directed': False, 'multigraph': False, 'graph': {}, 'nodes': [{'id': 0}, {'id': 1}, {'id': 2}, {'id': 3}], 'links': [{'weight': 5, 'source': 0, 'target': 1}, {'weight': 5, 'source': 0, 'target': 2}, {'weight': 7, 'source': 0, 'target': 3}, {'weight': 4, 'source': 1, 'target': 2}, {'weight': 8, 'source': 1, 'target': 3}, {'weight': 8, 'source': 2, 'target': 3}]}, 'position': {0: [-0.2548148752963474, -0.8433541504801777], 1: [-0.947498195379204, 0.3810949273552925], 2: [0.9999999999999999, -0.20733107317232005], 3: [0.2023130706755527, 0.6695902962972065]}, 'solution': ([0, 1, 1, 0], 26.0)}",30,"{'optimizer': 'COBYLA', 'maxiter': 100, 'shots': 1024, 'parameter_strategy': 'RANDOM', 'x0': None, 'backend': <QAOA_Tester.Backend.NoisyEstimatorBackend object at 0x7f87d41124a0>}","[([0, 0, 0, 0], 0.0)]","[array([1.687012  , 3.51890296, 3.08896736, 5.84118377, 4.20163021,
       2.05788953, 2.30815682, 5.42160382, 0.64796136, 0.62525635,
       2.70407982, 4.98819722, 5.91862713, 0.47246621, 1.35233904,
       2.07263153, 4.92421605, 6.0203172 , 5.46794996, 2.64215497,
       5.98663585, 3.21415815, 1.18827892, 3.38454772, 2.07329357,
       0.08370378, 2.39095601, 2.92543832, 4.48134323, 4.85249668,
       5.62542452, 4.31253353, 3.76350305, 6.09143521, 5.53617026,
       4.67666068, 1.95597112, 0.29027053, 3.63389546, 3.19885   ,
       3.43770137, 2.54539358, 3.04745376, 2.06605385, 2.27074669,
       4.94303538, 6.01163555, 4.37579399, 1.00177121, 3.24206836,
       4.29657409, 6.23044922, 5.46316811, 2.65299267, 2.70183772,
       2.21133394, 2.29575425, 2.51304799, 0.62336026, 4.00465259])]",[570.2733690738678]
