,problem,layers,optimizer,solutions,parameters,time
0,"{'type': 'maxcut', 'graph': {'directed': False, 'multigraph': False, 'graph': {}, 'nodes': [{'id': 0}, {'id': 1}, {'id': 2}, {'id': 3}], 'links': [{'weight': 5, 'source': 0, 'target': 1}, {'weight': 5, 'source': 0, 'target': 2}, {'weight': 7, 'source': 0, 'target': 3}, {'weight': 4, 'source': 1, 'target': 2}, {'weight': 8, 'source': 1, 'target': 3}, {'weight': 8, 'source': 2, 'target': 3}]}, 'position': {0: [-0.2548148752963474, -0.8433541504801777], 1: [-0.947498195379204, 0.3810949273552925], 2: [0.9999999999999999, -0.20733107317232005], 3: [0.2023130706755527, 0.6695902962972065]}, 'solution': ([0, 1, 1, 0], 26.0)}",20,"{'optimizer': 'COBYLA', 'maxiter': 100, 'shots': 1024, 'parameter_strategy': 'RANDOM', 'x0': None, 'backend': <QAOA_Tester.Backend.NoisyEstimatorBackend object at 0x7febba0464a0>}","[([1, 1, 1, 1], 0.0)]","[array([4.97367774, 1.66975428, 1.43925452, 3.78892183, 5.55387908,
       3.70331763, 1.14591344, 4.07422473, 4.0533543 , 5.6927991 ,
       3.95551781, 3.25542662, 5.31248009, 5.10588752, 1.03688834,
       3.69935387, 1.40395473, 3.89075156, 5.06620078, 3.93806646,
       2.084332  , 1.10370518, 1.37466576, 3.28503213, 4.93706174,
       0.38212906, 1.47265638, 2.06155907, 4.15260122, 3.86289855,
       1.95696173, 0.4058581 , 0.8679084 , 0.22250259, 0.3207145 ,
       0.18907002, 4.8740451 , 0.67618918, 2.85004643, 0.02318912])]",[618.362021446228]
