,problem,layers,optimizer,solutions,parameters,time
0,"{'type': 'maxcut', 'graph': {'directed': False, 'multigraph': False, 'graph': {}, 'nodes': [{'id': 0}, {'id': 1}, {'id': 2}, {'id': 3}], 'links': [{'weight': 5, 'source': 0, 'target': 1}, {'weight': 5, 'source': 0, 'target': 2}, {'weight': 7, 'source': 0, 'target': 3}, {'weight': 4, 'source': 1, 'target': 2}, {'weight': 8, 'source': 1, 'target': 3}, {'weight': 8, 'source': 2, 'target': 3}]}, 'position': {0: [-0.2548148752963474, -0.8433541504801777], 1: [-0.947498195379204, 0.3810949273552925], 2: [0.9999999999999999, -0.20733107317232005], 3: [0.2023130706755527, 0.6695902962972065]}, 'solution': ([0, 1, 1, 0], 26.0)}",24,"{'optimizer': 'COBYLA', 'maxiter': 100, 'shots': 1024, 'parameter_strategy': 'RANDOM', 'x0': None, 'backend': <QAOA_Tester.Backend.NoisyEstimatorBackend object at 0x7f9341a7d2a0>}","[([0, 1, 1, 0], -26.0)]","[array([5.52009131, 4.8210455 , 0.68205992, 0.72261655, 1.01721193,
       1.04387645, 3.81643448, 1.53431613, 5.12692496, 1.35876609,
       2.20379977, 6.04010845, 2.34735573, 2.78798159, 3.2413463 ,
       5.95468973, 5.5840421 , 0.68205781, 4.25799787, 5.92117708,
       3.40687167, 5.80209479, 5.98154745, 2.78381122, 3.41919846,
       1.7577011 , 4.85457934, 0.67468174, 1.9849887 , 2.73523708,
       5.61074506, 4.49091108, 5.02915442, 2.4877295 , 4.09543758,
       3.06358311, 0.05845911, 3.90399683, 0.16388897, 0.08931053,
       1.71529339, 2.13739651, 5.81418188, 1.85895589, 3.30028354,
       1.42862511, 0.90141282, 6.23821558])]",[591.1210064888]
