,problem,layers,optimizer,solutions,parameters,time
0,"{'type': 'maxcut', 'graph': {'directed': False, 'multigraph': False, 'graph': {}, 'nodes': [{'id': 0}, {'id': 1}, {'id': 2}, {'id': 3}], 'links': [{'weight': 5, 'source': 0, 'target': 1}, {'weight': 5, 'source': 0, 'target': 2}, {'weight': 7, 'source': 0, 'target': 3}, {'weight': 4, 'source': 1, 'target': 2}, {'weight': 8, 'source': 1, 'target': 3}, {'weight': 8, 'source': 2, 'target': 3}]}, 'position': {0: [-0.2548148752963474, -0.8433541504801777], 1: [-0.947498195379204, 0.3810949273552925], 2: [0.9999999999999999, -0.20733107317232005], 3: [0.2023130706755527, 0.6695902962972065]}, 'solution': ([0, 1, 1, 0], 26.0)}",30,"{'optimizer': 'COBYLA', 'maxiter': 100, 'shots': 1024, 'parameter_strategy': 'RANDOM', 'x0': None, 'backend': <QAOA_Tester.Backend.NoisyEstimatorBackend object at 0x7ff78d4750f0>}","[([0, 1, 1, 0], -26.0)]","[array([6.17356495, 2.00641396, 2.05648086, 6.36333494, 4.78452713,
       1.45601548, 6.16590827, 1.43787695, 1.22828539, 6.04566709,
       4.63574151, 1.22048736, 1.754014  , 1.85906166, 0.58721397,
       6.35333139, 4.19473888, 2.15169979, 5.51750893, 1.66774943,
       2.22196775, 5.42025009, 2.42597898, 2.94900301, 6.16583345,
       1.17577983, 5.61454234, 6.30431975, 4.12687956, 5.99718666,
       5.48221334, 3.32853881, 5.35464477, 3.56147183, 3.85291507,
       2.00269397, 4.90439259, 5.00393782, 0.65187571, 1.57895081,
       3.24435455, 3.40960546, 0.84682103, 1.06615895, 0.99792062,
       4.36300851, 5.21383756, 5.64537931, 2.96188238, 2.1391368 ,
       4.32241875, 5.14328798, 3.24443325, 3.92117664, 3.11417815,
       2.43789405, 2.72691349, 0.17520431, 6.00830258, 2.67198774])]",[522.218621969223]
