,problem,layers,optimizer,solutions,parameters,time
0,"{'type': 'maxcut', 'graph': {'directed': False, 'multigraph': False, 'graph': {}, 'nodes': [{'id': 0}, {'id': 1}, {'id': 2}, {'id': 3}], 'links': [{'weight': 5, 'source': 0, 'target': 1}, {'weight': 5, 'source': 0, 'target': 2}, {'weight': 7, 'source': 0, 'target': 3}, {'weight': 4, 'source': 1, 'target': 2}, {'weight': 8, 'source': 1, 'target': 3}, {'weight': 8, 'source': 2, 'target': 3}]}, 'position': {0: [-0.2548148752963474, -0.8433541504801777], 1: [-0.947498195379204, 0.3810949273552925], 2: [0.9999999999999999, -0.20733107317232005], 3: [0.2023130706755527, 0.6695902962972065]}, 'solution': ([0, 1, 1, 0], 26.0)}",28,"{'optimizer': 'COBYLA', 'maxiter': 100, 'shots': 1024, 'parameter_strategy': 'RANDOM', 'x0': None, 'backend': <QAOA_Tester.Backend.NoisyEstimatorBackend object at 0x7f8564006b90>}","[([1, 0, 0, 1], -26.0)]","[array([5.89896335, 2.55009129, 0.23767909, 5.81393281, 3.0367599 ,
       0.4055811 , 4.84015752, 0.5653857 , 5.64096157, 1.64787015,
       3.24792503, 2.54654662, 5.90969537, 0.07853004, 4.70839024,
       1.15461485, 6.23600462, 4.40486069, 2.85880128, 2.34863862,
       0.2848651 , 3.51354553, 3.41651219, 1.41874276, 5.6798874 ,
       0.14456404, 2.12415661, 2.77518988, 1.15960483, 3.48358895,
       0.206663  , 2.76602058, 6.08386031, 5.71709308, 4.07739344,
       3.55318537, 6.14853256, 0.44312081, 3.37838016, 1.18774454,
       6.21153187, 4.19320918, 6.00995562, 4.80929494, 4.05898104,
       1.71779581, 0.86568591, 4.3045411 , 1.2244324 , 6.00892229,
       2.08702885, 1.66415986, 0.57252222, 4.74300168, 3.02459257,
       2.99493075])]",[627.9749255180359]
