,problem,layers,optimizer,solutions,parameters,time
0,"{'type': 'maxcut', 'graph': {'directed': False, 'multigraph': False, 'graph': {}, 'nodes': [{'id': 0}, {'id': 1}, {'id': 2}, {'id': 3}], 'links': [{'weight': 5, 'source': 0, 'target': 1}, {'weight': 5, 'source': 0, 'target': 2}, {'weight': 7, 'source': 0, 'target': 3}, {'weight': 4, 'source': 1, 'target': 2}, {'weight': 8, 'source': 1, 'target': 3}, {'weight': 8, 'source': 2, 'target': 3}]}, 'position': {0: [-0.2548148752963474, -0.8433541504801777], 1: [-0.947498195379204, 0.3810949273552925], 2: [0.9999999999999999, -0.20733107317232005], 3: [0.2023130706755527, 0.6695902962972065]}, 'solution': ([0, 1, 1, 0], 26.0)}",22,"{'optimizer': 'COBYLA', 'maxiter': 100, 'shots': 1024, 'parameter_strategy': 'RANDOM', 'x0': None, 'backend': <QAOA_Tester.Backend.NoisyEstimatorBackend object at 0x7f0488d86fb0>}","[([1, 1, 1, 1], 0.0)]","[array([5.88693253, 3.08713488, 5.79818494, 0.45430797, 5.81619546,
       0.63585727, 3.01535455, 3.72900545, 6.1960532 , 2.85115787,
       1.1585507 , 2.63978536, 2.69057022, 3.16759953, 2.00554161,
       3.35849575, 2.42277633, 0.1732317 , 5.70056411, 0.6118985 ,
       3.31650937, 3.23332014, 2.37518845, 0.17758575, 5.67436405,
       4.87043536, 1.23485885, 4.41649422, 3.84311325, 1.98438974,
       3.29625559, 5.65112991, 1.51793936, 1.58600529, 3.69387742,
       5.57776373, 2.98061479, 5.10626057, 6.15225419, 2.62640469,
       1.05024454, 2.41839677, 5.65734628, 3.67630313])]",[664.5333609580994]
