,problem,layers,optimizer,solutions,parameters,time
0,"{'type': 'maxcut', 'graph': {'directed': False, 'multigraph': False, 'graph': {}, 'nodes': [{'id': 0}, {'id': 1}, {'id': 2}, {'id': 3}], 'links': [{'weight': 5, 'source': 0, 'target': 1}, {'weight': 5, 'source': 0, 'target': 2}, {'weight': 7, 'source': 0, 'target': 3}, {'weight': 4, 'source': 1, 'target': 2}, {'weight': 8, 'source': 1, 'target': 3}, {'weight': 8, 'source': 2, 'target': 3}]}, 'position': {0: [-0.2548148752963474, -0.8433541504801777], 1: [-0.947498195379204, 0.3810949273552925], 2: [0.9999999999999999, -0.20733107317232005], 3: [0.2023130706755527, 0.6695902962972065]}, 'solution': ([0, 1, 1, 0], 26.0)}",27,"{'optimizer': 'COBYLA', 'maxiter': 100, 'shots': 1024, 'parameter_strategy': 'RANDOM', 'x0': None, 'backend': <QAOA_Tester.Backend.NoisyEstimatorBackend object at 0x7fc3d1947190>}","[([0, 0, 0, 0], 0.0)]","[array([3.68526992, 5.47540176, 1.74150005, 4.77419712, 2.72970786,
       3.06575964, 3.30154568, 1.40690586, 4.42986299, 4.85528717,
       3.71127958, 3.65858683, 1.52163031, 4.76415365, 0.10640437,
       1.66576716, 1.44918694, 6.14013311, 1.75803253, 4.64807368,
       5.79052305, 1.60943642, 2.01954934, 5.26681505, 5.72565325,
       5.26220015, 6.1717714 , 5.47850096, 3.08116277, 4.4701111 ,
       1.87711777, 3.43179963, 1.81711683, 4.39967792, 5.76936477,
       0.92849771, 2.30140563, 2.40667937, 3.49439982, 5.60793907,
       1.24100347, 3.71735421, 5.94793493, 3.40436354, 2.96956927,
       6.0559904 , 5.90062141, 3.16244846, 3.21885482, 5.61298578,
       4.91395671, 4.07910099, 0.89693037, 5.12495678])]",[604.8069124221802]
