,problem,layers,optimizer,solutions,parameters,time
0,"{'type': 'maxcut', 'graph': {'directed': False, 'multigraph': False, 'graph': {}, 'nodes': [{'id': 0}, {'id': 1}, {'id': 2}, {'id': 3}], 'links': [{'weight': 5, 'source': 0, 'target': 1}, {'weight': 5, 'source': 0, 'target': 2}, {'weight': 7, 'source': 0, 'target': 3}, {'weight': 4, 'source': 1, 'target': 2}, {'weight': 8, 'source': 1, 'target': 3}, {'weight': 8, 'source': 2, 'target': 3}]}, 'position': {0: [-0.2548148752963474, -0.8433541504801777], 1: [-0.947498195379204, 0.3810949273552925], 2: [0.9999999999999999, -0.20733107317232005], 3: [0.2023130706755527, 0.6695902962972065]}, 'solution': ([0, 1, 1, 0], 26.0)}",14,"{'optimizer': 'COBYLA', 'maxiter': 100, 'shots': 1024, 'parameter_strategy': 'RANDOM', 'x0': None, 'backend': <QAOA_Tester.Backend.NoisyEstimatorBackend object at 0x7fac54a5eef0>}","[([0, 1, 1, 1], -17.0)]","[array([0.86999406, 1.79081968, 5.28067006, 5.66021597, 5.7329282 ,
       3.27556028, 4.98923483, 4.1620704 , 2.88533418, 1.15549088,
       5.34727983, 2.89833781, 5.36822299, 1.45119024, 4.31741095,
       1.77288484, 5.67674283, 0.74829569, 3.5169029 , 0.82408674,
       5.1273923 , 2.6093707 , 4.09499731, 1.97374727, 3.23066512,
       2.04604856, 0.51502236, 4.54774345])]",[588.382052898407]
