,problem,layers,optimizer,solutions,parameters,time
0,"{'type': 'maxcut', 'graph': {'directed': False, 'multigraph': False, 'graph': {}, 'nodes': [{'id': 0}, {'id': 1}, {'id': 2}, {'id': 3}], 'links': [{'weight': 5, 'source': 0, 'target': 1}, {'weight': 5, 'source': 0, 'target': 2}, {'weight': 7, 'source': 0, 'target': 3}, {'weight': 4, 'source': 1, 'target': 2}, {'weight': 8, 'source': 1, 'target': 3}, {'weight': 8, 'source': 2, 'target': 3}]}, 'position': {0: [-0.2548148752963474, -0.8433541504801777], 1: [-0.947498195379204, 0.3810949273552925], 2: [0.9999999999999999, -0.20733107317232005], 3: [0.2023130706755527, 0.6695902962972065]}, 'solution': ([0, 1, 1, 0], 26.0)}",23,"{'optimizer': 'COBYLA', 'maxiter': 100, 'shots': 1024, 'parameter_strategy': 'RANDOM', 'x0': None, 'backend': <QAOA_Tester.Backend.NoisyEstimatorBackend object at 0x7f8351f5d240>}","[([0, 1, 1, 0], -26.0)]","[array([4.20812574, 5.80499709, 5.90346231, 2.47723811, 0.25647569,
       1.12866369, 5.9705817 , 2.92832244, 1.95659124, 5.32454169,
       1.51941993, 3.97083964, 0.90140553, 1.75974038, 2.71622786,
       4.10982825, 4.47039472, 3.11887958, 5.14422842, 5.01322324,
       1.6139886 , 2.01480452, 3.06933968, 5.21892014, 3.39967966,
       2.87383026, 0.8175483 , 2.83726943, 5.80211226, 4.11101341,
       0.83966666, 5.11042016, 0.80967097, 4.82574695, 2.96081438,
       3.70232628, 5.70764468, 5.29855863, 5.82993159, 0.07680993,
       4.24520739, 4.44098186, 0.12684845, 6.08867083, 1.21875761,
       2.11904834])]",[562.6931548118591]
