,problem,layers,optimizer,solutions,parameters,time
0,"{'type': 'maxcut', 'graph': {'directed': False, 'multigraph': False, 'graph': {}, 'nodes': [{'id': 0}, {'id': 1}, {'id': 2}, {'id': 3}], 'links': [{'weight': 5, 'source': 0, 'target': 1}, {'weight': 5, 'source': 0, 'target': 2}, {'weight': 7, 'source': 0, 'target': 3}, {'weight': 4, 'source': 1, 'target': 2}, {'weight': 8, 'source': 1, 'target': 3}, {'weight': 8, 'source': 2, 'target': 3}]}, 'position': {0: [-0.2548148752963474, -0.8433541504801777], 1: [-0.947498195379204, 0.3810949273552925], 2: [0.9999999999999999, -0.20733107317232005], 3: [0.2023130706755527, 0.6695902962972065]}, 'solution': ([0, 1, 1, 0], 26.0)}",18,"{'optimizer': 'COBYLA', 'maxiter': 100, 'shots': 1024, 'parameter_strategy': 'RANDOM', 'x0': None, 'backend': <QAOA_Tester.Backend.NoisyEstimatorBackend object at 0x7fbe8868bdf0>}","[([1, 0, 0, 0], -17.0)]","[array([6.67351885, 5.4863944 , 1.95813505, 0.14329587, 3.3039639 ,
       0.91292176, 0.41071576, 0.56909814, 1.70317747, 3.61426893,
       1.84766558, 4.36693808, 5.32694403, 6.07479664, 2.31313516,
       6.10883854, 0.28540141, 6.36253512, 6.21402471, 5.67656411,
       1.55893469, 1.96648277, 0.54612732, 5.20931356, 3.23728081,
       5.61397309, 1.10598706, 5.34696443, 3.68451185, 2.01526216,
       1.29845893, 2.40447946, 5.91740519, 1.68808932, 2.61374396,
       5.20592431])]",[595.7459826469421]
