,problem,layers,optimizer,solutions,parameters,time
0,"{'type': 'maxcut', 'graph': {'directed': False, 'multigraph': False, 'graph': {}, 'nodes': [{'id': 0}, {'id': 1}, {'id': 2}, {'id': 3}], 'links': [{'weight': 5, 'source': 0, 'target': 1}, {'weight': 5, 'source': 0, 'target': 2}, {'weight': 7, 'source': 0, 'target': 3}, {'weight': 4, 'source': 1, 'target': 2}, {'weight': 8, 'source': 1, 'target': 3}, {'weight': 8, 'source': 2, 'target': 3}]}, 'position': {0: [-0.2548148752963474, -0.8433541504801777], 1: [-0.947498195379204, 0.3810949273552925], 2: [0.9999999999999999, -0.20733107317232005], 3: [0.2023130706755527, 0.6695902962972065]}, 'solution': ([0, 1, 1, 0], 26.0)}",22,"{'optimizer': 'COBYLA', 'maxiter': 100, 'shots': 1024, 'parameter_strategy': 'RANDOM', 'x0': None, 'backend': <QAOA_Tester.Backend.NoisyEstimatorBackend object at 0x7f6d4f156350>}","[([1, 0, 0, 0], -17.0)]","[array([1.10719337, 5.81058524, 5.03244812, 3.74675025, 4.12805864,
       3.35869507, 4.51705822, 2.67674405, 3.30560413, 1.08563465,
       0.82443954, 0.03060074, 4.12669924, 5.31058601, 3.87925238,
       2.08849902, 6.15099773, 0.09306228, 5.92961425, 6.05993829,
       5.74272885, 3.15847929, 5.82863752, 1.82012163, 6.17080159,
       2.80695555, 0.21867477, 1.78035796, 2.65916544, 2.47854065,
       3.01387813, 3.35367229, 0.98532777, 0.94814406, 4.67579694,
       2.01885159, 3.62280388, 1.05623363, 2.67935679, 2.91049186,
       0.16870263, 3.29954355, 3.40700958, 2.30958576])]",[625.1981768608093]
