,problem,layers,optimizer,solutions,parameters,time
0,"{'type': 'maxcut', 'graph': {'directed': False, 'multigraph': False, 'graph': {}, 'nodes': [{'id': 0}, {'id': 1}, {'id': 2}, {'id': 3}], 'links': [{'weight': 5, 'source': 0, 'target': 1}, {'weight': 5, 'source': 0, 'target': 2}, {'weight': 7, 'source': 0, 'target': 3}, {'weight': 4, 'source': 1, 'target': 2}, {'weight': 8, 'source': 1, 'target': 3}, {'weight': 8, 'source': 2, 'target': 3}]}, 'position': {0: [-0.2548148752963474, -0.8433541504801777], 1: [-0.947498195379204, 0.3810949273552925], 2: [0.9999999999999999, -0.20733107317232005], 3: [0.2023130706755527, 0.6695902962972065]}, 'solution': ([0, 1, 1, 0], 26.0)}",26,"{'optimizer': 'COBYLA', 'maxiter': 100, 'shots': 1024, 'parameter_strategy': 'RANDOM', 'x0': None, 'backend': <QAOA_Tester.Backend.NoisyEstimatorBackend object at 0x7ff8f99bf1c0>}","[([1, 0, 0, 1], -26.0)]","[array([ 5.36545684,  4.60060144,  2.96551254,  2.93903178,  1.75001592,
       -0.07478948,  4.86827528,  3.77645148,  1.60671185,  0.6142914 ,
        1.47473094,  1.03681156,  0.57870051,  4.88779473,  1.49682031,
        1.82939038,  4.82372738, -0.02885027,  3.06353524,  3.06972896,
        2.41619493,  4.62210612,  0.33461696,  0.06214331,  5.5385084 ,
        6.47992992,  5.22608007,  4.31300762,  4.9565506 ,  0.56378865,
        0.98521653,  0.37655556,  2.08849887,  5.871425  ,  2.30776511,
        5.26832882,  2.83799542,  1.02968858,  0.89613434,  1.7360574 ,
        3.40473338,  0.54821094,  1.08614938,  1.84743329,  2.49286231,
        2.38221591,  3.61680652,  4.76245892,  1.10192857,  3.41717932,
        5.58868804,  3.67508641])]",[594.7484657764435]
