,problem,layers,optimizer,solutions,parameters,time
0,"{'type': 'maxcut', 'graph': {'directed': False, 'multigraph': False, 'graph': {}, 'nodes': [{'id': 0}, {'id': 1}, {'id': 2}, {'id': 3}], 'links': [{'weight': 5, 'source': 0, 'target': 1}, {'weight': 5, 'source': 0, 'target': 2}, {'weight': 7, 'source': 0, 'target': 3}, {'weight': 4, 'source': 1, 'target': 2}, {'weight': 8, 'source': 1, 'target': 3}, {'weight': 8, 'source': 2, 'target': 3}]}, 'position': {0: [-0.2548148752963474, -0.8433541504801777], 1: [-0.947498195379204, 0.3810949273552925], 2: [0.9999999999999999, -0.20733107317232005], 3: [0.2023130706755527, 0.6695902962972065]}, 'solution': ([0, 1, 1, 0], 26.0)}",23,"{'optimizer': 'COBYLA', 'maxiter': 100, 'shots': 1024, 'parameter_strategy': 'RANDOM', 'x0': None, 'backend': <QAOA_Tester.Backend.NoisyEstimatorBackend object at 0x7f968a5f6e60>}","[([0, 1, 1, 1], -17.0)]","[array([2.63257894, 3.62457748, 5.47073151, 5.55272442, 6.1758931 ,
       4.16983837, 5.38230373, 5.85016591, 4.72493451, 0.52276197,
       2.65460403, 1.5502241 , 5.45787791, 2.24301755, 5.45671756,
       4.3710404 , 5.89251893, 5.63078449, 5.09428912, 2.69956462,
       0.69184417, 2.65904848, 3.4537491 , 0.07157871, 6.10080178,
       5.65098055, 2.75821718, 4.71888278, 4.10834054, 4.07323304,
       2.98829547, 6.02618907, 4.83862287, 1.92430193, 1.96602852,
       2.90776218, 2.28590103, 4.54018137, 3.50790347, 5.01211986,
       4.47548357, 4.74152765, 3.25218285, 2.77043491, 2.52872863,
       5.04060788])]",[586.228099822998]
