,problem,layers,optimizer,solutions,parameters,time
0,"{'type': 'maxcut', 'graph': {'directed': False, 'multigraph': False, 'graph': {}, 'nodes': [{'id': 0}, {'id': 1}, {'id': 2}, {'id': 3}], 'links': [{'weight': 5, 'source': 0, 'target': 1}, {'weight': 5, 'source': 0, 'target': 2}, {'weight': 7, 'source': 0, 'target': 3}, {'weight': 4, 'source': 1, 'target': 2}, {'weight': 8, 'source': 1, 'target': 3}, {'weight': 8, 'source': 2, 'target': 3}]}, 'position': {0: [-0.2548148752963474, -0.8433541504801777], 1: [-0.947498195379204, 0.3810949273552925], 2: [0.9999999999999999, -0.20733107317232005], 3: [0.2023130706755527, 0.6695902962972065]}, 'solution': ([0, 1, 1, 0], 26.0)}",17,"{'optimizer': 'COBYLA', 'maxiter': 100, 'shots': 1024, 'parameter_strategy': 'RANDOM', 'x0': None, 'backend': <QAOA_Tester.Backend.NoisyEstimatorBackend object at 0x7f71652dee90>}","[([0, 0, 0, 0], 0.0)]","[array([2.22367046, 0.75021538, 1.6857606 , 3.18181044, 2.04227529,
       0.66232673, 4.39631105, 2.31818286, 1.44424767, 2.9830539 ,
       2.29741661, 6.02203701, 5.80512059, 3.85011152, 5.93761655,
       0.7693824 , 2.87138727, 6.26978113, 2.44677862, 1.57482035,
       3.25074073, 4.03574373, 4.83784042, 3.81666654, 4.0391437 ,
       4.41042186, 1.83579777, 1.79939433, 2.87364712, 0.80218973,
       2.40738144, 2.29728311, 2.95646828, 5.39374011])]",[599.139271736145]
