,problem,layers,optimizer,solutions,parameters,time
0,"{'type': 'maxcut', 'graph': {'directed': False, 'multigraph': False, 'graph': {}, 'nodes': [{'id': 0}, {'id': 1}, {'id': 2}, {'id': 3}], 'links': [{'weight': 5, 'source': 0, 'target': 1}, {'weight': 5, 'source': 0, 'target': 2}, {'weight': 7, 'source': 0, 'target': 3}, {'weight': 4, 'source': 1, 'target': 2}, {'weight': 8, 'source': 1, 'target': 3}, {'weight': 8, 'source': 2, 'target': 3}]}, 'position': {0: [-0.2548148752963474, -0.8433541504801777], 1: [-0.947498195379204, 0.3810949273552925], 2: [0.9999999999999999, -0.20733107317232005], 3: [0.2023130706755527, 0.6695902962972065]}, 'solution': ([0, 1, 1, 0], 26.0)}",28,"{'optimizer': 'COBYLA', 'maxiter': 100, 'shots': 1024, 'parameter_strategy': 'RANDOM', 'x0': None, 'backend': <QAOA_Tester.Backend.NoisyEstimatorBackend object at 0x7f616ec437f0>}","[([0, 0, 1, 1], -24.0)]","[array([0.35682642, 0.48787329, 4.49215169, 0.95678274, 2.04696385,
       2.24187727, 2.50019194, 5.11322697, 5.96738277, 0.24876353,
       3.12066231, 2.8289856 , 2.70784914, 4.01528779, 3.55488315,
       2.15088242, 0.9761988 , 5.75568851, 5.91130671, 2.01592524,
       0.9217075 , 3.31350382, 3.07320131, 2.99703934, 0.35020289,
       0.61098995, 0.86021   , 5.50831936, 3.5556633 , 2.51418238,
       5.60861922, 3.52866314, 0.35442741, 4.46190593, 3.34369487,
       2.21713367, 5.40270843, 2.2047003 , 1.95871701, 1.86396485,
       0.56895503, 1.69828072, 1.7930187 , 3.07511936, 1.57916734,
       2.79825529, 2.21630379, 5.04415515, 3.56851266, 5.39797151,
       3.86327008, 3.82671037, 4.04158411, 1.09670255, 3.23914979,
       4.43765608])]",[605.3553342819214]
