,problem,layers,optimizer,solutions,parameters,time
0,"{'type': 'maxcut', 'graph': {'directed': False, 'multigraph': False, 'graph': {}, 'nodes': [{'id': 0}, {'id': 1}, {'id': 2}, {'id': 3}], 'links': [{'weight': 5, 'source': 0, 'target': 1}, {'weight': 5, 'source': 0, 'target': 2}, {'weight': 7, 'source': 0, 'target': 3}, {'weight': 4, 'source': 1, 'target': 2}, {'weight': 8, 'source': 1, 'target': 3}, {'weight': 8, 'source': 2, 'target': 3}]}, 'position': {0: [-0.2548148752963474, -0.8433541504801777], 1: [-0.947498195379204, 0.3810949273552925], 2: [0.9999999999999999, -0.20733107317232005], 3: [0.2023130706755527, 0.6695902962972065]}, 'solution': ([0, 1, 1, 0], 26.0)}",21,"{'optimizer': 'COBYLA', 'maxiter': 100, 'shots': 1024, 'parameter_strategy': 'RANDOM', 'x0': None, 'backend': <QAOA_Tester.Backend.NoisyEstimatorBackend object at 0x7f5632ae6c50>}","[([1, 1, 0, 0], -24.0)]","[array([4.71832233, 3.98986924, 5.48546162, 5.33902077, 6.11354228,
       1.99210803, 4.2897796 , 3.12236423, 4.19348706, 0.76691006,
       5.72342258, 2.09698621, 3.05804803, 3.9977817 , 2.66920419,
       5.03330575, 5.69629824, 3.50077462, 2.63022098, 5.15795717,
       5.24062238, 1.03873837, 3.69963099, 4.07346236, 4.14579628,
       4.04946643, 5.48525537, 4.10363225, 4.98923993, 6.17043549,
       0.05509277, 0.06304032, 0.20942611, 0.29574896, 4.04124839,
       4.21027201, 2.0421218 , 1.41030912, 2.69298653, 6.24536809,
       4.5479577 , 1.03614675])]",[574.997624874115]
