,problem,layers,optimizer,solutions,parameters,time
0,"{'type': 'maxcut', 'graph': {'directed': False, 'multigraph': False, 'graph': {}, 'nodes': [{'id': 0}, {'id': 1}, {'id': 2}, {'id': 3}], 'links': [{'weight': 5, 'source': 0, 'target': 1}, {'weight': 5, 'source': 0, 'target': 2}, {'weight': 7, 'source': 0, 'target': 3}, {'weight': 4, 'source': 1, 'target': 2}, {'weight': 8, 'source': 1, 'target': 3}, {'weight': 8, 'source': 2, 'target': 3}]}, 'position': {0: [-0.2548148752963474, -0.8433541504801777], 1: [-0.947498195379204, 0.3810949273552925], 2: [0.9999999999999999, -0.20733107317232005], 3: [0.2023130706755527, 0.6695902962972065]}, 'solution': ([0, 1, 1, 0], 26.0)}",27,"{'optimizer': 'COBYLA', 'maxiter': 100, 'shots': 1024, 'parameter_strategy': 'RANDOM', 'x0': None, 'backend': <QAOA_Tester.Backend.NoisyEstimatorBackend object at 0x7f1669906bc0>}","[([0, 0, 0, 0], 0.0)]","[array([4.33047121, 4.33176589, 6.19428806, 0.16341949, 5.01108949,
       1.36661382, 1.20218044, 2.95613436, 1.60007461, 2.36753291,
       5.01101241, 0.29495126, 4.04235998, 0.91807517, 0.93178321,
       3.74369037, 5.53886451, 1.31922521, 2.15780707, 3.83385045,
       5.19904496, 0.79326098, 1.74668076, 1.30696956, 0.73362657,
       6.05031768, 3.86450469, 3.12596158, 3.81992708, 5.12127437,
       0.34072496, 3.89934727, 2.39257986, 4.8303818 , 1.43370743,
       3.24574084, 6.03220843, 2.87364699, 1.89920981, 6.23786012,
       6.14995865, 3.04882324, 5.39957915, 6.27672978, 4.98036993,
       3.87662947, 5.75467847, 6.22310904, 3.46476254, 0.04103657,
       2.10008424, 5.52617197, 3.94745609, 4.55334951])]",[586.8683845996857]
