,problem,layers,optimizer,solutions,parameters,time
0,"{'type': 'maxcut', 'graph': {'directed': False, 'multigraph': False, 'graph': {}, 'nodes': [{'id': 0}, {'id': 1}, {'id': 2}, {'id': 3}], 'links': [{'weight': 5, 'source': 0, 'target': 1}, {'weight': 5, 'source': 0, 'target': 2}, {'weight': 7, 'source': 0, 'target': 3}, {'weight': 4, 'source': 1, 'target': 2}, {'weight': 8, 'source': 1, 'target': 3}, {'weight': 8, 'source': 2, 'target': 3}]}, 'position': {0: [-0.2548148752963474, -0.8433541504801777], 1: [-0.947498195379204, 0.3810949273552925], 2: [0.9999999999999999, -0.20733107317232005], 3: [0.2023130706755527, 0.6695902962972065]}, 'solution': ([0, 1, 1, 0], 26.0)}",24,"{'optimizer': 'COBYLA', 'maxiter': 100, 'shots': 1024, 'parameter_strategy': 'RANDOM', 'x0': None, 'backend': <QAOA_Tester.Backend.NoisyEstimatorBackend object at 0x7fda3e292ce0>}","[([1, 1, 1, 1], 0.0)]","[array([ 2.47047831,  5.50545118,  2.23829813,  0.45364036,  0.88343284,
        2.80025066,  5.27328131,  4.65914424,  0.31422167,  4.6804522 ,
        2.88003148,  2.19995497,  2.74903296,  3.85107341,  3.42564554,
        1.35519508,  4.46990897,  1.73750917,  3.82625695,  5.47459701,
       -0.03097787,  0.08291384,  1.38152616,  3.57065311,  4.86875183,
        4.20090382,  4.39906393,  6.07367317,  1.9450607 ,  0.55558155,
        0.22074448,  6.18274508,  6.08712352,  1.35849927,  5.97696971,
        0.8918698 ,  3.82090305,  0.19010819,  4.3783418 ,  0.93179977,
        6.06125212,  4.00135563,  2.75220893,  0.37083537,  5.48313412,
        0.2563994 ,  5.5151632 ,  0.32819425])]",[601.020589351654]
