,problem,layers,optimizer,solutions,parameters,time
0,"{'type': 'maxcut', 'graph': {'directed': False, 'multigraph': False, 'graph': {}, 'nodes': [{'id': 0}, {'id': 1}, {'id': 2}, {'id': 3}], 'links': [{'weight': 5, 'source': 0, 'target': 1}, {'weight': 5, 'source': 0, 'target': 2}, {'weight': 7, 'source': 0, 'target': 3}, {'weight': 4, 'source': 1, 'target': 2}, {'weight': 8, 'source': 1, 'target': 3}, {'weight': 8, 'source': 2, 'target': 3}]}, 'position': {0: [-0.2548148752963474, -0.8433541504801777], 1: [-0.947498195379204, 0.3810949273552925], 2: [0.9999999999999999, -0.20733107317232005], 3: [0.2023130706755527, 0.6695902962972065]}, 'solution': ([0, 1, 1, 0], 26.0)}",21,"{'optimizer': 'COBYLA', 'maxiter': 100, 'shots': 1024, 'parameter_strategy': 'RANDOM', 'x0': None, 'backend': <QAOA_Tester.Backend.NoisyEstimatorBackend object at 0x7f2bd3c3ac50>}","[([0, 1, 0, 1], -24.0)]","[array([ 2.2527506 ,  3.26367156,  0.08699798,  1.4027402 ,  2.32632701,
        3.46431725,  1.7684115 ,  4.03282514,  0.88005694,  0.77557708,
        2.67136074,  1.9518577 ,  0.52309883,  0.09694926,  3.84087102,
        1.75124332,  1.2678883 ,  5.92119487,  1.29326965,  3.38406818,
       -0.4732708 ,  2.21289353,  3.2466797 ,  3.5245737 ,  4.05052395,
        2.49382907,  0.88535629,  4.07833952,  5.16349131,  1.04161219,
        0.67199859,  6.03752114,  6.25485758,  4.78125405,  2.04361905,
        4.80523572,  2.64351356,  5.41117678,  4.11904978,  3.61048094,
        3.60001483,  1.87866561])]",[599.7328889369965]
