,problem,layers,optimizer,solutions,parameters,time
0,"{'type': 'maxcut', 'graph': {'directed': False, 'multigraph': False, 'graph': {}, 'nodes': [{'id': 0}, {'id': 1}, {'id': 2}, {'id': 3}], 'links': [{'weight': 5, 'source': 0, 'target': 1}, {'weight': 5, 'source': 0, 'target': 2}, {'weight': 7, 'source': 0, 'target': 3}, {'weight': 4, 'source': 1, 'target': 2}, {'weight': 8, 'source': 1, 'target': 3}, {'weight': 8, 'source': 2, 'target': 3}]}, 'position': {0: [-0.2548148752963474, -0.8433541504801777], 1: [-0.947498195379204, 0.3810949273552925], 2: [0.9999999999999999, -0.20733107317232005], 3: [0.2023130706755527, 0.6695902962972065]}, 'solution': ([0, 1, 1, 0], 26.0)}",21,"{'optimizer': 'COBYLA', 'maxiter': 100, 'shots': 1024, 'parameter_strategy': 'RANDOM', 'x0': None, 'backend': <QAOA_Tester.Backend.NoisyEstimatorBackend object at 0x7f8eb29feb30>}","[([0, 1, 1, 1], -17.0)]","[array([2.08087564, 2.64208078, 4.91479543, 1.93596974, 1.0124914 ,
       2.7598456 , 3.02635129, 3.07995806, 3.08359517, 4.72314905,
       1.7310183 , 5.10531754, 3.01888278, 4.59137403, 1.02067952,
       4.11461108, 5.73726195, 2.59854322, 1.99645431, 5.85678918,
       5.92496558, 5.36500779, 4.52891136, 4.76852176, 1.37414166,
       2.61167692, 0.08482135, 6.03995977, 2.58959483, 1.30884453,
       3.22757842, 4.0389799 , 1.89258719, 4.86822388, 0.96938226,
       6.15257959, 4.37338537, 0.96379844, 5.88537238, 1.36110272,
       4.79948138, 4.41581529])]",[571.6490786075592]
