,problem,layers,optimizer,solutions,parameters,time
0,"{'type': 'maxcut', 'graph': {'directed': False, 'multigraph': False, 'graph': {}, 'nodes': [{'id': 0}, {'id': 1}, {'id': 2}, {'id': 3}], 'links': [{'weight': 5, 'source': 0, 'target': 1}, {'weight': 5, 'source': 0, 'target': 2}, {'weight': 7, 'source': 0, 'target': 3}, {'weight': 4, 'source': 1, 'target': 2}, {'weight': 8, 'source': 1, 'target': 3}, {'weight': 8, 'source': 2, 'target': 3}]}, 'position': {0: [-0.2548148752963474, -0.8433541504801777], 1: [-0.947498195379204, 0.3810949273552925], 2: [0.9999999999999999, -0.20733107317232005], 3: [0.2023130706755527, 0.6695902962972065]}, 'solution': ([0, 1, 1, 0], 26.0)}",21,"{'optimizer': 'COBYLA', 'maxiter': 100, 'shots': 1024, 'parameter_strategy': 'RANDOM', 'x0': None, 'backend': <QAOA_Tester.Backend.NoisyEstimatorBackend object at 0x7f68bec31bd0>}","[([1, 1, 0, 1], -17.0)]","[array([0.7681255 , 4.4570326 , 1.83039633, 3.81634163, 2.71243876,
       1.23691337, 0.743039  , 5.83006205, 2.41579739, 0.54534055,
       0.68199678, 5.78755668, 4.87759889, 0.20641966, 4.28695966,
       5.20261429, 1.71042936, 6.08940786, 5.62904798, 0.73971467,
       6.18159159, 3.64656028, 4.88079953, 4.59691724, 0.57265079,
       3.93591392, 4.81218373, 5.1335488 , 2.3492966 , 4.16100063,
       5.7246649 , 4.43510164, 3.56943326, 5.82598001, 4.33803536,
       2.06515961, 3.18634804, 5.31991992, 1.81839127, 2.54495208,
       1.28838131, 5.10897637])]",[585.4220576286316]
