,problem,layers,optimizer,solutions,parameters,time
0,"{'type': 'maxcut', 'graph': {'directed': False, 'multigraph': False, 'graph': {}, 'nodes': [{'id': 0}, {'id': 1}, {'id': 2}, {'id': 3}], 'links': [{'weight': 5, 'source': 0, 'target': 1}, {'weight': 5, 'source': 0, 'target': 2}, {'weight': 7, 'source': 0, 'target': 3}, {'weight': 4, 'source': 1, 'target': 2}, {'weight': 8, 'source': 1, 'target': 3}, {'weight': 8, 'source': 2, 'target': 3}]}, 'position': {0: [-0.2548148752963474, -0.8433541504801777], 1: [-0.947498195379204, 0.3810949273552925], 2: [0.9999999999999999, -0.20733107317232005], 3: [0.2023130706755527, 0.6695902962972065]}, 'solution': ([0, 1, 1, 0], 26.0)}",28,"{'optimizer': 'COBYLA', 'maxiter': 100, 'shots': 1024, 'parameter_strategy': 'RANDOM', 'x0': None, 'backend': <QAOA_Tester.Backend.NoisyEstimatorBackend object at 0x7fd24301a4a0>}","[([0, 1, 1, 1], -17.0)]","[array([3.11595338, 4.07924092, 4.08949672, 2.25535955, 4.09524076,
       4.83568942, 2.91607004, 5.91672992, 3.16704604, 1.3140752 ,
       0.52510661, 2.80594159, 6.22095604, 2.83578992, 4.97412104,
       1.5768462 , 2.12799745, 1.69245616, 3.2188503 , 5.30532102,
       2.31928336, 0.65456514, 3.16411963, 0.79579214, 5.78498984,
       6.13854378, 4.31689455, 3.32082103, 4.36067255, 0.09421233,
       4.54788822, 4.87018276, 4.23546244, 0.20659569, 4.11314852,
       4.57845542, 2.38513172, 0.5635777 , 4.5170909 , 4.36110082,
       2.88970579, 2.38663509, 4.26284445, 3.76361677, 1.40297855,
       2.90238978, 3.34153379, 5.09416019, 3.61274804, 0.03637077,
       3.35019105, 5.1305195 , 3.3079355 , 3.61686882, 2.9498257 ,
       2.67811929])]",[587.9706151485443]
