,problem,layers,optimizer,solutions,parameters,time
0,"{'type': 'maxcut', 'graph': {'directed': False, 'multigraph': False, 'graph': {}, 'nodes': [{'id': 0}, {'id': 1}, {'id': 2}, {'id': 3}], 'links': [{'weight': 5, 'source': 0, 'target': 1}, {'weight': 5, 'source': 0, 'target': 2}, {'weight': 7, 'source': 0, 'target': 3}, {'weight': 4, 'source': 1, 'target': 2}, {'weight': 8, 'source': 1, 'target': 3}, {'weight': 8, 'source': 2, 'target': 3}]}, 'position': {0: [-0.2548148752963474, -0.8433541504801777], 1: [-0.947498195379204, 0.3810949273552925], 2: [0.9999999999999999, -0.20733107317232005], 3: [0.2023130706755527, 0.6695902962972065]}, 'solution': ([0, 1, 1, 0], 26.0)}",25,"{'optimizer': 'COBYLA', 'maxiter': 100, 'shots': 1024, 'parameter_strategy': 'RANDOM', 'x0': None, 'backend': <QAOA_Tester.Backend.NoisyEstimatorBackend object at 0x7fd23788f700>}","[([1, 0, 0, 0], -17.0)]","[array([5.89256128, 2.35127981, 1.40303146, 1.47789027, 0.06910671,
       0.11724011, 3.50628388, 0.22225057, 0.75183045, 3.49100223,
       2.0686996 , 0.01369229, 4.62670873, 2.06091725, 2.5242818 ,
       5.72502641, 1.91018045, 5.28418227, 3.90632445, 3.46384052,
       4.61491183, 4.72901696, 4.74253997, 1.99133678, 5.98276671,
       3.56830415, 4.72860905, 1.23701788, 5.52468317, 0.15785334,
       0.85941371, 4.73920448, 6.26723789, 3.83275686, 2.5090172 ,
       4.07205613, 3.07458301, 4.00001032, 5.72763876, 3.75786193,
       5.05146719, 3.78593616, 5.83970561, 5.81228032, 0.59573295,
       5.80158289, 3.37106307, 5.93213798, 4.9901761 , 2.6851992 ])]",[586.7856397628784]
