,problem,layers,optimizer,solutions,parameters,time
0,"{'type': 'maxcut', 'graph': {'directed': False, 'multigraph': False, 'graph': {}, 'nodes': [{'id': 0}, {'id': 1}, {'id': 2}, {'id': 3}], 'links': [{'weight': 5, 'source': 0, 'target': 1}, {'weight': 5, 'source': 0, 'target': 2}, {'weight': 7, 'source': 0, 'target': 3}, {'weight': 4, 'source': 1, 'target': 2}, {'weight': 8, 'source': 1, 'target': 3}, {'weight': 8, 'source': 2, 'target': 3}]}, 'position': {0: [-0.2548148752963474, -0.8433541504801777], 1: [-0.947498195379204, 0.3810949273552925], 2: [0.9999999999999999, -0.20733107317232005], 3: [0.2023130706755527, 0.6695902962972065]}, 'solution': ([0, 1, 1, 0], 26.0)}",29,"{'optimizer': 'COBYLA', 'maxiter': 100, 'shots': 1024, 'parameter_strategy': 'RANDOM', 'x0': None, 'backend': <QAOA_Tester.Backend.NoisyEstimatorBackend object at 0x7fab75364610>}","[([1, 1, 0, 0], -24.0)]","[array([0.51280527, 1.38653205, 3.47270458, 1.22182364, 3.93345826,
       0.32125711, 0.67892905, 5.1875711 , 1.88146236, 4.66220674,
       2.04509207, 1.30235191, 2.71370147, 5.86382404, 3.80113447,
       4.99096928, 5.21038969, 1.00504961, 6.05548373, 1.9344932 ,
       4.02081432, 4.52113598, 5.56591188, 3.570671  , 0.35343903,
       6.01668362, 1.16398613, 5.42389577, 6.51578041, 5.96220924,
       2.17035194, 4.28212241, 1.61296925, 0.92489671, 2.36749507,
       1.80714301, 2.61541406, 4.40196683, 5.47972279, 2.43538386,
       5.05097402, 3.93002925, 2.59732014, 3.5517014 , 1.13374542,
       2.25450121, 1.74555109, 0.06150885, 1.58257996, 2.27142707,
       0.19691001, 4.07800594, 2.00852105, 6.17703449, 2.38793265,
       2.42685301, 1.09099911, 3.32095984])]",[555.6067631244659]
