,problem,layers,optimizer,solutions,parameters,time
0,"{'type': 'maxcut', 'graph': {'directed': False, 'multigraph': False, 'graph': {}, 'nodes': [{'id': 0}, {'id': 1}, {'id': 2}, {'id': 3}], 'links': [{'weight': 5, 'source': 0, 'target': 1}, {'weight': 5, 'source': 0, 'target': 2}, {'weight': 7, 'source': 0, 'target': 3}, {'weight': 4, 'source': 1, 'target': 2}, {'weight': 8, 'source': 1, 'target': 3}, {'weight': 8, 'source': 2, 'target': 3}]}, 'position': {0: [-0.2548148752963474, -0.8433541504801777], 1: [-0.947498195379204, 0.3810949273552925], 2: [0.9999999999999999, -0.20733107317232005], 3: [0.2023130706755527, 0.6695902962972065]}, 'solution': ([0, 1, 1, 0], 26.0)}",26,"{'optimizer': 'COBYLA', 'maxiter': 100, 'shots': 1024, 'parameter_strategy': 'RANDOM', 'x0': None, 'backend': <QAOA_Tester.Backend.NoisyEstimatorBackend object at 0x7f7eb5c4f940>}","[([1, 1, 0, 1], -17.0)]","[array([0.2433954 , 2.31676386, 5.71931358, 2.95363965, 4.43347401,
       2.25026327, 6.00280034, 3.89699986, 1.86123092, 1.3532709 ,
       3.44514154, 0.47517774, 2.03554452, 3.40772937, 6.15646686,
       2.58164704, 1.81946139, 4.89519179, 0.19845257, 4.11290276,
       4.64569064, 1.79108496, 4.05380306, 5.94073175, 4.75888808,
       4.27510605, 0.39828129, 4.03880391, 3.88997861, 3.01570058,
       0.24145649, 5.18646691, 2.68842832, 2.01885701, 0.23129862,
       0.95195019, 4.34273128, 5.80050123, 4.41763803, 5.24558433,
       2.57157906, 2.77876008, 1.77392997, 1.99251439, 3.31557437,
       1.3089594 , 5.60753515, 3.87787172, 0.17667226, 4.24783597,
       1.14158442, 2.72212893])]",[612.6785488128662]
