,problem,layers,optimizer,solutions,parameters,time
0,"{'type': 'maxcut', 'graph': {'directed': False, 'multigraph': False, 'graph': {}, 'nodes': [{'id': 0}, {'id': 1}, {'id': 2}, {'id': 3}], 'links': [{'weight': 5, 'source': 0, 'target': 1}, {'weight': 5, 'source': 0, 'target': 2}, {'weight': 7, 'source': 0, 'target': 3}, {'weight': 4, 'source': 1, 'target': 2}, {'weight': 8, 'source': 1, 'target': 3}, {'weight': 8, 'source': 2, 'target': 3}]}, 'position': {0: [-0.2548148752963474, -0.8433541504801777], 1: [-0.947498195379204, 0.3810949273552925], 2: [0.9999999999999999, -0.20733107317232005], 3: [0.2023130706755527, 0.6695902962972065]}, 'solution': ([0, 1, 1, 0], 26.0)}",15,"{'optimizer': 'COBYLA', 'maxiter': 100, 'shots': 1024, 'parameter_strategy': 'RANDOM', 'x0': None, 'backend': <QAOA_Tester.Backend.NoisyEstimatorBackend object at 0x7f38488de440>}","[([1, 1, 1, 1], 0.0)]","[array([1.52407062, 2.10820167, 5.77371831, 5.01415693, 1.22179786,
       3.86795264, 2.36126696, 2.77366555, 4.83083996, 2.44650284,
       3.52358631, 0.09086584, 4.37042272, 4.58008179, 6.21606259,
       1.0773753 , 4.48688753, 0.48242937, 0.05186743, 1.21313886,
       4.37991487, 1.68185705, 0.33278122, 1.83488025, 6.13387003,
       2.26119606, 5.8759497 , 4.23614986, 6.26748224, 2.47446201])]",[569.582870721817]
