,problem,layers,optimizer,solutions,parameters,time
0,"{'type': 'maxcut', 'graph': {'directed': False, 'multigraph': False, 'graph': {}, 'nodes': [{'id': 0}, {'id': 1}, {'id': 2}, {'id': 3}], 'links': [{'weight': 5, 'source': 0, 'target': 1}, {'weight': 5, 'source': 0, 'target': 2}, {'weight': 7, 'source': 0, 'target': 3}, {'weight': 4, 'source': 1, 'target': 2}, {'weight': 8, 'source': 1, 'target': 3}, {'weight': 8, 'source': 2, 'target': 3}]}, 'position': {0: [-0.2548148752963474, -0.8433541504801777], 1: [-0.947498195379204, 0.3810949273552925], 2: [0.9999999999999999, -0.20733107317232005], 3: [0.2023130706755527, 0.6695902962972065]}, 'solution': ([0, 1, 1, 0], 26.0)}",14,"{'optimizer': 'COBYLA', 'maxiter': 100, 'shots': 1024, 'parameter_strategy': 'RANDOM', 'x0': None, 'backend': <QAOA_Tester.Backend.NoisyEstimatorBackend object at 0x7f973b426f80>}","[([0, 0, 1, 1], -24.0)]","[array([5.8070431 , 6.2551802 , 3.31862035, 4.6535638 , 4.90496083,
       1.09599627, 4.77374148, 5.29694783, 3.76836394, 0.69523008,
       3.28506973, 3.42920379, 2.77143083, 1.5647716 , 2.10315408,
       5.66479205, 0.07257804, 2.48733938, 5.63843685, 1.70374246,
       1.92059926, 4.06982595, 5.73837589, 3.6540009 , 4.29473647,
       4.03606892, 3.43176455, 5.48761344])]",[583.8436043262482]
