,problem,layers,optimizer,solutions,parameters,time
0,"{'type': 'maxcut', 'graph': {'directed': False, 'multigraph': False, 'graph': {}, 'nodes': [{'id': 0}, {'id': 1}, {'id': 2}, {'id': 3}], 'links': [{'weight': 5, 'source': 0, 'target': 1}, {'weight': 5, 'source': 0, 'target': 2}, {'weight': 7, 'source': 0, 'target': 3}, {'weight': 4, 'source': 1, 'target': 2}, {'weight': 8, 'source': 1, 'target': 3}, {'weight': 8, 'source': 2, 'target': 3}]}, 'position': {0: [-0.2548148752963474, -0.8433541504801777], 1: [-0.947498195379204, 0.3810949273552925], 2: [0.9999999999999999, -0.20733107317232005], 3: [0.2023130706755527, 0.6695902962972065]}, 'solution': ([0, 1, 1, 0], 26.0)}",16,"{'optimizer': 'COBYLA', 'maxiter': 100, 'shots': 1024, 'parameter_strategy': 'RANDOM', 'x0': None, 'backend': <QAOA_Tester.Backend.NoisyEstimatorBackend object at 0x7f023109b100>}","[([0, 0, 0, 1], -23.0)]","[array([4.24793212, 4.70028746, 0.30726138, 6.06161294, 5.25740167,
       5.75139909, 6.01486133, 3.91001854, 5.50299075, 0.1741667 ,
       4.04221042, 4.6733309 , 4.90030646, 1.39861412, 3.44891662,
       2.79256708, 0.75891019, 3.10891017, 1.62335314, 2.6785317 ,
       0.50491124, 1.72545353, 3.98542498, 1.6490209 , 1.93212021,
       5.50615435, 2.30489986, 5.89360011, 4.18042712, 5.45060411,
       5.03720298, 5.47356321])]",[592.5885920524597]
