,problem,layers,optimizer,solutions,parameters,time
0,"{'type': 'maxcut', 'graph': {'directed': False, 'multigraph': False, 'graph': {}, 'nodes': [{'id': 0}, {'id': 1}, {'id': 2}, {'id': 3}], 'links': [{'weight': 5, 'source': 0, 'target': 1}, {'weight': 5, 'source': 0, 'target': 2}, {'weight': 7, 'source': 0, 'target': 3}, {'weight': 4, 'source': 1, 'target': 2}, {'weight': 8, 'source': 1, 'target': 3}, {'weight': 8, 'source': 2, 'target': 3}]}, 'position': {0: [-0.2548148752963474, -0.8433541504801777], 1: [-0.947498195379204, 0.3810949273552925], 2: [0.9999999999999999, -0.20733107317232005], 3: [0.2023130706755527, 0.6695902962972065]}, 'solution': ([0, 1, 1, 0], 26.0)}",22,"{'optimizer': 'COBYLA', 'maxiter': 100, 'shots': 1024, 'parameter_strategy': 'RANDOM', 'x0': None, 'backend': <QAOA_Tester.Backend.NoisyEstimatorBackend object at 0x7fa59dc25510>}","[([0, 0, 0, 0], 0.0)]","[array([ 3.12090624,  6.0301003 , -0.01643727,  3.16167928,  4.77221798,
        3.53386226,  3.1789509 ,  4.30757377,  5.61876659,  5.15392783,
        1.98644567,  3.05526035,  0.81216923,  2.92481995,  2.81066317,
        1.81141627,  1.69210565,  4.73324443,  2.66385723, -0.32625231,
        1.33875879,  6.36936522,  2.39142769,  0.40344044,  5.32385555,
        1.71267113,  0.30246867,  2.0648743 ,  5.66641311,  2.45096187,
        0.01629654,  5.31742914,  5.26200022,  5.50240731,  0.20380818,
        4.00504128,  1.20225115,  4.35963141,  1.4440345 ,  4.23167497,
        5.40337506,  2.64237309,  1.42743568,  0.55828976])]",[601.6190474033356]
