,problem,layers,optimizer,solutions,parameters,time
0,"{'type': 'maxcut', 'graph': {'directed': False, 'multigraph': False, 'graph': {}, 'nodes': [{'id': 0}, {'id': 1}, {'id': 2}, {'id': 3}], 'links': [{'weight': 5, 'source': 0, 'target': 1}, {'weight': 5, 'source': 0, 'target': 2}, {'weight': 7, 'source': 0, 'target': 3}, {'weight': 4, 'source': 1, 'target': 2}, {'weight': 8, 'source': 1, 'target': 3}, {'weight': 8, 'source': 2, 'target': 3}]}, 'position': {0: [-0.2548148752963474, -0.8433541504801777], 1: [-0.947498195379204, 0.3810949273552925], 2: [0.9999999999999999, -0.20733107317232005], 3: [0.2023130706755527, 0.6695902962972065]}, 'solution': ([0, 1, 1, 0], 26.0)}",27,"{'optimizer': 'COBYLA', 'maxiter': 100, 'shots': 1024, 'parameter_strategy': 'RANDOM', 'x0': None, 'backend': <QAOA_Tester.Backend.NoisyEstimatorBackend object at 0x7fc8959f31f0>}","[([0, 1, 1, 1], -17.0)]","[array([1.24334808, 4.18171093, 1.41868755, 0.35077077, 0.01998793,
       0.66372603, 1.20661187, 6.03349997, 3.06737761, 5.06679742,
       0.69973818, 0.83455586, 2.80313552, 0.8719737 , 0.15181196,
       2.25052315, 2.16266004, 5.70385146, 0.69731317, 2.72111155,
       1.58849033, 1.03533769, 3.00615885, 1.22762531, 5.26631966,
       4.4769334 , 6.22678412, 2.82190738, 2.10935391, 4.59374537,
       1.18270045, 4.72137112, 5.54539219, 4.98462695, 0.56073241,
       4.67164021, 1.20331142, 2.30234861, 4.75218924, 1.48403979,
       0.28698607, 3.3796524 , 2.66097017, 1.47279145, 0.17879546,
       3.83465435, 0.64275233, 1.81656861, 2.59719957, 2.03095116,
       4.80709353, 6.01888764, 1.305016  , 2.14074855])]",[570.1174697875977]
