,problem,layers,optimizer,solutions,parameters,time
0,"{'type': 'maxcut', 'graph': {'directed': False, 'multigraph': False, 'graph': {}, 'nodes': [{'id': 0}, {'id': 1}, {'id': 2}, {'id': 3}], 'links': [{'weight': 5, 'source': 0, 'target': 1}, {'weight': 5, 'source': 0, 'target': 2}, {'weight': 7, 'source': 0, 'target': 3}, {'weight': 4, 'source': 1, 'target': 2}, {'weight': 8, 'source': 1, 'target': 3}, {'weight': 8, 'source': 2, 'target': 3}]}, 'position': {0: [-0.2548148752963474, -0.8433541504801777], 1: [-0.947498195379204, 0.3810949273552925], 2: [0.9999999999999999, -0.20733107317232005], 3: [0.2023130706755527, 0.6695902962972065]}, 'solution': ([0, 1, 1, 0], 26.0)}",16,"{'optimizer': 'COBYLA', 'maxiter': 100, 'shots': 1024, 'parameter_strategy': 'RANDOM', 'x0': None, 'backend': <QAOA_Tester.Backend.NoisyEstimatorBackend object at 0x7f35445cef20>}","[([0, 1, 0, 0], -17.0)]","[array([1.69647646, 2.56353762, 4.37832768, 5.30636508, 4.13794147,
       6.27253184, 3.53596505, 1.26264869, 1.18985317, 2.60884928,
       2.72280248, 1.41712087, 2.66252256, 2.26878718, 3.90266178,
       6.1963732 , 2.38826929, 5.9249822 , 3.9446731 , 0.40861302,
       5.08554065, 1.42296739, 4.69190167, 1.08663689, 6.02202749,
       2.33453391, 2.72169186, 3.79672571, 3.54268263, 3.93489281,
       3.93592245, 1.6525639 ])]",[618.2555212974548]
