,problem,layers,optimizer,solutions,parameters,time
0,"{'type': 'maxcut', 'graph': {'directed': False, 'multigraph': False, 'graph': {}, 'nodes': [{'id': 0}, {'id': 1}, {'id': 2}, {'id': 3}], 'links': [{'weight': 5, 'source': 0, 'target': 1}, {'weight': 5, 'source': 0, 'target': 2}, {'weight': 7, 'source': 0, 'target': 3}, {'weight': 4, 'source': 1, 'target': 2}, {'weight': 8, 'source': 1, 'target': 3}, {'weight': 8, 'source': 2, 'target': 3}]}, 'position': {0: [-0.2548148752963474, -0.8433541504801777], 1: [-0.947498195379204, 0.3810949273552925], 2: [0.9999999999999999, -0.20733107317232005], 3: [0.2023130706755527, 0.6695902962972065]}, 'solution': ([0, 1, 1, 0], 26.0)}",21,"{'optimizer': 'COBYLA', 'maxiter': 100, 'shots': 1024, 'parameter_strategy': 'RANDOM', 'x0': None, 'backend': <QAOA_Tester.Backend.NoisyEstimatorBackend object at 0x7f8ad034af80>}","[([0, 0, 1, 0], -17.0)]","[array([4.5767333 , 4.63935479, 4.32654013, 1.12429881, 3.49392902,
       2.4286908 , 5.92622823, 1.14206627, 5.37665473, 0.79637499,
       2.22570246, 4.45641364, 3.85319654, 4.37321168, 2.35292749,
       5.37398983, 3.12436953, 6.17110041, 2.9209846 , 4.5261551 ,
       5.56616285, 2.03829631, 6.18211911, 3.66002503, 5.87794537,
       0.97113391, 1.29977477, 0.19481954, 1.07641274, 3.47049813,
       5.62547033, 1.09364513, 1.17109445, 4.11876359, 4.87073882,
       1.81218256, 5.75473198, 5.90795343, 2.93117024, 0.93386018,
       3.45922688, 0.31102317])]",[582.6299035549164]
