,problem,layers,optimizer,solutions,parameters,time
0,"{'type': 'maxcut', 'graph': {'directed': False, 'multigraph': False, 'graph': {}, 'nodes': [{'id': 0}, {'id': 1}, {'id': 2}, {'id': 3}], 'links': [{'weight': 5, 'source': 0, 'target': 1}, {'weight': 5, 'source': 0, 'target': 2}, {'weight': 7, 'source': 0, 'target': 3}, {'weight': 4, 'source': 1, 'target': 2}, {'weight': 8, 'source': 1, 'target': 3}, {'weight': 8, 'source': 2, 'target': 3}]}, 'position': {0: [-0.2548148752963474, -0.8433541504801777], 1: [-0.947498195379204, 0.3810949273552925], 2: [0.9999999999999999, -0.20733107317232005], 3: [0.2023130706755527, 0.6695902962972065]}, 'solution': ([0, 1, 1, 0], 26.0)}",28,"{'optimizer': 'COBYLA', 'maxiter': 100, 'shots': 1024, 'parameter_strategy': 'RANDOM', 'x0': None, 'backend': <QAOA_Tester.Backend.NoisyEstimatorBackend object at 0x7f560b145ea0>}","[([0, 0, 0, 0], 0.0)]","[array([4.20985235, 4.45398343, 1.39123805, 0.15918294, 4.39590742,
       5.77684055, 4.12690644, 1.57660945, 2.79365863, 5.89235544,
       3.57135869, 1.20781656, 4.20823392, 0.95791291, 2.1283279 ,
       1.02489286, 4.49584466, 4.48949619, 2.460251  , 4.92763539,
       2.87784367, 0.35344678, 1.35882043, 2.98461176, 5.63831056,
       5.50150599, 0.94511821, 4.26601905, 3.47194493, 1.4566872 ,
       2.09585599, 1.54363116, 5.21266983, 5.03023662, 6.17428571,
       2.07717232, 2.15526177, 0.46747434, 0.2944353 , 0.39972915,
       1.88403823, 0.95236111, 1.15611285, 2.45988187, 4.4687029 ,
       5.83716475, 5.70883811, 5.23341812, 1.42359217, 0.85348257,
       3.84689586, 1.53116194, 0.7134754 , 0.34921398, 2.04968718,
       2.62232517])]",[575.1031968593597]
