,problem,layers,optimizer,solutions,parameters,time
0,"{'type': 'maxcut', 'graph': {'directed': False, 'multigraph': False, 'graph': {}, 'nodes': [{'id': 0}, {'id': 1}, {'id': 2}, {'id': 3}], 'links': [{'weight': 5, 'source': 0, 'target': 1}, {'weight': 5, 'source': 0, 'target': 2}, {'weight': 7, 'source': 0, 'target': 3}, {'weight': 4, 'source': 1, 'target': 2}, {'weight': 8, 'source': 1, 'target': 3}, {'weight': 8, 'source': 2, 'target': 3}]}, 'position': {0: [-0.2548148752963474, -0.8433541504801777], 1: [-0.947498195379204, 0.3810949273552925], 2: [0.9999999999999999, -0.20733107317232005], 3: [0.2023130706755527, 0.6695902962972065]}, 'solution': ([0, 1, 1, 0], 26.0)}",24,"{'optimizer': 'COBYLA', 'maxiter': 100, 'shots': 1024, 'parameter_strategy': 'RANDOM', 'x0': None, 'backend': <QAOA_Tester.Backend.NoisyEstimatorBackend object at 0x7f4a88208fd0>}","[([0, 0, 1, 1], -24.0)]","[array([4.66068089, 2.94577397, 4.05789874, 4.68399486, 0.43281568,
       0.85431015, 4.5348496 , 4.84032982, 0.16143079, 5.53684505,
       1.8267359 , 1.46383298, 3.74580637, 4.61602857, 0.2577665 ,
       3.60111515, 0.1907935 , 0.64702066, 6.05332168, 4.6013995 ,
       2.11650804, 1.30700349, 3.85679138, 6.14690311, 3.94291129,
       2.68052906, 3.59570128, 0.71902383, 3.28148145, 4.31517806,
       4.42999072, 1.18783708, 1.42583887, 2.53191136, 5.82619608,
       0.42145457, 5.33028955, 2.6271015 , 5.62058237, 5.93679506,
       5.69314967, 0.63887762, 6.071866  , 1.4283922 , 2.2375865 ,
       3.3092831 , 1.51211333, 5.20872705])]",[582.706610918045]
