,problem,layers,optimizer,solutions,parameters,time
0,"{'type': 'maxcut', 'graph': {'directed': False, 'multigraph': False, 'graph': {}, 'nodes': [{'id': 0}, {'id': 1}, {'id': 2}, {'id': 3}], 'links': [{'weight': 5, 'source': 0, 'target': 1}, {'weight': 5, 'source': 0, 'target': 2}, {'weight': 7, 'source': 0, 'target': 3}, {'weight': 4, 'source': 1, 'target': 2}, {'weight': 8, 'source': 1, 'target': 3}, {'weight': 8, 'source': 2, 'target': 3}]}, 'position': {0: [-0.2548148752963474, -0.8433541504801777], 1: [-0.947498195379204, 0.3810949273552925], 2: [0.9999999999999999, -0.20733107317232005], 3: [0.2023130706755527, 0.6695902962972065]}, 'solution': ([0, 1, 1, 0], 26.0)}",25,"{'optimizer': 'COBYLA', 'maxiter': 100, 'shots': 1024, 'parameter_strategy': 'RANDOM', 'x0': None, 'backend': <QAOA_Tester.Backend.NoisyEstimatorBackend object at 0x7f10227b9d80>}","[([1, 0, 0, 0], -17.0)]","[array([4.72138394, 1.88086381, 3.90075004, 2.68992468, 2.08126936,
       2.09199176, 3.55632201, 5.95409326, 0.7217606 , 3.32895181,
       1.18424009, 6.39969995, 2.08603573, 6.29507934, 0.66949565,
       2.24236557, 2.54216069, 2.8657818 , 0.38877941, 4.79335811,
       3.05637812, 5.5434396 , 5.14205157, 2.20281574, 3.50999157,
       1.00529798, 6.03392981, 0.28312347, 3.94552868, 4.65471621,
       1.67114968, 5.56790519, 6.2726835 , 1.03544126, 0.31175772,
       5.25424331, 2.67223554, 3.86702921, 6.34954953, 0.52832648,
       4.15571272, 2.66506214, 3.61850838, 2.60913191, 5.95039845,
       5.79689435, 3.68493377, 2.66827471, 2.73967773, 1.89508803])]",[587.1396214962006]
