,problem,layers,optimizer,solutions,parameters,time
0,"{'type': 'maxcut', 'graph': {'directed': False, 'multigraph': False, 'graph': {}, 'nodes': [{'id': 0}, {'id': 1}, {'id': 2}, {'id': 3}], 'links': [{'weight': 5, 'source': 0, 'target': 1}, {'weight': 5, 'source': 0, 'target': 2}, {'weight': 7, 'source': 0, 'target': 3}, {'weight': 4, 'source': 1, 'target': 2}, {'weight': 8, 'source': 1, 'target': 3}, {'weight': 8, 'source': 2, 'target': 3}]}, 'position': {0: [-0.2548148752963474, -0.8433541504801777], 1: [-0.947498195379204, 0.3810949273552925], 2: [0.9999999999999999, -0.20733107317232005], 3: [0.2023130706755527, 0.6695902962972065]}, 'solution': ([0, 1, 1, 0], 26.0)}",21,"{'optimizer': 'COBYLA', 'maxiter': 100, 'shots': 1024, 'parameter_strategy': 'RANDOM', 'x0': None, 'backend': <QAOA_Tester.Backend.NoisyEstimatorBackend object at 0x7f3abb3baaa0>}","[([0, 1, 1, 1], -17.0)]","[array([4.54837533, 1.41358489, 4.50489224, 0.74337611, 0.43862906,
       0.48191783, 3.87686663, 5.99954007, 2.37003242, 3.80641555,
       5.71785995, 2.65233601, 5.90883213, 4.91596123, 2.02381383,
       5.80538143, 3.8114584 , 4.77683532, 0.48843077, 6.32812687,
       6.67307239, 5.58559065, 1.17580803, 0.72612506, 2.54485087,
       2.52297265, 0.05920833, 2.37922826, 3.6948664 , 3.03178256,
       3.37106548, 0.91501258, 5.98887775, 0.18770489, 4.90505358,
       0.38955785, 4.34004371, 3.02636118, 2.69525736, 3.69732558,
       6.09573189, 3.532047  ])]",[608.6100759506226]
