,problem,layers,optimizer,solutions,parameters,time
0,"{'type': 'maxcut', 'graph': {'directed': False, 'multigraph': False, 'graph': {}, 'nodes': [{'id': 0}, {'id': 1}, {'id': 2}, {'id': 3}], 'links': [{'weight': 5, 'source': 0, 'target': 1}, {'weight': 5, 'source': 0, 'target': 2}, {'weight': 7, 'source': 0, 'target': 3}, {'weight': 4, 'source': 1, 'target': 2}, {'weight': 8, 'source': 1, 'target': 3}, {'weight': 8, 'source': 2, 'target': 3}]}, 'position': {0: [-0.2548148752963474, -0.8433541504801777], 1: [-0.947498195379204, 0.3810949273552925], 2: [0.9999999999999999, -0.20733107317232005], 3: [0.2023130706755527, 0.6695902962972065]}, 'solution': ([0, 1, 1, 0], 26.0)}",14,"{'optimizer': 'COBYLA', 'maxiter': 100, 'shots': 1024, 'parameter_strategy': 'RANDOM', 'x0': None, 'backend': <QAOA_Tester.Backend.NoisyEstimatorBackend object at 0x7f7c985964a0>}","[([0, 0, 0, 0], 0.0)]","[array([5.44322206, 1.47935094, 1.73074547, 1.15457542, 2.08293932,
       2.54890221, 1.29639422, 0.38306283, 1.2165946 , 1.6966437 ,
       2.99294138, 2.09758731, 1.7621331 , 2.79332954, 5.31485627,
       2.14693537, 4.53422428, 4.64713612, 0.37338263, 1.89592892,
       2.5277546 , 3.62348314, 5.60127713, 4.22576314, 1.66894144,
       1.10279141, 1.94210817, 5.32447074])]",[611.7418923377991]
