,problem,layers,optimizer,solutions,parameters,time
0,"{'type': 'maxcut', 'graph': {'directed': False, 'multigraph': False, 'graph': {}, 'nodes': [{'id': 0}, {'id': 1}, {'id': 2}, {'id': 3}], 'links': [{'weight': 5, 'source': 0, 'target': 1}, {'weight': 5, 'source': 0, 'target': 2}, {'weight': 7, 'source': 0, 'target': 3}, {'weight': 4, 'source': 1, 'target': 2}, {'weight': 8, 'source': 1, 'target': 3}, {'weight': 8, 'source': 2, 'target': 3}]}, 'position': {0: [-0.2548148752963474, -0.8433541504801777], 1: [-0.947498195379204, 0.3810949273552925], 2: [0.9999999999999999, -0.20733107317232005], 3: [0.2023130706755527, 0.6695902962972065]}, 'solution': ([0, 1, 1, 0], 26.0)}",16,"{'optimizer': 'COBYLA', 'maxiter': 100, 'shots': 1024, 'parameter_strategy': 'RANDOM', 'x0': None, 'backend': <QAOA_Tester.Backend.NoisyEstimatorBackend object at 0x7f1b091cf100>}","[([1, 0, 1, 0], -24.0)]","[array([5.06136427, 4.42058455, 0.58250878, 3.6206946 , 2.29531807,
       2.36276018, 5.49934271, 3.42780652, 4.18117017, 0.46422832,
       5.50581989, 2.57641485, 0.63271323, 1.49778001, 0.30782936,
       5.60110079, 6.073969  , 2.57422441, 2.31736418, 4.90574984,
       6.0085267 , 3.14131917, 4.52013056, 5.0077748 , 4.76386643,
       5.65611925, 0.42348347, 5.60275486, 0.92178458, 4.86640086,
       4.58373926, 0.53178266])]",[582.3472344875336]
