,problem,layers,optimizer,solutions,parameters,time
0,"{'type': 'maxcut', 'graph': {'directed': False, 'multigraph': False, 'graph': {}, 'nodes': [{'id': 0}, {'id': 1}, {'id': 2}, {'id': 3}], 'links': [{'weight': 5, 'source': 0, 'target': 1}, {'weight': 5, 'source': 0, 'target': 2}, {'weight': 7, 'source': 0, 'target': 3}, {'weight': 4, 'source': 1, 'target': 2}, {'weight': 8, 'source': 1, 'target': 3}, {'weight': 8, 'source': 2, 'target': 3}]}, 'position': {0: [-0.2548148752963474, -0.8433541504801777], 1: [-0.947498195379204, 0.3810949273552925], 2: [0.9999999999999999, -0.20733107317232005], 3: [0.2023130706755527, 0.6695902962972065]}, 'solution': ([0, 1, 1, 0], 26.0)}",15,"{'optimizer': 'COBYLA', 'maxiter': 100, 'shots': 1024, 'parameter_strategy': 'RANDOM', 'x0': None, 'backend': <QAOA_Tester.Backend.NoisyEstimatorBackend object at 0x7f83eba5a320>}","[([0, 1, 1, 1], -17.0)]","[array([4.44373004, 2.37697868, 1.38902599, 5.66987173, 2.99937165,
       2.30246551, 5.90144474, 6.07944639, 0.76916204, 2.38269456,
       1.0373344 , 6.21717018, 5.59442559, 0.98268615, 0.43335903,
       2.26699167, 5.95544107, 3.93426961, 0.08987222, 2.17956632,
       4.18810618, 3.35073186, 1.29589962, 3.99013168, 2.48927996,
       3.68165231, 3.70648229, 5.12066302, 4.25554666, 3.32678453])]",[607.2703857421875]
