,problem,layers,optimizer,solutions,parameters,time
0,"{'type': 'maxcut', 'graph': {'directed': False, 'multigraph': False, 'graph': {}, 'nodes': [{'id': 0}, {'id': 1}, {'id': 2}, {'id': 3}], 'links': [{'weight': 5, 'source': 0, 'target': 1}, {'weight': 5, 'source': 0, 'target': 2}, {'weight': 7, 'source': 0, 'target': 3}, {'weight': 4, 'source': 1, 'target': 2}, {'weight': 8, 'source': 1, 'target': 3}, {'weight': 8, 'source': 2, 'target': 3}]}, 'position': {0: [-0.2548148752963474, -0.8433541504801777], 1: [-0.947498195379204, 0.3810949273552925], 2: [0.9999999999999999, -0.20733107317232005], 3: [0.2023130706755527, 0.6695902962972065]}, 'solution': ([0, 1, 1, 0], 26.0)}",14,"{'optimizer': 'COBYLA', 'maxiter': 100, 'shots': 1024, 'parameter_strategy': 'RANDOM', 'x0': None, 'backend': <QAOA_Tester.Backend.NoisyEstimatorBackend object at 0x7f02a5e0a440>}","[([0, 0, 1, 0], -17.0)]","[array([ 4.43300939,  4.46908648,  5.74136543, -0.20939086, -0.17596607,
        4.35702188,  0.48757934,  4.89757235,  0.59049623, -0.12253209,
        3.51453252,  0.0077128 ,  4.29466308,  6.19284742,  6.03530569,
        3.80336593,  3.21330148,  4.81544914,  4.15826854,  2.47102538,
        5.29401645,  0.65560412,  2.22283539,  5.98559044,  3.53931384,
        3.83273244,  3.05860474,  2.86336824])]",[641.4962320327759]
