,problem,layers,optimizer,solutions,parameters,time
0,"{'type': 'maxcut', 'graph': {'directed': False, 'multigraph': False, 'graph': {}, 'nodes': [{'id': 0}, {'id': 1}, {'id': 2}, {'id': 3}], 'links': [{'weight': 5, 'source': 0, 'target': 1}, {'weight': 5, 'source': 0, 'target': 2}, {'weight': 7, 'source': 0, 'target': 3}, {'weight': 4, 'source': 1, 'target': 2}, {'weight': 8, 'source': 1, 'target': 3}, {'weight': 8, 'source': 2, 'target': 3}]}, 'position': {0: [-0.2548148752963474, -0.8433541504801777], 1: [-0.947498195379204, 0.3810949273552925], 2: [0.9999999999999999, -0.20733107317232005], 3: [0.2023130706755527, 0.6695902962972065]}, 'solution': ([0, 1, 1, 0], 26.0)}",18,"{'optimizer': 'COBYLA', 'maxiter': 100, 'shots': 1024, 'parameter_strategy': 'RANDOM', 'x0': None, 'backend': <QAOA_Tester.Backend.NoisyEstimatorBackend object at 0x7fa4ccc80b80>}","[([0, 1, 1, 1], -17.0)]","[array([1.02352014, 1.18869954, 4.11464826, 5.37000304, 0.81169882,
       0.08663017, 2.98975163, 4.09232199, 0.55603903, 3.99110008,
       5.0723701 , 3.81779685, 2.54763557, 0.96181486, 5.59868303,
       1.97537238, 0.01335264, 3.5217507 , 5.42689861, 2.2075109 ,
       4.09661582, 5.29743011, 3.30081762, 1.64421914, 5.6537906 ,
       2.93327976, 1.4134341 , 4.32100418, 5.92443842, 2.75892553,
       1.90468604, 5.63121362, 4.27817376, 3.63153209, 2.4468386 ,
       0.65933502])]",[584.3091697692871]
