,problem,layers,optimizer,solutions,parameters,time
0,"{'type': 'maxcut', 'graph': {'directed': False, 'multigraph': False, 'graph': {}, 'nodes': [{'id': 0}, {'id': 1}, {'id': 2}, {'id': 3}], 'links': [{'weight': 5, 'source': 0, 'target': 1}, {'weight': 5, 'source': 0, 'target': 2}, {'weight': 7, 'source': 0, 'target': 3}, {'weight': 4, 'source': 1, 'target': 2}, {'weight': 8, 'source': 1, 'target': 3}, {'weight': 8, 'source': 2, 'target': 3}]}, 'position': {0: [-0.2548148752963474, -0.8433541504801777], 1: [-0.947498195379204, 0.3810949273552925], 2: [0.9999999999999999, -0.20733107317232005], 3: [0.2023130706755527, 0.6695902962972065]}, 'solution': ([0, 1, 1, 0], 26.0)}",18,"{'optimizer': 'COBYLA', 'maxiter': 100, 'shots': 1024, 'parameter_strategy': 'RANDOM', 'x0': None, 'backend': <QAOA_Tester.Backend.NoisyEstimatorBackend object at 0x7fdb959b9b10>}","[([0, 0, 0, 1], -23.0)]","[array([ 3.05553865,  0.87597337,  4.73089205,  4.91093668,  0.09561672,
        6.00298847,  5.11580246,  4.41284569, -0.48971469,  0.96152476,
        0.05062161,  3.32401358, -0.20229684,  3.92513213,  0.1440131 ,
        2.89346954, -0.31014028,  6.53121561,  5.89517684,  1.7647704 ,
        4.96544908,  0.59141937,  5.14276245,  4.15482793,  0.23805233,
        3.09551257,  0.91074002,  2.86198965,  5.53015147,  5.7181326 ,
        5.59620036,  0.9515887 ,  2.64850934,  3.93453115,  2.61010334,
        4.35059973])]",[584.8235399723053]
