,problem,layers,optimizer,solutions,parameters,time
0,"{'type': 'maxcut', 'graph': {'directed': False, 'multigraph': False, 'graph': {}, 'nodes': [{'id': 0}, {'id': 1}, {'id': 2}, {'id': 3}], 'links': [{'weight': 5, 'source': 0, 'target': 1}, {'weight': 5, 'source': 0, 'target': 2}, {'weight': 7, 'source': 0, 'target': 3}, {'weight': 4, 'source': 1, 'target': 2}, {'weight': 8, 'source': 1, 'target': 3}, {'weight': 8, 'source': 2, 'target': 3}]}, 'position': {0: [-0.2548148752963474, -0.8433541504801777], 1: [-0.947498195379204, 0.3810949273552925], 2: [0.9999999999999999, -0.20733107317232005], 3: [0.2023130706755527, 0.6695902962972065]}, 'solution': ([0, 1, 1, 0], 26.0)}",19,"{'optimizer': 'COBYLA', 'maxiter': 100, 'shots': 1024, 'parameter_strategy': 'RANDOM', 'x0': None, 'backend': <QAOA_Tester.Backend.NoisyEstimatorBackend object at 0x7ff3fe712d40>}","[([0, 0, 1, 1], -24.0)]","[array([1.67824509, 3.35383149, 2.62367867, 2.49448894, 2.85305147,
       1.10340129, 6.26730571, 6.06523952, 5.13554926, 1.75230114,
       2.20705581, 5.53969833, 0.41343667, 3.7633352 , 4.36665815,
       5.5076602 , 0.89322263, 0.43079306, 2.51801357, 3.11761803,
       2.95959778, 4.48097256, 3.3778957 , 2.88578923, 2.23823922,
       5.99648027, 3.11179924, 1.36147349, 1.48572642, 4.74269915,
       4.17828551, 3.81187948, 0.16201916, 5.35725278, 0.69609153,
       0.98481885, 0.71043121, 2.89684359])]",[565.8293926715851]
