,problem,layers,optimizer,solutions,parameters,time
0,"{'type': 'maxcut', 'graph': {'directed': False, 'multigraph': False, 'graph': {}, 'nodes': [{'id': 0}, {'id': 1}, {'id': 2}, {'id': 3}], 'links': [{'weight': 5, 'source': 0, 'target': 1}, {'weight': 5, 'source': 0, 'target': 2}, {'weight': 7, 'source': 0, 'target': 3}, {'weight': 4, 'source': 1, 'target': 2}, {'weight': 8, 'source': 1, 'target': 3}, {'weight': 8, 'source': 2, 'target': 3}]}, 'position': {0: [-0.2548148752963474, -0.8433541504801777], 1: [-0.947498195379204, 0.3810949273552925], 2: [0.9999999999999999, -0.20733107317232005], 3: [0.2023130706755527, 0.6695902962972065]}, 'solution': ([0, 1, 1, 0], 26.0)}",21,"{'optimizer': 'COBYLA', 'maxiter': 100, 'shots': 1024, 'parameter_strategy': 'RANDOM', 'x0': None, 'backend': <QAOA_Tester.Backend.NoisyEstimatorBackend object at 0x7fb3d1792c50>}","[([1, 1, 0, 1], -17.0)]","[array([ 3.70850718,  1.96997114,  1.47131666,  5.53744887,  3.71340213,
        2.45809205,  2.09606622,  3.92938001,  2.47521566,  5.81566349,
        2.58639828,  1.25964186,  5.4626636 ,  3.03699601,  0.67058712,
        3.18031844,  1.53710591, -0.17499528,  0.19066263,  4.49475886,
        3.40666663,  4.17421942,  1.27627901,  5.95984499,  3.79186133,
        5.77701977,  3.38341281,  3.88331193,  3.66130404,  1.07689945,
        4.38553544,  2.48268876,  1.48372038,  1.75855105,  3.55316387,
        5.33893988,  2.54689902,  4.8134711 ,  3.80430231,  2.34341342,
        1.9819091 ,  4.16538167])]",[577.9690687656403]
