,problem,layers,optimizer,solutions,parameters,time
0,"{'type': 'maxcut', 'graph': {'directed': False, 'multigraph': False, 'graph': {}, 'nodes': [{'id': 0}, {'id': 1}, {'id': 2}, {'id': 3}], 'links': [{'weight': 5, 'source': 0, 'target': 1}, {'weight': 5, 'source': 0, 'target': 2}, {'weight': 7, 'source': 0, 'target': 3}, {'weight': 4, 'source': 1, 'target': 2}, {'weight': 8, 'source': 1, 'target': 3}, {'weight': 8, 'source': 2, 'target': 3}]}, 'position': {0: [-0.2548148752963474, -0.8433541504801777], 1: [-0.947498195379204, 0.3810949273552925], 2: [0.9999999999999999, -0.20733107317232005], 3: [0.2023130706755527, 0.6695902962972065]}, 'solution': ([0, 1, 1, 0], 26.0)}",27,"{'optimizer': 'COBYLA', 'maxiter': 100, 'shots': 1024, 'parameter_strategy': 'RANDOM', 'x0': None, 'backend': <QAOA_Tester.Backend.NoisyEstimatorBackend object at 0x7fb430708ee0>}","[([0, 0, 0, 0], 0.0)]","[array([0.83237265, 6.0339828 , 5.85346275, 4.69047828, 1.55446346,
       4.82407829, 2.64062409, 0.17982461, 3.72089579, 1.06149764,
       1.79920637, 2.30603241, 5.44580133, 1.15992769, 4.57067029,
       2.88225527, 3.86651591, 1.52041493, 4.2801386 , 0.14888457,
       3.56963782, 5.64838324, 3.34694536, 3.30309208, 3.12946114,
       2.16455607, 4.27655104, 0.12766044, 0.537036  , 1.16793836,
       5.88554646, 1.53839764, 1.4007705 , 3.3481276 , 4.40255643,
       5.68019369, 5.31799291, 3.3935904 , 6.00130564, 2.87877338,
       3.2344391 , 2.96726348, 1.79901838, 2.21588215, 3.24349182,
       5.19037491, 2.50595049, 4.7980328 , 2.87155939, 0.54271031,
       1.69138671, 4.56991666, 2.50040911, 5.86280196])]",[592.8200075626373]
