,problem,layers,optimizer,solutions,parameters,time
0,"{'type': 'maxcut', 'graph': {'directed': False, 'multigraph': False, 'graph': {}, 'nodes': [{'id': 0}, {'id': 1}, {'id': 2}, {'id': 3}], 'links': [{'weight': 5, 'source': 0, 'target': 1}, {'weight': 5, 'source': 0, 'target': 2}, {'weight': 7, 'source': 0, 'target': 3}, {'weight': 4, 'source': 1, 'target': 2}, {'weight': 8, 'source': 1, 'target': 3}, {'weight': 8, 'source': 2, 'target': 3}]}, 'position': {0: [-0.2548148752963474, -0.8433541504801777], 1: [-0.947498195379204, 0.3810949273552925], 2: [0.9999999999999999, -0.20733107317232005], 3: [0.2023130706755527, 0.6695902962972065]}, 'solution': ([0, 1, 1, 0], 26.0)}",22,"{'optimizer': 'COBYLA', 'maxiter': 100, 'shots': 1024, 'parameter_strategy': 'RANDOM', 'x0': None, 'backend': <QAOA_Tester.Backend.NoisyEstimatorBackend object at 0x7f423827d8a0>}","[([1, 0, 0, 0], -17.0)]","[array([2.94760183, 2.70876754, 0.6698795 , 0.52744981, 1.74913961,
       2.97047391, 4.86126609, 3.5878133 , 3.17513489, 0.63690986,
       5.21588496, 2.29543026, 5.58999864, 1.41692823, 3.10345677,
       4.67477971, 3.82365209, 1.7002372 , 5.1688073 , 6.11592282,
       4.70326836, 6.80262034, 3.15487515, 5.44511367, 1.78943304,
       5.73129777, 2.97281031, 5.07733077, 3.28572436, 5.27262784,
       3.08529185, 3.69371972, 4.03702549, 0.57261468, 3.84872924,
       3.99881563, 2.28974633, 1.20676769, 2.8305488 , 3.38056161,
       1.57105118, 6.09785468, 2.81506668, 0.10525178])]",[595.3920862674713]
