,problem,layers,optimizer,solutions,parameters,time
0,"{'type': 'maxcut', 'graph': {'directed': False, 'multigraph': False, 'graph': {}, 'nodes': [{'id': 0}, {'id': 1}, {'id': 2}, {'id': 3}], 'links': [{'weight': 5, 'source': 0, 'target': 1}, {'weight': 5, 'source': 0, 'target': 2}, {'weight': 7, 'source': 0, 'target': 3}, {'weight': 4, 'source': 1, 'target': 2}, {'weight': 8, 'source': 1, 'target': 3}, {'weight': 8, 'source': 2, 'target': 3}]}, 'position': {0: [-0.2548148752963474, -0.8433541504801777], 1: [-0.947498195379204, 0.3810949273552925], 2: [0.9999999999999999, -0.20733107317232005], 3: [0.2023130706755527, 0.6695902962972065]}, 'solution': ([0, 1, 1, 0], 26.0)}",28,"{'optimizer': 'COBYLA', 'maxiter': 100, 'shots': 1024, 'parameter_strategy': 'RANDOM', 'x0': None, 'backend': <QAOA_Tester.Backend.NoisyEstimatorBackend object at 0x7fec8bbd1840>}","[([1, 0, 0, 1], -26.0)]","[array([1.93026206, 3.36626173, 3.49396477, 4.7156344 , 3.08936019,
       4.68606921, 2.61496244, 3.19945287, 2.86449513, 5.6179127 ,
       3.73226624, 2.93675619, 1.17163911, 5.66119812, 1.2805869 ,
       2.15946222, 5.67982508, 0.054089  , 4.43675271, 5.52908534,
       4.75856436, 0.46253012, 4.76471894, 4.64484767, 4.42374362,
       5.91722306, 0.42253691, 3.24516946, 0.10436051, 4.13642826,
       1.1527635 , 4.53425903, 3.90441083, 2.2106077 , 3.55527714,
       0.43697663, 2.54152633, 0.29942101, 3.79154379, 4.32288121,
       5.5230743 , 0.40755747, 2.25559324, 1.05902729, 0.31337763,
       1.23136915, 0.42321291, 4.59366787, 0.84599152, 2.40649212,
       0.97506968, 3.79750891, 3.35667797, 5.94744071, 5.77347975,
       1.88733008])]",[628.463002204895]
