,problem,layers,optimizer,solutions,parameters,time
0,"{'type': 'maxcut', 'graph': {'directed': False, 'multigraph': False, 'graph': {}, 'nodes': [{'id': 0}, {'id': 1}, {'id': 2}, {'id': 3}], 'links': [{'weight': 5, 'source': 0, 'target': 1}, {'weight': 5, 'source': 0, 'target': 2}, {'weight': 7, 'source': 0, 'target': 3}, {'weight': 4, 'source': 1, 'target': 2}, {'weight': 8, 'source': 1, 'target': 3}, {'weight': 8, 'source': 2, 'target': 3}]}, 'position': {0: [-0.2548148752963474, -0.8433541504801777], 1: [-0.947498195379204, 0.3810949273552925], 2: [0.9999999999999999, -0.20733107317232005], 3: [0.2023130706755527, 0.6695902962972065]}, 'solution': ([0, 1, 1, 0], 26.0)}",20,"{'optimizer': 'COBYLA', 'maxiter': 100, 'shots': 1024, 'parameter_strategy': 'RANDOM', 'x0': None, 'backend': <QAOA_Tester.Backend.NoisyEstimatorBackend object at 0x7f9a6b8b52a0>}","[([1, 0, 1, 0], -24.0)]","[array([1.14841205, 3.10554765, 6.17835209, 1.73855763, 1.43517444,
       4.17633859, 2.59283353, 3.21014141, 2.00471225, 3.31895676,
       1.95444121, 4.54507764, 2.26111883, 6.17362578, 4.86598946,
       4.21467761, 3.67756404, 3.7126986 , 1.71997393, 2.73711602,
       1.9188656 , 2.66440904, 3.81216246, 4.29896572, 1.22383664,
       1.59351597, 5.99196272, 3.40766349, 1.57909599, 1.19530513,
       2.51242349, 5.99268564, 4.34467387, 2.56429675, 1.5469945 ,
       2.01952395, 0.82798699, 6.00977623, 0.39229696, 1.06516354])]",[593.3653635978699]
