,problem,layers,optimizer,solutions,parameters,time
0,"{'type': 'maxcut', 'graph': {'directed': False, 'multigraph': False, 'graph': {}, 'nodes': [{'id': 0}, {'id': 1}, {'id': 2}, {'id': 3}], 'links': [{'weight': 5, 'source': 0, 'target': 1}, {'weight': 5, 'source': 0, 'target': 2}, {'weight': 7, 'source': 0, 'target': 3}, {'weight': 4, 'source': 1, 'target': 2}, {'weight': 8, 'source': 1, 'target': 3}, {'weight': 8, 'source': 2, 'target': 3}]}, 'position': {0: [-0.2548148752963474, -0.8433541504801777], 1: [-0.947498195379204, 0.3810949273552925], 2: [0.9999999999999999, -0.20733107317232005], 3: [0.2023130706755527, 0.6695902962972065]}, 'solution': ([0, 1, 1, 0], 26.0)}",21,"{'optimizer': 'COBYLA', 'maxiter': 100, 'shots': 1024, 'parameter_strategy': 'RANDOM', 'x0': None, 'backend': <QAOA_Tester.Backend.NoisyEstimatorBackend object at 0x7fb57ff3f730>}","[([0, 0, 1, 0], -17.0)]","[array([3.89293388, 3.66341007, 3.4045598 , 5.27941113, 3.16422528,
       5.16779748, 2.7034316 , 5.76316811, 6.19936397, 3.64822277,
       2.32599747, 2.07057149, 5.38188083, 3.89193486, 2.34931291,
       1.55539558, 4.5941039 , 3.71757903, 3.41572588, 3.98215146,
       6.07176473, 4.56002734, 2.61679939, 4.30538971, 2.17181067,
       2.53026444, 4.84135439, 0.17239773, 5.47360467, 5.33093692,
       2.89505562, 5.04691438, 0.33943017, 0.82350923, 4.67249233,
       1.58799577, 3.97820341, 5.72583391, 4.92991792, 4.67933554,
       0.9088332 , 0.30306521])]",[587.7611198425293]
