,problem,layers,optimizer,solutions,parameters,time
0,"{'type': 'maxcut', 'graph': {'directed': False, 'multigraph': False, 'graph': {}, 'nodes': [{'id': 0}, {'id': 1}, {'id': 2}, {'id': 3}], 'links': [{'weight': 5, 'source': 0, 'target': 1}, {'weight': 5, 'source': 0, 'target': 2}, {'weight': 7, 'source': 0, 'target': 3}, {'weight': 4, 'source': 1, 'target': 2}, {'weight': 8, 'source': 1, 'target': 3}, {'weight': 8, 'source': 2, 'target': 3}]}, 'position': {0: [-0.2548148752963474, -0.8433541504801777], 1: [-0.947498195379204, 0.3810949273552925], 2: [0.9999999999999999, -0.20733107317232005], 3: [0.2023130706755527, 0.6695902962972065]}, 'solution': ([0, 1, 1, 0], 26.0)}",21,"{'optimizer': 'COBYLA', 'maxiter': 100, 'shots': 1024, 'parameter_strategy': 'RANDOM', 'x0': None, 'backend': <QAOA_Tester.Backend.NoisyEstimatorBackend object at 0x7fd05fa3b0a0>}","[([1, 0, 0, 0], -17.0)]","[array([4.59390378, 4.27288383, 5.3293274 , 6.06534676, 4.57394711,
       1.00228946, 6.20685215, 0.95234598, 6.24510559, 2.22327027,
       5.02342158, 1.38725511, 3.28846533, 5.17293925, 6.12730726,
       1.44888668, 4.25144278, 0.24345956, 5.84838534, 3.61719012,
       0.80099906, 2.69610761, 4.90614873, 2.10797148, 3.39552488,
       5.64769693, 4.06485737, 0.23805335, 1.61919025, 4.85564117,
       2.26679283, 1.11085368, 1.28997791, 1.23903085, 5.41448711,
       4.6665724 , 4.3736188 , 0.78462131, 5.43984621, 1.99213638,
       0.5255367 , 6.17787782])]",[570.7486798763275]
