,problem,layers,optimizer,solutions,parameters,time
0,"{'type': 'maxcut', 'graph': {'directed': False, 'multigraph': False, 'graph': {}, 'nodes': [{'id': 0}, {'id': 1}, {'id': 2}, {'id': 3}], 'links': [{'weight': 5, 'source': 0, 'target': 1}, {'weight': 5, 'source': 0, 'target': 2}, {'weight': 7, 'source': 0, 'target': 3}, {'weight': 4, 'source': 1, 'target': 2}, {'weight': 8, 'source': 1, 'target': 3}, {'weight': 8, 'source': 2, 'target': 3}]}, 'position': {0: [-0.2548148752963474, -0.8433541504801777], 1: [-0.947498195379204, 0.3810949273552925], 2: [0.9999999999999999, -0.20733107317232005], 3: [0.2023130706755527, 0.6695902962972065]}, 'solution': ([0, 1, 1, 0], 26.0)}",24,"{'optimizer': 'COBYLA', 'maxiter': 100, 'shots': 1024, 'parameter_strategy': 'RANDOM', 'x0': None, 'backend': <QAOA_Tester.Backend.NoisyEstimatorBackend object at 0x7fcc4a54a350>}","[([1, 0, 1, 1], -17.0)]","[array([1.57794138, 4.7700799 , 2.35745211, 2.21779625, 3.48464801,
       3.78578991, 4.4902638 , 2.76103134, 3.39059428, 6.05851222,
       3.3779467 , 5.54566976, 5.56774187, 0.05762064, 3.64379663,
       0.82096499, 2.25605297, 1.03995654, 5.242626  , 1.16327939,
       4.88772826, 4.43024431, 2.45877955, 3.69270406, 1.56270639,
       2.82245903, 5.22316619, 2.3381003 , 2.00367584, 4.07954698,
       2.16492007, 5.14842396, 5.89405004, 1.52762896, 6.27512348,
       2.83162188, 3.80953338, 2.54506919, 4.49960725, 1.25913613,
       3.29047974, 6.03561597, 1.94348703, 3.39605013, 4.62084237,
       2.67727471, 1.70252319, 4.80145382])]",[586.5907723903656]
