,problem,layers,optimizer,solutions,parameters,time
0,"{'type': 'maxcut', 'graph': {'directed': False, 'multigraph': False, 'graph': {}, 'nodes': [{'id': 0}, {'id': 1}, {'id': 2}, {'id': 3}], 'links': [{'weight': 5, 'source': 0, 'target': 1}, {'weight': 5, 'source': 0, 'target': 2}, {'weight': 7, 'source': 0, 'target': 3}, {'weight': 4, 'source': 1, 'target': 2}, {'weight': 8, 'source': 1, 'target': 3}, {'weight': 8, 'source': 2, 'target': 3}]}, 'position': {0: [-0.2548148752963474, -0.8433541504801777], 1: [-0.947498195379204, 0.3810949273552925], 2: [0.9999999999999999, -0.20733107317232005], 3: [0.2023130706755527, 0.6695902962972065]}, 'solution': ([0, 1, 1, 0], 26.0)}",18,"{'optimizer': 'COBYLA', 'maxiter': 100, 'shots': 1024, 'parameter_strategy': 'RANDOM', 'x0': None, 'backend': <QAOA_Tester.Backend.NoisyEstimatorBackend object at 0x7fd94b3c2ef0>}","[([1, 1, 0, 0], -24.0)]","[array([4.02068614, 4.35000519, 5.37652203, 0.9518681 , 0.42066356,
       1.16579726, 4.48189852, 3.76779523, 5.21586383, 2.75314787,
       5.93381156, 3.59222409, 5.97213219, 3.68308376, 0.22613728,
       2.79270489, 0.92404724, 6.25493782, 1.97493701, 5.64310584,
       4.10299774, 1.40139443, 1.97010352, 1.4720195 , 2.10812991,
       4.59221059, 3.33344196, 6.14672466, 0.74414903, 1.16388287,
       3.27729528, 5.45105974, 3.30145423, 1.69921999, 4.88463095,
       2.27902587])]",[616.2416749000549]
