,problem,layers,optimizer,solutions,parameters,time
0,"{'type': 'maxcut', 'graph': {'directed': False, 'multigraph': False, 'graph': {}, 'nodes': [{'id': 0}, {'id': 1}, {'id': 2}, {'id': 3}], 'links': [{'weight': 5, 'source': 0, 'target': 1}, {'weight': 5, 'source': 0, 'target': 2}, {'weight': 7, 'source': 0, 'target': 3}, {'weight': 4, 'source': 1, 'target': 2}, {'weight': 8, 'source': 1, 'target': 3}, {'weight': 8, 'source': 2, 'target': 3}]}, 'position': {0: [-0.2548148752963474, -0.8433541504801777], 1: [-0.947498195379204, 0.3810949273552925], 2: [0.9999999999999999, -0.20733107317232005], 3: [0.2023130706755527, 0.6695902962972065]}, 'solution': ([0, 1, 1, 0], 26.0)}",25,"{'optimizer': 'COBYLA', 'maxiter': 100, 'shots': 1024, 'parameter_strategy': 'RANDOM', 'x0': None, 'backend': <QAOA_Tester.Backend.NoisyEstimatorBackend object at 0x7fa65bf8abc0>}","[([1, 1, 0, 0], -24.0)]","[array([4.79974812, 2.16494523, 3.36861125, 1.88853252, 0.25304104,
       1.02071263, 2.38027811, 0.77525461, 3.75478212, 3.00813234,
       2.12587848, 0.99334929, 4.80353781, 4.25160238, 5.60502167,
       5.78911543, 2.91699864, 4.91486173, 3.33196535, 5.62310478,
       4.84188319, 5.65922217, 5.48934201, 0.31613518, 5.97780614,
       2.73616181, 3.82359166, 5.71126575, 5.91156969, 2.97970066,
       2.03687065, 3.73321886, 0.23634356, 0.09329335, 4.34615474,
       4.52753689, 1.9312223 , 3.85919362, 0.8634888 , 5.70644345,
       5.46853497, 0.95160202, 2.09576775, 5.64966905, 5.39633818,
       0.58298681, 5.16823969, 4.16265602, 0.65625729, 1.69195219])]",[585.4045534133911]
