,problem,layers,optimizer,solutions,parameters,time
0,"{'type': 'maxcut', 'graph': {'directed': False, 'multigraph': False, 'graph': {}, 'nodes': [{'id': 0}, {'id': 1}, {'id': 2}, {'id': 3}], 'links': [{'weight': 5, 'source': 0, 'target': 1}, {'weight': 5, 'source': 0, 'target': 2}, {'weight': 7, 'source': 0, 'target': 3}, {'weight': 4, 'source': 1, 'target': 2}, {'weight': 8, 'source': 1, 'target': 3}, {'weight': 8, 'source': 2, 'target': 3}]}, 'position': {0: [-0.2548148752963474, -0.8433541504801777], 1: [-0.947498195379204, 0.3810949273552925], 2: [0.9999999999999999, -0.20733107317232005], 3: [0.2023130706755527, 0.6695902962972065]}, 'solution': ([0, 1, 1, 0], 26.0)}",22,"{'optimizer': 'COBYLA', 'maxiter': 100, 'shots': 1024, 'parameter_strategy': 'RANDOM', 'x0': None, 'backend': <QAOA_Tester.Backend.NoisyEstimatorBackend object at 0x7fe1d2d2afe0>}","[([0, 1, 0, 1], -24.0)]","[array([4.36911572, 4.88841846, 4.79486401, 1.49638446, 2.67774161,
       4.04190731, 5.8616951 , 5.21137678, 5.89270969, 3.14520465,
       0.3721405 , 3.38947333, 3.77211786, 1.2320918 , 2.30364394,
       1.70158824, 0.17396065, 6.21984261, 3.01446546, 1.49270749,
       4.36640714, 3.33293418, 3.38305348, 2.77394713, 1.80315026,
       2.26093106, 1.94895944, 4.74787729, 2.78257295, 3.05028443,
       0.24003307, 2.43777471, 5.73143028, 4.89231397, 3.7323085 ,
       4.33412536, 1.73907149, 2.08906989, 2.50876331, 2.42841872,
       3.08100403, 4.05730703, 2.50912151, 1.56714562])]",[617.2044315338135]
