,problem,layers,optimizer,solutions,parameters,time
0,"{'type': 'maxcut', 'graph': {'directed': False, 'multigraph': False, 'graph': {}, 'nodes': [{'id': 0}, {'id': 1}, {'id': 2}, {'id': 3}], 'links': [{'weight': 5, 'source': 0, 'target': 1}, {'weight': 5, 'source': 0, 'target': 2}, {'weight': 7, 'source': 0, 'target': 3}, {'weight': 4, 'source': 1, 'target': 2}, {'weight': 8, 'source': 1, 'target': 3}, {'weight': 8, 'source': 2, 'target': 3}]}, 'position': {0: [-0.2548148752963474, -0.8433541504801777], 1: [-0.947498195379204, 0.3810949273552925], 2: [0.9999999999999999, -0.20733107317232005], 3: [0.2023130706755527, 0.6695902962972065]}, 'solution': ([0, 1, 1, 0], 26.0)}",16,"{'optimizer': 'COBYLA', 'maxiter': 100, 'shots': 1024, 'parameter_strategy': 'RANDOM', 'x0': None, 'backend': <QAOA_Tester.Backend.NoisyEstimatorBackend object at 0x7f7eed072ad0>}","[([1, 1, 0, 0], -24.0)]","[array([1.17561933, 2.06299006, 1.65879741, 2.62226669, 2.88221675,
       5.78467877, 5.535504  , 1.66100376, 0.35678847, 1.30301941,
       2.11912561, 2.0955688 , 0.87228018, 1.95901768, 6.06131945,
       3.01137413, 2.22920164, 3.5378746 , 3.29733752, 1.37397047,
       2.48040189, 0.80578096, 4.42483507, 1.99953293, 2.20697059,
       5.30534183, 5.62685261, 2.23456992, 0.01332709, 3.30440701,
       1.0484946 , 3.25459674])]",[585.3938105106354]
