,problem,layers,optimizer,solutions,parameters,time
0,"{'type': 'maxcut', 'graph': {'directed': False, 'multigraph': False, 'graph': {}, 'nodes': [{'id': 0}, {'id': 1}, {'id': 2}, {'id': 3}], 'links': [{'weight': 5, 'source': 0, 'target': 1}, {'weight': 5, 'source': 0, 'target': 2}, {'weight': 7, 'source': 0, 'target': 3}, {'weight': 4, 'source': 1, 'target': 2}, {'weight': 8, 'source': 1, 'target': 3}, {'weight': 8, 'source': 2, 'target': 3}]}, 'position': {0: [-0.2548148752963474, -0.8433541504801777], 1: [-0.947498195379204, 0.3810949273552925], 2: [0.9999999999999999, -0.20733107317232005], 3: [0.2023130706755527, 0.6695902962972065]}, 'solution': ([0, 1, 1, 0], 26.0)}",20,"{'optimizer': 'COBYLA', 'maxiter': 100, 'shots': 1024, 'parameter_strategy': 'RANDOM', 'x0': None, 'backend': <QAOA_Tester.Backend.NoisyEstimatorBackend object at 0x7f8047dff1f0>}","[([0, 0, 0, 1], -23.0)]","[array([1.87443838, 4.97599386, 3.38568399, 2.16629948, 6.35301075,
       0.98609148, 0.72034343, 1.33051864, 4.9288184 , 2.45662625,
       4.89297361, 6.13475656, 4.51825327, 3.95007267, 4.38279615,
       5.47559361, 5.31225719, 5.48228129, 3.18326168, 3.14893443,
       1.86443271, 2.87581206, 2.50108482, 1.8004932 , 5.84543253,
       2.00023256, 4.58910683, 5.77096595, 0.34974628, 1.25768044,
       1.19651339, 3.71971754, 5.00269461, 4.27302179, 1.75002295,
       3.472665  , 2.61144673, 2.03416864, 4.95958082, 1.33207253])]",[581.8115811347961]
