,problem,layers,optimizer,solutions,parameters,time
0,"{'type': 'maxcut', 'graph': {'directed': False, 'multigraph': False, 'graph': {}, 'nodes': [{'id': 0}, {'id': 1}, {'id': 2}, {'id': 3}], 'links': [{'weight': 5, 'source': 0, 'target': 1}, {'weight': 5, 'source': 0, 'target': 2}, {'weight': 7, 'source': 0, 'target': 3}, {'weight': 4, 'source': 1, 'target': 2}, {'weight': 8, 'source': 1, 'target': 3}, {'weight': 8, 'source': 2, 'target': 3}]}, 'position': {0: [-0.2548148752963474, -0.8433541504801777], 1: [-0.947498195379204, 0.3810949273552925], 2: [0.9999999999999999, -0.20733107317232005], 3: [0.2023130706755527, 0.6695902962972065]}, 'solution': ([0, 1, 1, 0], 26.0)}",14,"{'optimizer': 'COBYLA', 'maxiter': 100, 'shots': 1024, 'parameter_strategy': 'RANDOM', 'x0': None, 'backend': <QAOA_Tester.Backend.NoisyEstimatorBackend object at 0x7f8bed664f40>}","[([1, 0, 0, 0], -17.0)]","[array([2.28906937, 2.1033746 , 5.6957134 , 1.7085585 , 6.36801389,
       0.89989888, 5.9313975 , 1.82557657, 2.599122  , 0.69045392,
       6.49025528, 5.29137422, 5.58254114, 6.64073303, 1.09729346,
       1.35180935, 2.34990801, 2.56661853, 6.27725164, 0.84916984,
       0.38988047, 3.51637907, 0.87418131, 6.06540151, 2.31951987,
       6.08811416, 6.14966527, 3.19723916])]",[585.6331477165222]
