,problem,layers,optimizer,solutions,parameters,time
0,"{'type': 'maxcut', 'graph': {'directed': False, 'multigraph': False, 'graph': {}, 'nodes': [{'id': 0}, {'id': 1}, {'id': 2}, {'id': 3}], 'links': [{'weight': 5, 'source': 0, 'target': 1}, {'weight': 5, 'source': 0, 'target': 2}, {'weight': 7, 'source': 0, 'target': 3}, {'weight': 4, 'source': 1, 'target': 2}, {'weight': 8, 'source': 1, 'target': 3}, {'weight': 8, 'source': 2, 'target': 3}]}, 'position': {0: [-0.2548148752963474, -0.8433541504801777], 1: [-0.947498195379204, 0.3810949273552925], 2: [0.9999999999999999, -0.20733107317232005], 3: [0.2023130706755527, 0.6695902962972065]}, 'solution': ([0, 1, 1, 0], 26.0)}",17,"{'optimizer': 'COBYLA', 'maxiter': 100, 'shots': 1024, 'parameter_strategy': 'RANDOM', 'x0': None, 'backend': <QAOA_Tester.Backend.NoisyEstimatorBackend object at 0x7fe8b5ce6ec0>}","[([1, 1, 0, 0], -24.0)]","[array([ 4.23622859,  0.66130433,  0.5235584 ,  1.1482257 ,  1.77127645,
        5.19685187,  4.81512861, -0.20276776,  0.78316028,  0.5640789 ,
        2.63010561, -0.02585512,  3.53474259,  2.25762377,  2.24694855,
        3.47344243,  3.41367744,  1.64429494,  0.61612831,  5.79107823,
        5.52727817,  2.03614237,  3.64889479,  0.18428473,  3.97542485,
        3.20648347,  1.04574988,  2.80640503,  5.54040485,  4.70462177,
        0.33827596,  5.55508389,  5.89742665,  2.89121943])]",[598.8542914390564]
