,problem,layers,optimizer,solutions,parameters,time
0,"{'type': 'maxcut', 'graph': {'directed': False, 'multigraph': False, 'graph': {}, 'nodes': [{'id': 0}, {'id': 1}, {'id': 2}, {'id': 3}], 'links': [{'weight': 5, 'source': 0, 'target': 1}, {'weight': 5, 'source': 0, 'target': 2}, {'weight': 7, 'source': 0, 'target': 3}, {'weight': 4, 'source': 1, 'target': 2}, {'weight': 8, 'source': 1, 'target': 3}, {'weight': 8, 'source': 2, 'target': 3}]}, 'position': {0: [-0.2548148752963474, -0.8433541504801777], 1: [-0.947498195379204, 0.3810949273552925], 2: [0.9999999999999999, -0.20733107317232005], 3: [0.2023130706755527, 0.6695902962972065]}, 'solution': ([0, 1, 1, 0], 26.0)}",24,"{'optimizer': 'COBYLA', 'maxiter': 100, 'shots': 1024, 'parameter_strategy': 'RANDOM', 'x0': None, 'backend': <QAOA_Tester.Backend.NoisyEstimatorBackend object at 0x7fbb61f89f60>}","[([0, 1, 1, 0], -26.0)]","[array([3.45432573, 4.4175259 , 0.98109263, 5.00693956, 0.43180746,
       3.36075226, 3.24112858, 5.67338628, 5.86835173, 5.73884857,
       4.02490715, 5.78443198, 0.89674378, 3.34895997, 4.2983466 ,
       2.41887852, 0.17479992, 5.74728364, 5.42253256, 5.27829218,
       2.39284003, 0.65328752, 4.92956268, 3.37809409, 2.07682212,
       2.16858603, 1.30538018, 2.041194  , 4.3487246 , 2.71686826,
       5.63008777, 3.88956151, 5.88700682, 2.5869963 , 3.91497645,
       4.54016266, 6.26442409, 4.64118215, 3.90574268, 2.46109964,
       6.06751875, 3.3978887 , 3.39096567, 2.87317195, 4.18214739,
       4.49818795, 0.59519579, 1.03647826])]",[615.6846952438354]
