,problem,layers,optimizer,solutions,parameters,time
0,"{'type': 'maxcut', 'graph': {'directed': False, 'multigraph': False, 'graph': {}, 'nodes': [{'id': 0}, {'id': 1}, {'id': 2}, {'id': 3}], 'links': [{'weight': 5, 'source': 0, 'target': 1}, {'weight': 5, 'source': 0, 'target': 2}, {'weight': 7, 'source': 0, 'target': 3}, {'weight': 4, 'source': 1, 'target': 2}, {'weight': 8, 'source': 1, 'target': 3}, {'weight': 8, 'source': 2, 'target': 3}]}, 'position': {0: [-0.2548148752963474, -0.8433541504801777], 1: [-0.947498195379204, 0.3810949273552925], 2: [0.9999999999999999, -0.20733107317232005], 3: [0.2023130706755527, 0.6695902962972065]}, 'solution': ([0, 1, 1, 0], 26.0)}",21,"{'optimizer': 'COBYLA', 'maxiter': 100, 'shots': 1024, 'parameter_strategy': 'RANDOM', 'x0': None, 'backend': <QAOA_Tester.Backend.NoisyEstimatorBackend object at 0x7f1b7d6d6bc0>}","[([1, 0, 0, 1], -26.0)]","[array([5.040295  , 4.2459225 , 2.26305749, 0.74542592, 2.68290665,
       2.84103751, 0.58107133, 2.47773795, 5.91144788, 6.11983808,
       0.39691385, 4.63216735, 5.31550734, 5.60508082, 6.0366352 ,
       5.482188  , 6.23651145, 4.45723137, 3.154507  , 3.81090617,
       3.47261502, 2.20561321, 0.69930609, 1.37981723, 0.96447797,
       3.24865698, 5.88593714, 4.46842502, 4.6182465 , 5.90417844,
       3.02477885, 4.4340302 , 4.67159193, 3.83803419, 5.08765705,
       2.59179861, 4.50557119, 3.16814062, 4.52679388, 1.60623317,
       0.29425087, 5.02606501])]",[579.5150372982025]
