,problem,layers,optimizer,solutions,parameters,time
0,"{'type': 'maxcut', 'graph': {'directed': False, 'multigraph': False, 'graph': {}, 'nodes': [{'id': 0}, {'id': 1}, {'id': 2}, {'id': 3}], 'links': [{'weight': 5, 'source': 0, 'target': 1}, {'weight': 5, 'source': 0, 'target': 2}, {'weight': 7, 'source': 0, 'target': 3}, {'weight': 4, 'source': 1, 'target': 2}, {'weight': 8, 'source': 1, 'target': 3}, {'weight': 8, 'source': 2, 'target': 3}]}, 'position': {0: [-0.2548148752963474, -0.8433541504801777], 1: [-0.947498195379204, 0.3810949273552925], 2: [0.9999999999999999, -0.20733107317232005], 3: [0.2023130706755527, 0.6695902962972065]}, 'solution': ([0, 1, 1, 0], 26.0)}",18,"{'optimizer': 'COBYLA', 'maxiter': 100, 'shots': 1024, 'parameter_strategy': 'RANDOM', 'x0': None, 'backend': <QAOA_Tester.Backend.NoisyEstimatorBackend object at 0x7ff706d71540>}","[([1, 0, 1, 0], -24.0)]","[array([5.84478335, 0.24612171, 3.97244053, 4.57793037, 4.80892613,
       3.08661211, 3.10554695, 3.5055054 , 1.46304425, 0.70683594,
       2.3817607 , 5.3310504 , 6.2629913 , 2.4704084 , 3.71991262,
       5.64060697, 4.99664289, 6.25705418, 4.51106433, 2.32501397,
       5.51387589, 3.46270943, 2.56382682, 0.0550207 , 4.6855472 ,
       4.11095155, 0.48292363, 4.78035113, 0.13898495, 5.34354926,
       5.94769265, 1.72567093, 1.49933566, 2.3046062 , 3.62374798,
       6.19487562])]",[615.4566524028778]
