,problem,layers,optimizer,solutions,parameters,time
0,"{'type': 'maxcut', 'graph': {'directed': False, 'multigraph': False, 'graph': {}, 'nodes': [{'id': 0}, {'id': 1}, {'id': 2}, {'id': 3}], 'links': [{'weight': 5, 'source': 0, 'target': 1}, {'weight': 5, 'source': 0, 'target': 2}, {'weight': 7, 'source': 0, 'target': 3}, {'weight': 4, 'source': 1, 'target': 2}, {'weight': 8, 'source': 1, 'target': 3}, {'weight': 8, 'source': 2, 'target': 3}]}, 'position': {0: [-0.2548148752963474, -0.8433541504801777], 1: [-0.947498195379204, 0.3810949273552925], 2: [0.9999999999999999, -0.20733107317232005], 3: [0.2023130706755527, 0.6695902962972065]}, 'solution': ([0, 1, 1, 0], 26.0)}",27,"{'optimizer': 'COBYLA', 'maxiter': 100, 'shots': 1024, 'parameter_strategy': 'RANDOM', 'x0': None, 'backend': <QAOA_Tester.Backend.NoisyEstimatorBackend object at 0x7f105c7cd540>}","[([1, 1, 1, 0], -23.0)]","[array([4.90293217, 1.84492853, 0.5488051 , 5.24256253, 5.70666733,
       0.34871144, 0.5057713 , 0.68894344, 3.96284486, 1.99172953,
       4.72997749, 2.60053522, 3.90432694, 1.57536097, 1.626084  ,
       0.02225495, 5.5253635 , 4.63778875, 1.18540409, 3.80413758,
       1.87972963, 5.43926639, 0.20438687, 5.78192142, 1.73899347,
       4.60097137, 7.15055422, 5.80924993, 1.58702338, 1.22813772,
       5.50261511, 2.97833775, 2.65506661, 4.19783299, 4.19762   ,
       6.23419968, 1.76188694, 5.46867245, 2.84823344, 4.41481709,
       5.36566044, 6.01056727, 1.1163904 , 0.94420555, 1.04836849,
       5.37484625, 6.04174703, 1.3119025 , 4.92128561, 2.28005648,
       3.62293258, 3.53940004, 1.1791725 , 1.34353256])]",[590.4307763576508]
