,problem,layers,optimizer,solutions,parameters,time
0,"{'type': 'maxcut', 'graph': {'directed': False, 'multigraph': False, 'graph': {}, 'nodes': [{'id': 0}, {'id': 1}, {'id': 2}, {'id': 3}], 'links': [{'weight': 5, 'source': 0, 'target': 1}, {'weight': 5, 'source': 0, 'target': 2}, {'weight': 7, 'source': 0, 'target': 3}, {'weight': 4, 'source': 1, 'target': 2}, {'weight': 8, 'source': 1, 'target': 3}, {'weight': 8, 'source': 2, 'target': 3}]}, 'position': {0: [-0.2548148752963474, -0.8433541504801777], 1: [-0.947498195379204, 0.3810949273552925], 2: [0.9999999999999999, -0.20733107317232005], 3: [0.2023130706755527, 0.6695902962972065]}, 'solution': ([0, 1, 1, 0], 26.0)}",23,"{'optimizer': 'COBYLA', 'maxiter': 100, 'shots': 1024, 'parameter_strategy': 'RANDOM', 'x0': None, 'backend': <QAOA_Tester.Backend.NoisyEstimatorBackend object at 0x7fb13fa46ad0>}","[([0, 0, 1, 1], -24.0)]","[array([2.12567309e+00, 6.13109093e+00, 5.28172594e+00, 9.09280802e-01,
       1.99254942e+00, 8.06925352e-02, 9.62305318e-01, 6.27781189e-03,
       6.12173181e-01, 5.56905950e+00, 1.27124645e+00, 4.33199683e+00,
       6.10288943e+00, 3.90657270e+00, 1.28395846e+00, 4.29487418e-01,
       3.32339649e+00, 1.47995996e+00, 4.25949177e+00, 5.80763378e+00,
       2.76876967e+00, 4.75438230e+00, 2.00577607e+00, 5.82655254e+00,
       3.13964805e+00, 5.20338345e+00, 5.89486395e+00, 2.87479705e+00,
       8.20444786e-02, 4.95580706e+00, 3.69701829e+00, 5.22267255e+00,
       5.87247304e+00, 5.60844120e+00, 6.12756095e+00, 4.42338260e+00,
       2.57461061e+00, 5.81902595e+00, 6.88876146e-04, 1.81633826e+00,
       1.17754294e+00, 9.41711963e-01, 3.33120175e+00, 3.62981857e+00,
       1.10604945e+00, 1.59237235e+00])]",[591.2901585102081]
