,problem,layers,optimizer,solutions,parameters,time
0,"{'type': 'maxcut', 'graph': {'directed': False, 'multigraph': False, 'graph': {}, 'nodes': [{'id': 0}, {'id': 1}, {'id': 2}, {'id': 3}], 'links': [{'weight': 5, 'source': 0, 'target': 1}, {'weight': 5, 'source': 0, 'target': 2}, {'weight': 7, 'source': 0, 'target': 3}, {'weight': 4, 'source': 1, 'target': 2}, {'weight': 8, 'source': 1, 'target': 3}, {'weight': 8, 'source': 2, 'target': 3}]}, 'position': {0: [-0.2548148752963474, -0.8433541504801777], 1: [-0.947498195379204, 0.3810949273552925], 2: [0.9999999999999999, -0.20733107317232005], 3: [0.2023130706755527, 0.6695902962972065]}, 'solution': ([0, 1, 1, 0], 26.0)}",20,"{'optimizer': 'COBYLA', 'maxiter': 100, 'shots': 1024, 'parameter_strategy': 'RANDOM', 'x0': None, 'backend': <QAOA_Tester.Backend.NoisyEstimatorBackend object at 0x7f56dbd3ad70>}","[([1, 0, 0, 0], -17.0)]","[array([1.14834649, 2.1945474 , 0.6807783 , 0.45955177, 4.95120639,
       5.16000732, 5.6435999 , 1.27353327, 6.03745096, 2.6817545 ,
       2.8722154 , 1.72291481, 4.29564949, 1.46079012, 2.42498568,
       1.51144365, 1.40952503, 3.49039339, 0.95421453, 3.00134144,
       0.9503369 , 3.90119622, 6.16132394, 3.81448108, 4.94171327,
       3.38362252, 5.78538077, 3.32175569, 2.7884397 , 4.79926212,
       0.08643553, 5.9008375 , 4.20312088, 5.74475008, 2.83986504,
       0.42682061, 5.75369906, 1.55399885, 2.51860766, 3.95973932])]",[612.3742275238037]
