,problem,layers,optimizer,solutions,parameters,time
0,"{'type': 'maxcut', 'graph': {'directed': False, 'multigraph': False, 'graph': {}, 'nodes': [{'id': 0}, {'id': 1}, {'id': 2}, {'id': 3}], 'links': [{'weight': 5, 'source': 0, 'target': 1}, {'weight': 5, 'source': 0, 'target': 2}, {'weight': 7, 'source': 0, 'target': 3}, {'weight': 4, 'source': 1, 'target': 2}, {'weight': 8, 'source': 1, 'target': 3}, {'weight': 8, 'source': 2, 'target': 3}]}, 'position': {0: [-0.2548148752963474, -0.8433541504801777], 1: [-0.947498195379204, 0.3810949273552925], 2: [0.9999999999999999, -0.20733107317232005], 3: [0.2023130706755527, 0.6695902962972065]}, 'solution': ([0, 1, 1, 0], 26.0)}",17,"{'optimizer': 'COBYLA', 'maxiter': 100, 'shots': 1024, 'parameter_strategy': 'RANDOM', 'x0': None, 'backend': <QAOA_Tester.Backend.NoisyEstimatorBackend object at 0x7ff4f103eda0>}","[([0, 1, 1, 1], -17.0)]","[array([5.49612464, 5.75843976, 4.03315219, 5.47797851, 1.77240027,
       4.93961476, 1.85351991, 3.21775654, 4.03730656, 5.7140315 ,
       4.48092791, 5.94581858, 4.13950706, 0.4868517 , 4.79125803,
       4.47377389, 5.37299069, 1.21767131, 3.50033418, 5.38537303,
       0.53502913, 2.22067707, 4.86679005, 4.07260928, 0.59859396,
       1.26857311, 5.05008911, 2.73945547, 6.19005285, 5.66527903,
       4.5256024 , 4.64031337, 2.01645604, 2.34848227])]",[582.491676568985]
