,problem,layers,optimizer,solutions,parameters,time
0,"{'type': 'maxcut', 'graph': {'directed': False, 'multigraph': False, 'graph': {}, 'nodes': [{'id': 0}, {'id': 1}, {'id': 2}, {'id': 3}], 'links': [{'weight': 5, 'source': 0, 'target': 1}, {'weight': 5, 'source': 0, 'target': 2}, {'weight': 7, 'source': 0, 'target': 3}, {'weight': 4, 'source': 1, 'target': 2}, {'weight': 8, 'source': 1, 'target': 3}, {'weight': 8, 'source': 2, 'target': 3}]}, 'position': {0: [-0.2548148752963474, -0.8433541504801777], 1: [-0.947498195379204, 0.3810949273552925], 2: [0.9999999999999999, -0.20733107317232005], 3: [0.2023130706755527, 0.6695902962972065]}, 'solution': ([0, 1, 1, 0], 26.0)}",17,"{'optimizer': 'COBYLA', 'maxiter': 100, 'shots': 1024, 'parameter_strategy': 'RANDOM', 'x0': None, 'backend': <QAOA_Tester.Backend.NoisyEstimatorBackend object at 0x7f50d8be2080>}","[([1, 0, 0, 0], -17.0)]","[array([ 3.06191021e+00,  2.82773441e+00,  5.83191637e+00,  1.65779711e+00,
        4.27846241e+00,  3.74405072e+00,  4.43676210e+00,  3.95582243e+00,
        3.97586460e+00,  1.02155025e+00,  4.57290288e+00,  1.67871408e+00,
        6.29370624e+00,  3.26131611e+00,  2.36783093e+00, -2.77197354e-01,
        3.53673826e+00,  5.24364990e-03,  3.85552792e+00,  4.37556021e+00,
        3.98435354e-01,  1.94974083e+00,  5.39336069e+00,  6.20653623e+00,
        2.88157369e+00,  3.28218394e+00,  2.03382507e+00,  3.51695112e+00,
        5.02000144e+00,  3.14743537e+00,  4.23514479e+00,  1.34437908e+00,
        1.09691799e+00,  2.31524327e+00])]",[594.8031089305878]
