,problem,layers,optimizer,solutions,parameters,time
0,"{'type': 'maxcut', 'graph': {'directed': False, 'multigraph': False, 'graph': {}, 'nodes': [{'id': 0}, {'id': 1}, {'id': 2}, {'id': 3}], 'links': [{'weight': 5, 'source': 0, 'target': 1}, {'weight': 5, 'source': 0, 'target': 2}, {'weight': 7, 'source': 0, 'target': 3}, {'weight': 4, 'source': 1, 'target': 2}, {'weight': 8, 'source': 1, 'target': 3}, {'weight': 8, 'source': 2, 'target': 3}]}, 'position': {0: [-0.2548148752963474, -0.8433541504801777], 1: [-0.947498195379204, 0.3810949273552925], 2: [0.9999999999999999, -0.20733107317232005], 3: [0.2023130706755527, 0.6695902962972065]}, 'solution': ([0, 1, 1, 0], 26.0)}",21,"{'optimizer': 'COBYLA', 'maxiter': 100, 'shots': 1024, 'parameter_strategy': 'RANDOM', 'x0': None, 'backend': <QAOA_Tester.Backend.NoisyEstimatorBackend object at 0x7fec1b1aefb0>}","[([0, 0, 1, 0], -17.0)]","[array([2.8286547 , 0.05953083, 5.95572307, 2.95870711, 0.80622912,
       5.89660388, 2.57253967, 5.3310877 , 2.33652826, 1.87185975,
       2.51194496, 0.46921175, 5.39135116, 3.97597973, 0.01268945,
       4.62657186, 0.3754915 , 2.40851054, 4.67692328, 3.43390565,
       3.31264752, 5.39362157, 4.67792395, 2.26585664, 4.87919348,
       1.0487754 , 0.43521366, 0.31332495, 3.96337363, 4.20780517,
       4.09943743, 2.49555721, 2.47304661, 0.66027874, 6.17750428,
       3.6304784 , 3.07510538, 2.13388189, 4.91083033, 4.17438496,
       6.02700233, 1.91095276])]",[589.2968621253967]
