,problem,layers,optimizer,solutions,parameters,time
0,"{'type': 'maxcut', 'graph': {'directed': False, 'multigraph': False, 'graph': {}, 'nodes': [{'id': 0}, {'id': 1}, {'id': 2}, {'id': 3}], 'links': [{'weight': 5, 'source': 0, 'target': 1}, {'weight': 5, 'source': 0, 'target': 2}, {'weight': 7, 'source': 0, 'target': 3}, {'weight': 4, 'source': 1, 'target': 2}, {'weight': 8, 'source': 1, 'target': 3}, {'weight': 8, 'source': 2, 'target': 3}]}, 'position': {0: [-0.2548148752963474, -0.8433541504801777], 1: [-0.947498195379204, 0.3810949273552925], 2: [0.9999999999999999, -0.20733107317232005], 3: [0.2023130706755527, 0.6695902962972065]}, 'solution': ([0, 1, 1, 0], 26.0)}",18,"{'optimizer': 'COBYLA', 'maxiter': 100, 'shots': 1024, 'parameter_strategy': 'RANDOM', 'x0': None, 'backend': <QAOA_Tester.Backend.NoisyEstimatorBackend object at 0x7fdc7e75dfc0>}","[([1, 1, 1, 1], 0.0)]","[array([1.34969418, 3.12600034, 5.74466328, 1.4920022 , 6.23331036,
       1.33950275, 4.78794482, 2.56629931, 5.02053531, 5.40446915,
       5.02746829, 2.17301816, 3.99954965, 1.4519862 , 4.51120214,
       0.30660735, 3.72516926, 3.52075248, 5.23673112, 0.83791351,
       4.59269563, 0.66004196, 1.32776526, 1.79054236, 0.05086651,
       5.84593774, 5.85419016, 4.27318856, 1.07579001, 2.57053565,
       3.22372355, 3.68199331, 3.13981556, 0.09369047, 4.42342219,
       5.49715406])]",[623.292781829834]
