,problem,layers,optimizer,solutions,parameters,time
0,"{'type': 'maxcut', 'graph': {'directed': False, 'multigraph': False, 'graph': {}, 'nodes': [{'id': 0}, {'id': 1}, {'id': 2}, {'id': 3}], 'links': [{'weight': 5, 'source': 0, 'target': 1}, {'weight': 5, 'source': 0, 'target': 2}, {'weight': 7, 'source': 0, 'target': 3}, {'weight': 4, 'source': 1, 'target': 2}, {'weight': 8, 'source': 1, 'target': 3}, {'weight': 8, 'source': 2, 'target': 3}]}, 'position': {0: [-0.2548148752963474, -0.8433541504801777], 1: [-0.947498195379204, 0.3810949273552925], 2: [0.9999999999999999, -0.20733107317232005], 3: [0.2023130706755527, 0.6695902962972065]}, 'solution': ([0, 1, 1, 0], 26.0)}",17,"{'optimizer': 'COBYLA', 'maxiter': 100, 'shots': 1024, 'parameter_strategy': 'RANDOM', 'x0': None, 'backend': <QAOA_Tester.Backend.NoisyEstimatorBackend object at 0x7f6a6105f430>}","[([1, 1, 0, 1], -17.0)]","[array([6.25834596, 2.21262605, 1.01285554, 5.3178232 , 0.3976363 ,
       5.63344613, 3.90407242, 4.78089553, 0.27861422, 3.61239302,
       1.69217525, 1.56892735, 6.21102595, 3.1167774 , 4.84840897,
       2.68768499, 6.22265521, 1.22606486, 0.37069561, 4.81389046,
       3.16868321, 5.97829035, 2.62942275, 1.42255539, 4.35701571,
       0.26119094, 0.25987032, 3.92566231, 2.23442599, 1.19508937,
       3.7749662 , 4.02063563, 3.69305655, 0.02390423])]",[591.7282910346985]
