,problem,layers,optimizer,solutions,parameters,time
0,"{'type': 'maxcut', 'graph': {'directed': False, 'multigraph': False, 'graph': {}, 'nodes': [{'id': 0}, {'id': 1}, {'id': 2}, {'id': 3}], 'links': [{'weight': 5, 'source': 0, 'target': 1}, {'weight': 5, 'source': 0, 'target': 2}, {'weight': 7, 'source': 0, 'target': 3}, {'weight': 4, 'source': 1, 'target': 2}, {'weight': 8, 'source': 1, 'target': 3}, {'weight': 8, 'source': 2, 'target': 3}]}, 'position': {0: [-0.2548148752963474, -0.8433541504801777], 1: [-0.947498195379204, 0.3810949273552925], 2: [0.9999999999999999, -0.20733107317232005], 3: [0.2023130706755527, 0.6695902962972065]}, 'solution': ([0, 1, 1, 0], 26.0)}",21,"{'optimizer': 'COBYLA', 'maxiter': 100, 'shots': 1024, 'parameter_strategy': 'RANDOM', 'x0': None, 'backend': <QAOA_Tester.Backend.NoisyEstimatorBackend object at 0x7f089a8c6440>}","[([1, 0, 0, 1], -26.0)]","[array([4.53332744, 2.3339057 , 5.05787955, 1.4869121 , 1.96243166,
       2.75026384, 0.93861937, 0.52306738, 4.31292223, 5.12916205,
       3.95503188, 5.99309603, 1.40734756, 0.44845031, 1.79229267,
       0.55415527, 3.462108  , 2.12878313, 0.18232192, 4.58061006,
       7.26625203, 3.46878452, 2.49999345, 3.05916272, 2.79771026,
       0.28758595, 1.38321983, 6.10788147, 4.53199509, 1.47632739,
       2.00601019, 6.26623101, 3.84592723, 5.65229889, 5.27716353,
       5.11236634, 3.34332999, 2.83768422, 0.82595274, 1.90342002,
       1.88296394, 2.577842  ])]",[576.8336856365204]
