,problem,layers,optimizer,solutions,parameters,time
0,"{'type': 'maxcut', 'graph': {'directed': False, 'multigraph': False, 'graph': {}, 'nodes': [{'id': 0}, {'id': 1}, {'id': 2}, {'id': 3}], 'links': [{'weight': 5, 'source': 0, 'target': 1}, {'weight': 5, 'source': 0, 'target': 2}, {'weight': 7, 'source': 0, 'target': 3}, {'weight': 4, 'source': 1, 'target': 2}, {'weight': 8, 'source': 1, 'target': 3}, {'weight': 8, 'source': 2, 'target': 3}]}, 'position': {0: [-0.2548148752963474, -0.8433541504801777], 1: [-0.947498195379204, 0.3810949273552925], 2: [0.9999999999999999, -0.20733107317232005], 3: [0.2023130706755527, 0.6695902962972065]}, 'solution': ([0, 1, 1, 0], 26.0)}",19,"{'optimizer': 'COBYLA', 'maxiter': 100, 'shots': 1024, 'parameter_strategy': 'RANDOM', 'x0': None, 'backend': <QAOA_Tester.Backend.NoisyEstimatorBackend object at 0x7fe236475b10>}","[([1, 0, 1, 0], -24.0)]","[array([1.99532318, 4.53507753, 3.84890093, 6.25153273, 5.51463255,
       1.24861236, 4.91664375, 1.73752898, 2.33688178, 4.72335826,
       2.77938489, 2.33751501, 5.05115483, 2.28347977, 3.95683897,
       0.76132396, 0.62874544, 2.36085694, 7.23269566, 3.59238234,
       0.89692975, 1.81408405, 3.00592377, 6.39415157, 2.42712558,
       3.83529401, 1.60930715, 4.02905472, 1.09437658, 2.3692148 ,
       3.30031347, 3.42466493, 1.33678341, 2.05329017, 3.78245186,
       6.37025199, 4.35524691, 2.06916936])]",[622.3001329898834]
