,problem,layers,optimizer,solutions,parameters,time
0,"{'type': 'maxcut', 'graph': {'directed': False, 'multigraph': False, 'graph': {}, 'nodes': [{'id': 0}, {'id': 1}, {'id': 2}, {'id': 3}], 'links': [{'weight': 5, 'source': 0, 'target': 1}, {'weight': 5, 'source': 0, 'target': 2}, {'weight': 7, 'source': 0, 'target': 3}, {'weight': 4, 'source': 1, 'target': 2}, {'weight': 8, 'source': 1, 'target': 3}, {'weight': 8, 'source': 2, 'target': 3}]}, 'position': {0: [-0.2548148752963474, -0.8433541504801777], 1: [-0.947498195379204, 0.3810949273552925], 2: [0.9999999999999999, -0.20733107317232005], 3: [0.2023130706755527, 0.6695902962972065]}, 'solution': ([0, 1, 1, 0], 26.0)}",30,"{'optimizer': 'COBYLA', 'maxiter': 100, 'shots': 1024, 'parameter_strategy': 'RANDOM', 'x0': None, 'backend': <QAOA_Tester.Backend.NoisyEstimatorBackend object at 0x7fad4cc95c90>}","[([1, 1, 0, 0], -24.0)]","[array([4.8285642 , 3.62915723, 3.8335603 , 0.16107867, 5.47896438,
       1.79760279, 5.41032608, 0.66636324, 4.26154016, 2.55719245,
       1.93722946, 3.76560393, 5.30447684, 4.13376752, 3.82241508,
       2.37889185, 1.95006901, 0.32793967, 4.40622145, 2.59892113,
       5.81415229, 2.79825165, 2.60414548, 0.08013985, 0.01939435,
       0.99888173, 0.13136679, 4.92332109, 4.49190485, 2.75625953,
       3.57900154, 2.66512804, 3.83795753, 0.26280425, 5.81556372,
       2.97114308, 4.75354946, 5.93772469, 5.96912464, 2.67164145,
       3.76943337, 4.38898024, 0.6385059 , 1.04134222, 5.98301488,
       3.13606746, 2.29671131, 4.08568512, 5.17619443, 5.09348203,
       1.01484189, 5.83511405, 1.28615209, 3.0533486 , 0.16317293,
       0.89205891, 5.26497892, 0.1737932 , 4.90155877, 4.67990011])]",[457.93502593040466]
