,problem,layers,optimizer,solutions,parameters,time
0,"{'type': 'maxcut', 'graph': {'directed': False, 'multigraph': False, 'graph': {}, 'nodes': [{'id': 0}, {'id': 1}, {'id': 2}, {'id': 3}], 'links': [{'weight': 5, 'source': 0, 'target': 1}, {'weight': 5, 'source': 0, 'target': 2}, {'weight': 7, 'source': 0, 'target': 3}, {'weight': 4, 'source': 1, 'target': 2}, {'weight': 8, 'source': 1, 'target': 3}, {'weight': 8, 'source': 2, 'target': 3}]}, 'position': {0: [-0.2548148752963474, -0.8433541504801777], 1: [-0.947498195379204, 0.3810949273552925], 2: [0.9999999999999999, -0.20733107317232005], 3: [0.2023130706755527, 0.6695902962972065]}, 'solution': ([0, 1, 1, 0], 26.0)}",22,"{'optimizer': 'COBYLA', 'maxiter': 100, 'shots': 1024, 'parameter_strategy': 'RANDOM', 'x0': None, 'backend': <QAOA_Tester.Backend.NoisyEstimatorBackend object at 0x7f6f8bb97940>}","[([0, 1, 0, 0], -17.0)]","[array([3.67395889, 2.64984839, 2.95889659, 1.26950136, 3.48561975,
       3.67832077, 0.9953395 , 0.10732664, 2.0892964 , 3.2083674 ,
       2.08420133, 0.82900879, 6.16111146, 6.02695972, 1.2673113 ,
       5.83790978, 2.0327905 , 0.41223846, 3.86055882, 3.77122193,
       2.01812043, 4.1247425 , 4.11607617, 4.06470836, 3.63910354,
       0.93165522, 3.92023106, 3.32064427, 0.82730801, 3.45182371,
       2.19958831, 2.51520048, 2.7934118 , 3.55866107, 5.50918534,
       2.02303592, 3.59066236, 4.76073951, 0.96852604, 4.69603519,
       2.67706513, 3.0573193 , 6.21704472, 5.54109653])]",[587.7139539718628]
