,problem,layers,optimizer,solutions,parameters,time
0,"{'type': 'maxcut', 'graph': {'directed': False, 'multigraph': False, 'graph': {}, 'nodes': [{'id': 0}, {'id': 1}, {'id': 2}, {'id': 3}], 'links': [{'weight': 5, 'source': 0, 'target': 1}, {'weight': 5, 'source': 0, 'target': 2}, {'weight': 7, 'source': 0, 'target': 3}, {'weight': 4, 'source': 1, 'target': 2}, {'weight': 8, 'source': 1, 'target': 3}, {'weight': 8, 'source': 2, 'target': 3}]}, 'position': {0: [-0.2548148752963474, -0.8433541504801777], 1: [-0.947498195379204, 0.3810949273552925], 2: [0.9999999999999999, -0.20733107317232005], 3: [0.2023130706755527, 0.6695902962972065]}, 'solution': ([0, 1, 1, 0], 26.0)}",22,"{'optimizer': 'COBYLA', 'maxiter': 100, 'shots': 1024, 'parameter_strategy': 'RANDOM', 'x0': None, 'backend': <QAOA_Tester.Backend.NoisyEstimatorBackend object at 0x7f6612248f40>}","[([1, 0, 0, 0], -17.0)]","[array([3.73366259, 3.76297108, 3.06994046, 5.53966958, 4.29823256,
       0.27015254, 4.4807664 , 5.72456204, 3.85053598, 0.9869176 ,
       2.53568278, 2.56272621, 0.46212664, 4.97476446, 5.87045338,
       1.32232226, 5.47172687, 3.3726238 , 2.84063075, 0.71042782,
       4.4198347 , 0.40178028, 1.50210781, 4.12634749, 5.37962083,
       3.39115309, 1.29685869, 4.4199022 , 4.61546092, 5.50171926,
       5.37044347, 1.95633116, 6.08202911, 5.01855761, 0.62525408,
       1.53036478, 3.49933562, 2.50104681, 1.01835655, 3.87119371,
       2.37078044, 5.17314927, 5.7973046 , 0.15441946])]",[574.2960886955261]
