,problem,layers,optimizer,solutions,parameters,time
0,"{'type': 'maxcut', 'graph': {'directed': False, 'multigraph': False, 'graph': {}, 'nodes': [{'id': 0}, {'id': 1}, {'id': 2}, {'id': 3}], 'links': [{'weight': 5, 'source': 0, 'target': 1}, {'weight': 5, 'source': 0, 'target': 2}, {'weight': 7, 'source': 0, 'target': 3}, {'weight': 4, 'source': 1, 'target': 2}, {'weight': 8, 'source': 1, 'target': 3}, {'weight': 8, 'source': 2, 'target': 3}]}, 'position': {0: [-0.2548148752963474, -0.8433541504801777], 1: [-0.947498195379204, 0.3810949273552925], 2: [0.9999999999999999, -0.20733107317232005], 3: [0.2023130706755527, 0.6695902962972065]}, 'solution': ([0, 1, 1, 0], 26.0)}",19,"{'optimizer': 'COBYLA', 'maxiter': 100, 'shots': 1024, 'parameter_strategy': 'RANDOM', 'x0': None, 'backend': <QAOA_Tester.Backend.NoisyEstimatorBackend object at 0x7fa34145eb90>}","[([0, 1, 0, 0], -17.0)]","[array([1.45215672, 3.20411549, 4.98281025, 5.35329521, 1.35858665,
       3.21626251, 5.5665476 , 1.07941331, 2.53945233, 2.01922239,
       4.0894716 , 2.01829586, 5.83093249, 3.92710524, 2.99092688,
       4.09798921, 5.66524075, 4.73601248, 7.20485068, 0.95278725,
       4.30543497, 0.398759  , 0.25534111, 1.1458838 , 3.72313719,
       4.39251067, 4.78664917, 3.36235641, 2.75660126, 0.53982186,
       0.82747718, 2.78462666, 4.20355396, 3.08225606, 5.17408733,
       5.40683704, 5.72978657, 2.32248483])]",[579.7115955352783]
