,problem,layers,optimizer,solutions,parameters,time
0,"{'type': 'maxcut', 'graph': {'directed': False, 'multigraph': False, 'graph': {}, 'nodes': [{'id': 0}, {'id': 1}, {'id': 2}, {'id': 3}], 'links': [{'weight': 5, 'source': 0, 'target': 1}, {'weight': 5, 'source': 0, 'target': 2}, {'weight': 7, 'source': 0, 'target': 3}, {'weight': 4, 'source': 1, 'target': 2}, {'weight': 8, 'source': 1, 'target': 3}, {'weight': 8, 'source': 2, 'target': 3}]}, 'position': {0: [-0.2548148752963474, -0.8433541504801777], 1: [-0.947498195379204, 0.3810949273552925], 2: [0.9999999999999999, -0.20733107317232005], 3: [0.2023130706755527, 0.6695902962972065]}, 'solution': ([0, 1, 1, 0], 26.0)}",22,"{'optimizer': 'COBYLA', 'maxiter': 100, 'shots': 1024, 'parameter_strategy': 'RANDOM', 'x0': None, 'backend': <QAOA_Tester.Backend.NoisyEstimatorBackend object at 0x7f31a64fae90>}","[([1, 1, 1, 0], -23.0)]","[array([0.55624048, 3.09688311, 3.53357468, 3.504569  , 6.17183074,
       3.17740432, 2.23337019, 4.41383738, 5.80032039, 0.1134969 ,
       2.85947359, 1.55138892, 6.19608682, 1.21994065, 1.62389699,
       3.0366235 , 2.57859183, 1.49550951, 0.77762136, 2.75866612,
       2.70959166, 1.95482772, 2.89603246, 2.10187112, 0.51362793,
       6.09900023, 4.17898785, 5.48059619, 2.21999848, 2.93376114,
       4.62056279, 4.72865834, 4.77870899, 2.52899747, 1.81195785,
       1.63494778, 4.60752601, 2.27984179, 3.2969225 , 0.75718685,
       5.30674729, 0.11165371, 1.22727741, 5.64289454])]",[588.4576251506805]
