,problem,layers,optimizer,solutions,parameters,time
0,"{'type': 'maxcut', 'graph': {'directed': False, 'multigraph': False, 'graph': {}, 'nodes': [{'id': 0}, {'id': 1}, {'id': 2}, {'id': 3}], 'links': [{'weight': 5, 'source': 0, 'target': 1}, {'weight': 5, 'source': 0, 'target': 2}, {'weight': 7, 'source': 0, 'target': 3}, {'weight': 4, 'source': 1, 'target': 2}, {'weight': 8, 'source': 1, 'target': 3}, {'weight': 8, 'source': 2, 'target': 3}]}, 'position': {0: [-0.2548148752963474, -0.8433541504801777], 1: [-0.947498195379204, 0.3810949273552925], 2: [0.9999999999999999, -0.20733107317232005], 3: [0.2023130706755527, 0.6695902962972065]}, 'solution': ([0, 1, 1, 0], 26.0)}",19,"{'optimizer': 'COBYLA', 'maxiter': 100, 'shots': 1024, 'parameter_strategy': 'RANDOM', 'x0': None, 'backend': <QAOA_Tester.Backend.NoisyEstimatorBackend object at 0x7ff2d59b12a0>}","[([0, 0, 0, 0], 0.0)]","[array([4.08621889, 2.38516772, 4.65877796, 0.1368504 , 0.25647767,
       0.79081884, 3.54272736, 2.34530871, 3.51214794, 5.85415846,
       6.32453073, 2.47362732, 0.4554597 , 4.8733396 , 0.05886661,
       4.55825057, 2.55107933, 5.63480515, 3.60590851, 3.30689288,
       1.69617328, 0.61041943, 3.91607536, 6.20055582, 3.60300959,
       0.69685693, 4.50067953, 0.15287088, 4.19994292, 5.20839224,
       4.60105333, 2.95198587, 5.04141256, 4.14664228, 0.85277081,
       2.00821644, 4.92462717, 4.54179946])]",[571.4031805992126]
