,problem,layers,optimizer,solutions,parameters,time
0,"{'type': 'maxcut', 'graph': {'directed': False, 'multigraph': False, 'graph': {}, 'nodes': [{'id': 0}, {'id': 1}, {'id': 2}, {'id': 3}], 'links': [{'weight': 5, 'source': 0, 'target': 1}, {'weight': 5, 'source': 0, 'target': 2}, {'weight': 7, 'source': 0, 'target': 3}, {'weight': 4, 'source': 1, 'target': 2}, {'weight': 8, 'source': 1, 'target': 3}, {'weight': 8, 'source': 2, 'target': 3}]}, 'position': {0: [-0.2548148752963474, -0.8433541504801777], 1: [-0.947498195379204, 0.3810949273552925], 2: [0.9999999999999999, -0.20733107317232005], 3: [0.2023130706755527, 0.6695902962972065]}, 'solution': ([0, 1, 1, 0], 26.0)}",22,"{'optimizer': 'COBYLA', 'maxiter': 100, 'shots': 1024, 'parameter_strategy': 'RANDOM', 'x0': None, 'backend': <QAOA_Tester.Backend.NoisyEstimatorBackend object at 0x7ff3d5a330d0>}","[([1, 1, 1, 1], 0.0)]","[array([3.37300877, 5.57161   , 4.99346384, 0.20266098, 4.17707565,
       2.8041069 , 1.89093879, 5.7071711 , 2.81576575, 4.98170671,
       4.56128503, 2.96065316, 0.19016888, 2.82126376, 2.70407606,
       3.63030665, 5.32424729, 2.84642099, 4.15605655, 3.94109419,
       0.65695743, 1.00884218, 6.24960491, 2.80866379, 2.61443348,
       3.08473045, 3.49812188, 2.68256067, 2.33561049, 4.7120852 ,
       0.70916655, 2.16126196, 0.09483641, 2.27437501, 2.26013309,
       0.09004487, 6.24585259, 1.06331441, 2.51245186, 0.4946721 ,
       4.85743477, 3.03630112, 2.51872294, 5.99014562])]",[577.9521315097809]
