,problem,layers,optimizer,solutions,parameters,time
0,"{'type': 'maxcut', 'graph': {'directed': False, 'multigraph': False, 'graph': {}, 'nodes': [{'id': 0}, {'id': 1}, {'id': 2}, {'id': 3}], 'links': [{'weight': 5, 'source': 0, 'target': 1}, {'weight': 5, 'source': 0, 'target': 2}, {'weight': 7, 'source': 0, 'target': 3}, {'weight': 4, 'source': 1, 'target': 2}, {'weight': 8, 'source': 1, 'target': 3}, {'weight': 8, 'source': 2, 'target': 3}]}, 'position': {0: [-0.2548148752963474, -0.8433541504801777], 1: [-0.947498195379204, 0.3810949273552925], 2: [0.9999999999999999, -0.20733107317232005], 3: [0.2023130706755527, 0.6695902962972065]}, 'solution': ([0, 1, 1, 0], 26.0)}",29,"{'optimizer': 'COBYLA', 'maxiter': 100, 'shots': 1024, 'parameter_strategy': 'RANDOM', 'x0': None, 'backend': <QAOA_Tester.Backend.NoisyEstimatorBackend object at 0x7f22d68ee980>}","[([1, 1, 1, 0], -23.0)]","[array([1.74189787e+00, 6.02438164e+00, 9.73835691e-01, 5.20170167e-01,
       3.86478325e+00, 4.60372923e+00, 2.29565054e+00, 1.22928632e+00,
       5.98080813e+00, 4.71935216e+00, 1.34968333e-01, 2.59266096e+00,
       2.67771774e+00, 3.34727034e+00, 5.84762845e+00, 3.98839165e+00,
       2.03614204e+00, 2.23650329e+00, 5.64485424e+00, 5.11826417e+00,
       4.90371023e+00, 2.91964083e+00, 2.16804830e+00, 1.49666141e+00,
       5.05818993e-01, 5.77656196e+00, 4.56503949e+00, 2.13038785e+00,
       3.45103734e+00, 8.48144522e-01, 2.45018697e-01, 1.58624033e+00,
       5.61849680e+00, 3.43032982e-01, 4.24938358e+00, 4.69098833e-01,
       4.17384310e+00, 1.52050244e+00, 3.72809759e-01, 5.06711917e+00,
       5.60945810e+00, 1.07018254e+00, 3.80996861e+00, 3.92622137e+00,
       2.29064607e+00, 2.75283395e+00, 4.85947315e+00, 3.67881149e+00,
       2.28793576e+00, 5.62032699e+00, 5.03337761e+00, 2.87722096e+00,
       1.89936202e+00, 1.29610330e-01, 4.20208075e+00, 2.81640416e-03,
       6.00278845e+00, 9.63697176e-01])]",[588.9115235805511]
