,problem,layers,optimizer,solutions,parameters,time
0,"{'type': 'maxcut', 'graph': {'directed': False, 'multigraph': False, 'graph': {}, 'nodes': [{'id': 0}, {'id': 1}, {'id': 2}, {'id': 3}], 'links': [{'weight': 5, 'source': 0, 'target': 1}, {'weight': 5, 'source': 0, 'target': 2}, {'weight': 7, 'source': 0, 'target': 3}, {'weight': 4, 'source': 1, 'target': 2}, {'weight': 8, 'source': 1, 'target': 3}, {'weight': 8, 'source': 2, 'target': 3}]}, 'position': {0: [-0.2548148752963474, -0.8433541504801777], 1: [-0.947498195379204, 0.3810949273552925], 2: [0.9999999999999999, -0.20733107317232005], 3: [0.2023130706755527, 0.6695902962972065]}, 'solution': ([0, 1, 1, 0], 26.0)}",29,"{'optimizer': 'COBYLA', 'maxiter': 100, 'shots': 1024, 'parameter_strategy': 'RANDOM', 'x0': None, 'backend': <QAOA_Tester.Backend.NoisyEstimatorBackend object at 0x7f9150dcace0>}","[([1, 1, 0, 1], -17.0)]","[array([3.71229606, 5.08627073, 1.25632745, 1.01088604, 1.38042304,
       0.44509299, 0.68358281, 3.7182838 , 6.35847287, 1.43725848,
       4.24211663, 1.33509826, 5.87464408, 0.76871221, 4.58103311,
       6.10284992, 5.98217435, 3.11793333, 0.628659  , 1.86076325,
       3.41873883, 5.2428458 , 3.51918076, 2.22899564, 2.72931417,
       3.28521022, 0.10072479, 3.76950646, 3.00276993, 1.42454521,
       5.72172919, 3.31002158, 1.2653417 , 2.23012122, 2.37469388,
       5.09871285, 2.91436187, 2.46971294, 2.65525329, 0.07653492,
       4.95465616, 5.07099225, 4.62251574, 5.39356821, 3.56882729,
       4.0115329 , 4.39371853, 1.86365343, 3.02722873, 5.23153411,
       1.27953536, 6.05124056, 3.66608058, 0.07137076, 2.89528463,
       6.2250023 , 4.03756841, 2.71094929])]",[553.9849088191986]
