,problem,layers,optimizer,solutions,parameters,time
0,"{'type': 'maxcut', 'graph': {'directed': False, 'multigraph': False, 'graph': {}, 'nodes': [{'id': 0}, {'id': 1}, {'id': 2}, {'id': 3}], 'links': [{'weight': 5, 'source': 0, 'target': 1}, {'weight': 5, 'source': 0, 'target': 2}, {'weight': 7, 'source': 0, 'target': 3}, {'weight': 4, 'source': 1, 'target': 2}, {'weight': 8, 'source': 1, 'target': 3}, {'weight': 8, 'source': 2, 'target': 3}]}, 'position': {0: [-0.2548148752963474, -0.8433541504801777], 1: [-0.947498195379204, 0.3810949273552925], 2: [0.9999999999999999, -0.20733107317232005], 3: [0.2023130706755527, 0.6695902962972065]}, 'solution': ([0, 1, 1, 0], 26.0)}",24,"{'optimizer': 'COBYLA', 'maxiter': 100, 'shots': 1024, 'parameter_strategy': 'RANDOM', 'x0': None, 'backend': <QAOA_Tester.Backend.NoisyEstimatorBackend object at 0x7fbb05f36470>}","[([0, 1, 1, 1], -17.0)]","[array([4.51537465e+00, 1.80137867e+00, 3.05607340e+00, 6.02396337e-01,
       2.59646912e+00, 4.92284892e+00, 6.97248414e-01, 1.64136391e+00,
       5.36099643e+00, 9.17556087e-01, 1.07433996e+00, 1.35178949e+00,
       1.29741883e+00, 6.22227092e+00, 1.18560040e+00, 3.82221674e+00,
       2.55427619e+00, 7.52948727e-01, 3.08530017e+00, 3.19047182e+00,
       1.22697894e+00, 3.92098867e+00, 5.54957382e+00, 7.82857726e-01,
       3.96714822e+00, 5.88207114e+00, 6.78716984e-01, 3.48994010e+00,
       2.56223613e+00, 7.79462708e-01, 2.94617721e+00, 4.77497589e-01,
       4.59335939e+00, 3.77686055e+00, 3.92383247e+00, 6.16357943e+00,
       2.01226663e+00, 3.08991921e-01, 3.97794418e-03, 2.16887808e+00,
       4.84991012e+00, 6.12724261e-01, 1.60571385e+00, 5.26911005e+00,
       3.41721523e+00, 2.10499564e+00, 2.84947958e+00, 4.20857964e+00])]",[617.9564039707184]
