,problem,layers,optimizer,solutions,parameters,time
0,"{'type': 'maxcut', 'graph': {'directed': False, 'multigraph': False, 'graph': {}, 'nodes': [{'id': 0}, {'id': 1}, {'id': 2}, {'id': 3}], 'links': [{'weight': 5, 'source': 0, 'target': 1}, {'weight': 5, 'source': 0, 'target': 2}, {'weight': 7, 'source': 0, 'target': 3}, {'weight': 4, 'source': 1, 'target': 2}, {'weight': 8, 'source': 1, 'target': 3}, {'weight': 8, 'source': 2, 'target': 3}]}, 'position': {0: [-0.2548148752963474, -0.8433541504801777], 1: [-0.947498195379204, 0.3810949273552925], 2: [0.9999999999999999, -0.20733107317232005], 3: [0.2023130706755527, 0.6695902962972065]}, 'solution': ([0, 1, 1, 0], 26.0)}",24,"{'optimizer': 'COBYLA', 'maxiter': 100, 'shots': 1024, 'parameter_strategy': 'RANDOM', 'x0': None, 'backend': <QAOA_Tester.Backend.NoisyEstimatorBackend object at 0x7fde326e6470>}","[([1, 1, 1, 1], 0.0)]","[array([1.39807616, 0.27205142, 0.4968496 , 4.27862347, 5.59977975,
       2.56786572, 0.70745002, 4.054393  , 3.33692396, 6.16093934,
       4.90397868, 0.78663367, 4.86992819, 0.47148125, 4.17839759,
       2.53332778, 5.9794588 , 0.98365916, 3.68212688, 0.50759457,
       1.13524076, 5.64124081, 2.59300706, 2.58444714, 5.32951896,
       0.82767453, 6.03938095, 3.83900351, 2.01568371, 1.81952218,
       6.26746983, 2.55865988, 5.51266012, 0.94438141, 6.23934134,
       1.81864916, 3.9626872 , 5.98092104, 4.75532104, 2.24632987,
       2.04614321, 1.83600255, 2.95057206, 1.22239451, 4.28631693,
       0.02590482, 1.52444424, 4.86518607])]",[589.3409326076508]
