,problem,layers,optimizer,solutions,parameters,time
0,"{'type': 'maxcut', 'graph': {'directed': False, 'multigraph': False, 'graph': {}, 'nodes': [{'id': 0}, {'id': 1}, {'id': 2}, {'id': 3}], 'links': [{'weight': 5, 'source': 0, 'target': 1}, {'weight': 5, 'source': 0, 'target': 2}, {'weight': 7, 'source': 0, 'target': 3}, {'weight': 4, 'source': 1, 'target': 2}, {'weight': 8, 'source': 1, 'target': 3}, {'weight': 8, 'source': 2, 'target': 3}]}, 'position': {0: [-0.2548148752963474, -0.8433541504801777], 1: [-0.947498195379204, 0.3810949273552925], 2: [0.9999999999999999, -0.20733107317232005], 3: [0.2023130706755527, 0.6695902962972065]}, 'solution': ([0, 1, 1, 0], 26.0)}",21,"{'optimizer': 'COBYLA', 'maxiter': 100, 'shots': 1024, 'parameter_strategy': 'RANDOM', 'x0': None, 'backend': <QAOA_Tester.Backend.NoisyEstimatorBackend object at 0x7fb4cbee4cd0>}","[([1, 1, 1, 1], 0.0)]","[array([3.17351286, 2.77526315, 4.00171971, 3.51144013, 0.34857748,
       2.42899077, 3.2737438 , 2.35255885, 0.51164261, 3.31617109,
       5.91598059, 6.35182452, 1.28687664, 2.43556907, 1.3616204 ,
       1.13175812, 3.84654668, 2.57032826, 5.98868736, 5.3915364 ,
       3.0164365 , 1.9632498 , 1.40685878, 5.84230897, 0.61110087,
       6.24197158, 5.40883089, 3.86650431, 6.27477114, 4.87051723,
       5.94433812, 5.97127789, 5.76952516, 0.23734194, 0.55008994,
       4.12430171, 3.50181369, 2.39558586, 5.91427694, 4.85643961,
       4.37569782, 0.31520019])]",[557.9616754055023]
