,problem,layers,optimizer,solutions,parameters,time
0,"{'type': 'maxcut', 'graph': {'directed': False, 'multigraph': False, 'graph': {}, 'nodes': [{'id': 0}, {'id': 1}, {'id': 2}, {'id': 3}], 'links': [{'weight': 5, 'source': 0, 'target': 1}, {'weight': 5, 'source': 0, 'target': 2}, {'weight': 7, 'source': 0, 'target': 3}, {'weight': 4, 'source': 1, 'target': 2}, {'weight': 8, 'source': 1, 'target': 3}, {'weight': 8, 'source': 2, 'target': 3}]}, 'position': {0: [-0.2548148752963474, -0.8433541504801777], 1: [-0.947498195379204, 0.3810949273552925], 2: [0.9999999999999999, -0.20733107317232005], 3: [0.2023130706755527, 0.6695902962972065]}, 'solution': ([0, 1, 1, 0], 26.0)}",24,"{'optimizer': 'COBYLA', 'maxiter': 100, 'shots': 1024, 'parameter_strategy': 'RANDOM', 'x0': None, 'backend': <QAOA_Tester.Backend.NoisyEstimatorBackend object at 0x7f088362e950>}","[([1, 0, 1, 0], -24.0)]","[array([4.34700122, 0.60549874, 3.90894628, 3.55837224, 4.10146268,
       3.18622161, 1.79061775, 3.88884814, 4.65126892, 4.25434449,
       4.3149994 , 0.26407217, 5.89683838, 4.00778799, 0.60358116,
       0.41999288, 5.70271094, 2.68962145, 3.61325887, 0.6855018 ,
       0.488476  , 5.27228108, 4.48135676, 0.38064279, 3.33683195,
       3.33969205, 3.11554768, 6.02463575, 1.49366014, 0.3574261 ,
       1.29245327, 0.86038207, 3.85497396, 1.23216865, 3.81235955,
       1.15901401, 0.99894449, 0.26489339, 5.71157868, 1.10726172,
       0.92131656, 0.37441573, 1.71015104, 1.15680969, 1.7046669 ,
       4.08188877, 0.04422386, 3.48804407])]",[607.8440580368042]
