,problem,layers,optimizer,solutions,parameters,time
0,"{'type': 'maxcut', 'graph': {'directed': False, 'multigraph': False, 'graph': {}, 'nodes': [{'id': 0}, {'id': 1}, {'id': 2}, {'id': 3}], 'links': [{'weight': 5, 'source': 0, 'target': 1}, {'weight': 5, 'source': 0, 'target': 2}, {'weight': 7, 'source': 0, 'target': 3}, {'weight': 4, 'source': 1, 'target': 2}, {'weight': 8, 'source': 1, 'target': 3}, {'weight': 8, 'source': 2, 'target': 3}]}, 'position': {0: [-0.2548148752963474, -0.8433541504801777], 1: [-0.947498195379204, 0.3810949273552925], 2: [0.9999999999999999, -0.20733107317232005], 3: [0.2023130706755527, 0.6695902962972065]}, 'solution': ([0, 1, 1, 0], 26.0)}",22,"{'optimizer': 'COBYLA', 'maxiter': 100, 'shots': 1024, 'parameter_strategy': 'RANDOM', 'x0': None, 'backend': <QAOA_Tester.Backend.NoisyEstimatorBackend object at 0x7fee263ab8b0>}","[([0, 1, 1, 0], -26.0)]","[array([5.1708326 , 1.66291958, 1.8350556 , 1.24060435, 0.14996939,
       2.46252855, 5.60100615, 5.71295263, 0.99870999, 1.50584777,
       1.50394813, 1.41172135, 1.5318126 , 0.12623786, 1.20312558,
       5.10081141, 1.03207906, 2.53043291, 0.41575009, 4.84002705,
       3.86108595, 2.74911638, 2.86523217, 5.05620954, 4.73768817,
       1.93725476, 3.24389587, 5.43204354, 1.70447432, 6.08670181,
       2.97501556, 1.99192413, 1.06971736, 5.93367937, 3.7484975 ,
       2.90988326, 1.68226519, 4.59922844, 2.89123262, 3.98407719,
       1.43322343, 0.12853909, 2.00857474, 0.15532693])]",[592.8123071193695]
