,problem,layers,optimizer,solutions,parameters,time
0,"{'type': 'maxcut', 'graph': {'directed': False, 'multigraph': False, 'graph': {}, 'nodes': [{'id': 0}, {'id': 1}, {'id': 2}, {'id': 3}], 'links': [{'weight': 5, 'source': 0, 'target': 1}, {'weight': 5, 'source': 0, 'target': 2}, {'weight': 7, 'source': 0, 'target': 3}, {'weight': 4, 'source': 1, 'target': 2}, {'weight': 8, 'source': 1, 'target': 3}, {'weight': 8, 'source': 2, 'target': 3}]}, 'position': {0: [-0.2548148752963474, -0.8433541504801777], 1: [-0.947498195379204, 0.3810949273552925], 2: [0.9999999999999999, -0.20733107317232005], 3: [0.2023130706755527, 0.6695902962972065]}, 'solution': ([0, 1, 1, 0], 26.0)}",29,"{'optimizer': 'COBYLA', 'maxiter': 100, 'shots': 1024, 'parameter_strategy': 'RANDOM', 'x0': None, 'backend': <QAOA_Tester.Backend.NoisyEstimatorBackend object at 0x7f2376cf6e00>}","[([1, 1, 0, 0], -24.0)]","[array([ 1.50682209,  4.37870428,  3.82594986,  2.06206138,  0.33978525,
        0.49594135, -0.12467615,  5.67295189,  2.76287928,  6.06010709,
        3.29211444,  4.66488933,  3.9053607 ,  3.08204671,  2.43952872,
        4.09345546,  1.19525961,  5.08924717,  0.27019241,  4.66051645,
        2.59828276,  4.90421682,  1.08220146,  5.43789042,  2.1836592 ,
        2.78421294,  3.30043924,  6.21283593,  3.66118616,  3.90830871,
        2.64851647,  0.13134638,  2.12371837,  2.98164266,  2.31500314,
        1.28650837,  1.89679344,  5.56283157,  5.99844096,  2.66717649,
        4.64805018,  5.64471832,  0.31519103,  1.07114022,  4.57919169,
        4.98125016,  2.63822154,  0.4088663 ,  5.57644023,  3.66098974,
        2.82267325,  3.30293792,  5.7036376 ,  3.60086507,  0.32019906,
        4.58777946,  5.62062128,  4.17519363])]",[585.1826393604279]
