,problem,layers,optimizer,solutions,parameters,time
0,"{'type': 'maxcut', 'graph': {'directed': False, 'multigraph': False, 'graph': {}, 'nodes': [{'id': 0}, {'id': 1}, {'id': 2}, {'id': 3}], 'links': [{'weight': 5, 'source': 0, 'target': 1}, {'weight': 5, 'source': 0, 'target': 2}, {'weight': 7, 'source': 0, 'target': 3}, {'weight': 4, 'source': 1, 'target': 2}, {'weight': 8, 'source': 1, 'target': 3}, {'weight': 8, 'source': 2, 'target': 3}]}, 'position': {0: [-0.2548148752963474, -0.8433541504801777], 1: [-0.947498195379204, 0.3810949273552925], 2: [0.9999999999999999, -0.20733107317232005], 3: [0.2023130706755527, 0.6695902962972065]}, 'solution': ([0, 1, 1, 0], 26.0)}",18,"{'optimizer': 'COBYLA', 'maxiter': 100, 'shots': 1024, 'parameter_strategy': 'RANDOM', 'x0': None, 'backend': <QAOA_Tester.Backend.NoisyEstimatorBackend object at 0x7f74622cacb0>}","[([1, 1, 1, 0], -23.0)]","[array([3.41408141, 3.50347187, 4.94907906, 2.70670444, 2.43840763,
       3.46853768, 4.77773599, 2.37065671, 3.11529575, 5.40540819,
       4.96467487, 3.85638062, 5.15249273, 1.13990496, 1.26760799,
       1.35016371, 5.78459545, 2.35290292, 3.54065592, 4.78737298,
       1.96075031, 3.02311869, 2.33285987, 1.78184555, 1.78396231,
       2.13240184, 4.79717004, 3.17252553, 0.50282449, 5.84858569,
       2.02190233, 3.07626043, 2.5780373 , 3.93375712, 3.26222897,
       5.7186011 ])]",[576.3292157649994]
