,problem,layers,optimizer,solutions,parameters,time
0,"{'type': 'maxcut', 'graph': {'directed': False, 'multigraph': False, 'graph': {}, 'nodes': [{'id': 0}, {'id': 1}, {'id': 2}, {'id': 3}], 'links': [{'weight': 5, 'source': 0, 'target': 1}, {'weight': 5, 'source': 0, 'target': 2}, {'weight': 7, 'source': 0, 'target': 3}, {'weight': 4, 'source': 1, 'target': 2}, {'weight': 8, 'source': 1, 'target': 3}, {'weight': 8, 'source': 2, 'target': 3}]}, 'position': {0: [-0.2548148752963474, -0.8433541504801777], 1: [-0.947498195379204, 0.3810949273552925], 2: [0.9999999999999999, -0.20733107317232005], 3: [0.2023130706755527, 0.6695902962972065]}, 'solution': ([0, 1, 1, 0], 26.0)}",19,"{'optimizer': 'COBYLA', 'maxiter': 100, 'shots': 1024, 'parameter_strategy': 'RANDOM', 'x0': None, 'backend': <QAOA_Tester.Backend.NoisyEstimatorBackend object at 0x7fb6a7ef33d0>}","[([0, 0, 1, 1], -24.0)]","[array([1.01046834, 3.91320536, 2.93557238, 0.4074644 , 5.64304013,
       1.41932249, 1.70916575, 4.72936502, 6.39959189, 5.71725051,
       1.08110895, 4.52823909, 3.82693025, 0.45658566, 1.13091783,
       4.49412469, 2.15233275, 0.46176053, 6.30863663, 1.52928348,
       4.26349288, 0.25483494, 3.842815  , 4.39845427, 2.00487113,
       4.91640836, 0.43916906, 0.19437888, 2.41661685, 4.06276454,
       0.0537028 , 4.42918047, 5.21103038, 3.88000797, 0.20335303,
       0.92485355, 4.8452381 , 4.95204582])]",[577.8378446102142]
