,problem,layers,optimizer,solutions,parameters,time
0,"{'type': 'maxcut', 'graph': {'directed': False, 'multigraph': False, 'graph': {}, 'nodes': [{'id': 0}, {'id': 1}, {'id': 2}, {'id': 3}], 'links': [{'weight': 5, 'source': 0, 'target': 1}, {'weight': 5, 'source': 0, 'target': 2}, {'weight': 7, 'source': 0, 'target': 3}, {'weight': 4, 'source': 1, 'target': 2}, {'weight': 8, 'source': 1, 'target': 3}, {'weight': 8, 'source': 2, 'target': 3}]}, 'position': {0: [-0.2548148752963474, -0.8433541504801777], 1: [-0.947498195379204, 0.3810949273552925], 2: [0.9999999999999999, -0.20733107317232005], 3: [0.2023130706755527, 0.6695902962972065]}, 'solution': ([0, 1, 1, 0], 26.0)}",21,"{'optimizer': 'COBYLA', 'maxiter': 100, 'shots': 1024, 'parameter_strategy': 'RANDOM', 'x0': None, 'backend': <QAOA_Tester.Backend.NoisyEstimatorBackend object at 0x7ff783e21e40>}","[([1, 0, 1, 1], -17.0)]","[array([1.7147822 , 5.36247525, 5.00226847, 3.44025671, 5.60824805,
       3.76191664, 3.64183129, 4.3311549 , 6.07367612, 0.72391668,
       4.4683185 , 4.88548404, 2.25033448, 2.56892199, 3.56819519,
       4.77819385, 2.73667152, 5.17808913, 3.58617466, 4.94425046,
       1.12686149, 3.02915145, 6.04797257, 3.42859338, 0.55807032,
       4.19458549, 1.93897273, 2.81070114, 1.18526799, 3.53405387,
       3.12365435, 2.27781962, 4.25912396, 4.26294866, 4.22336224,
       6.26128409, 1.60036556, 5.90763786, 0.39044877, 3.70544008,
       4.3314249 , 0.30098066])]",[595.8251910209656]
