,problem,layers,optimizer,solutions,parameters,time
0,"{'type': 'maxcut', 'graph': {'directed': False, 'multigraph': False, 'graph': {}, 'nodes': [{'id': 0}, {'id': 1}, {'id': 2}, {'id': 3}], 'links': [{'weight': 5, 'source': 0, 'target': 1}, {'weight': 5, 'source': 0, 'target': 2}, {'weight': 7, 'source': 0, 'target': 3}, {'weight': 4, 'source': 1, 'target': 2}, {'weight': 8, 'source': 1, 'target': 3}, {'weight': 8, 'source': 2, 'target': 3}]}, 'position': {0: [-0.2548148752963474, -0.8433541504801777], 1: [-0.947498195379204, 0.3810949273552925], 2: [0.9999999999999999, -0.20733107317232005], 3: [0.2023130706755527, 0.6695902962972065]}, 'solution': ([0, 1, 1, 0], 26.0)}",23,"{'optimizer': 'COBYLA', 'maxiter': 100, 'shots': 1024, 'parameter_strategy': 'RANDOM', 'x0': None, 'backend': <QAOA_Tester.Backend.NoisyEstimatorBackend object at 0x7fe0df07d270>}","[([1, 1, 1, 1], 0.0)]","[array([3.37900952, 5.81855184, 5.75246131, 0.1448101 , 5.40028733,
       2.51889197, 4.33812524, 4.9310394 , 3.44635813, 6.14010886,
       5.7031514 , 3.52315922, 0.93421959, 1.40987293, 1.91554224,
       5.58276939, 5.47808194, 0.04504569, 3.10445426, 4.12807932,
       5.97653302, 5.79457856, 5.01267619, 5.22969444, 5.9736068 ,
       5.86543869, 1.85982985, 4.18095228, 3.2433415 , 6.17070629,
       5.59892594, 6.19498029, 4.90346157, 0.13578252, 5.19113114,
       5.24975346, 5.01636337, 2.58182672, 0.9758902 , 2.76670635,
       3.55449516, 6.25240204, 5.26793   , 4.51155333, 2.03511177,
       0.17148052])]",[558.0494606494904]
