,problem,layers,optimizer,solutions,parameters,time
0,"{'type': 'maxcut', 'graph': {'directed': False, 'multigraph': False, 'graph': {}, 'nodes': [{'id': 0}, {'id': 1}, {'id': 2}, {'id': 3}], 'links': [{'weight': 5, 'source': 0, 'target': 1}, {'weight': 5, 'source': 0, 'target': 2}, {'weight': 7, 'source': 0, 'target': 3}, {'weight': 4, 'source': 1, 'target': 2}, {'weight': 8, 'source': 1, 'target': 3}, {'weight': 8, 'source': 2, 'target': 3}]}, 'position': {0: [-0.2548148752963474, -0.8433541504801777], 1: [-0.947498195379204, 0.3810949273552925], 2: [0.9999999999999999, -0.20733107317232005], 3: [0.2023130706755527, 0.6695902962972065]}, 'solution': ([0, 1, 1, 0], 26.0)}",25,"{'optimizer': 'COBYLA', 'maxiter': 100, 'shots': 1024, 'parameter_strategy': 'RANDOM', 'x0': None, 'backend': <QAOA_Tester.Backend.NoisyEstimatorBackend object at 0x7fd8c3551b70>}","[([0, 1, 0, 0], -17.0)]","[array([2.25719608, 6.18981742, 3.02237348, 4.31995606, 1.99330029,
       3.67134679, 4.5342922 , 5.65198771, 0.94912185, 5.97027117,
       4.85627893, 1.29349828, 1.85986128, 3.93728082, 5.38579364,
       0.55599283, 1.91877183, 2.19013002, 5.44941828, 4.57166401,
       4.54678437, 0.90454259, 5.69240578, 2.94081139, 4.57123442,
       4.69208532, 1.20746855, 3.60387359, 0.53416356, 5.01407718,
       4.37050382, 2.2996796 , 5.25180936, 0.10665268, 3.15640142,
       5.33922162, 3.10403783, 2.41866475, 3.2334867 , 1.60021078,
       2.30125775, 5.85580224, 2.73607693, 5.45399078, 2.46445758,
       2.4542081 , 0.97936321, 3.77593453, 1.79436146, 1.86768637])]",[598.9748575687408]
