,problem,layers,optimizer,solutions,parameters,time
0,"{'type': 'maxcut', 'graph': {'directed': False, 'multigraph': False, 'graph': {}, 'nodes': [{'id': 0}, {'id': 1}, {'id': 2}, {'id': 3}], 'links': [{'weight': 5, 'source': 0, 'target': 1}, {'weight': 5, 'source': 0, 'target': 2}, {'weight': 7, 'source': 0, 'target': 3}, {'weight': 4, 'source': 1, 'target': 2}, {'weight': 8, 'source': 1, 'target': 3}, {'weight': 8, 'source': 2, 'target': 3}]}, 'position': {0: [-0.2548148752963474, -0.8433541504801777], 1: [-0.947498195379204, 0.3810949273552925], 2: [0.9999999999999999, -0.20733107317232005], 3: [0.2023130706755527, 0.6695902962972065]}, 'solution': ([0, 1, 1, 0], 26.0)}",21,"{'optimizer': 'COBYLA', 'maxiter': 100, 'shots': 1024, 'parameter_strategy': 'RANDOM', 'x0': None, 'backend': <QAOA_Tester.Backend.NoisyEstimatorBackend object at 0x7f5e032bfbb0>}","[([0, 0, 0, 1], -23.0)]","[array([5.30033616, 4.36929229, 5.76257348, 0.07922895, 2.86128125,
       3.57792038, 0.01545258, 3.98521871, 1.93762211, 6.18018864,
       0.12585403, 5.81479654, 1.83266172, 2.79309057, 2.99296835,
       3.56851724, 4.17412075, 5.86217952, 3.84584228, 1.13267587,
       0.37070398, 0.23618482, 0.72031703, 2.65479701, 4.78615498,
       5.22081751, 1.26847718, 2.10641249, 5.73638099, 2.50272388,
       5.77748303, 3.32382772, 0.19149815, 6.01528412, 6.2133232 ,
       2.13064409, 6.1046054 , 3.35042267, 1.98028029, 5.2633989 ,
       5.05113712, 4.05493986])]",[568.858137845993]
