,problem,layers,optimizer,solutions,parameters,time
0,"{'type': 'maxcut', 'graph': {'directed': False, 'multigraph': False, 'graph': {}, 'nodes': [{'id': 0}, {'id': 1}, {'id': 2}, {'id': 3}], 'links': [{'weight': 5, 'source': 0, 'target': 1}, {'weight': 5, 'source': 0, 'target': 2}, {'weight': 7, 'source': 0, 'target': 3}, {'weight': 4, 'source': 1, 'target': 2}, {'weight': 8, 'source': 1, 'target': 3}, {'weight': 8, 'source': 2, 'target': 3}]}, 'position': {0: [-0.2548148752963474, -0.8433541504801777], 1: [-0.947498195379204, 0.3810949273552925], 2: [0.9999999999999999, -0.20733107317232005], 3: [0.2023130706755527, 0.6695902962972065]}, 'solution': ([0, 1, 1, 0], 26.0)}",19,"{'optimizer': 'COBYLA', 'maxiter': 100, 'shots': 1024, 'parameter_strategy': 'RANDOM', 'x0': None, 'backend': <QAOA_Tester.Backend.NoisyEstimatorBackend object at 0x7f6359e35cf0>}","[([0, 1, 1, 1], -17.0)]","[array([4.65891047, 1.800251  , 0.36595791, 4.85302275, 2.47602115,
       1.03848275, 2.46715486, 1.39456159, 3.35537347, 5.22252438,
       6.04554472, 1.53865092, 5.43457415, 5.64161578, 5.90826478,
       1.55200645, 1.60090493, 5.77840051, 3.56249652, 5.26815253,
       4.57069349, 6.1856242 , 1.19397256, 2.46801522, 0.61125011,
       2.926665  , 1.06239677, 5.37653075, 6.17752228, 5.32729843,
       2.11572955, 1.06411361, 0.96871123, 1.03915103, 2.30201353,
       2.05352478, 2.14631692, 3.06358551])]",[576.8296821117401]
