,problem,layers,optimizer,solutions,parameters,time
0,"{'type': 'maxcut', 'graph': {'directed': False, 'multigraph': False, 'graph': {}, 'nodes': [{'id': 0}, {'id': 1}, {'id': 2}, {'id': 3}], 'links': [{'weight': 5, 'source': 0, 'target': 1}, {'weight': 5, 'source': 0, 'target': 2}, {'weight': 7, 'source': 0, 'target': 3}, {'weight': 4, 'source': 1, 'target': 2}, {'weight': 8, 'source': 1, 'target': 3}, {'weight': 8, 'source': 2, 'target': 3}]}, 'position': {0: [-0.2548148752963474, -0.8433541504801777], 1: [-0.947498195379204, 0.3810949273552925], 2: [0.9999999999999999, -0.20733107317232005], 3: [0.2023130706755527, 0.6695902962972065]}, 'solution': ([0, 1, 1, 0], 26.0)}",16,"{'optimizer': 'COBYLA', 'maxiter': 100, 'shots': 1024, 'parameter_strategy': 'RANDOM', 'x0': None, 'backend': <QAOA_Tester.Backend.NoisyEstimatorBackend object at 0x7ff32c7c17e0>}","[([0, 0, 0, 0], 0.0)]","[array([5.17621659, 0.09061328, 0.75091956, 2.31806193, 6.09069743,
       2.40247304, 1.64252907, 6.0488793 , 0.15236946, 1.82306008,
       4.99960056, 3.22058987, 1.53004086, 5.10560121, 2.60817437,
       6.35713891, 3.65123196, 0.79662485, 4.90253613, 1.08520151,
       4.92959685, 4.44883267, 1.92816537, 0.53535524, 5.74944239,
       3.61427241, 1.06551656, 5.92643712, 3.20938576, 2.05854803,
       5.55912964, 6.25749912])]",[596.2577834129333]
