,problem,layers,optimizer,solutions,parameters,time
0,"{'type': 'maxcut', 'graph': {'directed': False, 'multigraph': False, 'graph': {}, 'nodes': [{'id': 0}, {'id': 1}, {'id': 2}, {'id': 3}], 'links': [{'weight': 5, 'source': 0, 'target': 1}, {'weight': 5, 'source': 0, 'target': 2}, {'weight': 7, 'source': 0, 'target': 3}, {'weight': 4, 'source': 1, 'target': 2}, {'weight': 8, 'source': 1, 'target': 3}, {'weight': 8, 'source': 2, 'target': 3}]}, 'position': {0: [-0.2548148752963474, -0.8433541504801777], 1: [-0.947498195379204, 0.3810949273552925], 2: [0.9999999999999999, -0.20733107317232005], 3: [0.2023130706755527, 0.6695902962972065]}, 'solution': ([0, 1, 1, 0], 26.0)}",27,"{'optimizer': 'COBYLA', 'maxiter': 100, 'shots': 1024, 'parameter_strategy': 'RANDOM', 'x0': None, 'backend': <QAOA_Tester.Backend.NoisyEstimatorBackend object at 0x7fe646092d70>}","[([1, 0, 0, 0], -17.0)]","[array([3.43347619, 3.9788808 , 3.18567894, 2.47944805, 4.31384462,
       4.45805012, 0.9395719 , 1.93377267, 2.98129117, 4.71243942,
       3.15989928, 4.3881406 , 2.65923681, 4.78661117, 0.19843073,
       3.69934571, 4.50445391, 1.08858775, 5.85049855, 4.93846255,
       4.45231154, 0.58565599, 2.98283242, 5.35209856, 3.56151436,
       4.03702904, 4.48251628, 5.60438779, 2.22502343, 0.23841872,
       1.06598423, 3.72090757, 5.43928607, 1.99168747, 2.15305213,
       2.86492393, 5.1917647 , 0.84283753, 2.95439324, 4.09214258,
       0.58683411, 3.0992583 , 5.19476498, 5.19582484, 3.30485   ,
       0.93619433, 5.80108104, 0.55569525, 5.00855032, 6.28063085,
       4.97879829, 3.26883102, 5.47647661, 3.07757037])]",[557.6924142837524]
