,problem,layers,optimizer,solutions,parameters,time
0,"{'type': 'maxcut', 'graph': {'directed': False, 'multigraph': False, 'graph': {}, 'nodes': [{'id': 0}, {'id': 1}, {'id': 2}, {'id': 3}], 'links': [{'weight': 5, 'source': 0, 'target': 1}, {'weight': 5, 'source': 0, 'target': 2}, {'weight': 7, 'source': 0, 'target': 3}, {'weight': 4, 'source': 1, 'target': 2}, {'weight': 8, 'source': 1, 'target': 3}, {'weight': 8, 'source': 2, 'target': 3}]}, 'position': {0: [-0.2548148752963474, -0.8433541504801777], 1: [-0.947498195379204, 0.3810949273552925], 2: [0.9999999999999999, -0.20733107317232005], 3: [0.2023130706755527, 0.6695902962972065]}, 'solution': ([0, 1, 1, 0], 26.0)}",17,"{'optimizer': 'COBYLA', 'maxiter': 100, 'shots': 1024, 'parameter_strategy': 'RANDOM', 'x0': None, 'backend': <QAOA_Tester.Backend.NoisyEstimatorBackend object at 0x7fb9e6a31c90>}","[([0, 1, 1, 0], -26.0)]","[array([0.99638811, 4.94775723, 3.31623851, 2.4695835 , 4.16603355,
       2.07029521, 2.88128813, 6.05443524, 6.2120632 , 1.43785365,
       3.84447304, 1.1508433 , 3.73667909, 0.43680472, 0.91872198,
       2.69069204, 1.56851936, 2.69732865, 5.11063391, 0.91268998,
       1.64486919, 3.76882336, 1.63191162, 0.64294321, 5.34337621,
       0.22120806, 2.678484  , 1.38810821, 4.74308304, 3.71324365,
       0.26601959, 0.7950465 , 3.54458894, 0.90038227])]",[570.0773992538452]
