,problem,layers,optimizer,solutions,parameters,time
0,"{'type': 'maxcut', 'graph': {'directed': False, 'multigraph': False, 'graph': {}, 'nodes': [{'id': 0}, {'id': 1}, {'id': 2}, {'id': 3}], 'links': [{'weight': 5, 'source': 0, 'target': 1}, {'weight': 5, 'source': 0, 'target': 2}, {'weight': 7, 'source': 0, 'target': 3}, {'weight': 4, 'source': 1, 'target': 2}, {'weight': 8, 'source': 1, 'target': 3}, {'weight': 8, 'source': 2, 'target': 3}]}, 'position': {0: [-0.2548148752963474, -0.8433541504801777], 1: [-0.947498195379204, 0.3810949273552925], 2: [0.9999999999999999, -0.20733107317232005], 3: [0.2023130706755527, 0.6695902962972065]}, 'solution': ([0, 1, 1, 0], 26.0)}",29,"{'optimizer': 'COBYLA', 'maxiter': 100, 'shots': 1024, 'parameter_strategy': 'RANDOM', 'x0': None, 'backend': <QAOA_Tester.Backend.NoisyEstimatorBackend object at 0x7f8bc546cf70>}","[([0, 1, 1, 0], -26.0)]","[array([1.73191947, 1.95248054, 6.23629021, 3.56205302, 6.33606552,
       6.29810383, 2.07536822, 0.81743925, 1.32362569, 3.31779237,
       2.19449022, 2.45470423, 2.54355818, 3.21205633, 6.15569323,
       0.76954332, 0.9185823 , 1.50216778, 1.37392022, 1.85066497,
       3.74908103, 2.75729632, 2.48376662, 3.22654668, 1.3508516 ,
       2.36044075, 0.27371489, 1.38994714, 7.26552848, 4.42186612,
       1.97772174, 5.03148758, 5.85080859, 5.59880379, 1.77316963,
       2.33566775, 4.54472743, 0.44627849, 1.07454841, 5.15284322,
       4.79436718, 4.36409189, 3.11478279, 3.81585321, 4.52351551,
       3.32634742, 2.12317204, 0.66395986, 1.14451064, 4.55286738,
       2.21920812, 4.96487879, 2.07438248, 5.78429516, 0.37641028,
       0.2768798 , 0.63849123, 2.46289456])]",[567.389631986618]
