,problem,layers,optimizer,solutions,parameters,time
0,"{'type': 'maxcut', 'graph': {'directed': False, 'multigraph': False, 'graph': {}, 'nodes': [{'id': 0}, {'id': 1}, {'id': 2}, {'id': 3}], 'links': [{'weight': 5, 'source': 0, 'target': 1}, {'weight': 5, 'source': 0, 'target': 2}, {'weight': 7, 'source': 0, 'target': 3}, {'weight': 4, 'source': 1, 'target': 2}, {'weight': 8, 'source': 1, 'target': 3}, {'weight': 8, 'source': 2, 'target': 3}]}, 'position': {0: [-0.2548148752963474, -0.8433541504801777], 1: [-0.947498195379204, 0.3810949273552925], 2: [0.9999999999999999, -0.20733107317232005], 3: [0.2023130706755527, 0.6695902962972065]}, 'solution': ([0, 1, 1, 0], 26.0)}",28,"{'optimizer': 'COBYLA', 'maxiter': 100, 'shots': 1024, 'parameter_strategy': 'RANDOM', 'x0': None, 'backend': <QAOA_Tester.Backend.NoisyEstimatorBackend object at 0x7f9799958880>}","[([0, 0, 0, 0], 0.0)]","[array([4.27177345, 4.75304129, 6.24640729, 3.58056534, 3.51490927,
       1.23546336, 2.22808088, 1.88066027, 4.96951896, 1.97046482,
       3.37876741, 1.58833752, 2.0883983 , 4.0268705 , 0.65734943,
       0.26977676, 0.87335345, 5.51171025, 3.05331734, 6.15099279,
       3.90134785, 2.29324515, 5.90676811, 5.46799562, 3.31363909,
       5.33664138, 4.78347114, 3.11464176, 2.59125632, 5.15073314,
       5.39010911, 0.33895997, 6.10293956, 5.07222249, 3.54619031,
       3.48521779, 1.17007697, 4.98544385, 5.70579854, 1.58363239,
       4.91086116, 0.5544076 , 4.63090996, 3.08248179, 5.15631321,
       3.99843807, 1.34540729, 2.86044146, 1.21725283, 2.09067875,
       1.06269641, 2.79329392, 4.84336372, 5.82564314, 1.36610676,
       1.04635898])]",[579.8372650146484]
