,problem,layers,optimizer,solutions,parameters,time
0,"{'type': 'maxcut', 'graph': {'directed': False, 'multigraph': False, 'graph': {}, 'nodes': [{'id': 0}, {'id': 1}, {'id': 2}, {'id': 3}], 'links': [{'weight': 5, 'source': 0, 'target': 1}, {'weight': 5, 'source': 0, 'target': 2}, {'weight': 7, 'source': 0, 'target': 3}, {'weight': 4, 'source': 1, 'target': 2}, {'weight': 8, 'source': 1, 'target': 3}, {'weight': 8, 'source': 2, 'target': 3}]}, 'position': {0: [-0.2548148752963474, -0.8433541504801777], 1: [-0.947498195379204, 0.3810949273552925], 2: [0.9999999999999999, -0.20733107317232005], 3: [0.2023130706755527, 0.6695902962972065]}, 'solution': ([0, 1, 1, 0], 26.0)}",22,"{'optimizer': 'COBYLA', 'maxiter': 100, 'shots': 1024, 'parameter_strategy': 'RANDOM', 'x0': None, 'backend': <QAOA_Tester.Backend.NoisyEstimatorBackend object at 0x7fae5350b0d0>}","[([0, 1, 1, 1], -17.0)]","[array([2.87990648, 3.35665994, 3.3718398 , 5.68923042, 3.73293704,
       0.18711765, 4.7819083 , 5.16024359, 1.8650602 , 5.42322432,
       5.21532888, 2.55020008, 1.4918235 , 0.30799317, 1.10307986,
       5.09831109, 0.67398031, 5.83462841, 3.72238653, 4.08654939,
       5.18488681, 4.34875707, 0.83150311, 3.86030682, 5.78647599,
       5.6138873 , 3.04411116, 5.05949579, 4.39064107, 1.730776  ,
       4.68463574, 5.63976675, 2.89531086, 3.20441026, 0.59694859,
       3.80065136, 4.86765454, 2.65387338, 0.79591426, 4.9063294 ,
       3.66134395, 6.02553859, 2.4305152 , 4.29813501])]",[602.2226829528809]
