,problem,layers,optimizer,solutions,parameters,time
0,"{'type': 'maxcut', 'graph': {'directed': False, 'multigraph': False, 'graph': {}, 'nodes': [{'id': 0}, {'id': 1}, {'id': 2}, {'id': 3}], 'links': [{'weight': 5, 'source': 0, 'target': 1}, {'weight': 5, 'source': 0, 'target': 2}, {'weight': 7, 'source': 0, 'target': 3}, {'weight': 4, 'source': 1, 'target': 2}, {'weight': 8, 'source': 1, 'target': 3}, {'weight': 8, 'source': 2, 'target': 3}]}, 'position': {0: [-0.2548148752963474, -0.8433541504801777], 1: [-0.947498195379204, 0.3810949273552925], 2: [0.9999999999999999, -0.20733107317232005], 3: [0.2023130706755527, 0.6695902962972065]}, 'solution': ([0, 1, 1, 0], 26.0)}",27,"{'optimizer': 'COBYLA', 'maxiter': 100, 'shots': 1024, 'parameter_strategy': 'RANDOM', 'x0': None, 'backend': <QAOA_Tester.Backend.NoisyEstimatorBackend object at 0x7f7441acee00>}","[([1, 0, 1, 1], -17.0)]","[array([5.1208918 , 4.58810763, 5.12475567, 1.70678941, 2.09909343,
       0.40671729, 1.86754623, 3.53737624, 2.98930212, 5.24302596,
       1.79551392, 5.87806615, 0.79536019, 4.69334673, 2.07423558,
       4.45147796, 3.32823268, 3.80360545, 0.85283391, 1.79007427,
       2.95306875, 0.23189382, 5.98914054, 0.39858493, 5.85938422,
       5.35386961, 4.88939618, 5.55028717, 2.11905907, 3.39540278,
       5.94915758, 3.871682  , 2.55407335, 2.46569621, 2.91147623,
       3.27332509, 2.73762566, 2.84716701, 5.30619901, 4.86962312,
       5.62372699, 1.40153495, 3.1656686 , 1.97413238, 0.87867527,
       3.38672794, 4.27939065, 1.2557589 , 6.11101555, 5.53862188,
       2.41729187, 1.81925528, 2.74737293, 5.54910091])]",[581.9809355735779]
