,problem,layers,optimizer,solutions,parameters,time
0,"{'type': 'maxcut', 'graph': {'directed': False, 'multigraph': False, 'graph': {}, 'nodes': [{'id': 0}, {'id': 1}, {'id': 2}, {'id': 3}], 'links': [{'weight': 5, 'source': 0, 'target': 1}, {'weight': 5, 'source': 0, 'target': 2}, {'weight': 7, 'source': 0, 'target': 3}, {'weight': 4, 'source': 1, 'target': 2}, {'weight': 8, 'source': 1, 'target': 3}, {'weight': 8, 'source': 2, 'target': 3}]}, 'position': {0: [-0.2548148752963474, -0.8433541504801777], 1: [-0.947498195379204, 0.3810949273552925], 2: [0.9999999999999999, -0.20733107317232005], 3: [0.2023130706755527, 0.6695902962972065]}, 'solution': ([0, 1, 1, 0], 26.0)}",20,"{'optimizer': 'COBYLA', 'maxiter': 100, 'shots': 1024, 'parameter_strategy': 'RANDOM', 'x0': None, 'backend': <QAOA_Tester.Backend.NoisyEstimatorBackend object at 0x7f31d8b39510>}","[([1, 0, 0, 0], -17.0)]","[array([0.22962455, 4.43399504, 2.53454019, 5.49526775, 3.07550566,
       4.49823957, 3.51721898, 2.84952532, 0.10836117, 0.22863783,
       5.58741557, 1.96482172, 0.12489612, 4.40109041, 0.31507833,
       2.51084312, 2.78533583, 1.84534589, 2.31267799, 3.42495934,
       5.43809905, 2.48301179, 6.01463171, 2.64049402, 5.75774424,
       6.06212345, 2.94737522, 5.12147451, 5.56803157, 2.12713774,
       3.43887061, 0.6582738 , 0.87640747, 4.4337514 , 0.11578887,
       1.16753947, 2.01340824, 2.40204154, 0.15130652, 1.49813391])]",[570.2743899822235]
