,problem,layers,optimizer,solutions,parameters,time
0,"{'type': 'maxcut', 'graph': {'directed': False, 'multigraph': False, 'graph': {}, 'nodes': [{'id': 0}, {'id': 1}, {'id': 2}, {'id': 3}], 'links': [{'weight': 5, 'source': 0, 'target': 1}, {'weight': 5, 'source': 0, 'target': 2}, {'weight': 7, 'source': 0, 'target': 3}, {'weight': 4, 'source': 1, 'target': 2}, {'weight': 8, 'source': 1, 'target': 3}, {'weight': 8, 'source': 2, 'target': 3}]}, 'position': {0: [-0.2548148752963474, -0.8433541504801777], 1: [-0.947498195379204, 0.3810949273552925], 2: [0.9999999999999999, -0.20733107317232005], 3: [0.2023130706755527, 0.6695902962972065]}, 'solution': ([0, 1, 1, 0], 26.0)}",23,"{'optimizer': 'COBYLA', 'maxiter': 100, 'shots': 1024, 'parameter_strategy': 'RANDOM', 'x0': None, 'backend': <QAOA_Tester.Backend.NoisyEstimatorBackend object at 0x7f4b4d836b00>}","[([0, 1, 0, 0], -17.0)]","[array([4.24984544, 0.1995578 , 5.07160438, 5.18433713, 0.20689032,
       5.3957065 , 3.6252657 , 2.41910041, 5.13023472, 2.42700949,
       4.64433519, 2.01410537, 0.71197638, 0.10601904, 5.05984571,
       3.02462009, 1.58163477, 0.82978195, 0.36088717, 4.24811071,
       0.35472626, 4.10663206, 6.40362834, 0.1182911 , 1.66601165,
       3.98754575, 0.46706331, 5.62456798, 0.7368827 , 3.18309643,
       2.13857458, 2.78138032, 2.79945369, 0.51475649, 3.05256114,
       2.0195166 , 6.11949685, 2.58744422, 4.6487311 , 0.10302188,
       5.04518827, 2.89868946, 5.30522441, 1.6575199 , 1.33856009,
       0.29715776])]",[602.7075610160828]
