,problem,layers,optimizer,solutions,parameters,time
0,"{'type': 'maxcut', 'graph': {'directed': False, 'multigraph': False, 'graph': {}, 'nodes': [{'id': 0}, {'id': 1}, {'id': 2}, {'id': 3}], 'links': [{'weight': 5, 'source': 0, 'target': 1}, {'weight': 5, 'source': 0, 'target': 2}, {'weight': 7, 'source': 0, 'target': 3}, {'weight': 4, 'source': 1, 'target': 2}, {'weight': 8, 'source': 1, 'target': 3}, {'weight': 8, 'source': 2, 'target': 3}]}, 'position': {0: [-0.2548148752963474, -0.8433541504801777], 1: [-0.947498195379204, 0.3810949273552925], 2: [0.9999999999999999, -0.20733107317232005], 3: [0.2023130706755527, 0.6695902962972065]}, 'solution': ([0, 1, 1, 0], 26.0)}",16,"{'optimizer': 'COBYLA', 'maxiter': 100, 'shots': 1024, 'parameter_strategy': 'RANDOM', 'x0': None, 'backend': <QAOA_Tester.Backend.NoisyEstimatorBackend object at 0x7f19e72aeb90>}","[([1, 1, 1, 1], 0.0)]","[array([4.63946084, 0.60371987, 0.37028792, 1.58680892, 4.84509767,
       0.51521893, 6.04907864, 5.62241655, 2.39189332, 3.36217624,
       2.85186458, 2.11061817, 0.31303508, 1.11731483, 1.30244784,
       2.84546859, 3.16892414, 1.88967099, 4.68691525, 2.81749917,
       0.73488798, 4.39376717, 0.42757753, 5.91943582, 1.72605891,
       2.23749439, 0.93418711, 5.61009736, 1.60979039, 1.52701361,
       1.29105447, 0.82214225])]",[582.4845833778381]
