,problem,layers,optimizer,solutions,parameters,time
0,"{'type': 'maxcut', 'graph': {'directed': False, 'multigraph': False, 'graph': {}, 'nodes': [{'id': 0}, {'id': 1}, {'id': 2}, {'id': 3}], 'links': [{'weight': 5, 'source': 0, 'target': 1}, {'weight': 5, 'source': 0, 'target': 2}, {'weight': 7, 'source': 0, 'target': 3}, {'weight': 4, 'source': 1, 'target': 2}, {'weight': 8, 'source': 1, 'target': 3}, {'weight': 8, 'source': 2, 'target': 3}]}, 'position': {0: [-0.2548148752963474, -0.8433541504801777], 1: [-0.947498195379204, 0.3810949273552925], 2: [0.9999999999999999, -0.20733107317232005], 3: [0.2023130706755527, 0.6695902962972065]}, 'solution': ([0, 1, 1, 0], 26.0)}",28,"{'optimizer': 'COBYLA', 'maxiter': 100, 'shots': 1024, 'parameter_strategy': 'RANDOM', 'x0': None, 'backend': <QAOA_Tester.Backend.NoisyEstimatorBackend object at 0x7fe54d8a9930>}","[([1, 1, 1, 1], 0.0)]","[array([2.34740917, 5.45437308, 2.13885302, 4.1307684 , 2.52284011,
       4.57963263, 2.52104698, 3.989603  , 0.02177746, 1.70839517,
       0.3761435 , 0.16206132, 3.50117851, 3.6209368 , 1.61632129,
       2.82167943, 2.8253109 , 6.08607209, 5.8671573 , 2.20138746,
       6.06161384, 0.62329878, 4.78728455, 6.23624621, 0.29599015,
       1.14695934, 4.92718489, 3.88615907, 2.13915351, 2.24510153,
       1.31074372, 0.49392609, 2.0867953 , 0.82100581, 2.31167227,
       2.33995086, 0.69510054, 5.45324115, 3.63770761, 2.59064084,
       1.25291622, 4.88371449, 4.53411405, 5.83073707, 0.94981738,
       6.05554197, 0.95458677, 4.41084846, 0.28515565, 5.27303318,
       4.34138369, 5.89536485, 3.79484704, 0.02030796, 3.25074826,
       0.05210889])]",[592.5510594844818]
