,problem,layers,optimizer,solutions,parameters,time
0,"{'type': 'maxcut', 'graph': {'directed': False, 'multigraph': False, 'graph': {}, 'nodes': [{'id': 0}, {'id': 1}, {'id': 2}, {'id': 3}], 'links': [{'weight': 5, 'source': 0, 'target': 1}, {'weight': 5, 'source': 0, 'target': 2}, {'weight': 7, 'source': 0, 'target': 3}, {'weight': 4, 'source': 1, 'target': 2}, {'weight': 8, 'source': 1, 'target': 3}, {'weight': 8, 'source': 2, 'target': 3}]}, 'position': {0: [-0.2548148752963474, -0.8433541504801777], 1: [-0.947498195379204, 0.3810949273552925], 2: [0.9999999999999999, -0.20733107317232005], 3: [0.2023130706755527, 0.6695902962972065]}, 'solution': ([0, 1, 1, 0], 26.0)}",29,"{'optimizer': 'COBYLA', 'maxiter': 100, 'shots': 1024, 'parameter_strategy': 'RANDOM', 'x0': None, 'backend': <QAOA_Tester.Backend.NoisyEstimatorBackend object at 0x7fd1da0bee60>}","[([0, 0, 0, 0], 0.0)]","[array([1.68844681, 6.19794508, 5.19828869, 4.49994724, 2.31263452,
       1.79190131, 6.24998019, 3.07014205, 2.66134032, 4.30739468,
       4.1450387 , 3.39511458, 5.46722422, 3.53384403, 1.66501795,
       1.96990019, 6.17836096, 1.77961256, 0.21206843, 5.74893381,
       2.91978813, 4.79712979, 2.18802735, 5.73475596, 5.77552282,
       4.95829335, 2.34223354, 1.625946  , 3.05017426, 2.59946327,
       1.07591566, 2.55794649, 2.61125036, 2.68986565, 3.7613498 ,
       0.65497818, 4.78876915, 1.25058635, 5.57542415, 2.45444577,
       6.06541683, 0.7326518 , 3.57885687, 3.00879568, 3.51614064,
       2.29185921, 4.95797511, 0.79244633, 0.58839335, 1.03166019,
       1.53678308, 3.51218255, 1.23279892, 0.6071492 , 3.96750968,
       4.32375439, 3.86298831, 3.5098731 ])]",[581.7600955963135]
