,problem,layers,optimizer,solutions,parameters,time
0,"{'type': 'maxcut', 'graph': {'directed': False, 'multigraph': False, 'graph': {}, 'nodes': [{'id': 0}, {'id': 1}, {'id': 2}, {'id': 3}], 'links': [{'weight': 5, 'source': 0, 'target': 1}, {'weight': 5, 'source': 0, 'target': 2}, {'weight': 7, 'source': 0, 'target': 3}, {'weight': 4, 'source': 1, 'target': 2}, {'weight': 8, 'source': 1, 'target': 3}, {'weight': 8, 'source': 2, 'target': 3}]}, 'position': {0: [-0.2548148752963474, -0.8433541504801777], 1: [-0.947498195379204, 0.3810949273552925], 2: [0.9999999999999999, -0.20733107317232005], 3: [0.2023130706755527, 0.6695902962972065]}, 'solution': ([0, 1, 1, 0], 26.0)}",28,"{'optimizer': 'COBYLA', 'maxiter': 100, 'shots': 1024, 'parameter_strategy': 'RANDOM', 'x0': None, 'backend': <QAOA_Tester.Backend.NoisyEstimatorBackend object at 0x7f218c749b70>}","[([0, 1, 1, 1], -17.0)]","[array([2.22519479, 4.42311924, 0.59018578, 2.98060976, 6.10961052,
       3.18716214, 4.13588294, 3.8795675 , 2.14899751, 1.76651674,
       2.92565786, 0.6155741 , 1.24597898, 6.02403243, 2.88262349,
       0.16171058, 4.47697754, 3.67341702, 5.81651661, 4.07589326,
       5.92602175, 3.2762994 , 5.81816482, 4.98283584, 5.0352333 ,
       5.70270472, 4.85702947, 2.88840082, 0.58569047, 2.13629241,
       6.20926018, 5.08699136, 3.02106463, 6.13435727, 1.75892675,
       2.87913472, 5.47630658, 1.83802034, 2.88764707, 1.33969057,
       4.61482244, 4.54688746, 5.62467427, 3.62134459, 2.804154  ,
       4.86175218, 3.35975733, 4.73077964, 4.29693901, 5.97351752,
       1.51161827, 2.82052639, 1.79594232, 1.18229107, 2.78897714,
       0.69494504])]",[608.0921392440796]
