,problem,layers,optimizer,solutions,parameters,time
0,"{'type': 'maxcut', 'graph': {'directed': False, 'multigraph': False, 'graph': {}, 'nodes': [{'id': 0}, {'id': 1}, {'id': 2}, {'id': 3}], 'links': [{'weight': 5, 'source': 0, 'target': 1}, {'weight': 5, 'source': 0, 'target': 2}, {'weight': 7, 'source': 0, 'target': 3}, {'weight': 4, 'source': 1, 'target': 2}, {'weight': 8, 'source': 1, 'target': 3}, {'weight': 8, 'source': 2, 'target': 3}]}, 'position': {0: [-0.2548148752963474, -0.8433541504801777], 1: [-0.947498195379204, 0.3810949273552925], 2: [0.9999999999999999, -0.20733107317232005], 3: [0.2023130706755527, 0.6695902962972065]}, 'solution': ([0, 1, 1, 0], 26.0)}",22,"{'optimizer': 'COBYLA', 'maxiter': 100, 'shots': 1024, 'parameter_strategy': 'RANDOM', 'x0': None, 'backend': <QAOA_Tester.Backend.NoisyEstimatorBackend object at 0x7fab11b21cf0>}","[([0, 1, 0, 0], -17.0)]","[array([0.10315749, 5.86094534, 6.34438895, 4.90909475, 1.1972328 ,
       3.15029982, 3.0429921 , 1.90006055, 6.11273429, 5.93732103,
       0.11370832, 0.30780013, 2.95522126, 6.11221793, 1.8728903 ,
       3.17005218, 4.4788081 , 2.30701819, 1.6163971 , 5.69684769,
       6.14945342, 2.85189347, 2.33580028, 4.89180047, 2.5608648 ,
       3.35781008, 6.25406817, 4.88675944, 5.46035406, 4.47236538,
       1.07230013, 2.48775804, 3.69863418, 3.63064556, 3.60761395,
       4.40508103, 2.42747203, 4.26327568, 1.5931169 , 2.92041291,
       4.64554481, 5.87658663, 3.45381144, 1.84268213])]",[629.1559724807739]
