,problem,layers,optimizer,solutions,parameters,time
0,"{'type': 'maxcut', 'graph': {'directed': False, 'multigraph': False, 'graph': {}, 'nodes': [{'id': 0}, {'id': 1}, {'id': 2}, {'id': 3}], 'links': [{'weight': 5, 'source': 0, 'target': 1}, {'weight': 5, 'source': 0, 'target': 2}, {'weight': 7, 'source': 0, 'target': 3}, {'weight': 4, 'source': 1, 'target': 2}, {'weight': 8, 'source': 1, 'target': 3}, {'weight': 8, 'source': 2, 'target': 3}]}, 'position': {0: [-0.2548148752963474, -0.8433541504801777], 1: [-0.947498195379204, 0.3810949273552925], 2: [0.9999999999999999, -0.20733107317232005], 3: [0.2023130706755527, 0.6695902962972065]}, 'solution': ([0, 1, 1, 0], 26.0)}",28,"{'optimizer': 'COBYLA', 'maxiter': 100, 'shots': 1024, 'parameter_strategy': 'RANDOM', 'x0': None, 'backend': <QAOA_Tester.Backend.NoisyEstimatorBackend object at 0x7f72cb98ac50>}","[([0, 0, 0, 0], 0.0)]","[array([2.60217755, 0.10009552, 3.55846882, 5.72849376, 1.91014326,
       2.92563201, 0.95515307, 1.19588948, 1.16435178, 1.56713843,
       2.26415877, 1.58859135, 6.05941954, 6.26864721, 5.77242715,
       1.83465239, 4.88843459, 0.53284735, 5.18713709, 2.91455103,
       1.63876535, 3.7012821 , 3.88242328, 6.65447363, 2.33341799,
       1.00361311, 6.27578407, 6.75116545, 2.03548197, 5.87044857,
       1.69600684, 4.18198732, 4.9761713 , 1.33444602, 4.98648803,
       1.46607387, 4.25430192, 2.91538262, 0.32552878, 1.56123217,
       1.06025255, 0.32856074, 1.59311985, 1.76017733, 2.09729554,
       1.01770406, 3.30453437, 3.72055044, 5.29988556, 4.42441635,
       3.58987917, 1.73132427, 0.23679224, 1.1127527 , 4.91759667,
       2.86181388])]",[607.2861092090607]
