,problem,layers,optimizer,solutions,parameters,time
0,"{'type': 'maxcut', 'graph': {'directed': False, 'multigraph': False, 'graph': {}, 'nodes': [{'id': 0}, {'id': 1}, {'id': 2}, {'id': 3}], 'links': [{'weight': 5, 'source': 0, 'target': 1}, {'weight': 5, 'source': 0, 'target': 2}, {'weight': 7, 'source': 0, 'target': 3}, {'weight': 4, 'source': 1, 'target': 2}, {'weight': 8, 'source': 1, 'target': 3}, {'weight': 8, 'source': 2, 'target': 3}]}, 'position': {0: [-0.2548148752963474, -0.8433541504801777], 1: [-0.947498195379204, 0.3810949273552925], 2: [0.9999999999999999, -0.20733107317232005], 3: [0.2023130706755527, 0.6695902962972065]}, 'solution': ([0, 1, 1, 0], 26.0)}",23,"{'optimizer': 'COBYLA', 'maxiter': 100, 'shots': 1024, 'parameter_strategy': 'RANDOM', 'x0': None, 'backend': <QAOA_Tester.Backend.NoisyEstimatorBackend object at 0x7f4a2d4f9c90>}","[([0, 0, 1, 1], -24.0)]","[array([0.59733166, 2.94299066, 0.31275551, 6.10408025, 1.96528557,
       4.91149584, 4.66917384, 0.08648459, 3.14314735, 2.12842609,
       6.01875866, 2.46082409, 4.42584889, 1.28213741, 1.59744821,
       5.84375072, 0.75997831, 5.50406823, 0.70876434, 1.1161027 ,
       0.65946332, 5.37110548, 4.42000283, 3.86644889, 3.63564949,
       2.28214648, 3.48274491, 2.99867656, 1.42599643, 2.45286121,
       2.0334485 , 2.10690485, 3.33629721, 3.44154641, 4.18466906,
       2.64519496, 2.75252763, 4.98132979, 2.45661736, 5.6052841 ,
       4.50988625, 2.59931184, 1.20624215, 1.37074533, 2.40017665,
       1.66040756])]",[603.2670178413391]
