,problem,layers,optimizer,solutions,parameters,time
0,"{'type': 'maxcut', 'graph': {'directed': False, 'multigraph': False, 'graph': {}, 'nodes': [{'id': 0}, {'id': 1}, {'id': 2}, {'id': 3}], 'links': [{'weight': 5, 'source': 0, 'target': 1}, {'weight': 5, 'source': 0, 'target': 2}, {'weight': 7, 'source': 0, 'target': 3}, {'weight': 4, 'source': 1, 'target': 2}, {'weight': 8, 'source': 1, 'target': 3}, {'weight': 8, 'source': 2, 'target': 3}]}, 'position': {0: [-0.2548148752963474, -0.8433541504801777], 1: [-0.947498195379204, 0.3810949273552925], 2: [0.9999999999999999, -0.20733107317232005], 3: [0.2023130706755527, 0.6695902962972065]}, 'solution': ([0, 1, 1, 0], 26.0)}",29,"{'optimizer': 'COBYLA', 'maxiter': 100, 'shots': 1024, 'parameter_strategy': 'RANDOM', 'x0': None, 'backend': <QAOA_Tester.Backend.NoisyEstimatorBackend object at 0x7f458f642b60>}","[([0, 1, 1, 0], -26.0)]","[array([3.2136304 , 0.87071502, 3.35956272, 0.03743355, 4.2026637 ,
       2.63369316, 3.88133819, 1.79227502, 1.24983739, 2.28911341,
       3.94841547, 3.55711444, 0.79841969, 5.0910853 , 1.47987456,
       0.40541123, 3.63694659, 4.53354204, 3.68018917, 1.11466646,
       1.56601844, 4.73142136, 2.41123494, 2.61457116, 0.31613412,
       4.01936228, 3.04581621, 0.48328715, 1.54433748, 2.9719458 ,
       3.59504023, 2.62143352, 6.26771799, 4.57599817, 2.30400941,
       5.94977052, 3.0689973 , 0.73625531, 5.93208842, 2.61983202,
       5.27364869, 0.63721616, 3.61886782, 0.65549919, 3.75116075,
       1.84686662, 5.1177181 , 3.44402622, 3.8883405 , 0.9908329 ,
       1.85145328, 5.9825056 , 0.34118081, 0.92313924, 1.14102829,
       2.37194303, 2.97185875, 2.84413865])]",[583.7998697757721]
