,problem,layers,optimizer,solutions,parameters,time
0,"{'type': 'maxcut', 'graph': {'directed': False, 'multigraph': False, 'graph': {}, 'nodes': [{'id': 0}, {'id': 1}, {'id': 2}, {'id': 3}], 'links': [{'weight': 5, 'source': 0, 'target': 1}, {'weight': 5, 'source': 0, 'target': 2}, {'weight': 7, 'source': 0, 'target': 3}, {'weight': 4, 'source': 1, 'target': 2}, {'weight': 8, 'source': 1, 'target': 3}, {'weight': 8, 'source': 2, 'target': 3}]}, 'position': {0: [-0.2548148752963474, -0.8433541504801777], 1: [-0.947498195379204, 0.3810949273552925], 2: [0.9999999999999999, -0.20733107317232005], 3: [0.2023130706755527, 0.6695902962972065]}, 'solution': ([0, 1, 1, 0], 26.0)}",17,"{'optimizer': 'COBYLA', 'maxiter': 100, 'shots': 1024, 'parameter_strategy': 'RANDOM', 'x0': None, 'backend': <QAOA_Tester.Backend.NoisyEstimatorBackend object at 0x7fac2da6efe0>}","[([1, 1, 1, 0], -23.0)]","[array([1.21268698, 5.09868573, 0.88460691, 5.93583468, 5.28496995,
       3.93306595, 4.19683621, 0.4838568 , 3.05037064, 4.98646201,
       5.87347232, 5.75989113, 1.55290442, 5.33264305, 5.87477095,
       3.27074952, 5.70580241, 0.79980885, 3.63462993, 2.38008993,
       4.66479277, 3.3160922 , 0.49683437, 2.84889813, 5.2866518 ,
       4.12351866, 3.16776936, 0.70926811, 6.24315387, 4.35742677,
       3.28952129, 3.0579483 , 5.2298658 , 5.18791435])]",[579.6971235275269]
