,problem,layers,optimizer,solutions,parameters,time
0,"{'type': 'maxcut', 'graph': {'directed': False, 'multigraph': False, 'graph': {}, 'nodes': [{'id': 0}, {'id': 1}, {'id': 2}, {'id': 3}], 'links': [{'weight': 5, 'source': 0, 'target': 1}, {'weight': 5, 'source': 0, 'target': 2}, {'weight': 7, 'source': 0, 'target': 3}, {'weight': 4, 'source': 1, 'target': 2}, {'weight': 8, 'source': 1, 'target': 3}, {'weight': 8, 'source': 2, 'target': 3}]}, 'position': {0: [-0.2548148752963474, -0.8433541504801777], 1: [-0.947498195379204, 0.3810949273552925], 2: [0.9999999999999999, -0.20733107317232005], 3: [0.2023130706755527, 0.6695902962972065]}, 'solution': ([0, 1, 1, 0], 26.0)}",25,"{'optimizer': 'COBYLA', 'maxiter': 100, 'shots': 1024, 'parameter_strategy': 'RANDOM', 'x0': None, 'backend': <QAOA_Tester.Backend.NoisyEstimatorBackend object at 0x7f8cfa6b9cf0>}","[([1, 1, 0, 1], -17.0)]","[array([3.75173747, 0.15236523, 6.08906019, 1.31920187, 0.28089281,
       2.14452758, 0.10541286, 2.5460949 , 2.80441335, 3.28295348,
       1.27525385, 1.36680724, 5.81078499, 2.85650332, 1.57100524,
       4.51557906, 4.63467393, 3.97681149, 4.26358751, 0.40854387,
       1.21410581, 4.3772506 , 0.92793424, 2.06637674, 1.48115008,
       1.63516665, 5.81450447, 5.03036552, 2.88293907, 4.64855426,
       3.35230688, 3.64383226, 0.58968012, 1.41338403, 1.34863433,
       2.89638817, 0.80037049, 1.23893875, 1.89932471, 5.73708237,
       2.62235841, 5.86485265, 2.29296474, 0.92511748, 1.31302983,
       1.99682784, 4.42831505, 4.247515  , 4.94215341, 3.58280612])]",[588.0160188674927]
