,problem,layers,optimizer,solutions,parameters,time
0,"{'type': 'maxcut', 'graph': {'directed': False, 'multigraph': False, 'graph': {}, 'nodes': [{'id': 0}, {'id': 1}, {'id': 2}, {'id': 3}], 'links': [{'weight': 5, 'source': 0, 'target': 1}, {'weight': 5, 'source': 0, 'target': 2}, {'weight': 7, 'source': 0, 'target': 3}, {'weight': 4, 'source': 1, 'target': 2}, {'weight': 8, 'source': 1, 'target': 3}, {'weight': 8, 'source': 2, 'target': 3}]}, 'position': {0: [-0.2548148752963474, -0.8433541504801777], 1: [-0.947498195379204, 0.3810949273552925], 2: [0.9999999999999999, -0.20733107317232005], 3: [0.2023130706755527, 0.6695902962972065]}, 'solution': ([0, 1, 1, 0], 26.0)}",22,"{'optimizer': 'COBYLA', 'maxiter': 100, 'shots': 1024, 'parameter_strategy': 'RANDOM', 'x0': None, 'backend': <QAOA_Tester.Backend.NoisyEstimatorBackend object at 0x7ff9ac7823e0>}","[([1, 0, 1, 1], -17.0)]","[array([ 6.06693426,  2.24083149,  4.54369251,  0.45026511,  1.39291594,
        5.10780922,  4.81494599,  3.80757448,  4.28078822,  5.02035093,
        0.1924446 ,  3.4556306 ,  3.60985969,  1.89151605,  4.16758565,
        5.19313962,  1.37063242,  4.45773698,  2.57998582,  1.50048475,
        3.64366761,  3.27151556,  3.78108207,  1.35847073,  0.81287294,
        0.62512911,  5.27931963,  0.8542719 ,  3.34626422,  3.58266463,
        2.4665483 , -0.05259548,  3.67726861,  6.03431375,  2.65720743,
        2.19411923,  1.60723609,  5.23363423,  3.02656321,  5.85225601,
        4.69291153,  1.34685671,  3.96643295,  4.2388154 ])]",[593.0329024791718]
