,problem,layers,optimizer,solutions,parameters,time
0,"{'type': 'maxcut', 'graph': {'directed': False, 'multigraph': False, 'graph': {}, 'nodes': [{'id': 0}, {'id': 1}, {'id': 2}, {'id': 3}], 'links': [{'weight': 5, 'source': 0, 'target': 1}, {'weight': 5, 'source': 0, 'target': 2}, {'weight': 7, 'source': 0, 'target': 3}, {'weight': 4, 'source': 1, 'target': 2}, {'weight': 8, 'source': 1, 'target': 3}, {'weight': 8, 'source': 2, 'target': 3}]}, 'position': {0: [-0.2548148752963474, -0.8433541504801777], 1: [-0.947498195379204, 0.3810949273552925], 2: [0.9999999999999999, -0.20733107317232005], 3: [0.2023130706755527, 0.6695902962972065]}, 'solution': ([0, 1, 1, 0], 26.0)}",25,"{'optimizer': 'COBYLA', 'maxiter': 100, 'shots': 1024, 'parameter_strategy': 'RANDOM', 'x0': None, 'backend': <QAOA_Tester.Backend.NoisyEstimatorBackend object at 0x7f54229d5960>}","[([1, 1, 1, 1], 0.0)]","[array([1.89912892, 0.26428946, 4.68922132, 5.08482996, 4.12453385,
       6.20140831, 4.11956052, 0.82863608, 1.77364382, 2.16019009,
       1.61065362, 0.50092328, 4.07625883, 2.43040742, 5.57531103,
       1.40069589, 3.52505662, 5.6973591 , 2.15121122, 0.61400624,
       5.52501493, 3.04131648, 1.65416491, 1.91544094, 3.56856197,
       3.72655213, 0.59682676, 2.76922109, 3.995284  , 0.49785166,
       2.14386496, 4.57122281, 4.90536896, 2.75628583, 2.49220443,
       4.17401123, 1.37504095, 5.42239717, 3.65514149, 3.74232262,
       6.01851614, 2.38430928, 2.68985505, 6.05552629, 5.51705083,
       0.58424792, 2.22048297, 5.35651139, 0.38843798, 3.14780272])]",[589.8078610897064]
