,problem,layers,optimizer,solutions,parameters,time
0,"{'type': 'maxcut', 'graph': {'directed': False, 'multigraph': False, 'graph': {}, 'nodes': [{'id': 0}, {'id': 1}, {'id': 2}, {'id': 3}], 'links': [{'weight': 5, 'source': 0, 'target': 1}, {'weight': 5, 'source': 0, 'target': 2}, {'weight': 7, 'source': 0, 'target': 3}, {'weight': 4, 'source': 1, 'target': 2}, {'weight': 8, 'source': 1, 'target': 3}, {'weight': 8, 'source': 2, 'target': 3}]}, 'position': {0: [-0.2548148752963474, -0.8433541504801777], 1: [-0.947498195379204, 0.3810949273552925], 2: [0.9999999999999999, -0.20733107317232005], 3: [0.2023130706755527, 0.6695902962972065]}, 'solution': ([0, 1, 1, 0], 26.0)}",27,"{'optimizer': 'COBYLA', 'maxiter': 100, 'shots': 1024, 'parameter_strategy': 'RANDOM', 'x0': None, 'backend': <QAOA_Tester.Backend.NoisyEstimatorBackend object at 0x7ff846c0eec0>}","[([1, 0, 1, 1], -17.0)]","[array([ 5.73103118,  4.21714739,  3.41213572,  3.72529653,  4.60109488,
        1.02942968,  2.31017534,  3.06470626,  0.87672315,  1.40571373,
        4.88184353,  5.24523622,  2.80285809,  5.73264913,  0.25308025,
        2.57240935,  3.9086584 ,  2.80836565,  3.77977107,  1.4280291 ,
        5.98710574,  1.29271996,  6.01707526,  3.11082552,  5.86049444,
        1.16290511, -0.17802171,  6.38096341,  6.06058813,  5.47545662,
        5.77807333,  4.2149537 ,  5.92389014,  1.4422982 ,  2.44328866,
        4.00451333,  3.96630729,  5.79215683,  4.08065836,  5.7978715 ,
        4.55842254,  3.86705843,  4.71342048,  4.33273158,  5.99180562,
        1.39444642,  3.27928123,  4.1258912 ,  2.11069369,  2.67463864,
        5.58850585,  5.8245463 ,  1.82144352,  1.56344338])]",[607.9654281139374]
