,problem,layers,optimizer,solutions,parameters,time
0,"{'type': 'maxcut', 'graph': {'directed': False, 'multigraph': False, 'graph': {}, 'nodes': [{'id': 0}, {'id': 1}, {'id': 2}, {'id': 3}], 'links': [{'weight': 5, 'source': 0, 'target': 1}, {'weight': 5, 'source': 0, 'target': 2}, {'weight': 7, 'source': 0, 'target': 3}, {'weight': 4, 'source': 1, 'target': 2}, {'weight': 8, 'source': 1, 'target': 3}, {'weight': 8, 'source': 2, 'target': 3}]}, 'position': {0: [-0.2548148752963474, -0.8433541504801777], 1: [-0.947498195379204, 0.3810949273552925], 2: [0.9999999999999999, -0.20733107317232005], 3: [0.2023130706755527, 0.6695902962972065]}, 'solution': ([0, 1, 1, 0], 26.0)}",20,"{'optimizer': 'COBYLA', 'maxiter': 100, 'shots': 1024, 'parameter_strategy': 'RANDOM', 'x0': None, 'backend': <QAOA_Tester.Backend.NoisyEstimatorBackend object at 0x7ff7ffcedb70>}","[([0, 1, 0, 1], -24.0)]","[array([0.11705209, 5.62302338, 0.11308111, 4.1148083 , 3.67125649,
       3.72923029, 1.85303313, 5.92203639, 1.58784171, 6.15666526,
       4.69659235, 0.467629  , 2.5314691 , 5.08480023, 4.95062526,
       2.28069311, 4.93022781, 2.96669722, 1.87641865, 0.96378639,
       5.4890759 , 3.73029817, 5.17993403, 2.22364827, 3.1583677 ,
       1.25606835, 1.78223738, 3.72776544, 2.60875212, 0.51672548,
       5.27996855, 2.45888718, 3.75497748, 2.82540612, 4.69673862,
       5.04839057, 0.45760043, 3.93466705, 4.6741372 , 4.7979066 ])]",[611.5946834087372]
