,problem,layers,optimizer,solutions,parameters,time
0,"{'type': 'maxcut', 'graph': {'directed': False, 'multigraph': False, 'graph': {}, 'nodes': [{'id': 0}, {'id': 1}, {'id': 2}, {'id': 3}], 'links': [{'weight': 5, 'source': 0, 'target': 1}, {'weight': 5, 'source': 0, 'target': 2}, {'weight': 7, 'source': 0, 'target': 3}, {'weight': 4, 'source': 1, 'target': 2}, {'weight': 8, 'source': 1, 'target': 3}, {'weight': 8, 'source': 2, 'target': 3}]}, 'position': {0: [-0.2548148752963474, -0.8433541504801777], 1: [-0.947498195379204, 0.3810949273552925], 2: [0.9999999999999999, -0.20733107317232005], 3: [0.2023130706755527, 0.6695902962972065]}, 'solution': ([0, 1, 1, 0], 26.0)}",29,"{'optimizer': 'COBYLA', 'maxiter': 100, 'shots': 1024, 'parameter_strategy': 'RANDOM', 'x0': None, 'backend': <QAOA_Tester.Backend.NoisyEstimatorBackend object at 0x7fe9251b6ec0>}","[([1, 0, 0, 1], -26.0)]","[array([1.13136617, 0.61294787, 6.05361276, 0.76731634, 6.12963864,
       0.26104896, 5.86829031, 5.88019555, 1.68982287, 0.39734456,
       3.757221  , 6.25690119, 0.18605578, 4.40571298, 2.16724202,
       0.64973504, 2.30757738, 3.33325815, 1.80838395, 2.18397706,
       4.88383592, 1.06589822, 3.925259  , 2.49601455, 5.07655004,
       5.52691548, 1.28567285, 5.12396217, 6.61674017, 2.36051928,
       0.60418168, 1.69117863, 1.51982363, 5.6578469 , 4.80447979,
       4.81810797, 3.09393019, 3.18168138, 6.03137671, 5.45883866,
       4.26325624, 0.77356652, 2.82741567, 2.37071782, 1.92166035,
       4.88918171, 4.24423259, 5.92096858, 3.15086688, 1.69026535,
       4.06574651, 1.69431594, 4.92779283, 4.25220731, 4.12510762,
       3.74603577, 0.47933158, 4.7199414 ])]",[555.2372014522552]
