,problem,layers,optimizer,solutions,parameters,time
0,"{'type': 'maxcut', 'graph': {'directed': False, 'multigraph': False, 'graph': {}, 'nodes': [{'id': 0}, {'id': 1}, {'id': 2}, {'id': 3}], 'links': [{'weight': 5, 'source': 0, 'target': 1}, {'weight': 5, 'source': 0, 'target': 2}, {'weight': 7, 'source': 0, 'target': 3}, {'weight': 4, 'source': 1, 'target': 2}, {'weight': 8, 'source': 1, 'target': 3}, {'weight': 8, 'source': 2, 'target': 3}]}, 'position': {0: [-0.2548148752963474, -0.8433541504801777], 1: [-0.947498195379204, 0.3810949273552925], 2: [0.9999999999999999, -0.20733107317232005], 3: [0.2023130706755527, 0.6695902962972065]}, 'solution': ([0, 1, 1, 0], 26.0)}",26,"{'optimizer': 'COBYLA', 'maxiter': 100, 'shots': 1024, 'parameter_strategy': 'RANDOM', 'x0': None, 'backend': <QAOA_Tester.Backend.NoisyEstimatorBackend object at 0x7f12ad0c3850>}","[([0, 0, 0, 0], 0.0)]","[array([1.40572085, 0.84482406, 2.97520245, 5.99950524, 4.65914015,
       4.33602603, 3.94479589, 5.28762368, 2.53679404, 5.01495296,
       0.94253612, 5.32402901, 3.67987277, 3.45111355, 1.28562273,
       5.26701889, 0.88365728, 5.30847724, 1.85340984, 2.60462169,
       2.02687247, 1.96289375, 1.15965238, 3.95968359, 5.90528796,
       3.61108885, 2.21198259, 4.83308551, 3.90268992, 2.45454705,
       5.21978183, 1.00775227, 1.98008751, 0.59682782, 1.7745953 ,
       1.70742782, 4.33131345, 6.02330596, 3.10429564, 0.7130472 ,
       2.54133524, 4.27415581, 1.24314508, 3.33439814, 4.90605911,
       0.32676241, 5.51494097, 3.14715536, 2.93288157, 5.64075337,
       0.43950234, 6.05877776])]",[611.4707696437836]
