,problem,layers,optimizer,solutions,parameters,time
0,"{'type': 'maxcut', 'graph': {'directed': False, 'multigraph': False, 'graph': {}, 'nodes': [{'id': 0}, {'id': 1}, {'id': 2}, {'id': 3}], 'links': [{'weight': 5, 'source': 0, 'target': 1}, {'weight': 5, 'source': 0, 'target': 2}, {'weight': 7, 'source': 0, 'target': 3}, {'weight': 4, 'source': 1, 'target': 2}, {'weight': 8, 'source': 1, 'target': 3}, {'weight': 8, 'source': 2, 'target': 3}]}, 'position': {0: [-0.2548148752963474, -0.8433541504801777], 1: [-0.947498195379204, 0.3810949273552925], 2: [0.9999999999999999, -0.20733107317232005], 3: [0.2023130706755527, 0.6695902962972065]}, 'solution': ([0, 1, 1, 0], 26.0)}",27,"{'optimizer': 'COBYLA', 'maxiter': 100, 'shots': 1024, 'parameter_strategy': 'RANDOM', 'x0': None, 'backend': <QAOA_Tester.Backend.NoisyEstimatorBackend object at 0x7fabf7f9f160>}","[([0, 0, 1, 1], -24.0)]","[array([0.68946021, 4.93893645, 5.82046245, 5.91789799, 0.6364351 ,
       3.87596192, 0.98836728, 0.83271551, 3.35345851, 5.42117515,
       3.97423894, 5.47075663, 2.54663116, 5.66048116, 4.84668296,
       4.03373667, 1.50296106, 5.96435555, 1.25596374, 0.61027592,
       2.42522205, 3.14170977, 4.01562613, 1.27936713, 1.57509214,
       0.36533098, 3.56069536, 3.31021402, 2.88805957, 5.6471422 ,
       3.12710418, 6.04288073, 3.10981343, 1.45222804, 1.01590778,
       3.9569019 , 1.54580945, 5.69764159, 2.67080216, 0.42805537,
       2.99399206, 3.17460655, 2.64516539, 1.51821958, 3.00452949,
       0.60922719, 0.00947554, 4.01940651, 5.09480141, 1.2583199 ,
       2.38859937, 4.15872165, 2.33256708, 1.37832457])]",[569.000794172287]
