,problem,layers,optimizer,solutions,parameters,time
0,"{'type': 'maxcut', 'graph': {'directed': False, 'multigraph': False, 'graph': {}, 'nodes': [{'id': 0}, {'id': 1}, {'id': 2}, {'id': 3}], 'links': [{'weight': 5, 'source': 0, 'target': 1}, {'weight': 5, 'source': 0, 'target': 2}, {'weight': 7, 'source': 0, 'target': 3}, {'weight': 4, 'source': 1, 'target': 2}, {'weight': 8, 'source': 1, 'target': 3}, {'weight': 8, 'source': 2, 'target': 3}]}, 'position': {0: [-0.2548148752963474, -0.8433541504801777], 1: [-0.947498195379204, 0.3810949273552925], 2: [0.9999999999999999, -0.20733107317232005], 3: [0.2023130706755527, 0.6695902962972065]}, 'solution': ([0, 1, 1, 0], 26.0)}",19,"{'optimizer': 'COBYLA', 'maxiter': 100, 'shots': 1024, 'parameter_strategy': 'RANDOM', 'x0': None, 'backend': <QAOA_Tester.Backend.NoisyEstimatorBackend object at 0x7fd3add7b970>}","[([0, 1, 1, 1], -17.0)]","[array([5.16815858, 3.67669189, 3.86059303, 6.11957854, 0.72888336,
       5.71607853, 4.60949693, 3.3571675 , 0.1899616 , 4.95226046,
       3.17539253, 6.06274777, 3.20437021, 2.29127883, 0.40441641,
       5.50028951, 2.53227272, 1.43026837, 6.11212301, 2.56547494,
       0.87636172, 1.93168223, 0.03147066, 0.54169902, 3.92072239,
       2.35945473, 1.4992554 , 0.89183048, 1.55041489, 2.5554539 ,
       5.41678055, 1.36371436, 3.42492311, 6.00541371, 5.25859447,
       1.1021661 , 2.7222595 , 2.67489747])]",[603.619359254837]
