,problem,layers,optimizer,solutions,parameters,time
0,"{'type': 'maxcut', 'graph': {'directed': False, 'multigraph': False, 'graph': {}, 'nodes': [{'id': 0}, {'id': 1}, {'id': 2}, {'id': 3}], 'links': [{'weight': 5, 'source': 0, 'target': 1}, {'weight': 5, 'source': 0, 'target': 2}, {'weight': 7, 'source': 0, 'target': 3}, {'weight': 4, 'source': 1, 'target': 2}, {'weight': 8, 'source': 1, 'target': 3}, {'weight': 8, 'source': 2, 'target': 3}]}, 'position': {0: [-0.2548148752963474, -0.8433541504801777], 1: [-0.947498195379204, 0.3810949273552925], 2: [0.9999999999999999, -0.20733107317232005], 3: [0.2023130706755527, 0.6695902962972065]}, 'solution': ([0, 1, 1, 0], 26.0)}",19,"{'optimizer': 'COBYLA', 'maxiter': 100, 'shots': 1024, 'parameter_strategy': 'RANDOM', 'x0': None, 'backend': <QAOA_Tester.Backend.NoisyEstimatorBackend object at 0x7fc72e5f5150>}","[([0, 0, 1, 1], -24.0)]","[array([2.04292826, 3.42327038, 0.88018934, 4.27219898, 0.04038199,
       0.81830726, 1.18050665, 2.05687384, 3.94540905, 2.45196679,
       1.62942891, 0.28616676, 0.07667973, 4.2416602 , 0.98718913,
       3.73982086, 0.41048621, 4.05454566, 1.67116522, 3.52728298,
       5.68873111, 2.94786732, 4.42215793, 5.80767788, 1.93091941,
       0.54768567, 1.00658039, 6.24658755, 2.23936113, 1.57769067,
       5.55047401, 1.06517397, 1.05992747, 2.96895018, 3.18746542,
       2.43623439, 6.19423668, 3.14011875])]",[576.3398387432098]
