,problem,layers,optimizer,solutions,parameters,time
0,"{'type': 'maxcut', 'graph': {'directed': False, 'multigraph': False, 'graph': {}, 'nodes': [{'id': 0}, {'id': 1}, {'id': 2}, {'id': 3}], 'links': [{'weight': 5, 'source': 0, 'target': 1}, {'weight': 5, 'source': 0, 'target': 2}, {'weight': 7, 'source': 0, 'target': 3}, {'weight': 4, 'source': 1, 'target': 2}, {'weight': 8, 'source': 1, 'target': 3}, {'weight': 8, 'source': 2, 'target': 3}]}, 'position': {0: [-0.2548148752963474, -0.8433541504801777], 1: [-0.947498195379204, 0.3810949273552925], 2: [0.9999999999999999, -0.20733107317232005], 3: [0.2023130706755527, 0.6695902962972065]}, 'solution': ([0, 1, 1, 0], 26.0)}",18,"{'optimizer': 'COBYLA', 'maxiter': 100, 'shots': 1024, 'parameter_strategy': 'RANDOM', 'x0': None, 'backend': <QAOA_Tester.Backend.NoisyEstimatorBackend object at 0x7f7cf23b6c50>}","[([0, 0, 0, 0], 0.0)]","[array([6.31232138e-01, 1.93356282e+00, 5.04213730e+00, 3.66918358e+00,
       3.90732477e+00, 5.24272854e+00, 5.73271889e-04, 2.57149965e+00,
       1.33812664e+00, 6.59418952e-01, 7.66799623e-02, 3.85704255e+00,
       5.80831052e+00, 1.83254303e+00, 5.87642917e+00, 2.20462654e+00,
       1.51711050e+00, 1.74572522e+00, 4.33101002e+00, 5.07063771e-01,
       4.10087448e+00, 4.54480784e+00, 5.45628022e+00, 3.67225926e+00,
       4.17788628e+00, 1.20897463e+00, 1.02616587e+00, 5.30430085e+00,
       5.93171316e+00, 6.51295428e-01, 1.39424448e-01, 2.88001551e+00,
       4.24213957e+00, 5.87074002e-01, 4.52930567e-01, 4.77617650e+00])]",[616.4872076511383]
