,problem,layers,optimizer,solutions,parameters,time
0,"{'type': 'maxcut', 'graph': {'directed': False, 'multigraph': False, 'graph': {}, 'nodes': [{'id': 0}, {'id': 1}, {'id': 2}, {'id': 3}], 'links': [{'weight': 5, 'source': 0, 'target': 1}, {'weight': 5, 'source': 0, 'target': 2}, {'weight': 7, 'source': 0, 'target': 3}, {'weight': 4, 'source': 1, 'target': 2}, {'weight': 8, 'source': 1, 'target': 3}, {'weight': 8, 'source': 2, 'target': 3}]}, 'position': {0: [-0.2548148752963474, -0.8433541504801777], 1: [-0.947498195379204, 0.3810949273552925], 2: [0.9999999999999999, -0.20733107317232005], 3: [0.2023130706755527, 0.6695902962972065]}, 'solution': ([0, 1, 1, 0], 26.0)}",21,"{'optimizer': 'COBYLA', 'maxiter': 100, 'shots': 1024, 'parameter_strategy': 'RANDOM', 'x0': None, 'backend': <QAOA_Tester.Backend.NoisyEstimatorBackend object at 0x7f9be716b040>}","[([1, 0, 0, 0], -17.0)]","[array([ 1.41314489,  1.36877118,  5.81781223,  3.0212825 ,  4.00694773,
        0.60727418,  3.56164837,  1.38408588,  1.72047946,  5.4079638 ,
        3.44842254,  1.20874897,  3.43444223,  3.33595455,  0.7622947 ,
        0.45803196,  5.66944612,  5.94409091,  6.08302323,  5.17421042,
       -0.2893565 ,  1.54702406,  3.71260529,  3.01427035,  2.41180322,
        3.69908628,  1.25454411,  4.44001006,  5.26060511,  2.32112582,
        5.89259735,  3.67052459,  5.27440444,  4.93448812,  2.81757824,
        1.22221773,  4.2176573 ,  4.55367862,  0.97877447,  6.17133493,
        3.5439663 ,  2.99570497])]",[578.5290899276733]
