,problem,layers,optimizer,solutions,parameters,time
0,"{'type': 'maxcut', 'graph': {'directed': False, 'multigraph': False, 'graph': {}, 'nodes': [{'id': 0}, {'id': 1}, {'id': 2}, {'id': 3}], 'links': [{'weight': 5, 'source': 0, 'target': 1}, {'weight': 5, 'source': 0, 'target': 2}, {'weight': 7, 'source': 0, 'target': 3}, {'weight': 4, 'source': 1, 'target': 2}, {'weight': 8, 'source': 1, 'target': 3}, {'weight': 8, 'source': 2, 'target': 3}]}, 'position': {0: [-0.2548148752963474, -0.8433541504801777], 1: [-0.947498195379204, 0.3810949273552925], 2: [0.9999999999999999, -0.20733107317232005], 3: [0.2023130706755527, 0.6695902962972065]}, 'solution': ([0, 1, 1, 0], 26.0)}",17,"{'optimizer': 'COBYLA', 'maxiter': 100, 'shots': 1024, 'parameter_strategy': 'RANDOM', 'x0': None, 'backend': <QAOA_Tester.Backend.NoisyEstimatorBackend object at 0x7fe6f60c6b30>}","[([1, 1, 1, 0], -23.0)]","[array([5.78549072, 6.20560722, 1.83028743, 0.70903616, 0.22728012,
       3.40929035, 4.21490385, 5.8161253 , 5.73841944, 1.51724942,
       0.05488841, 1.29288669, 2.95290638, 1.46152622, 2.19139938,
       3.72178954, 2.4363969 , 4.59617334, 2.31111696, 0.33981697,
       5.28470557, 2.67028917, 5.87760821, 4.05347953, 6.03466706,
       1.09155861, 5.55118341, 4.12329214, 6.12187222, 4.74630541,
       5.93150337, 0.86903835, 0.60925704, 2.95723639])]",[569.9629428386688]
