,problem,layers,optimizer,solutions,parameters,time
0,"{'type': 'maxcut', 'graph': {'directed': False, 'multigraph': False, 'graph': {}, 'nodes': [{'id': 0}, {'id': 1}, {'id': 2}, {'id': 3}], 'links': [{'weight': 5, 'source': 0, 'target': 1}, {'weight': 5, 'source': 0, 'target': 2}, {'weight': 7, 'source': 0, 'target': 3}, {'weight': 4, 'source': 1, 'target': 2}, {'weight': 8, 'source': 1, 'target': 3}, {'weight': 8, 'source': 2, 'target': 3}]}, 'position': {0: [-0.2548148752963474, -0.8433541504801777], 1: [-0.947498195379204, 0.3810949273552925], 2: [0.9999999999999999, -0.20733107317232005], 3: [0.2023130706755527, 0.6695902962972065]}, 'solution': ([0, 1, 1, 0], 26.0)}",28,"{'optimizer': 'COBYLA', 'maxiter': 100, 'shots': 1024, 'parameter_strategy': 'RANDOM', 'x0': None, 'backend': <QAOA_Tester.Backend.NoisyEstimatorBackend object at 0x7f5339b6ace0>}","[([0, 0, 0, 0], 0.0)]","[array([ 0.62952706,  5.58584048,  5.45455668,  0.36102544,  0.00761896,
        3.69065336,  5.57993983,  2.52155257,  0.52646039,  1.16225636,
        0.23537466,  4.83614196,  3.06239813,  3.22830273,  2.77161055,
        4.81067045,  1.29143739,  2.26185456, -0.03472161,  4.70209503,
        4.18107013,  1.20237404,  1.37453696,  1.69994388,  0.65916517,
        1.99730239,  6.03299298,  3.24480986,  1.33778535,  3.0951517 ,
        4.40168098,  0.74280303,  6.17956685,  1.81318514,  1.97169751,
        1.5076907 ,  5.79400275,  5.17489644,  0.38119968,  0.97122096,
        2.54716717,  0.51472548,  0.62796114,  2.08030095,  2.46211887,
        6.23067471,  5.39005425,  2.04509065,  5.66612707,  0.42265051,
        5.25903579,  6.04605428,  5.94886849,  0.25477056,  0.28987378,
        5.63100722])]",[593.4590148925781]
