,problem,layers,optimizer,solutions,parameters,time
0,"{'type': 'maxcut', 'graph': {'directed': False, 'multigraph': False, 'graph': {}, 'nodes': [{'id': 0}, {'id': 1}, {'id': 2}, {'id': 3}], 'links': [{'weight': 5, 'source': 0, 'target': 1}, {'weight': 5, 'source': 0, 'target': 2}, {'weight': 7, 'source': 0, 'target': 3}, {'weight': 4, 'source': 1, 'target': 2}, {'weight': 8, 'source': 1, 'target': 3}, {'weight': 8, 'source': 2, 'target': 3}]}, 'position': {0: [-0.2548148752963474, -0.8433541504801777], 1: [-0.947498195379204, 0.3810949273552925], 2: [0.9999999999999999, -0.20733107317232005], 3: [0.2023130706755527, 0.6695902962972065]}, 'solution': ([0, 1, 1, 0], 26.0)}",15,"{'optimizer': 'COBYLA', 'maxiter': 100, 'shots': 1024, 'parameter_strategy': 'RANDOM', 'x0': None, 'backend': <QAOA_Tester.Backend.NoisyEstimatorBackend object at 0x7f986d001c30>}","[([1, 0, 0, 1], -26.0)]","[array([ 2.82650154,  0.11183344,  0.59397373,  3.33683205,  2.30572084,
        3.28989265,  2.2482041 ,  3.98334645,  2.53841971,  0.11902421,
        1.7773668 ,  4.09715494,  3.60879705,  0.95083183, -0.38964066,
        1.61721897,  5.45975358,  6.12411622,  1.69161701,  0.48035955,
        3.71880519,  2.54160192,  6.17927944,  2.82750022,  4.41506432,
        5.38507089,  3.57491091,  1.35941571,  4.42814699,  6.00896987])]",[587.808863401413]
