,problem,layers,optimizer,solutions,parameters,time
0,"{'type': 'maxcut', 'graph': {'directed': False, 'multigraph': False, 'graph': {}, 'nodes': [{'id': 0}, {'id': 1}, {'id': 2}, {'id': 3}], 'links': [{'weight': 5, 'source': 0, 'target': 1}, {'weight': 5, 'source': 0, 'target': 2}, {'weight': 7, 'source': 0, 'target': 3}, {'weight': 4, 'source': 1, 'target': 2}, {'weight': 8, 'source': 1, 'target': 3}, {'weight': 8, 'source': 2, 'target': 3}]}, 'position': {0: [-0.2548148752963474, -0.8433541504801777], 1: [-0.947498195379204, 0.3810949273552925], 2: [0.9999999999999999, -0.20733107317232005], 3: [0.2023130706755527, 0.6695902962972065]}, 'solution': ([0, 1, 1, 0], 26.0)}",29,"{'optimizer': 'COBYLA', 'maxiter': 100, 'shots': 1024, 'parameter_strategy': 'RANDOM', 'x0': None, 'backend': <QAOA_Tester.Backend.NoisyEstimatorBackend object at 0x7f77aaa7ef80>}","[([0, 0, 1, 1], -24.0)]","[array([4.78086812, 4.53234961, 1.57641665, 0.76900823, 0.33681871,
       4.44824715, 1.70409292, 1.98813532, 4.72972568, 1.12328402,
       1.67842936, 6.35352599, 4.23554574, 5.02262394, 1.75341627,
       2.14045198, 5.13610767, 0.42013333, 3.39329588, 5.83894129,
       4.12088853, 2.24400022, 0.03822863, 3.35423431, 0.69243246,
       2.49880264, 3.81178424, 3.34037037, 4.33906492, 3.14872589,
       0.46348762, 1.86461542, 0.2466873 , 2.3742036 , 5.25425524,
       3.44702886, 0.91829865, 3.67164724, 6.05350137, 0.6486065 ,
       1.53347967, 0.46473974, 1.31840468, 2.76647655, 2.15332549,
       4.22241928, 0.39892261, 2.77808831, 3.32928958, 4.573227  ,
       0.69305075, 3.69801508, 4.80594765, 4.32001163, 2.49186783,
       2.86371335, 4.12721323, 4.21239532])]",[602.4349093437195]
