,problem,layers,optimizer,solutions,parameters,time
0,"{'type': 'maxcut', 'graph': {'directed': False, 'multigraph': False, 'graph': {}, 'nodes': [{'id': 0}, {'id': 1}, {'id': 2}, {'id': 3}], 'links': [{'weight': 5, 'source': 0, 'target': 1}, {'weight': 5, 'source': 0, 'target': 2}, {'weight': 7, 'source': 0, 'target': 3}, {'weight': 4, 'source': 1, 'target': 2}, {'weight': 8, 'source': 1, 'target': 3}, {'weight': 8, 'source': 2, 'target': 3}]}, 'position': {0: [-0.2548148752963474, -0.8433541504801777], 1: [-0.947498195379204, 0.3810949273552925], 2: [0.9999999999999999, -0.20733107317232005], 3: [0.2023130706755527, 0.6695902962972065]}, 'solution': ([0, 1, 1, 0], 26.0)}",24,"{'optimizer': 'COBYLA', 'maxiter': 100, 'shots': 1024, 'parameter_strategy': 'RANDOM', 'x0': None, 'backend': <QAOA_Tester.Backend.NoisyEstimatorBackend object at 0x7f4c386df850>}","[([0, 0, 0, 1], -23.0)]","[array([1.25191157, 3.10357312, 2.90004161, 0.11958326, 0.70830962,
       2.02735377, 5.03739857, 2.79937854, 3.35115949, 3.96241137,
       3.12476398, 4.15761015, 0.49069912, 0.3317465 , 0.72284992,
       2.2307885 , 5.77539474, 1.4373027 , 3.07879269, 0.37368525,
       4.08465602, 5.01871603, 1.87621726, 1.88207783, 0.07870382,
       3.11619899, 3.76609216, 1.19650721, 4.84748593, 6.08187794,
       5.00268072, 4.97571525, 2.33257356, 1.81587413, 4.29225449,
       4.12618485, 4.16896618, 0.3603954 , 0.75784018, 6.23287916,
       2.87140049, 1.15490846, 2.77967782, 1.44145814, 0.79071376,
       1.85689959, 0.10646224, 4.62637058])]",[589.8223834037781]
