,problem,layers,optimizer,solutions,parameters,time
0,"{'type': 'maxcut', 'graph': {'directed': False, 'multigraph': False, 'graph': {}, 'nodes': [{'id': 0}, {'id': 1}, {'id': 2}, {'id': 3}], 'links': [{'weight': 5, 'source': 0, 'target': 1}, {'weight': 5, 'source': 0, 'target': 2}, {'weight': 7, 'source': 0, 'target': 3}, {'weight': 4, 'source': 1, 'target': 2}, {'weight': 8, 'source': 1, 'target': 3}, {'weight': 8, 'source': 2, 'target': 3}]}, 'position': {0: [-0.2548148752963474, -0.8433541504801777], 1: [-0.947498195379204, 0.3810949273552925], 2: [0.9999999999999999, -0.20733107317232005], 3: [0.2023130706755527, 0.6695902962972065]}, 'solution': ([0, 1, 1, 0], 26.0)}",18,"{'optimizer': 'COBYLA', 'maxiter': 100, 'shots': 1024, 'parameter_strategy': 'RANDOM', 'x0': None, 'backend': <QAOA_Tester.Backend.NoisyEstimatorBackend object at 0x7fbe5ab12c20>}","[([1, 0, 0, 0], -17.0)]","[array([0.89205132, 0.47204032, 2.44739604, 3.82874778, 4.28367649,
       4.21605855, 3.0363261 , 1.46541499, 4.71944674, 0.56550674,
       5.88360199, 4.29045582, 4.33627128, 2.39659461, 0.91136655,
       5.55723495, 3.61420416, 6.23045646, 1.02448447, 1.1405464 ,
       4.90364482, 3.56214173, 2.07908139, 3.05494591, 1.92820249,
       2.70629618, 3.72657199, 4.92921714, 1.97324481, 4.57668202,
       4.82231661, 0.71995741, 3.62760588, 0.18542054, 2.65475812,
       1.31960808])]",[620.2768700122833]
