,problem,layers,optimizer,solutions,parameters,time
0,"{'type': 'maxcut', 'graph': {'directed': False, 'multigraph': False, 'graph': {}, 'nodes': [{'id': 0}, {'id': 1}, {'id': 2}, {'id': 3}], 'links': [{'weight': 5, 'source': 0, 'target': 1}, {'weight': 5, 'source': 0, 'target': 2}, {'weight': 7, 'source': 0, 'target': 3}, {'weight': 4, 'source': 1, 'target': 2}, {'weight': 8, 'source': 1, 'target': 3}, {'weight': 8, 'source': 2, 'target': 3}]}, 'position': {0: [-0.2548148752963474, -0.8433541504801777], 1: [-0.947498195379204, 0.3810949273552925], 2: [0.9999999999999999, -0.20733107317232005], 3: [0.2023130706755527, 0.6695902962972065]}, 'solution': ([0, 1, 1, 0], 26.0)}",25,"{'optimizer': 'COBYLA', 'maxiter': 100, 'shots': 1024, 'parameter_strategy': 'RANDOM', 'x0': None, 'backend': <QAOA_Tester.Backend.NoisyEstimatorBackend object at 0x7f3d871dd900>}","[([0, 1, 1, 1], -17.0)]","[array([ 4.69227887,  1.44080061,  0.28331149,  5.01877402,  2.56049966,
        6.15747586,  1.38366845,  4.58153163,  0.54656049,  5.19754623,
        1.67831286,  0.37519361,  2.57513925,  0.36111802,  2.77025381,
        5.74737994,  1.10504894,  0.82261321,  2.47502942,  0.70875479,
        0.62289941,  5.3984309 ,  2.61623988,  2.06143221, -0.33079367,
        2.88547794,  0.09970631,  0.87836325,  0.87063427,  6.14088842,
        4.17940026,  5.09363738,  3.65537216,  5.05387297,  2.40593992,
        3.74969525,  4.64492419,  3.16303117,  0.86882927,  0.21854543,
        4.70681222,  5.02977908,  0.34649798,  0.55433224,  4.24232032,
        0.27775396,  3.93791792,  0.20151943,  5.46448971,  3.25237605])]",[580.2781476974487]
