,problem,layers,optimizer,solutions,parameters,time
0,"{'type': 'maxcut', 'graph': {'directed': False, 'multigraph': False, 'graph': {}, 'nodes': [{'id': 0}, {'id': 1}, {'id': 2}, {'id': 3}], 'links': [{'weight': 5, 'source': 0, 'target': 1}, {'weight': 5, 'source': 0, 'target': 2}, {'weight': 7, 'source': 0, 'target': 3}, {'weight': 4, 'source': 1, 'target': 2}, {'weight': 8, 'source': 1, 'target': 3}, {'weight': 8, 'source': 2, 'target': 3}]}, 'position': {0: [-0.2548148752963474, -0.8433541504801777], 1: [-0.947498195379204, 0.3810949273552925], 2: [0.9999999999999999, -0.20733107317232005], 3: [0.2023130706755527, 0.6695902962972065]}, 'solution': ([0, 1, 1, 0], 26.0)}",27,"{'optimizer': 'COBYLA', 'maxiter': 100, 'shots': 1024, 'parameter_strategy': 'RANDOM', 'x0': None, 'backend': <QAOA_Tester.Backend.NoisyEstimatorBackend object at 0x7f6687746bf0>}","[([0, 1, 1, 1], -17.0)]","[array([1.95899176, 4.05435577, 5.66296421, 2.06417595, 4.81400882,
       4.17553691, 3.41903397, 0.99392123, 0.99735423, 5.61866904,
       2.81202587, 3.92571707, 3.53185418, 1.57540399, 5.05213415,
       0.5817976 , 3.90504508, 3.61359351, 3.85964762, 1.1460096 ,
       1.10890037, 2.21170401, 5.31249306, 1.6446797 , 5.92842452,
       4.33127353, 4.05261634, 0.98963404, 5.92727039, 3.30590431,
       0.18593874, 1.7592438 , 4.65492616, 3.78888375, 5.95702904,
       6.00091014, 5.61115758, 3.45345914, 3.17847963, 2.34563842,
       0.45531131, 3.32169422, 1.88225562, 0.86861604, 6.19846827,
       4.01570184, 5.8725969 , 3.97997865, 4.5695405 , 1.6371103 ,
       4.88700429, 0.75905244, 0.71351138, 6.12158146])]",[576.1751084327698]
