,problem,layers,optimizer,solutions,parameters,time
0,"{'type': 'maxcut', 'graph': {'directed': False, 'multigraph': False, 'graph': {}, 'nodes': [{'id': 0}, {'id': 1}, {'id': 2}, {'id': 3}], 'links': [{'weight': 5, 'source': 0, 'target': 1}, {'weight': 5, 'source': 0, 'target': 2}, {'weight': 7, 'source': 0, 'target': 3}, {'weight': 4, 'source': 1, 'target': 2}, {'weight': 8, 'source': 1, 'target': 3}, {'weight': 8, 'source': 2, 'target': 3}]}, 'position': {0: [-0.2548148752963474, -0.8433541504801777], 1: [-0.947498195379204, 0.3810949273552925], 2: [0.9999999999999999, -0.20733107317232005], 3: [0.2023130706755527, 0.6695902962972065]}, 'solution': ([0, 1, 1, 0], 26.0)}",20,"{'optimizer': 'COBYLA', 'maxiter': 100, 'shots': 1024, 'parameter_strategy': 'RANDOM', 'x0': None, 'backend': <QAOA_Tester.Backend.NoisyEstimatorBackend object at 0x7fdc1414d2a0>}","[([1, 1, 1, 0], -23.0)]","[array([0.21219113, 0.28596197, 5.23639113, 1.411619  , 3.30924559,
       4.74422314, 2.32106846, 1.66896072, 4.2385389 , 5.40791278,
       1.38750943, 5.33170628, 4.18853418, 2.78227921, 1.42287669,
       2.11397679, 5.05966318, 5.27933299, 1.04885492, 5.5032391 ,
       5.1896622 , 4.14880293, 5.34367414, 3.06571439, 1.6632326 ,
       4.44918604, 2.36874558, 1.88967389, 0.4015204 , 0.50969923,
       5.8347901 , 4.58999689, 1.66202084, 2.45938382, 4.85993924,
       3.60935149, 3.53206041, 1.50484523, 3.22371169, 3.66249809])]",[565.8229975700378]
