,problem,layers,optimizer,solutions,parameters,time
0,"{'type': 'maxcut', 'graph': {'directed': False, 'multigraph': False, 'graph': {}, 'nodes': [{'id': 0}, {'id': 1}, {'id': 2}, {'id': 3}], 'links': [{'weight': 5, 'source': 0, 'target': 1}, {'weight': 5, 'source': 0, 'target': 2}, {'weight': 7, 'source': 0, 'target': 3}, {'weight': 4, 'source': 1, 'target': 2}, {'weight': 8, 'source': 1, 'target': 3}, {'weight': 8, 'source': 2, 'target': 3}]}, 'position': {0: [-0.2548148752963474, -0.8433541504801777], 1: [-0.947498195379204, 0.3810949273552925], 2: [0.9999999999999999, -0.20733107317232005], 3: [0.2023130706755527, 0.6695902962972065]}, 'solution': ([0, 1, 1, 0], 26.0)}",26,"{'optimizer': 'COBYLA', 'maxiter': 100, 'shots': 1024, 'parameter_strategy': 'RANDOM', 'x0': None, 'backend': <QAOA_Tester.Backend.NoisyEstimatorBackend object at 0x7fb7079f9cf0>}","[([1, 1, 1, 0], -23.0)]","[array([1.75167506, 0.20461375, 0.76696014, 4.10065651, 5.06082968,
       0.54302322, 1.1282727 , 5.26717538, 1.51989412, 3.91051   ,
       3.44492888, 5.37700571, 2.20815551, 5.01352647, 3.65715752,
       1.24681569, 1.15859534, 3.37769553, 0.67707893, 1.92029352,
       0.13378268, 2.20631705, 6.16115989, 5.06544246, 3.47966361,
       3.53166346, 5.48796286, 3.30517446, 1.72302321, 3.6968883 ,
       1.69056802, 5.59642402, 1.25091918, 1.83467983, 1.13685216,
       4.06306665, 5.86576666, 1.67043472, 4.42058874, 6.03442745,
       2.50352584, 5.78621591, 6.27817139, 0.87511079, 6.21330731,
       5.80172251, 0.15513315, 3.92089281, 1.71672338, 2.47789023,
       3.52725434, 0.75893721])]",[640.0068135261536]
