,problem,layers,optimizer,solutions,parameters,time
0,"{'type': 'maxcut', 'graph': {'directed': False, 'multigraph': False, 'graph': {}, 'nodes': [{'id': 0}, {'id': 1}, {'id': 2}, {'id': 3}], 'links': [{'weight': 5, 'source': 0, 'target': 1}, {'weight': 5, 'source': 0, 'target': 2}, {'weight': 7, 'source': 0, 'target': 3}, {'weight': 4, 'source': 1, 'target': 2}, {'weight': 8, 'source': 1, 'target': 3}, {'weight': 8, 'source': 2, 'target': 3}]}, 'position': {0: [-0.2548148752963474, -0.8433541504801777], 1: [-0.947498195379204, 0.3810949273552925], 2: [0.9999999999999999, -0.20733107317232005], 3: [0.2023130706755527, 0.6695902962972065]}, 'solution': ([0, 1, 1, 0], 26.0)}",28,"{'optimizer': 'COBYLA', 'maxiter': 100, 'shots': 1024, 'parameter_strategy': 'RANDOM', 'x0': None, 'backend': <QAOA_Tester.Backend.NoisyEstimatorBackend object at 0x7fd6b0f4ad10>}","[([1, 0, 0, 1], -26.0)]","[array([1.62493088, 5.12791182, 0.85809207, 6.20285818, 5.17780303,
       4.02447732, 5.33642788, 6.03723496, 0.72411329, 1.6590909 ,
       6.02580424, 5.92642624, 0.64921452, 3.07557482, 5.25995164,
       6.26292429, 2.27523126, 4.62197964, 2.17692485, 0.38383353,
       1.32802708, 0.19097774, 3.41492117, 5.94835471, 3.86683712,
       4.27611518, 5.8561932 , 2.01341636, 2.57357921, 3.32479598,
       4.04652523, 5.94705269, 4.95481919, 2.05523983, 0.93155955,
       0.85190702, 4.3524713 , 2.23933397, 2.0693396 , 4.17071992,
       0.48369316, 3.84483812, 4.94996388, 4.32928961, 5.22061632,
       3.7461128 , 0.59794809, 4.42498672, 1.12979893, 0.75062046,
       3.6793991 , 0.64451328, 2.04207591, 2.58812671, 3.96539845,
       2.96385592])]",[596.5077002048492]
