,problem,layers,optimizer,solutions,parameters,time
0,"{'type': 'maxcut', 'graph': {'directed': False, 'multigraph': False, 'graph': {}, 'nodes': [{'id': 0}, {'id': 1}, {'id': 2}, {'id': 3}], 'links': [{'weight': 5, 'source': 0, 'target': 1}, {'weight': 5, 'source': 0, 'target': 2}, {'weight': 7, 'source': 0, 'target': 3}, {'weight': 4, 'source': 1, 'target': 2}, {'weight': 8, 'source': 1, 'target': 3}, {'weight': 8, 'source': 2, 'target': 3}]}, 'position': {0: [-0.2548148752963474, -0.8433541504801777], 1: [-0.947498195379204, 0.3810949273552925], 2: [0.9999999999999999, -0.20733107317232005], 3: [0.2023130706755527, 0.6695902962972065]}, 'solution': ([0, 1, 1, 0], 26.0)}",23,"{'optimizer': 'COBYLA', 'maxiter': 100, 'shots': 1024, 'parameter_strategy': 'RANDOM', 'x0': None, 'backend': <QAOA_Tester.Backend.NoisyEstimatorBackend object at 0x7f0e351d6c20>}","[([0, 0, 1, 1], -24.0)]","[array([5.92828519, 3.98085814, 5.57127631, 5.10193863, 4.55100967,
       3.54870803, 2.13690042, 4.23287837, 1.03525937, 5.22074969,
       0.91337616, 1.58435562, 2.87475451, 3.34100545, 3.89763325,
       5.94108079, 0.85404665, 0.38234876, 4.03326583, 6.21723536,
       0.78249169, 2.62036643, 8.26895186, 5.11674454, 2.27220093,
       2.9438219 , 5.07030519, 0.41925824, 5.8629086 , 4.52972169,
       2.70546521, 6.11634919, 2.39497866, 2.95718837, 0.31544996,
       2.92567817, 0.07123241, 0.07493389, 5.73400023, 3.05539865,
       5.29631674, 2.94498202, 1.75075863, 4.56308849, 1.81313364,
       4.39530174])]",[601.9892590045929]
