,problem,layers,optimizer,solutions,parameters,time
0,"{'type': 'maxcut', 'graph': {'directed': False, 'multigraph': False, 'graph': {}, 'nodes': [{'id': 0}, {'id': 1}, {'id': 2}, {'id': 3}], 'links': [{'weight': 5, 'source': 0, 'target': 1}, {'weight': 5, 'source': 0, 'target': 2}, {'weight': 7, 'source': 0, 'target': 3}, {'weight': 4, 'source': 1, 'target': 2}, {'weight': 8, 'source': 1, 'target': 3}, {'weight': 8, 'source': 2, 'target': 3}]}, 'position': {0: [-0.2548148752963474, -0.8433541504801777], 1: [-0.947498195379204, 0.3810949273552925], 2: [0.9999999999999999, -0.20733107317232005], 3: [0.2023130706755527, 0.6695902962972065]}, 'solution': ([0, 1, 1, 0], 26.0)}",16,"{'optimizer': 'COBYLA', 'maxiter': 100, 'shots': 1024, 'parameter_strategy': 'RANDOM', 'x0': None, 'backend': <QAOA_Tester.Backend.NoisyEstimatorBackend object at 0x7fcb0a8d14e0>}","[([0, 1, 1, 0], -26.0)]","[array([3.59068373, 4.74711645, 5.9956258 , 2.41398822, 4.32671408,
       1.10714294, 0.84559206, 6.1549011 , 4.58616944, 4.64176731,
       3.25438558, 5.25834099, 6.23815578, 3.218522  , 5.27600296,
       2.17320398, 0.20989332, 4.55283771, 0.54838708, 3.41909481,
       1.17294897, 0.63875108, 4.32301452, 0.83679851, 1.80405508,
       5.60735113, 3.28120657, 2.92289092, 0.53601192, 2.66498922,
       4.7366648 , 1.96530947])]",[596.8853166103363]
