,problem,layers,optimizer,solutions,parameters,time
0,"{'type': 'maxcut', 'graph': {'directed': False, 'multigraph': False, 'graph': {}, 'nodes': [{'id': 0}, {'id': 1}, {'id': 2}, {'id': 3}], 'links': [{'weight': 5, 'source': 0, 'target': 1}, {'weight': 5, 'source': 0, 'target': 2}, {'weight': 7, 'source': 0, 'target': 3}, {'weight': 4, 'source': 1, 'target': 2}, {'weight': 8, 'source': 1, 'target': 3}, {'weight': 8, 'source': 2, 'target': 3}]}, 'position': {0: [-0.2548148752963474, -0.8433541504801777], 1: [-0.947498195379204, 0.3810949273552925], 2: [0.9999999999999999, -0.20733107317232005], 3: [0.2023130706755527, 0.6695902962972065]}, 'solution': ([0, 1, 1, 0], 26.0)}",29,"{'optimizer': 'COBYLA', 'maxiter': 100, 'shots': 1024, 'parameter_strategy': 'RANDOM', 'x0': None, 'backend': <QAOA_Tester.Backend.NoisyEstimatorBackend object at 0x7efeb73cd1b0>}","[([1, 1, 0, 0], -24.0)]","[array([1.10504300e+00, 1.96156929e+00, 6.15197180e+00, 3.03059188e+00,
       5.74539696e+00, 1.18091420e+00, 5.15758619e+00, 8.83738542e-01,
       3.02605069e+00, 9.92298010e-01, 1.28473914e+00, 5.86724398e+00,
       3.68488757e+00, 5.38091484e+00, 5.86479286e+00, 1.71858885e+00,
       6.08933233e+00, 3.23309829e+00, 8.69304394e-01, 6.10034902e+00,
       4.89847273e+00, 1.63039928e+00, 1.08797590e+00, 5.43743104e+00,
       5.85624407e+00, 2.49948299e+00, 4.87100938e+00, 1.63149208e+00,
       4.66024939e+00, 4.41872947e+00, 4.62858917e+00, 4.80331334e+00,
       3.61320115e+00, 2.44053706e-01, 5.61605073e-01, 4.07388772e+00,
       2.13254494e+00, 1.95700866e-03, 1.81487058e+00, 6.19707441e+00,
       2.02311445e+00, 4.87743009e+00, 5.91861112e-01, 5.53820454e+00,
       2.78653406e+00, 2.37868782e+00, 4.70629484e+00, 2.62407505e+00,
       3.85263265e+00, 3.27176151e-01, 2.32370022e+00, 1.23897128e+00,
       1.65886261e+00, 1.22140737e+00, 1.83325308e+00, 4.68414873e+00,
       2.60842598e+00, 2.48844878e+00])]",[647.5009953975677]
