,problem,layers,optimizer,solutions,parameters,time
0,"{'type': 'maxcut', 'graph': {'directed': False, 'multigraph': False, 'graph': {}, 'nodes': [{'id': 0}, {'id': 1}, {'id': 2}, {'id': 3}], 'links': [{'weight': 5, 'source': 0, 'target': 1}, {'weight': 5, 'source': 0, 'target': 2}, {'weight': 7, 'source': 0, 'target': 3}, {'weight': 4, 'source': 1, 'target': 2}, {'weight': 8, 'source': 1, 'target': 3}, {'weight': 8, 'source': 2, 'target': 3}]}, 'position': {0: [-0.2548148752963474, -0.8433541504801777], 1: [-0.947498195379204, 0.3810949273552925], 2: [0.9999999999999999, -0.20733107317232005], 3: [0.2023130706755527, 0.6695902962972065]}, 'solution': ([0, 1, 1, 0], 26.0)}",18,"{'optimizer': 'COBYLA', 'maxiter': 100, 'shots': 1024, 'parameter_strategy': 'RANDOM', 'x0': None, 'backend': <QAOA_Tester.Backend.NoisyEstimatorBackend object at 0x7f8822c69db0>}","[([0, 0, 0, 1], -23.0)]","[array([1.50280945, 2.51736154, 5.10138188, 3.32193761, 6.02677438,
       2.53366922, 1.84306173, 4.73628783, 3.07867884, 4.09249425,
       5.09322224, 5.38484311, 4.16280567, 0.50259676, 0.06634501,
       1.08227761, 5.41961827, 3.10409737, 4.81454652, 2.48993922,
       1.36429788, 0.16132466, 5.01508776, 4.60368352, 3.41114006,
       0.91725807, 4.71115572, 5.38320557, 4.04098598, 0.08002877,
       6.02774964, 2.97214801, 2.39655517, 1.70490922, 3.41091629,
       1.75565199])]",[592.1538190841675]
