,problem,layers,optimizer,solutions,parameters,time
0,"{'type': 'maxcut', 'graph': {'directed': False, 'multigraph': False, 'graph': {}, 'nodes': [{'id': 0}, {'id': 1}, {'id': 2}, {'id': 3}], 'links': [{'weight': 5, 'source': 0, 'target': 1}, {'weight': 5, 'source': 0, 'target': 2}, {'weight': 7, 'source': 0, 'target': 3}, {'weight': 4, 'source': 1, 'target': 2}, {'weight': 8, 'source': 1, 'target': 3}, {'weight': 8, 'source': 2, 'target': 3}]}, 'position': {0: [-0.2548148752963474, -0.8433541504801777], 1: [-0.947498195379204, 0.3810949273552925], 2: [0.9999999999999999, -0.20733107317232005], 3: [0.2023130706755527, 0.6695902962972065]}, 'solution': ([0, 1, 1, 0], 26.0)}",26,"{'optimizer': 'COBYLA', 'maxiter': 100, 'shots': 1024, 'parameter_strategy': 'RANDOM', 'x0': None, 'backend': <QAOA_Tester.Backend.NoisyEstimatorBackend object at 0x7f95678d3b20>}","[([0, 0, 0, 0], 0.0)]","[array([1.21291419, 4.79662545, 3.14516187, 5.2058994 , 6.13792032,
       6.09666282, 2.57049189, 2.27152824, 3.24681591, 2.87866375,
       4.04038332, 2.54424389, 1.11059432, 0.09215241, 2.52236353,
       2.8630577 , 2.32777417, 6.20014522, 5.0694007 , 2.65817334,
       5.65447709, 3.46127497, 5.41526269, 0.63231191, 0.17495427,
       4.75149234, 0.24416787, 3.26716922, 2.66556923, 0.95274349,
       2.57306603, 2.3562367 , 6.24722665, 2.03441316, 5.82804484,
       6.20070201, 0.8408284 , 3.67708372, 4.61025236, 1.69043894,
       3.12248236, 0.21775549, 5.00078542, 1.18010745, 1.26292291,
       3.88854343, 2.76514863, 1.05805469, 0.86385944, 2.16101036,
       2.18641704, 4.11897276])]",[639.2881846427917]
