,problem,layers,optimizer,solutions,parameters,time
0,"{'type': 'maxcut', 'graph': {'directed': False, 'multigraph': False, 'graph': {}, 'nodes': [{'id': 0}, {'id': 1}, {'id': 2}, {'id': 3}], 'links': [{'weight': 5, 'source': 0, 'target': 1}, {'weight': 5, 'source': 0, 'target': 2}, {'weight': 7, 'source': 0, 'target': 3}, {'weight': 4, 'source': 1, 'target': 2}, {'weight': 8, 'source': 1, 'target': 3}, {'weight': 8, 'source': 2, 'target': 3}]}, 'position': {0: [-0.2548148752963474, -0.8433541504801777], 1: [-0.947498195379204, 0.3810949273552925], 2: [0.9999999999999999, -0.20733107317232005], 3: [0.2023130706755527, 0.6695902962972065]}, 'solution': ([0, 1, 1, 0], 26.0)}",19,"{'optimizer': 'COBYLA', 'maxiter': 100, 'shots': 1024, 'parameter_strategy': 'RANDOM', 'x0': None, 'backend': <QAOA_Tester.Backend.NoisyEstimatorBackend object at 0x7f739ca0dcf0>}","[([1, 1, 0, 0], -24.0)]","[array([1.45487185, 3.13228856, 6.16072303, 3.12979009, 0.74666973,
       5.98754455, 2.75692073, 6.03350126, 4.61297642, 2.91271154,
       0.30907385, 5.72799898, 1.83585522, 3.14812094, 1.83841178,
       0.18615036, 0.37827741, 3.7612031 , 3.34707569, 5.53049924,
       2.48456281, 2.51215896, 2.83436048, 2.88231558, 5.93222229,
       2.81522637, 0.65898017, 2.43224818, 0.70645576, 1.03309961,
       5.60253412, 1.60638783, 3.77469183, 0.52118697, 2.32258376,
       2.82163831, 0.04876446, 1.78102136])]",[608.7384536266327]
