,problem,layers,optimizer,solutions,parameters,time
0,"{'type': 'maxcut', 'graph': {'directed': False, 'multigraph': False, 'graph': {}, 'nodes': [{'id': 0}, {'id': 1}, {'id': 2}, {'id': 3}], 'links': [{'weight': 5, 'source': 0, 'target': 1}, {'weight': 5, 'source': 0, 'target': 2}, {'weight': 7, 'source': 0, 'target': 3}, {'weight': 4, 'source': 1, 'target': 2}, {'weight': 8, 'source': 1, 'target': 3}, {'weight': 8, 'source': 2, 'target': 3}]}, 'position': {0: [-0.2548148752963474, -0.8433541504801777], 1: [-0.947498195379204, 0.3810949273552925], 2: [0.9999999999999999, -0.20733107317232005], 3: [0.2023130706755527, 0.6695902962972065]}, 'solution': ([0, 1, 1, 0], 26.0)}",17,"{'optimizer': 'COBYLA', 'maxiter': 100, 'shots': 1024, 'parameter_strategy': 'RANDOM', 'x0': None, 'backend': <QAOA_Tester.Backend.NoisyEstimatorBackend object at 0x7f0043d86b30>}","[([1, 1, 0, 0], -24.0)]","[array([5.72516472, 4.80990459, 3.74518673, 0.68076011, 5.40877505,
       6.24523759, 2.72374007, 3.4008765 , 0.47629753, 0.91138321,
       4.00280751, 6.15055406, 2.99836615, 1.28891659, 3.93058704,
       2.77428744, 7.01844549, 2.00288598, 1.68924134, 2.42779506,
       5.28546031, 6.01626462, 4.14602023, 0.03525891, 2.85304076,
       4.14870171, 4.63442047, 1.65222114, 2.82589909, 3.94631184,
       5.40720541, 0.52257381, 1.06631254, 5.25649393])]",[598.3740792274475]
