,problem,layers,optimizer,solutions,parameters,time
0,"{'type': 'maxcut', 'graph': {'directed': False, 'multigraph': False, 'graph': {}, 'nodes': [{'id': 0}, {'id': 1}, {'id': 2}, {'id': 3}], 'links': [{'weight': 5, 'source': 0, 'target': 1}, {'weight': 5, 'source': 0, 'target': 2}, {'weight': 7, 'source': 0, 'target': 3}, {'weight': 4, 'source': 1, 'target': 2}, {'weight': 8, 'source': 1, 'target': 3}, {'weight': 8, 'source': 2, 'target': 3}]}, 'position': {0: [-0.2548148752963474, -0.8433541504801777], 1: [-0.947498195379204, 0.3810949273552925], 2: [0.9999999999999999, -0.20733107317232005], 3: [0.2023130706755527, 0.6695902962972065]}, 'solution': ([0, 1, 1, 0], 26.0)}",25,"{'optimizer': 'COBYLA', 'maxiter': 100, 'shots': 1024, 'parameter_strategy': 'RANDOM', 'x0': None, 'backend': <QAOA_Tester.Backend.NoisyEstimatorBackend object at 0x7f2b585f8cd0>}","[([0, 1, 1, 0], -26.0)]","[array([3.46630621, 4.83375559, 1.82941439, 1.97478219, 4.80045427,
       4.05434979, 3.04569684, 1.97893907, 1.53991993, 6.09888562,
       3.30253564, 1.95644065, 2.11495616, 3.14157358, 2.76202738,
       4.7937478 , 0.94041317, 3.54879387, 5.79121403, 0.09455603,
       6.14060974, 2.18505264, 1.75583066, 5.90981803, 5.17724927,
       3.66680206, 2.85394491, 0.4070332 , 4.84796874, 0.69339142,
       2.41224597, 4.02442284, 4.95769556, 0.30977653, 5.88945119,
       4.86008341, 5.02503346, 5.1852459 , 0.61185456, 5.20414517,
       2.53303935, 1.8280058 , 4.08846432, 1.8794276 , 2.5409384 ,
       0.47193657, 5.91320738, 1.72044422, 1.04998329, 2.83391626])]",[582.4186913967133]
