,problem,layers,optimizer,solutions,parameters,time
0,"{'type': 'maxcut', 'graph': {'directed': False, 'multigraph': False, 'graph': {}, 'nodes': [{'id': 0}, {'id': 1}, {'id': 2}, {'id': 3}], 'links': [{'weight': 5, 'source': 0, 'target': 1}, {'weight': 5, 'source': 0, 'target': 2}, {'weight': 7, 'source': 0, 'target': 3}, {'weight': 4, 'source': 1, 'target': 2}, {'weight': 8, 'source': 1, 'target': 3}, {'weight': 8, 'source': 2, 'target': 3}]}, 'position': {0: [-0.2548148752963474, -0.8433541504801777], 1: [-0.947498195379204, 0.3810949273552925], 2: [0.9999999999999999, -0.20733107317232005], 3: [0.2023130706755527, 0.6695902962972065]}, 'solution': ([0, 1, 1, 0], 26.0)}",28,"{'optimizer': 'COBYLA', 'maxiter': 100, 'shots': 1024, 'parameter_strategy': 'RANDOM', 'x0': None, 'backend': <QAOA_Tester.Backend.NoisyEstimatorBackend object at 0x7ff6f5659840>}","[([1, 1, 1, 1], 0.0)]","[array([ 5.57184399,  3.57494072,  2.23189691,  4.5566279 ,  5.17528027,
        1.18441471,  1.38284754,  4.51520724,  1.9755875 ,  5.96937654,
        5.57231048,  2.66033915,  2.46604939,  2.82431963,  2.4057659 ,
       -0.02443908,  1.23906712,  3.73962898,  1.32460484,  2.90139539,
        1.89062964,  4.17311647,  5.57881285,  0.55306435,  0.26053283,
        0.56948329,  2.8417945 ,  6.82367539,  2.56433912,  2.14529995,
        2.93668822,  0.83128342,  2.38663737,  5.33839217,  0.45306944,
        5.23188619,  5.36516786,  3.29630029,  5.98143658,  1.12160649,
        2.5900248 ,  0.39378326,  0.20905355,  3.90656206,  3.23084264,
        5.20135623,  5.96794552,  4.89517946,  5.74730134,  3.09327959,
        3.73355908,  5.32485578,  6.25978728,  1.64112733,  4.1251227 ,
        1.67894422])]",[616.8681085109711]
