,problem,layers,optimizer,solutions,parameters,time
0,"{'type': 'maxcut', 'graph': {'directed': False, 'multigraph': False, 'graph': {}, 'nodes': [{'id': 0}, {'id': 1}, {'id': 2}, {'id': 3}], 'links': [{'weight': 5, 'source': 0, 'target': 1}, {'weight': 5, 'source': 0, 'target': 2}, {'weight': 7, 'source': 0, 'target': 3}, {'weight': 4, 'source': 1, 'target': 2}, {'weight': 8, 'source': 1, 'target': 3}, {'weight': 8, 'source': 2, 'target': 3}]}, 'position': {0: [-0.2548148752963474, -0.8433541504801777], 1: [-0.947498195379204, 0.3810949273552925], 2: [0.9999999999999999, -0.20733107317232005], 3: [0.2023130706755527, 0.6695902962972065]}, 'solution': ([0, 1, 1, 0], 26.0)}",16,"{'optimizer': 'COBYLA', 'maxiter': 100, 'shots': 1024, 'parameter_strategy': 'RANDOM', 'x0': None, 'backend': <QAOA_Tester.Backend.NoisyEstimatorBackend object at 0x7f2a3c05ece0>}","[([1, 1, 1, 1], 0.0)]","[array([2.2271226 , 1.43321276, 0.36796738, 3.32958903, 0.87667662,
       4.56545382, 4.28741849, 5.80223694, 3.08537976, 2.13346867,
       3.24791602, 4.83214465, 6.15380194, 2.74844558, 1.70699083,
       1.81115223, 0.44847648, 3.46770053, 2.53005334, 3.04883838,
       1.28023748, 2.98131736, 4.48473438, 5.21970148, 2.34570603,
       0.1125789 , 5.03456313, 3.57305714, 2.21941349, 4.14952272,
       5.62545884, 3.89920965])]",[618.1641314029694]
