,problem,layers,optimizer,solutions,parameters,time
0,"{'type': 'maxcut', 'graph': {'directed': False, 'multigraph': False, 'graph': {}, 'nodes': [{'id': 0}, {'id': 1}, {'id': 2}, {'id': 3}], 'links': [{'weight': 5, 'source': 0, 'target': 1}, {'weight': 5, 'source': 0, 'target': 2}, {'weight': 7, 'source': 0, 'target': 3}, {'weight': 4, 'source': 1, 'target': 2}, {'weight': 8, 'source': 1, 'target': 3}, {'weight': 8, 'source': 2, 'target': 3}]}, 'position': {0: [-0.2548148752963474, -0.8433541504801777], 1: [-0.947498195379204, 0.3810949273552925], 2: [0.9999999999999999, -0.20733107317232005], 3: [0.2023130706755527, 0.6695902962972065]}, 'solution': ([0, 1, 1, 0], 26.0)}",29,"{'optimizer': 'COBYLA', 'maxiter': 100, 'shots': 1024, 'parameter_strategy': 'RANDOM', 'x0': None, 'backend': <QAOA_Tester.Backend.NoisyEstimatorBackend object at 0x7fd398015330>}","[([1, 0, 1, 0], -24.0)]","[array([ 3.40089126,  3.13171549,  3.76500317,  2.65073737,  3.55619954,
        1.39937399,  1.27610896,  5.89024729,  0.80758323,  5.53913965,
        0.53432929,  1.67684124,  4.05390459,  1.2806497 ,  1.53122437,
        3.84508347,  5.10059067,  5.24760729,  1.38664231,  4.99299986,
        3.68625908,  5.33563772,  5.13161433,  5.47233272,  3.93102674,
        4.02848288,  3.19612633,  0.90990817, -0.16707225,  4.99844647,
        5.58847573,  3.21465384,  5.82362691,  2.57318962,  4.71042367,
        3.85069531,  1.53637664,  2.06623015,  2.6243718 ,  2.92018421,
        0.9477516 ,  2.56211743,  2.4972876 ,  2.47986282,  0.76105239,
        3.6970541 ,  4.77907587,  0.27771574,  0.21945158,  6.14494555,
        4.07444259,  5.12363992,  3.84438493,  2.15979974,  2.69697058,
        6.18959481,  1.35058792,  4.39658934])]",[586.0581595897675]
