,problem,layers,optimizer,solutions,parameters,time
0,"{'type': 'maxcut', 'graph': {'directed': False, 'multigraph': False, 'graph': {}, 'nodes': [{'id': 0}, {'id': 1}, {'id': 2}, {'id': 3}], 'links': [{'weight': 5, 'source': 0, 'target': 1}, {'weight': 5, 'source': 0, 'target': 2}, {'weight': 7, 'source': 0, 'target': 3}, {'weight': 4, 'source': 1, 'target': 2}, {'weight': 8, 'source': 1, 'target': 3}, {'weight': 8, 'source': 2, 'target': 3}]}, 'position': {0: [-0.2548148752963474, -0.8433541504801777], 1: [-0.947498195379204, 0.3810949273552925], 2: [0.9999999999999999, -0.20733107317232005], 3: [0.2023130706755527, 0.6695902962972065]}, 'solution': ([0, 1, 1, 0], 26.0)}",21,"{'optimizer': 'COBYLA', 'maxiter': 100, 'shots': 1024, 'parameter_strategy': 'RANDOM', 'x0': None, 'backend': <QAOA_Tester.Backend.NoisyEstimatorBackend object at 0x7fc7f36a9de0>}","[([0, 0, 1, 0], -17.0)]","[array([5.96356029, 3.95805241, 4.32061425, 5.08711155, 6.09994426,
       3.69342473, 4.59644488, 4.10044377, 2.01503215, 0.1711495 ,
       3.69254245, 0.44754203, 1.27987944, 6.21231464, 1.62925026,
       0.22204031, 1.72755811, 4.39819503, 0.64929173, 3.64568283,
       6.67940001, 4.95719051, 1.84547633, 1.12360348, 1.76800292,
       3.77617139, 6.17757803, 1.9392264 , 2.241599  , 1.06019733,
       0.60917568, 4.67668025, 4.45300762, 4.47282598, 4.91403933,
       1.06467649, 5.96778929, 3.32407284, 2.74039803, 6.21902757,
       0.21716717, 3.74068666])]",[575.7357316017151]
