,problem,layers,optimizer,solutions,parameters,time
0,"{'type': 'maxcut', 'graph': {'directed': False, 'multigraph': False, 'graph': {}, 'nodes': [{'id': 0}, {'id': 1}, {'id': 2}, {'id': 3}], 'links': [{'weight': 5, 'source': 0, 'target': 1}, {'weight': 5, 'source': 0, 'target': 2}, {'weight': 7, 'source': 0, 'target': 3}, {'weight': 4, 'source': 1, 'target': 2}, {'weight': 8, 'source': 1, 'target': 3}, {'weight': 8, 'source': 2, 'target': 3}]}, 'position': {0: [-0.2548148752963474, -0.8433541504801777], 1: [-0.947498195379204, 0.3810949273552925], 2: [0.9999999999999999, -0.20733107317232005], 3: [0.2023130706755527, 0.6695902962972065]}, 'solution': ([0, 1, 1, 0], 26.0)}",29,"{'optimizer': 'COBYLA', 'maxiter': 100, 'shots': 1024, 'parameter_strategy': 'RANDOM', 'x0': None, 'backend': <QAOA_Tester.Backend.NoisyEstimatorBackend object at 0x7f429c3cad40>}","[([0, 1, 0, 1], -24.0)]","[array([1.02349208, 2.42332618, 2.70157878, 0.13940636, 1.98738755,
       0.59705934, 5.76161213, 5.87004542, 6.07216902, 6.17168358,
       0.91471986, 3.10484754, 0.08342089, 6.05601258, 2.37148658,
       4.24133843, 4.35409941, 2.90921025, 5.88799024, 2.09158425,
       5.39593833, 1.07978069, 1.21930698, 2.77369126, 1.81870177,
       4.66330441, 0.12487409, 0.23691787, 5.8233794 , 6.24109259,
       0.15743057, 1.42830925, 4.48469456, 6.22344126, 5.35455841,
       2.05387612, 2.4150858 , 5.21401772, 3.32209076, 1.46528465,
       2.09542443, 2.65114889, 4.24565145, 0.34248841, 5.23993382,
       0.81644531, 5.07999852, 3.09763734, 2.98336803, 1.11156197,
       6.15245853, 1.13380278, 0.92180983, 2.06923757, 6.14272917,
       1.76643612, 2.18315786, 5.11727779])]",[579.2149493694305]
