,problem,layers,optimizer,solutions,parameters,time
0,"{'type': 'maxcut', 'graph': {'directed': False, 'multigraph': False, 'graph': {}, 'nodes': [{'id': 0}, {'id': 1}, {'id': 2}, {'id': 3}], 'links': [{'weight': 5, 'source': 0, 'target': 1}, {'weight': 5, 'source': 0, 'target': 2}, {'weight': 7, 'source': 0, 'target': 3}, {'weight': 4, 'source': 1, 'target': 2}, {'weight': 8, 'source': 1, 'target': 3}, {'weight': 8, 'source': 2, 'target': 3}]}, 'position': {0: [-0.2548148752963474, -0.8433541504801777], 1: [-0.947498195379204, 0.3810949273552925], 2: [0.9999999999999999, -0.20733107317232005], 3: [0.2023130706755527, 0.6695902962972065]}, 'solution': ([0, 1, 1, 0], 26.0)}",24,"{'optimizer': 'COBYLA', 'maxiter': 100, 'shots': 1024, 'parameter_strategy': 'RANDOM', 'x0': None, 'backend': <QAOA_Tester.Backend.NoisyEstimatorBackend object at 0x7f7d083af130>}","[([1, 0, 1, 1], -17.0)]","[array([3.82877756, 3.26765045, 0.96148956, 6.14335837, 3.27394124,
       1.69799122, 5.66788419, 4.21807249, 4.0765236 , 5.69594207,
       4.44328238, 2.31331701, 0.0434849 , 4.85184883, 2.79085985,
       4.68967548, 1.53253764, 5.85439568, 5.45720468, 0.1162684 ,
       5.87402484, 4.22195433, 5.86993618, 3.43455509, 0.05517946,
       5.32117734, 5.48824798, 1.26701255, 1.78533682, 4.36124276,
       1.20338368, 5.42911478, 4.53946937, 5.98951791, 4.36108164,
       3.13185104, 6.25935365, 3.49889122, 0.34166355, 1.30990917,
       0.95736832, 2.56974951, 3.18921585, 3.03452141, 2.77609156,
       0.40753689, 3.90306166, 4.04900241])]",[606.2870905399323]
