,problem,layers,optimizer,solutions,parameters,time
0,"{'type': 'maxcut', 'graph': {'directed': False, 'multigraph': False, 'graph': {}, 'nodes': [{'id': 0}, {'id': 1}, {'id': 2}, {'id': 3}], 'links': [{'weight': 5, 'source': 0, 'target': 1}, {'weight': 5, 'source': 0, 'target': 2}, {'weight': 7, 'source': 0, 'target': 3}, {'weight': 4, 'source': 1, 'target': 2}, {'weight': 8, 'source': 1, 'target': 3}, {'weight': 8, 'source': 2, 'target': 3}]}, 'position': {0: [-0.2548148752963474, -0.8433541504801777], 1: [-0.947498195379204, 0.3810949273552925], 2: [0.9999999999999999, -0.20733107317232005], 3: [0.2023130706755527, 0.6695902962972065]}, 'solution': ([0, 1, 1, 0], 26.0)}",23,"{'optimizer': 'COBYLA', 'maxiter': 100, 'shots': 1024, 'parameter_strategy': 'RANDOM', 'x0': None, 'backend': <QAOA_Tester.Backend.NoisyEstimatorBackend object at 0x7f472af63be0>}","[([0, 0, 1, 0], -17.0)]","[array([4.14903188, 5.32660847, 5.74735195, 3.60203307, 0.77759188,
       4.25806134, 3.0084826 , 3.41965597, 5.36183691, 5.50854851,
       2.75506419, 0.37836202, 2.52490901, 0.64454784, 2.00869424,
       5.71667933, 1.32087571, 4.41105252, 5.07524474, 5.05201739,
       1.88387449, 3.48081396, 2.73025191, 4.36874133, 5.02557876,
       0.13507231, 4.76025387, 3.48420325, 0.34484664, 4.77170225,
       0.35905279, 5.26624358, 4.22215298, 1.46287755, 5.23276919,
       6.24664203, 5.19013953, 5.06440049, 1.64508748, 6.27645735,
       6.13117076, 5.70664338, 2.15476979, 4.0699192 , 0.72928082,
       4.17203821])]",[580.1893844604492]
