,problem,layers,optimizer,solutions,parameters,time
0,"{'type': 'maxcut', 'graph': {'directed': False, 'multigraph': False, 'graph': {}, 'nodes': [{'id': 0}, {'id': 1}, {'id': 2}, {'id': 3}], 'links': [{'weight': 5, 'source': 0, 'target': 1}, {'weight': 5, 'source': 0, 'target': 2}, {'weight': 7, 'source': 0, 'target': 3}, {'weight': 4, 'source': 1, 'target': 2}, {'weight': 8, 'source': 1, 'target': 3}, {'weight': 8, 'source': 2, 'target': 3}]}, 'position': {0: [-0.2548148752963474, -0.8433541504801777], 1: [-0.947498195379204, 0.3810949273552925], 2: [0.9999999999999999, -0.20733107317232005], 3: [0.2023130706755527, 0.6695902962972065]}, 'solution': ([0, 1, 1, 0], 26.0)}",28,"{'optimizer': 'COBYLA', 'maxiter': 100, 'shots': 1024, 'parameter_strategy': 'RANDOM', 'x0': None, 'backend': <QAOA_Tester.Backend.NoisyEstimatorBackend object at 0x7f830b3fe230>}","[([1, 0, 0, 1], -26.0)]","[array([1.49789681, 1.27739449, 1.42920574, 4.1147077 , 0.16550096,
       1.9797642 , 5.51800686, 6.25952841, 2.76107741, 0.55495104,
       3.87393347, 2.23650478, 5.17455874, 2.72717927, 1.37068359,
       6.1000169 , 4.33402286, 0.99435948, 3.40226702, 5.4657007 ,
       3.26608678, 2.24888486, 3.33751143, 5.40373127, 2.45473563,
       5.99893556, 3.76725328, 6.35982307, 4.19630063, 1.24587465,
       4.86004748, 2.78659201, 4.4258719 , 5.35251539, 1.54657495,
       5.39133343, 2.88768177, 1.81622228, 2.19936469, 1.04604651,
       1.45889902, 2.17748014, 6.04715738, 5.85343965, 1.6393537 ,
       4.39771584, 5.43002486, 3.9757824 , 0.02693772, 2.7741455 ,
       2.88263053, 0.02733396, 1.25030941, 5.85373894, 5.26158085,
       1.7127955 ])]",[581.4166951179504]
