,problem,layers,optimizer,solutions,parameters,time
0,"{'type': 'maxcut', 'graph': {'directed': False, 'multigraph': False, 'graph': {}, 'nodes': [{'id': 0}, {'id': 1}, {'id': 2}, {'id': 3}], 'links': [{'weight': 5, 'source': 0, 'target': 1}, {'weight': 5, 'source': 0, 'target': 2}, {'weight': 7, 'source': 0, 'target': 3}, {'weight': 4, 'source': 1, 'target': 2}, {'weight': 8, 'source': 1, 'target': 3}, {'weight': 8, 'source': 2, 'target': 3}]}, 'position': {0: [-0.2548148752963474, -0.8433541504801777], 1: [-0.947498195379204, 0.3810949273552925], 2: [0.9999999999999999, -0.20733107317232005], 3: [0.2023130706755527, 0.6695902962972065]}, 'solution': ([0, 1, 1, 0], 26.0)}",25,"{'optimizer': 'COBYLA', 'maxiter': 100, 'shots': 1024, 'parameter_strategy': 'RANDOM', 'x0': None, 'backend': <QAOA_Tester.Backend.NoisyEstimatorBackend object at 0x7fc9b6b5b6a0>}","[([0, 1, 1, 1], -17.0)]","[array([ 2.24293318,  0.96009269,  5.92226773,  2.07713561,  0.96383331,
        2.8096101 ,  1.45907646,  4.85531061, -0.13108319,  1.26599908,
        3.25869959,  4.71232275,  4.8258861 ,  5.06008985,  2.19487819,
        0.11596627,  4.18068981,  1.46514755,  3.4471167 ,  2.90132606,
        2.08877419,  2.9637092 ,  5.76579733,  1.30767998,  3.23199251,
        2.61764187,  1.17619728,  0.98375207,  0.51907213,  1.78766083,
        1.52991029,  6.26631258,  2.78833123,  0.57224356,  3.98268832,
        3.92855962,  4.34204353,  0.83553923,  4.66878246,  2.73787741,
        2.41207116,  6.13009974,  1.81666872,  4.48843011,  6.25142167,
        2.97201984,  0.02623882,  4.96754775,  0.02761901,  1.20431601])]",[583.8347680568695]
