,problem,layers,optimizer,solutions,parameters,time
0,"{'type': 'maxcut', 'graph': {'directed': False, 'multigraph': False, 'graph': {}, 'nodes': [{'id': 0}, {'id': 1}, {'id': 2}, {'id': 3}], 'links': [{'weight': 5, 'source': 0, 'target': 1}, {'weight': 5, 'source': 0, 'target': 2}, {'weight': 7, 'source': 0, 'target': 3}, {'weight': 4, 'source': 1, 'target': 2}, {'weight': 8, 'source': 1, 'target': 3}, {'weight': 8, 'source': 2, 'target': 3}]}, 'position': {0: [-0.2548148752963474, -0.8433541504801777], 1: [-0.947498195379204, 0.3810949273552925], 2: [0.9999999999999999, -0.20733107317232005], 3: [0.2023130706755527, 0.6695902962972065]}, 'solution': ([0, 1, 1, 0], 26.0)}",30,"{'optimizer': 'COBYLA', 'maxiter': 100, 'shots': 1024, 'parameter_strategy': 'RANDOM', 'x0': None, 'backend': <QAOA_Tester.Backend.NoisyEstimatorBackend object at 0x7fcfde1cc430>}","[([1, 0, 0, 1], -26.0)]","[array([3.93223666, 5.88902158, 3.11433065, 4.6973131 , 3.57154298,
       4.31396512, 0.84594981, 0.91278742, 5.03841885, 3.30882646,
       4.04457821, 5.71871602, 1.24411899, 5.221192  , 3.10586852,
       3.74127397, 5.38089648, 2.41487856, 2.83626465, 2.29628369,
       5.86203657, 2.33697165, 5.05389067, 4.52640589, 4.50202727,
       4.5446798 , 4.79214654, 2.42042708, 2.9529104 , 3.44985712,
       2.44082957, 0.45971932, 5.9666356 , 5.63824623, 1.76281563,
       4.31032754, 1.40816052, 1.97268358, 0.72863572, 2.4537811 ,
       3.7528178 , 2.43308475, 0.28378758, 4.35261644, 5.83481331,
       4.71901532, 4.83935117, 0.49039598, 3.71194639, 2.54207482,
       3.26923511, 1.40266921, 1.75703083, 2.05265773, 4.5514474 ,
       1.62842543, 0.283526  , 2.27759822, 3.66390848, 3.08217508])]",[522.8628742694855]
