,problem,layers,optimizer,solutions,parameters,time
0,"{'type': 'maxcut', 'graph': {'directed': False, 'multigraph': False, 'graph': {}, 'nodes': [{'id': 0}, {'id': 1}, {'id': 2}, {'id': 3}], 'links': [{'weight': 5, 'source': 0, 'target': 1}, {'weight': 5, 'source': 0, 'target': 2}, {'weight': 7, 'source': 0, 'target': 3}, {'weight': 4, 'source': 1, 'target': 2}, {'weight': 8, 'source': 1, 'target': 3}, {'weight': 8, 'source': 2, 'target': 3}]}, 'position': {0: [-0.2548148752963474, -0.8433541504801777], 1: [-0.947498195379204, 0.3810949273552925], 2: [0.9999999999999999, -0.20733107317232005], 3: [0.2023130706755527, 0.6695902962972065]}, 'solution': ([0, 1, 1, 0], 26.0)}",24,"{'optimizer': 'COBYLA', 'maxiter': 100, 'shots': 1024, 'parameter_strategy': 'RANDOM', 'x0': None, 'backend': <QAOA_Tester.Backend.NoisyEstimatorBackend object at 0x7f60c7c4b100>}","[([1, 1, 1, 1], 0.0)]","[array([ 5.00240254e+00,  5.84346395e+00,  6.20443844e+00,  5.83686466e+00,
        6.20330884e+00,  5.30190190e+00,  5.18885368e+00,  6.08628241e+00,
        2.47227986e+00,  4.08104902e+00,  5.71160276e+00,  2.33326114e+00,
        5.26959576e+00,  7.64276476e-01,  5.88733006e+00,  3.96872397e-01,
        2.54351655e+00,  2.94505626e+00,  2.42741053e+00,  4.09868484e+00,
        4.08179647e+00,  2.47197251e+00,  2.16724930e-01,  2.98931017e+00,
        4.37624986e+00,  3.36346100e+00,  1.37988774e+00,  1.76370345e+00,
        1.31865459e+00,  5.58849944e+00,  3.25851976e-01,  4.90015491e+00,
        1.49821567e+00,  6.88524119e-01,  3.07328822e+00,  2.58656581e+00,
        5.36800375e+00, -5.15838073e-03,  4.25961357e+00,  4.90846424e+00,
        2.42253522e+00,  3.81892351e+00,  4.65515699e+00,  1.66835339e+00,
        4.96426071e+00,  1.46255704e+00,  2.02432324e+00,  5.28777058e+00])]",[614.7720077037811]
