,problem,layers,optimizer,solutions,parameters,time
0,"{'type': 'maxcut', 'graph': {'directed': False, 'multigraph': False, 'graph': {}, 'nodes': [{'id': 0}, {'id': 1}, {'id': 2}, {'id': 3}], 'links': [{'weight': 5, 'source': 0, 'target': 1}, {'weight': 5, 'source': 0, 'target': 2}, {'weight': 7, 'source': 0, 'target': 3}, {'weight': 4, 'source': 1, 'target': 2}, {'weight': 8, 'source': 1, 'target': 3}, {'weight': 8, 'source': 2, 'target': 3}]}, 'position': {0: [-0.2548148752963474, -0.8433541504801777], 1: [-0.947498195379204, 0.3810949273552925], 2: [0.9999999999999999, -0.20733107317232005], 3: [0.2023130706755527, 0.6695902962972065]}, 'solution': ([0, 1, 1, 0], 26.0)}",15,"{'optimizer': 'COBYLA', 'maxiter': 100, 'shots': 1024, 'parameter_strategy': 'RANDOM', 'x0': None, 'backend': <QAOA_Tester.Backend.NoisyEstimatorBackend object at 0x7fce1de99000>}","[([0, 0, 0, 0], 0.0)]","[array([1.84927655, 5.23798223, 4.93622518, 5.56851491, 1.75538981,
       4.78758695, 2.34821686, 4.95192318, 2.68220302, 1.07928096,
       4.41473477, 5.74495029, 5.44075009, 3.54259678, 6.27020924,
       1.98073054, 3.83909115, 5.52165061, 5.23335356, 3.45951124,
       5.57761935, 2.99986427, 0.36521698, 6.13759669, 5.84083841,
       0.97734339, 5.28665719, 3.11876711, 2.48579006, 4.29793623])]",[595.5871369838715]
