,problem,layers,optimizer,solutions,parameters,time
0,"{'type': 'maxcut', 'graph': {'directed': False, 'multigraph': False, 'graph': {}, 'nodes': [{'id': 0}, {'id': 1}, {'id': 2}, {'id': 3}], 'links': [{'weight': 5, 'source': 0, 'target': 1}, {'weight': 5, 'source': 0, 'target': 2}, {'weight': 7, 'source': 0, 'target': 3}, {'weight': 4, 'source': 1, 'target': 2}, {'weight': 8, 'source': 1, 'target': 3}, {'weight': 8, 'source': 2, 'target': 3}]}, 'position': {0: [-0.2548148752963474, -0.8433541504801777], 1: [-0.947498195379204, 0.3810949273552925], 2: [0.9999999999999999, -0.20733107317232005], 3: [0.2023130706755527, 0.6695902962972065]}, 'solution': ([0, 1, 1, 0], 26.0)}",16,"{'optimizer': 'COBYLA', 'maxiter': 100, 'shots': 1024, 'parameter_strategy': 'RANDOM', 'x0': None, 'backend': <QAOA_Tester.Backend.NoisyEstimatorBackend object at 0x7fa4afc52c20>}","[([1, 0, 0, 0], -17.0)]","[array([5.54429815, 3.92762944, 4.42908303, 2.72151406, 0.55549968,
       0.3067416 , 0.66828101, 4.97690475, 2.23779901, 1.95805079,
       5.40289277, 0.25146387, 1.02317264, 0.93617374, 0.0823066 ,
       1.02657057, 3.26702544, 1.38054056, 3.09971571, 1.41481451,
       1.05848968, 5.70496407, 1.15370147, 3.80077694, 0.52856792,
       1.83250251, 0.31231855, 2.54304774, 4.3578258 , 5.53135675,
       5.94658786, 1.89060577])]",[572.4391944408417]
