,problem,layers,optimizer,solutions,parameters,time
0,"{'type': 'maxcut', 'graph': {'directed': False, 'multigraph': False, 'graph': {}, 'nodes': [{'id': 0}, {'id': 1}, {'id': 2}, {'id': 3}], 'links': [{'weight': 5, 'source': 0, 'target': 1}, {'weight': 5, 'source': 0, 'target': 2}, {'weight': 7, 'source': 0, 'target': 3}, {'weight': 4, 'source': 1, 'target': 2}, {'weight': 8, 'source': 1, 'target': 3}, {'weight': 8, 'source': 2, 'target': 3}]}, 'position': {0: [-0.2548148752963474, -0.8433541504801777], 1: [-0.947498195379204, 0.3810949273552925], 2: [0.9999999999999999, -0.20733107317232005], 3: [0.2023130706755527, 0.6695902962972065]}, 'solution': ([0, 1, 1, 0], 26.0)}",28,"{'optimizer': 'COBYLA', 'maxiter': 100, 'shots': 1024, 'parameter_strategy': 'RANDOM', 'x0': None, 'backend': <QAOA_Tester.Backend.NoisyEstimatorBackend object at 0x7ff78f074400>}","[([1, 1, 0, 1], -17.0)]","[array([4.09378872, 4.78868166, 6.12526904, 1.31147324, 1.71005818,
       4.05377837, 3.85363688, 0.38148036, 0.37270158, 4.39962854,
       1.15703225, 4.50617295, 4.27217584, 3.12808564, 1.15874164,
       0.7246215 , 0.65901743, 2.63121296, 2.52649136, 1.25126351,
       5.63325858, 1.88519769, 5.5620488 , 3.70864454, 5.91174847,
       5.34709779, 6.07308097, 2.54365809, 3.7529768 , 1.65693854,
       2.86599795, 4.16552359, 5.59234846, 1.60635536, 1.61072454,
       3.03510587, 0.91000166, 5.18881374, 5.54586946, 3.5072597 ,
       4.71933295, 1.92020182, 0.06488913, 5.47009561, 2.86483633,
       3.80979765, 0.93384258, 0.69841176, 1.85065449, 3.99751259,
       4.53097023, 1.51915118, 4.55139727, 4.91851795, 2.75021851,
       4.35988517])]",[631.7711112499237]
