,problem,layers,optimizer,solutions,parameters,time
0,"{'type': 'maxcut', 'graph': {'directed': False, 'multigraph': False, 'graph': {}, 'nodes': [{'id': 0}, {'id': 1}, {'id': 2}, {'id': 3}], 'links': [{'weight': 5, 'source': 0, 'target': 1}, {'weight': 5, 'source': 0, 'target': 2}, {'weight': 7, 'source': 0, 'target': 3}, {'weight': 4, 'source': 1, 'target': 2}, {'weight': 8, 'source': 1, 'target': 3}, {'weight': 8, 'source': 2, 'target': 3}]}, 'position': {0: [-0.2548148752963474, -0.8433541504801777], 1: [-0.947498195379204, 0.3810949273552925], 2: [0.9999999999999999, -0.20733107317232005], 3: [0.2023130706755527, 0.6695902962972065]}, 'solution': ([0, 1, 1, 0], 26.0)}",17,"{'optimizer': 'COBYLA', 'maxiter': 100, 'shots': 1024, 'parameter_strategy': 'RANDOM', 'x0': None, 'backend': <QAOA_Tester.Backend.NoisyEstimatorBackend object at 0x7f217eea21d0>}","[([1, 1, 0, 1], -17.0)]","[array([6.12642659, 3.91482841, 3.26033832, 1.66663685, 5.97196047,
       4.86666598, 5.45382447, 5.36492049, 4.75086808, 5.97481628,
       3.33919565, 2.99427411, 0.43915871, 3.15033371, 4.10703586,
       6.2443741 , 5.62212878, 2.5664378 , 5.14160343, 5.30372394,
       5.52072758, 5.09662707, 5.77428488, 4.19882591, 3.75337606,
       4.02735087, 3.62194867, 2.62673085, 1.7722786 , 3.39288559,
       3.76139359, 2.03546004, 3.75985513, 2.73879458])]",[572.4778604507446]
