,problem,layers,optimizer,solutions,parameters,time
0,"{'type': 'maxcut', 'graph': {'directed': False, 'multigraph': False, 'graph': {}, 'nodes': [{'id': 0}, {'id': 1}, {'id': 2}, {'id': 3}], 'links': [{'weight': 5, 'source': 0, 'target': 1}, {'weight': 5, 'source': 0, 'target': 2}, {'weight': 7, 'source': 0, 'target': 3}, {'weight': 4, 'source': 1, 'target': 2}, {'weight': 8, 'source': 1, 'target': 3}, {'weight': 8, 'source': 2, 'target': 3}]}, 'position': {0: [-0.2548148752963474, -0.8433541504801777], 1: [-0.947498195379204, 0.3810949273552925], 2: [0.9999999999999999, -0.20733107317232005], 3: [0.2023130706755527, 0.6695902962972065]}, 'solution': ([0, 1, 1, 0], 26.0)}",29,"{'optimizer': 'COBYLA', 'maxiter': 100, 'shots': 1024, 'parameter_strategy': 'RANDOM', 'x0': None, 'backend': <QAOA_Tester.Backend.NoisyEstimatorBackend object at 0x7f048a0c2b60>}","[([0, 1, 1, 1], -17.0)]","[array([1.05724335, 5.41590256, 0.23596296, 2.94927319, 2.9913344 ,
       5.11740814, 4.41412769, 6.13875814, 3.7587131 , 1.04752312,
       6.04676805, 0.45041915, 2.76396841, 0.71356381, 1.14682298,
       1.43716051, 5.5953625 , 5.10094897, 3.71673422, 0.85221071,
       0.87630099, 3.04041344, 0.23328678, 2.40510634, 2.4140399 ,
       6.2674726 , 5.96963102, 5.65679221, 1.26748535, 1.05929757,
       2.31706604, 1.24626066, 2.4705191 , 2.9522797 , 4.65219492,
       2.0152609 , 2.15580316, 4.93369944, 2.9096656 , 0.86542195,
       1.21377417, 4.86539816, 1.78278017, 6.18124157, 0.2265159 ,
       4.53639712, 3.12245012, 2.56961294, 5.10182127, 2.35026799,
       5.48940308, 1.70210497, 6.16965196, 5.65103372, 5.20082324,
       5.79927653, 1.64396011, 0.89444484])]",[575.717128276825]
