,problem,layers,optimizer,solutions,parameters,time
0,"{'type': 'maxcut', 'graph': {'directed': False, 'multigraph': False, 'graph': {}, 'nodes': [{'id': 0}, {'id': 1}, {'id': 2}, {'id': 3}], 'links': [{'weight': 5, 'source': 0, 'target': 1}, {'weight': 5, 'source': 0, 'target': 2}, {'weight': 7, 'source': 0, 'target': 3}, {'weight': 4, 'source': 1, 'target': 2}, {'weight': 8, 'source': 1, 'target': 3}, {'weight': 8, 'source': 2, 'target': 3}]}, 'position': {0: [-0.2548148752963474, -0.8433541504801777], 1: [-0.947498195379204, 0.3810949273552925], 2: [0.9999999999999999, -0.20733107317232005], 3: [0.2023130706755527, 0.6695902962972065]}, 'solution': ([0, 1, 1, 0], 26.0)}",17,"{'optimizer': 'COBYLA', 'maxiter': 100, 'shots': 1024, 'parameter_strategy': 'RANDOM', 'x0': None, 'backend': <QAOA_Tester.Backend.NoisyEstimatorBackend object at 0x7f946b4baf50>}","[([0, 0, 0, 0], 0.0)]","[array([3.79334367, 0.55578165, 5.3842456 , 0.93058893, 2.6553708 ,
       1.56326735, 1.21544285, 4.2192686 , 5.00857078, 3.43847235,
       2.60133771, 5.5787326 , 2.44961475, 4.59312724, 1.48732061,
       6.08847327, 3.29495063, 5.85096399, 3.50247109, 0.31615205,
       3.73297614, 2.89802287, 2.12494097, 3.71338804, 4.18735122,
       2.56752975, 3.38031255, 3.24422196, 1.96732896, 3.1730555 ,
       1.77877544, 2.97776296, 0.79586573, 2.05968269])]",[606.1010954380035]
