,problem,layers,optimizer,solutions,parameters,time
0,"{'type': 'maxcut', 'graph': {'directed': False, 'multigraph': False, 'graph': {}, 'nodes': [{'id': 0}, {'id': 1}, {'id': 2}, {'id': 3}], 'links': [{'weight': 5, 'source': 0, 'target': 1}, {'weight': 5, 'source': 0, 'target': 2}, {'weight': 7, 'source': 0, 'target': 3}, {'weight': 4, 'source': 1, 'target': 2}, {'weight': 8, 'source': 1, 'target': 3}, {'weight': 8, 'source': 2, 'target': 3}]}, 'position': {0: [-0.2548148752963474, -0.8433541504801777], 1: [-0.947498195379204, 0.3810949273552925], 2: [0.9999999999999999, -0.20733107317232005], 3: [0.2023130706755527, 0.6695902962972065]}, 'solution': ([0, 1, 1, 0], 26.0)}",25,"{'optimizer': 'COBYLA', 'maxiter': 100, 'shots': 1024, 'parameter_strategy': 'RANDOM', 'x0': None, 'backend': <QAOA_Tester.Backend.NoisyEstimatorBackend object at 0x7f19b77bed70>}","[([0, 0, 0, 1], -23.0)]","[array([0.38634798, 4.63796362, 3.29091951, 6.04092004, 1.58490834,
       3.91042892, 4.00582926, 1.26698535, 3.51833236, 2.90896018,
       1.95221797, 4.29899771, 6.25327478, 0.30868599, 5.06042343,
       5.98588067, 5.52334708, 5.72648868, 5.10616544, 3.7723531 ,
       4.49338866, 2.41294464, 3.76143419, 1.19756657, 2.55822381,
       2.5576819 , 3.57636947, 0.21679745, 1.27751079, 2.65746999,
       3.1466895 , 5.43996857, 5.07819251, 1.96895223, 5.55939299,
       6.04660117, 0.10920155, 3.46508933, 5.71271307, 4.55747155,
       1.35914304, 1.19123814, 2.60101653, 6.09334488, 4.23248312,
       3.69250093, 4.66698512, 2.62996891, 1.9595036 , 2.21286395])]",[589.3995804786682]
