,problem,layers,optimizer,solutions,parameters,time
0,"{'type': 'maxcut', 'graph': {'directed': False, 'multigraph': False, 'graph': {}, 'nodes': [{'id': 0}, {'id': 1}, {'id': 2}, {'id': 3}], 'links': [{'weight': 5, 'source': 0, 'target': 1}, {'weight': 5, 'source': 0, 'target': 2}, {'weight': 7, 'source': 0, 'target': 3}, {'weight': 4, 'source': 1, 'target': 2}, {'weight': 8, 'source': 1, 'target': 3}, {'weight': 8, 'source': 2, 'target': 3}]}, 'position': {0: [-0.2548148752963474, -0.8433541504801777], 1: [-0.947498195379204, 0.3810949273552925], 2: [0.9999999999999999, -0.20733107317232005], 3: [0.2023130706755527, 0.6695902962972065]}, 'solution': ([0, 1, 1, 0], 26.0)}",25,"{'optimizer': 'COBYLA', 'maxiter': 100, 'shots': 1024, 'parameter_strategy': 'RANDOM', 'x0': None, 'backend': <QAOA_Tester.Backend.NoisyEstimatorBackend object at 0x7efc330cfeb0>}","[([1, 0, 0, 0], -17.0)]","[array([1.15533556, 3.68495712, 5.12106096, 0.26833194, 0.60515824,
       6.18654707, 4.00374826, 2.99067329, 1.77276457, 4.54149161,
       4.00609603, 4.05514619, 1.81650324, 1.33101552, 4.03606541,
       5.9662519 , 3.32631865, 2.43163979, 1.61152992, 4.35685414,
       0.75061211, 3.68199026, 2.53546976, 3.97406265, 6.76720304,
       6.06823546, 5.36683233, 0.44711595, 1.61991002, 2.97291943,
       4.44076286, 3.87812467, 5.88797366, 1.77969689, 2.37686344,
       5.74023235, 2.37415963, 5.81411484, 1.68310116, 0.88961485,
       5.81727072, 0.65547653, 4.49929516, 3.81206397, 1.56700734,
       0.39191023, 0.44470097, 4.66562572, 5.81495223, 0.63472943])]",[586.2685611248016]
