,problem,layers,optimizer,solutions,parameters,time
0,"{'type': 'maxcut', 'graph': {'directed': False, 'multigraph': False, 'graph': {}, 'nodes': [{'id': 0}, {'id': 1}, {'id': 2}, {'id': 3}], 'links': [{'weight': 5, 'source': 0, 'target': 1}, {'weight': 5, 'source': 0, 'target': 2}, {'weight': 7, 'source': 0, 'target': 3}, {'weight': 4, 'source': 1, 'target': 2}, {'weight': 8, 'source': 1, 'target': 3}, {'weight': 8, 'source': 2, 'target': 3}]}, 'position': {0: [-0.2548148752963474, -0.8433541504801777], 1: [-0.947498195379204, 0.3810949273552925], 2: [0.9999999999999999, -0.20733107317232005], 3: [0.2023130706755527, 0.6695902962972065]}, 'solution': ([0, 1, 1, 0], 26.0)}",27,"{'optimizer': 'COBYLA', 'maxiter': 100, 'shots': 1024, 'parameter_strategy': 'RANDOM', 'x0': None, 'backend': <QAOA_Tester.Backend.NoisyEstimatorBackend object at 0x7f15b56a5f60>}","[([0, 1, 1, 1], -17.0)]","[array([1.60182809, 4.37811799, 2.88601817, 1.35746334, 0.57386907,
       3.75295096, 5.16620406, 4.03110472, 6.21713266, 1.57776758,
       5.28686285, 0.6765901 , 2.88056361, 1.64900315, 3.06994   ,
       4.69332274, 1.14049692, 5.21700705, 5.90690472, 0.39994007,
       0.1446089 , 0.73049825, 0.07432185, 0.04934822, 3.87912285,
       5.90983781, 0.54645279, 1.95412069, 0.71782412, 1.3641911 ,
       3.31313722, 5.53253955, 3.76195614, 4.27859424, 5.09808668,
       5.66395241, 4.97658122, 2.30014384, 3.19389094, 5.37268508,
       4.84935208, 2.14115739, 2.68796806, 3.01505262, 3.24181109,
       4.54643435, 5.68008113, 4.53149763, 3.37892926, 0.29775771,
       3.87356031, 0.13432704, 5.68322385, 3.5820395 ])]",[600.6716866493225]
