,problem,layers,optimizer,solutions,parameters,time
0,"{'type': 'maxcut', 'graph': {'directed': False, 'multigraph': False, 'graph': {}, 'nodes': [{'id': 0}, {'id': 1}, {'id': 2}, {'id': 3}], 'links': [{'weight': 5, 'source': 0, 'target': 1}, {'weight': 5, 'source': 0, 'target': 2}, {'weight': 7, 'source': 0, 'target': 3}, {'weight': 4, 'source': 1, 'target': 2}, {'weight': 8, 'source': 1, 'target': 3}, {'weight': 8, 'source': 2, 'target': 3}]}, 'position': {0: [-0.2548148752963474, -0.8433541504801777], 1: [-0.947498195379204, 0.3810949273552925], 2: [0.9999999999999999, -0.20733107317232005], 3: [0.2023130706755527, 0.6695902962972065]}, 'solution': ([0, 1, 1, 0], 26.0)}",24,"{'optimizer': 'COBYLA', 'maxiter': 100, 'shots': 1024, 'parameter_strategy': 'RANDOM', 'x0': None, 'backend': <QAOA_Tester.Backend.NoisyEstimatorBackend object at 0x7fc2ca579900>}","[([1, 0, 0, 1], -26.0)]","[array([3.20788514, 1.75883887, 2.41437551, 5.61582777, 4.4093995 ,
       5.56465372, 4.31852064, 1.19833599, 2.99273781, 3.76188145,
       3.12202156, 5.98367295, 3.35138794, 3.16632042, 4.30950289,
       3.06236029, 0.00762958, 5.46163712, 3.32071646, 4.42789657,
       2.82140744, 2.91290123, 1.8910433 , 3.36132977, 0.29786365,
       0.30272174, 5.9332586 , 1.5818415 , 1.50715563, 4.20996826,
       5.62489827, 0.35568614, 1.09262874, 0.8456255 , 0.03444136,
       0.31048048, 6.25140374, 0.66056602, 0.3303378 , 4.62429038,
       1.29321507, 4.74555207, 2.13134424, 0.67576317, 3.07378733,
       5.29999725, 4.31156202, 1.78748635])]",[595.9478185176849]
