,problem,layers,optimizer,solutions,parameters,time
0,"{'type': 'maxcut', 'graph': {'directed': False, 'multigraph': False, 'graph': {}, 'nodes': [{'id': 0}, {'id': 1}, {'id': 2}, {'id': 3}], 'links': [{'weight': 5, 'source': 0, 'target': 1}, {'weight': 5, 'source': 0, 'target': 2}, {'weight': 7, 'source': 0, 'target': 3}, {'weight': 4, 'source': 1, 'target': 2}, {'weight': 8, 'source': 1, 'target': 3}, {'weight': 8, 'source': 2, 'target': 3}]}, 'position': {0: [-0.2548148752963474, -0.8433541504801777], 1: [-0.947498195379204, 0.3810949273552925], 2: [0.9999999999999999, -0.20733107317232005], 3: [0.2023130706755527, 0.6695902962972065]}, 'solution': ([0, 1, 1, 0], 26.0)}",19,"{'optimizer': 'COBYLA', 'maxiter': 100, 'shots': 1024, 'parameter_strategy': 'RANDOM', 'x0': None, 'backend': <QAOA_Tester.Backend.NoisyEstimatorBackend object at 0x7ff4f7d47940>}","[([1, 0, 0, 1], -26.0)]","[array([ 0.78400608,  6.10242539,  5.8914501 ,  3.13228854, -0.0223678 ,
        2.08684701,  2.09933659,  4.76198338,  5.94878801,  4.68215215,
        5.88806858,  6.05036192,  1.61850887,  5.87556828,  4.85417339,
        4.99497782,  6.13791441,  3.36646697,  6.8164665 , -0.14096527,
        2.29960324,  0.13511359,  2.36181455,  3.51457471,  2.5145864 ,
        2.156471  ,  0.83616591,  3.23620694,  1.96952325,  1.03355262,
        0.08814918,  2.2935334 ,  4.4608456 ,  5.40809282,  5.81704075,
        3.89028399,  5.71336054,  5.49972487])]",[577.8382000923157]
