,problem,layers,optimizer,solutions,parameters,time
0,"{'type': 'maxcut', 'graph': {'directed': False, 'multigraph': False, 'graph': {}, 'nodes': [{'id': 0}, {'id': 1}, {'id': 2}, {'id': 3}], 'links': [{'weight': 5, 'source': 0, 'target': 1}, {'weight': 5, 'source': 0, 'target': 2}, {'weight': 7, 'source': 0, 'target': 3}, {'weight': 4, 'source': 1, 'target': 2}, {'weight': 8, 'source': 1, 'target': 3}, {'weight': 8, 'source': 2, 'target': 3}]}, 'position': {0: [-0.2548148752963474, -0.8433541504801777], 1: [-0.947498195379204, 0.3810949273552925], 2: [0.9999999999999999, -0.20733107317232005], 3: [0.2023130706755527, 0.6695902962972065]}, 'solution': ([0, 1, 1, 0], 26.0)}",26,"{'optimizer': 'COBYLA', 'maxiter': 100, 'shots': 1024, 'parameter_strategy': 'RANDOM', 'x0': None, 'backend': <QAOA_Tester.Backend.NoisyEstimatorBackend object at 0x7f8076432ef0>}","[([0, 0, 0, 0], 0.0)]","[array([0.3201858 , 1.03053541, 4.65876086, 5.58938083, 6.24818742,
       4.0395526 , 1.04651398, 4.53893677, 4.63163879, 4.34987972,
       3.98597097, 2.90259403, 1.05421338, 1.11185607, 3.3522755 ,
       3.46384366, 4.16615117, 3.56278226, 0.73463158, 1.02046862,
       3.80912886, 2.37172351, 4.81141471, 3.48943729, 5.25935839,
       6.30045707, 5.31454352, 3.14062672, 0.61006971, 3.18222142,
       4.46131526, 0.57165343, 4.48232732, 0.95697362, 1.1713185 ,
       0.74229139, 2.84935263, 2.39496558, 3.20596723, 3.24559998,
       2.76685973, 0.21194536, 4.40008477, 0.7316432 , 2.53736412,
       2.15985189, 5.70313024, 4.79441026, 4.5160878 , 3.29850743,
       2.61827957, 2.15728079])]",[639.1894373893738]
