,problem,layers,optimizer,solutions,parameters,time
0,"{'type': 'maxcut', 'graph': {'directed': False, 'multigraph': False, 'graph': {}, 'nodes': [{'id': 0}, {'id': 1}, {'id': 2}, {'id': 3}], 'links': [{'weight': 5, 'source': 0, 'target': 1}, {'weight': 5, 'source': 0, 'target': 2}, {'weight': 7, 'source': 0, 'target': 3}, {'weight': 4, 'source': 1, 'target': 2}, {'weight': 8, 'source': 1, 'target': 3}, {'weight': 8, 'source': 2, 'target': 3}]}, 'position': {0: [-0.2548148752963474, -0.8433541504801777], 1: [-0.947498195379204, 0.3810949273552925], 2: [0.9999999999999999, -0.20733107317232005], 3: [0.2023130706755527, 0.6695902962972065]}, 'solution': ([0, 1, 1, 0], 26.0)}",29,"{'optimizer': 'COBYLA', 'maxiter': 100, 'shots': 1024, 'parameter_strategy': 'RANDOM', 'x0': None, 'backend': <QAOA_Tester.Backend.NoisyEstimatorBackend object at 0x7fba8aa65c60>}","[([0, 0, 0, 0], 0.0)]","[array([2.96757467, 6.21159483, 4.50456516, 0.39489739, 3.75586583,
       5.99855811, 5.16444386, 2.30974786, 3.10586867, 2.70701589,
       3.73140045, 2.00387663, 3.19508725, 6.18597548, 0.3106516 ,
       3.75259249, 4.44177567, 5.76438566, 3.46240436, 0.99694971,
       3.36600038, 0.1290561 , 3.11324717, 1.60888779, 2.47943724,
       4.47165792, 6.17354578, 5.31695768, 5.25782962, 1.91310551,
       1.3309678 , 0.62272495, 2.10462409, 4.4978354 , 2.58453415,
       2.91399904, 6.18005311, 4.50545724, 2.89587149, 0.55551214,
       1.94927796, 0.42301013, 4.2464485 , 4.91589419, 3.93202442,
       2.67639525, 2.91251131, 3.03584894, 0.82119572, 0.15084251,
       4.04572182, 0.57816637, 0.12139205, 0.51683827, 5.41811624,
       5.72381452, 1.2283552 , 0.14622261])]",[575.763566493988]
