,problem,layers,optimizer,solutions,parameters,time
0,"{'type': 'maxcut', 'graph': {'directed': False, 'multigraph': False, 'graph': {}, 'nodes': [{'id': 0}, {'id': 1}, {'id': 2}, {'id': 3}], 'links': [{'weight': 5, 'source': 0, 'target': 1}, {'weight': 5, 'source': 0, 'target': 2}, {'weight': 7, 'source': 0, 'target': 3}, {'weight': 4, 'source': 1, 'target': 2}, {'weight': 8, 'source': 1, 'target': 3}, {'weight': 8, 'source': 2, 'target': 3}]}, 'position': {0: [-0.2548148752963474, -0.8433541504801777], 1: [-0.947498195379204, 0.3810949273552925], 2: [0.9999999999999999, -0.20733107317232005], 3: [0.2023130706755527, 0.6695902962972065]}, 'solution': ([0, 1, 1, 0], 26.0)}",16,"{'optimizer': 'COBYLA', 'maxiter': 100, 'shots': 1024, 'parameter_strategy': 'RANDOM', 'x0': None, 'backend': <QAOA_Tester.Backend.NoisyEstimatorBackend object at 0x7f6723bca4a0>}","[([1, 0, 1, 0], -24.0)]","[array([ 2.03609734,  0.42881602,  5.93850305,  1.85125899,  0.30052794,
        5.12486382,  0.57264686,  4.55573325,  3.58311727,  3.59701715,
        4.9782571 ,  5.13872346,  1.839012  , -0.28254131,  4.15092165,
        6.6088283 ,  2.07287722,  5.06925179,  0.34073803,  4.43731865,
        3.65191435,  3.756367  ,  2.90309444,  1.68482233,  5.8185034 ,
        3.36464651,  3.4235997 ,  4.00521891,  2.63114941,  5.06818185,
        2.9659002 ,  1.17517002])]",[622.8830895423889]
