,problem,layers,optimizer,solutions,parameters,time
0,"{'type': 'maxcut', 'graph': {'directed': False, 'multigraph': False, 'graph': {}, 'nodes': [{'id': 0}, {'id': 1}, {'id': 2}, {'id': 3}], 'links': [{'weight': 5, 'source': 0, 'target': 1}, {'weight': 5, 'source': 0, 'target': 2}, {'weight': 7, 'source': 0, 'target': 3}, {'weight': 4, 'source': 1, 'target': 2}, {'weight': 8, 'source': 1, 'target': 3}, {'weight': 8, 'source': 2, 'target': 3}]}, 'position': {0: [-0.2548148752963474, -0.8433541504801777], 1: [-0.947498195379204, 0.3810949273552925], 2: [0.9999999999999999, -0.20733107317232005], 3: [0.2023130706755527, 0.6695902962972065]}, 'solution': ([0, 1, 1, 0], 26.0)}",26,"{'optimizer': 'COBYLA', 'maxiter': 100, 'shots': 1024, 'parameter_strategy': 'RANDOM', 'x0': None, 'backend': <QAOA_Tester.Backend.NoisyEstimatorBackend object at 0x7fa098302a70>}","[([1, 0, 0, 0], -17.0)]","[array([0.57104889, 5.89410166, 0.82218836, 1.1641867 , 4.36384767,
       6.00445939, 1.7086495 , 3.99906622, 4.84381782, 1.53803355,
       2.1455924 , 2.50674932, 2.77968923, 4.9547666 , 3.15746462,
       5.97186246, 3.1364172 , 3.75373898, 0.69149248, 3.03785973,
       2.33493304, 6.12499575, 1.86250858, 0.04925297, 5.71539268,
       1.00120973, 5.12016894, 3.35912696, 0.35710988, 6.00208731,
       1.1564891 , 1.06846577, 0.90691306, 1.16105887, 5.4289731 ,
       1.19650716, 0.68227713, 2.31707127, 6.21248541, 1.82106665,
       0.94410548, 3.48651163, 4.53097646, 5.75274231, 2.31262863,
       6.07093499, 2.64628063, 2.92154565, 1.07606256, 3.38566334,
       5.84551983, 2.45041932])]",[602.5799870491028]
