,problem,layers,optimizer,solutions,parameters,time
0,"{'type': 'maxcut', 'graph': {'directed': False, 'multigraph': False, 'graph': {}, 'nodes': [{'id': 0}, {'id': 1}, {'id': 2}, {'id': 3}], 'links': [{'weight': 5, 'source': 0, 'target': 1}, {'weight': 5, 'source': 0, 'target': 2}, {'weight': 7, 'source': 0, 'target': 3}, {'weight': 4, 'source': 1, 'target': 2}, {'weight': 8, 'source': 1, 'target': 3}, {'weight': 8, 'source': 2, 'target': 3}]}, 'position': {0: [-0.2548148752963474, -0.8433541504801777], 1: [-0.947498195379204, 0.3810949273552925], 2: [0.9999999999999999, -0.20733107317232005], 3: [0.2023130706755527, 0.6695902962972065]}, 'solution': ([0, 1, 1, 0], 26.0)}",22,"{'optimizer': 'COBYLA', 'maxiter': 100, 'shots': 1024, 'parameter_strategy': 'RANDOM', 'x0': None, 'backend': <QAOA_Tester.Backend.NoisyEstimatorBackend object at 0x7f3905bc7a60>}","[([0, 1, 1, 0], -26.0)]","[array([3.98904992, 6.08251282, 5.76701317, 3.5218529 , 1.27362695,
       6.18204956, 3.49485807, 6.3365501 , 2.86633914, 5.47827809,
       2.26449131, 4.85025185, 4.47322023, 1.61230881, 6.13844374,
       2.00332153, 4.6165574 , 5.32456557, 0.55353758, 4.46485486,
       4.43348423, 0.18991911, 5.27249349, 4.03942175, 5.00571045,
       3.55597963, 0.11829047, 1.65775638, 4.63489044, 6.07800118,
       0.93922206, 6.03082177, 5.85726437, 5.60710211, 3.8139556 ,
       2.8950079 , 2.97598976, 5.82219288, 5.87217354, 3.82061061,
       5.31022389, 4.13324858, 3.46797371, 2.31266926])]",[598.0384111404419]
