,problem,layers,optimizer,solutions,parameters,time
0,"{'type': 'maxcut', 'graph': {'directed': False, 'multigraph': False, 'graph': {}, 'nodes': [{'id': 0}, {'id': 1}, {'id': 2}, {'id': 3}], 'links': [{'weight': 5, 'source': 0, 'target': 1}, {'weight': 5, 'source': 0, 'target': 2}, {'weight': 7, 'source': 0, 'target': 3}, {'weight': 4, 'source': 1, 'target': 2}, {'weight': 8, 'source': 1, 'target': 3}, {'weight': 8, 'source': 2, 'target': 3}]}, 'position': {0: [-0.2548148752963474, -0.8433541504801777], 1: [-0.947498195379204, 0.3810949273552925], 2: [0.9999999999999999, -0.20733107317232005], 3: [0.2023130706755527, 0.6695902962972065]}, 'solution': ([0, 1, 1, 0], 26.0)}",17,"{'optimizer': 'COBYLA', 'maxiter': 100, 'shots': 1024, 'parameter_strategy': 'RANDOM', 'x0': None, 'backend': <QAOA_Tester.Backend.NoisyEstimatorBackend object at 0x7ff01aef2ce0>}","[([1, 0, 1, 0], -24.0)]","[array([2.54820015, 4.37298436, 5.92254386, 2.5592919 , 1.01180879,
       4.43487019, 4.46226593, 2.05740289, 6.23101117, 1.84916045,
       0.4681373 , 6.1497223 , 0.51721259, 1.68914308, 0.09318556,
       5.80735303, 1.21004753, 2.18562418, 2.345949  , 5.68069846,
       4.93252356, 1.34293322, 6.20933971, 3.73723084, 5.70992046,
       2.11803205, 2.99956966, 1.49186945, 3.28068335, 4.94196637,
       0.39015701, 0.31422508, 2.30142665, 5.92335958])]",[578.9220142364502]
