,problem,layers,optimizer,solutions,parameters,time
0,"{'type': 'maxcut', 'graph': {'directed': False, 'multigraph': False, 'graph': {}, 'nodes': [{'id': 0}, {'id': 1}, {'id': 2}, {'id': 3}], 'links': [{'weight': 5, 'source': 0, 'target': 1}, {'weight': 5, 'source': 0, 'target': 2}, {'weight': 7, 'source': 0, 'target': 3}, {'weight': 4, 'source': 1, 'target': 2}, {'weight': 8, 'source': 1, 'target': 3}, {'weight': 8, 'source': 2, 'target': 3}]}, 'position': {0: [-0.2548148752963474, -0.8433541504801777], 1: [-0.947498195379204, 0.3810949273552925], 2: [0.9999999999999999, -0.20733107317232005], 3: [0.2023130706755527, 0.6695902962972065]}, 'solution': ([0, 1, 1, 0], 26.0)}",30,"{'optimizer': 'COBYLA', 'maxiter': 100, 'shots': 1024, 'parameter_strategy': 'RANDOM', 'x0': None, 'backend': <QAOA_Tester.Backend.NoisyEstimatorBackend object at 0x7fcbd7ea38e0>}","[([1, 1, 0, 0], -24.0)]","[array([4.15485756, 5.50561656, 4.08836676, 3.04988452, 0.06550489,
       4.23583229, 3.84229223, 1.08734836, 0.28179621, 5.42893479,
       3.84508733, 0.3939438 , 6.18848812, 5.86366367, 5.78248036,
       3.27752729, 4.88724695, 1.72929881, 5.37400032, 5.8665694 ,
       3.76076594, 5.68415428, 1.18958977, 4.61898136, 4.82806271,
       5.5640347 , 4.87634875, 0.64417958, 5.82320416, 4.56021053,
       1.99366482, 3.32025169, 4.30332553, 6.02446449, 4.5476735 ,
       5.78551547, 3.96806615, 2.24200218, 1.2806686 , 4.76381912,
       4.03362269, 4.01532682, 0.46132347, 4.61195515, 0.43437228,
       2.2539704 , 1.08212431, 0.49466527, 3.5467215 , 5.06063335,
       4.24370696, 0.91644245, 0.92173006, 2.84491936, 4.90716166,
       2.1945324 , 0.24516131, 5.04185535, 1.82888768, 2.19928297])]",[531.8484840393066]
