,problem,layers,optimizer,solutions,parameters,time
0,"{'type': 'maxcut', 'graph': {'directed': False, 'multigraph': False, 'graph': {}, 'nodes': [{'id': 0}, {'id': 1}, {'id': 2}, {'id': 3}], 'links': [{'weight': 5, 'source': 0, 'target': 1}, {'weight': 5, 'source': 0, 'target': 2}, {'weight': 7, 'source': 0, 'target': 3}, {'weight': 4, 'source': 1, 'target': 2}, {'weight': 8, 'source': 1, 'target': 3}, {'weight': 8, 'source': 2, 'target': 3}]}, 'position': {0: [-0.2548148752963474, -0.8433541504801777], 1: [-0.947498195379204, 0.3810949273552925], 2: [0.9999999999999999, -0.20733107317232005], 3: [0.2023130706755527, 0.6695902962972065]}, 'solution': ([0, 1, 1, 0], 26.0)}",14,"{'optimizer': 'COBYLA', 'maxiter': 100, 'shots': 1024, 'parameter_strategy': 'RANDOM', 'x0': None, 'backend': <QAOA_Tester.Backend.NoisyEstimatorBackend object at 0x7fd267e76c80>}","[([1, 0, 0, 1], -26.0)]","[array([0.26953441, 3.70678715, 1.90855735, 0.84532122, 4.09583677,
       4.46312205, 4.65627004, 0.21327795, 4.8910587 , 1.08930481,
       4.69221343, 5.17124343, 4.8759805 , 2.14258452, 6.17918877,
       2.69896933, 4.71940154, 4.22008594, 2.61260516, 2.05228677,
       1.58253975, 1.12078437, 2.61950338, 2.60787426, 5.75950954,
       1.83432475, 0.37750734, 0.28665473])]",[580.408454656601]
