,problem,layers,optimizer,solutions,parameters,time
0,"{'type': 'maxcut', 'graph': {'directed': False, 'multigraph': False, 'graph': {}, 'nodes': [{'id': 0}, {'id': 1}, {'id': 2}, {'id': 3}], 'links': [{'weight': 5, 'source': 0, 'target': 1}, {'weight': 5, 'source': 0, 'target': 2}, {'weight': 7, 'source': 0, 'target': 3}, {'weight': 4, 'source': 1, 'target': 2}, {'weight': 8, 'source': 1, 'target': 3}, {'weight': 8, 'source': 2, 'target': 3}]}, 'position': {0: [-0.2548148752963474, -0.8433541504801777], 1: [-0.947498195379204, 0.3810949273552925], 2: [0.9999999999999999, -0.20733107317232005], 3: [0.2023130706755527, 0.6695902962972065]}, 'solution': ([0, 1, 1, 0], 26.0)}",14,"{'optimizer': 'COBYLA', 'maxiter': 100, 'shots': 1024, 'parameter_strategy': 'RANDOM', 'x0': None, 'backend': <QAOA_Tester.Backend.NoisyEstimatorBackend object at 0x7ff062d81270>}","[([1, 1, 0, 0], -24.0)]","[array([0.47032793, 3.183249  , 2.93596032, 6.19702275, 1.07076706,
       4.12390018, 3.3016064 , 4.06688983, 5.38433734, 5.03840457,
       5.62962123, 2.87628703, 2.16986372, 6.50993566, 5.72525305,
       1.86710666, 6.01864917, 2.27232227, 0.7078166 , 3.94722222,
       2.95287389, 4.63696722, 3.84822991, 3.48597852, 3.86510071,
       4.92844462, 1.11655281, 2.8989621 ])]",[627.9613440036774]
