,problem,layers,optimizer,solutions,parameters,time
0,"{'type': 'maxcut', 'graph': {'directed': False, 'multigraph': False, 'graph': {}, 'nodes': [{'id': 0}, {'id': 1}, {'id': 2}, {'id': 3}], 'links': [{'weight': 5, 'source': 0, 'target': 1}, {'weight': 5, 'source': 0, 'target': 2}, {'weight': 7, 'source': 0, 'target': 3}, {'weight': 4, 'source': 1, 'target': 2}, {'weight': 8, 'source': 1, 'target': 3}, {'weight': 8, 'source': 2, 'target': 3}]}, 'position': {0: [-0.2548148752963474, -0.8433541504801777], 1: [-0.947498195379204, 0.3810949273552925], 2: [0.9999999999999999, -0.20733107317232005], 3: [0.2023130706755527, 0.6695902962972065]}, 'solution': ([0, 1, 1, 0], 26.0)}",26,"{'optimizer': 'COBYLA', 'maxiter': 100, 'shots': 1024, 'parameter_strategy': 'RANDOM', 'x0': None, 'backend': <QAOA_Tester.Backend.NoisyEstimatorBackend object at 0x7f7f7d937070>}","[([0, 1, 1, 0], -26.0)]","[array([ 4.00094601,  1.17451729,  1.96332039,  1.89036905,  0.28043664,
        2.0258619 ,  5.95445661,  2.72257493,  2.31359484,  1.2037655 ,
        1.72248397,  4.5006418 ,  4.35734795,  1.21779282,  3.26519872,
        4.53246151,  5.87289583,  2.75850843,  0.69089214,  0.40372298,
        2.51756431,  2.12869073,  3.36301671,  1.26228245,  3.92965886,
       -0.931733  ,  5.80812348,  4.71403008,  3.5093996 ,  3.02552532,
        4.2616162 ,  5.68305452,  4.75038085,  0.69923232,  0.01107958,
        3.63828531,  3.05479613,  0.65449723,  0.47503799,  5.71309275,
        0.63020516,  5.05229196,  0.44415041,  6.01097144,  1.32034784,
        4.22192401,  4.74125001,  3.36007225,  4.21598099,  1.3996239 ,
        3.49846616,  0.81329758])]",[614.9022798538208]
