,problem,layers,optimizer,solutions,parameters,time
0,"{'type': 'maxcut', 'graph': {'directed': False, 'multigraph': False, 'graph': {}, 'nodes': [{'id': 0}, {'id': 1}, {'id': 2}, {'id': 3}], 'links': [{'weight': 5, 'source': 0, 'target': 1}, {'weight': 5, 'source': 0, 'target': 2}, {'weight': 7, 'source': 0, 'target': 3}, {'weight': 4, 'source': 1, 'target': 2}, {'weight': 8, 'source': 1, 'target': 3}, {'weight': 8, 'source': 2, 'target': 3}]}, 'position': {0: [-0.2548148752963474, -0.8433541504801777], 1: [-0.947498195379204, 0.3810949273552925], 2: [0.9999999999999999, -0.20733107317232005], 3: [0.2023130706755527, 0.6695902962972065]}, 'solution': ([0, 1, 1, 0], 26.0)}",17,"{'optimizer': 'COBYLA', 'maxiter': 100, 'shots': 1024, 'parameter_strategy': 'RANDOM', 'x0': None, 'backend': <QAOA_Tester.Backend.NoisyEstimatorBackend object at 0x7fd8ce157b80>}","[([1, 1, 1, 0], -23.0)]","[array([1.48834977, 4.58145979, 3.05403266, 3.59362131, 6.13015872,
       2.91508374, 1.01316094, 5.42000798, 5.08398917, 5.66455051,
       3.90734445, 4.59836528, 3.96026511, 4.80900009, 0.40321325,
       3.90130217, 5.02917632, 5.95475959, 5.90773144, 4.60916084,
       5.19457155, 3.53472777, 4.75801293, 6.1758829 , 1.54538979,
       3.9554234 , 4.37253296, 1.24590864, 0.11389703, 2.74066706,
       5.58766751, 5.37245345, 2.34914796, 2.00943754])]",[607.1335518360138]
