,problem,layers,optimizer,solutions,parameters,time
0,"{'type': 'maxcut', 'graph': {'directed': False, 'multigraph': False, 'graph': {}, 'nodes': [{'id': 0}, {'id': 1}, {'id': 2}, {'id': 3}], 'links': [{'weight': 5, 'source': 0, 'target': 1}, {'weight': 5, 'source': 0, 'target': 2}, {'weight': 7, 'source': 0, 'target': 3}, {'weight': 4, 'source': 1, 'target': 2}, {'weight': 8, 'source': 1, 'target': 3}, {'weight': 8, 'source': 2, 'target': 3}]}, 'position': {0: [-0.2548148752963474, -0.8433541504801777], 1: [-0.947498195379204, 0.3810949273552925], 2: [0.9999999999999999, -0.20733107317232005], 3: [0.2023130706755527, 0.6695902962972065]}, 'solution': ([0, 1, 1, 0], 26.0)}",30,"{'optimizer': 'COBYLA', 'maxiter': 100, 'shots': 1024, 'parameter_strategy': 'RANDOM', 'x0': None, 'backend': <QAOA_Tester.Backend.NoisyEstimatorBackend object at 0x7f94e7c2cd90>}","[([0, 1, 0, 1], -24.0)]","[array([0.33538836, 5.05478439, 4.13049145, 6.11048309, 5.06049884,
       5.89898959, 5.02555751, 5.53652813, 5.96273965, 4.22556795,
       5.16192393, 6.1842388 , 2.51105116, 5.92673668, 1.32280871,
       4.15066549, 0.63987266, 4.50815354, 1.06616612, 3.05786318,
       1.27023044, 1.38814247, 2.59486871, 5.24909321, 2.28335198,
       2.6715452 , 3.90677564, 3.63659518, 0.4103081 , 0.0590761 ,
       1.79001755, 0.88956805, 4.55318854, 2.63933577, 3.01508359,
       4.8538735 , 1.91620688, 0.46769069, 1.96459468, 1.55218328,
       3.38108043, 4.56255676, 0.06709938, 3.8432054 , 1.81102653,
       4.2735493 , 0.88639907, 5.96141295, 2.16220374, 1.51904889,
       4.79964343, 3.36857266, 5.88274681, 1.15452295, 5.10261996,
       5.63545475, 2.17834521, 4.68204453, 3.44991752, 5.33625725])]",[545.6261875629425]
