,problem,layers,optimizer,solutions,parameters,time
0,"{'type': 'maxcut', 'graph': {'directed': False, 'multigraph': False, 'graph': {}, 'nodes': [{'id': 0}, {'id': 1}, {'id': 2}, {'id': 3}], 'links': [{'weight': 5, 'source': 0, 'target': 1}, {'weight': 5, 'source': 0, 'target': 2}, {'weight': 7, 'source': 0, 'target': 3}, {'weight': 4, 'source': 1, 'target': 2}, {'weight': 8, 'source': 1, 'target': 3}, {'weight': 8, 'source': 2, 'target': 3}]}, 'position': {0: [-0.2548148752963474, -0.8433541504801777], 1: [-0.947498195379204, 0.3810949273552925], 2: [0.9999999999999999, -0.20733107317232005], 3: [0.2023130706755527, 0.6695902962972065]}, 'solution': ([0, 1, 1, 0], 26.0)}",22,"{'optimizer': 'COBYLA', 'maxiter': 100, 'shots': 1024, 'parameter_strategy': 'RANDOM', 'x0': None, 'backend': <QAOA_Tester.Backend.NoisyEstimatorBackend object at 0x7fdaa13b6f80>}","[([1, 1, 1, 1], 0.0)]","[array([6.24627488, 0.24911055, 6.04830915, 4.18620135, 3.53550949,
       3.07097363, 0.39869406, 2.99354208, 1.44910539, 2.9305842 ,
       5.25475077, 4.03499388, 0.8308673 , 0.97943727, 6.12391452,
       1.2217355 , 3.8114718 , 3.74061546, 3.17440348, 3.95362719,
       1.84335377, 6.3982447 , 2.1798212 , 5.60385091, 2.85902593,
       1.6579637 , 0.31187676, 5.94759301, 5.21699334, 5.45403795,
       0.4030505 , 1.94997707, 2.93840497, 5.29265912, 3.66298012,
       5.48271822, 0.41545914, 1.74402251, 4.45066674, 5.77436957,
       4.46326921, 1.07681284, 3.65962948, 4.48271868])]",[623.968581199646]
