,problem,layers,optimizer,solutions,parameters,time
0,"{'type': 'maxcut', 'graph': {'directed': False, 'multigraph': False, 'graph': {}, 'nodes': [{'id': 0}, {'id': 1}, {'id': 2}, {'id': 3}], 'links': [{'weight': 5, 'source': 0, 'target': 1}, {'weight': 5, 'source': 0, 'target': 2}, {'weight': 7, 'source': 0, 'target': 3}, {'weight': 4, 'source': 1, 'target': 2}, {'weight': 8, 'source': 1, 'target': 3}, {'weight': 8, 'source': 2, 'target': 3}]}, 'position': {0: [-0.2548148752963474, -0.8433541504801777], 1: [-0.947498195379204, 0.3810949273552925], 2: [0.9999999999999999, -0.20733107317232005], 3: [0.2023130706755527, 0.6695902962972065]}, 'solution': ([0, 1, 1, 0], 26.0)}",24,"{'optimizer': 'COBYLA', 'maxiter': 100, 'shots': 1024, 'parameter_strategy': 'RANDOM', 'x0': None, 'backend': <QAOA_Tester.Backend.NoisyEstimatorBackend object at 0x7fda47d8aad0>}","[([0, 1, 0, 1], -24.0)]","[array([0.49966399, 3.00926952, 4.63821296, 6.20367313, 3.83350582,
       4.07805965, 5.82358721, 4.61815925, 5.67661757, 0.65759025,
       0.16082852, 1.18042384, 6.01121626, 4.1797711 , 4.058931  ,
       3.63630191, 3.21593381, 5.63686224, 5.25027043, 3.84318293,
       0.99971503, 4.22008268, 4.11754591, 5.00049414, 0.90946684,
       3.96613032, 6.00300815, 2.15899421, 4.52329586, 1.3708893 ,
       5.35445254, 2.42010606, 5.59935395, 4.54174509, 4.43280176,
       3.97039875, 4.46397057, 1.92805925, 5.86105315, 1.90875649,
       1.04133471, 2.33054362, 1.90619085, 1.72207105, 1.1623999 ,
       4.44520524, 5.83868904, 4.47762164])]",[596.0130324363708]
