,problem,layers,optimizer,solutions,parameters,time
0,"{'type': 'maxcut', 'graph': {'directed': False, 'multigraph': False, 'graph': {}, 'nodes': [{'id': 0}, {'id': 1}, {'id': 2}, {'id': 3}], 'links': [{'weight': 5, 'source': 0, 'target': 1}, {'weight': 5, 'source': 0, 'target': 2}, {'weight': 7, 'source': 0, 'target': 3}, {'weight': 4, 'source': 1, 'target': 2}, {'weight': 8, 'source': 1, 'target': 3}, {'weight': 8, 'source': 2, 'target': 3}]}, 'position': {0: [-0.2548148752963474, -0.8433541504801777], 1: [-0.947498195379204, 0.3810949273552925], 2: [0.9999999999999999, -0.20733107317232005], 3: [0.2023130706755527, 0.6695902962972065]}, 'solution': ([0, 1, 1, 0], 26.0)}",28,"{'optimizer': 'COBYLA', 'maxiter': 100, 'shots': 1024, 'parameter_strategy': 'RANDOM', 'x0': None, 'backend': <QAOA_Tester.Backend.NoisyEstimatorBackend object at 0x7efded5c2ec0>}","[([0, 0, 1, 0], -17.0)]","[array([3.02735854, 1.52831362, 2.0237575 , 2.46321215, 1.88853329,
       3.35973352, 0.92260584, 5.9963142 , 4.69055445, 5.99458469,
       5.22639796, 4.56897699, 2.46429712, 0.0798095 , 2.73034585,
       4.71107476, 5.40354438, 5.25312892, 1.65279947, 4.97268937,
       0.60398179, 4.38802411, 6.00175452, 4.86903841, 2.12073472,
       0.85579288, 1.17465733, 3.39661031, 5.53877802, 2.60187275,
       1.97260422, 5.44490345, 1.2237923 , 2.92435288, 4.68888971,
       4.35472124, 3.327178  , 5.80995939, 5.07398687, 2.69558782,
       4.63950166, 0.05200143, 2.9609435 , 5.04875484, 1.07619084,
       6.13310264, 5.16091129, 4.00436442, 1.46249306, 6.02109193,
       5.29976957, 0.79289496, 0.93195959, 3.3640935 , 1.38885531,
       3.95388071])]",[594.3617887496948]
