,problem,layers,optimizer,solutions,parameters,time
0,"{'type': 'maxcut', 'graph': {'directed': False, 'multigraph': False, 'graph': {}, 'nodes': [{'id': 0}, {'id': 1}, {'id': 2}, {'id': 3}], 'links': [{'weight': 5, 'source': 0, 'target': 1}, {'weight': 5, 'source': 0, 'target': 2}, {'weight': 7, 'source': 0, 'target': 3}, {'weight': 4, 'source': 1, 'target': 2}, {'weight': 8, 'source': 1, 'target': 3}, {'weight': 8, 'source': 2, 'target': 3}]}, 'position': {0: [-0.2548148752963474, -0.8433541504801777], 1: [-0.947498195379204, 0.3810949273552925], 2: [0.9999999999999999, -0.20733107317232005], 3: [0.2023130706755527, 0.6695902962972065]}, 'solution': ([0, 1, 1, 0], 26.0)}",20,"{'optimizer': 'COBYLA', 'maxiter': 100, 'shots': 1024, 'parameter_strategy': 'RANDOM', 'x0': None, 'backend': <QAOA_Tester.Backend.NoisyEstimatorBackend object at 0x7f5e4617db40>}","[([0, 0, 1, 1], -24.0)]","[array([5.98948271, 2.27000534, 1.19583229, 3.04830164, 5.97482822,
       5.29898362, 0.48617603, 0.54984361, 0.49218687, 1.16970306,
       5.35760437, 0.24716516, 0.83635314, 3.48669795, 5.08121168,
       5.99792904, 5.6823489 , 4.92335674, 0.11984936, 5.70837924,
       4.63790024, 4.44157383, 0.96674139, 0.30654369, 1.12007672,
       2.47258142, 2.46029613, 2.30951363, 3.32199802, 1.61988689,
       4.5425478 , 4.53111999, 3.18270425, 5.40584855, 1.03172982,
       3.86627798, 4.31414912, 1.04709943, 0.56397045, 1.48949369])]",[589.0101792812347]
