,problem,layers,optimizer,solutions,parameters,time
0,"{'type': 'maxcut', 'graph': {'directed': False, 'multigraph': False, 'graph': {}, 'nodes': [{'id': 0}, {'id': 1}, {'id': 2}, {'id': 3}], 'links': [{'weight': 5, 'source': 0, 'target': 1}, {'weight': 5, 'source': 0, 'target': 2}, {'weight': 7, 'source': 0, 'target': 3}, {'weight': 4, 'source': 1, 'target': 2}, {'weight': 8, 'source': 1, 'target': 3}, {'weight': 8, 'source': 2, 'target': 3}]}, 'position': {0: [-0.2548148752963474, -0.8433541504801777], 1: [-0.947498195379204, 0.3810949273552925], 2: [0.9999999999999999, -0.20733107317232005], 3: [0.2023130706755527, 0.6695902962972065]}, 'solution': ([0, 1, 1, 0], 26.0)}",17,"{'optimizer': 'COBYLA', 'maxiter': 100, 'shots': 1024, 'parameter_strategy': 'RANDOM', 'x0': None, 'backend': <QAOA_Tester.Backend.NoisyEstimatorBackend object at 0x7f1ee8987040>}","[([0, 1, 0, 1], -24.0)]","[array([1.49102455, 2.96156139, 1.72286623, 0.59573452, 4.20153859,
       1.37382901, 4.54258267, 1.19818973, 2.49432087, 5.10064028,
       1.25135056, 2.37055741, 3.08693207, 0.29796828, 1.35665196,
       4.65560631, 4.02005592, 5.08170685, 0.77006527, 1.12275288,
       6.05017027, 6.00957899, 4.54673995, 1.48956949, 4.13624319,
       2.2237613 , 2.20371778, 3.12549426, 3.4410358 , 2.4931373 ,
       3.37745054, 5.47778416, 4.10615804, 4.07277053])]",[582.4477105140686]
