,problem,layers,optimizer,solutions,parameters,time
0,"{'type': 'maxcut', 'graph': {'directed': False, 'multigraph': False, 'graph': {}, 'nodes': [{'id': 0}, {'id': 1}, {'id': 2}, {'id': 3}], 'links': [{'weight': 5, 'source': 0, 'target': 1}, {'weight': 5, 'source': 0, 'target': 2}, {'weight': 7, 'source': 0, 'target': 3}, {'weight': 4, 'source': 1, 'target': 2}, {'weight': 8, 'source': 1, 'target': 3}, {'weight': 8, 'source': 2, 'target': 3}]}, 'position': {0: [-0.2548148752963474, -0.8433541504801777], 1: [-0.947498195379204, 0.3810949273552925], 2: [0.9999999999999999, -0.20733107317232005], 3: [0.2023130706755527, 0.6695902962972065]}, 'solution': ([0, 1, 1, 0], 26.0)}",19,"{'optimizer': 'COBYLA', 'maxiter': 100, 'shots': 1024, 'parameter_strategy': 'RANDOM', 'x0': None, 'backend': <QAOA_Tester.Backend.NoisyEstimatorBackend object at 0x7f64b4e81d50>}","[([1, 1, 1, 0], -23.0)]","[array([ 0.48453825,  1.23327304,  4.87567344,  3.94099488,  2.70538718,
        5.64529546,  2.39923978,  2.48400388,  4.07241426,  2.32007212,
       -0.13193394,  4.77831003, -0.11450019,  3.13297465,  0.67232854,
        2.39433999,  2.87856519,  0.84958466,  6.80983569,  0.62949973,
        2.37825194,  0.83215266,  0.64220611,  4.0464104 ,  5.79592248,
        2.58769565,  5.44197374,  4.79485117,  2.38215531,  4.66559369,
        5.59342461,  5.39784413,  2.84248609,  3.82514988,  0.93453949,
        4.92745195,  0.72266459,  3.32991101])]",[579.0307829380035]
