,problem,layers,optimizer,solutions,parameters,time
0,"{'type': 'maxcut', 'graph': {'directed': False, 'multigraph': False, 'graph': {}, 'nodes': [{'id': 0}, {'id': 1}, {'id': 2}, {'id': 3}], 'links': [{'weight': 5, 'source': 0, 'target': 1}, {'weight': 5, 'source': 0, 'target': 2}, {'weight': 7, 'source': 0, 'target': 3}, {'weight': 4, 'source': 1, 'target': 2}, {'weight': 8, 'source': 1, 'target': 3}, {'weight': 8, 'source': 2, 'target': 3}]}, 'position': {0: [-0.2548148752963474, -0.8433541504801777], 1: [-0.947498195379204, 0.3810949273552925], 2: [0.9999999999999999, -0.20733107317232005], 3: [0.2023130706755527, 0.6695902962972065]}, 'solution': ([0, 1, 1, 0], 26.0)}",25,"{'optimizer': 'COBYLA', 'maxiter': 100, 'shots': 1024, 'parameter_strategy': 'RANDOM', 'x0': None, 'backend': <QAOA_Tester.Backend.NoisyEstimatorBackend object at 0x7fabbf69acb0>}","[([0, 1, 1, 1], -17.0)]","[array([4.28692709, 2.60261979, 2.43929707, 3.24614344, 0.55837355,
       4.02917827, 4.08929342, 1.45677208, 2.14610206, 3.04133851,
       4.48359814, 1.31658554, 2.86927431, 1.9670638 , 1.97074322,
       4.03504922, 2.02652169, 1.56701046, 6.22863722, 3.30144459,
       4.02601446, 0.0260576 , 1.16893963, 0.05082469, 0.1586435 ,
       0.99273439, 5.28785796, 0.74720183, 1.86565786, 4.71806368,
       3.73983501, 3.28538633, 5.5141831 , 3.69008737, 0.78609572,
       0.21111241, 0.66350771, 3.5580414 , 0.6415423 , 2.86980976,
       1.45701561, 2.40296608, 2.5565301 , 2.93595378, 3.31713265,
       5.12520459, 1.84121679, 3.30476328, 1.23861669, 0.43172558])]",[591.3180403709412]
