,problem,layers,optimizer,solutions,parameters,time
0,"{'type': 'maxcut', 'graph': {'directed': False, 'multigraph': False, 'graph': {}, 'nodes': [{'id': 0}, {'id': 1}, {'id': 2}, {'id': 3}], 'links': [{'weight': 5, 'source': 0, 'target': 1}, {'weight': 5, 'source': 0, 'target': 2}, {'weight': 7, 'source': 0, 'target': 3}, {'weight': 4, 'source': 1, 'target': 2}, {'weight': 8, 'source': 1, 'target': 3}, {'weight': 8, 'source': 2, 'target': 3}]}, 'position': {0: [-0.2548148752963474, -0.8433541504801777], 1: [-0.947498195379204, 0.3810949273552925], 2: [0.9999999999999999, -0.20733107317232005], 3: [0.2023130706755527, 0.6695902962972065]}, 'solution': ([0, 1, 1, 0], 26.0)}",25,"{'optimizer': 'COBYLA', 'maxiter': 100, 'shots': 1024, 'parameter_strategy': 'RANDOM', 'x0': None, 'backend': <QAOA_Tester.Backend.NoisyEstimatorBackend object at 0x7fad70389510>}","[([0, 0, 0, 0], 0.0)]","[array([3.57117723, 0.26876851, 2.49101427, 1.81480442, 3.77474219,
       1.71599551, 5.27795582, 3.16518217, 1.55492452, 3.2435632 ,
       4.51786925, 2.53425211, 3.76835971, 2.24455009, 5.49760056,
       0.26953985, 5.74977721, 3.80892751, 3.93976332, 2.7022952 ,
       1.01198912, 3.33527567, 1.97927625, 2.80878321, 6.22584425,
       1.17829431, 1.48109167, 4.63854577, 1.86791371, 0.11769052,
       4.18373549, 6.12585861, 3.6472217 , 4.49316248, 3.39171189,
       1.84946369, 5.0318771 , 5.17469485, 1.07716178, 3.6808076 ,
       3.21750645, 3.49449755, 6.18383097, 2.71262897, 0.43134441,
       4.4528117 , 0.71855634, 1.79823425, 4.88615186, 1.02383141])]",[592.7344286441803]
