,problem,layers,optimizer,solutions,parameters,time
0,"{'type': 'maxcut', 'graph': {'directed': False, 'multigraph': False, 'graph': {}, 'nodes': [{'id': 0}, {'id': 1}, {'id': 2}, {'id': 3}], 'links': [{'weight': 5, 'source': 0, 'target': 1}, {'weight': 5, 'source': 0, 'target': 2}, {'weight': 7, 'source': 0, 'target': 3}, {'weight': 4, 'source': 1, 'target': 2}, {'weight': 8, 'source': 1, 'target': 3}, {'weight': 8, 'source': 2, 'target': 3}]}, 'position': {0: [-0.2548148752963474, -0.8433541504801777], 1: [-0.947498195379204, 0.3810949273552925], 2: [0.9999999999999999, -0.20733107317232005], 3: [0.2023130706755527, 0.6695902962972065]}, 'solution': ([0, 1, 1, 0], 26.0)}",25,"{'optimizer': 'COBYLA', 'maxiter': 100, 'shots': 1024, 'parameter_strategy': 'RANDOM', 'x0': None, 'backend': <QAOA_Tester.Backend.NoisyEstimatorBackend object at 0x7f24524bace0>}","[([0, 1, 0, 1], -24.0)]","[array([6.14983005, 2.25495985, 4.97546556, 5.0746772 , 2.48025278,
       3.24015138, 3.15865466, 4.76403066, 6.09656659, 2.96455559,
       2.21840118, 0.56932613, 4.25760378, 2.95637517, 0.01681754,
       2.46027281, 0.19611912, 5.72186593, 4.9019042 , 1.19419105,
       0.23758403, 1.95648269, 2.80894251, 4.81669547, 4.22242437,
       5.17079234, 4.03951777, 2.52627135, 1.03711256, 6.24648407,
       0.82530607, 2.59085943, 4.21549029, 2.34922608, 0.83683261,
       5.42414901, 1.79460414, 3.22814142, 0.44305003, 2.05596697,
       5.1697197 , 3.95218208, 1.9332143 , 2.16324024, 6.0040385 ,
       2.52339832, 0.71432713, 3.01163593, 4.2605921 , 1.13897016])]",[591.5982222557068]
