,problem,layers,optimizer,solutions,parameters,time
0,"{'type': 'maxcut', 'graph': {'directed': False, 'multigraph': False, 'graph': {}, 'nodes': [{'id': 0}, {'id': 1}, {'id': 2}, {'id': 3}], 'links': [{'weight': 5, 'source': 0, 'target': 1}, {'weight': 5, 'source': 0, 'target': 2}, {'weight': 7, 'source': 0, 'target': 3}, {'weight': 4, 'source': 1, 'target': 2}, {'weight': 8, 'source': 1, 'target': 3}, {'weight': 8, 'source': 2, 'target': 3}]}, 'position': {0: [-0.2548148752963474, -0.8433541504801777], 1: [-0.947498195379204, 0.3810949273552925], 2: [0.9999999999999999, -0.20733107317232005], 3: [0.2023130706755527, 0.6695902962972065]}, 'solution': ([0, 1, 1, 0], 26.0)}",27,"{'optimizer': 'COBYLA', 'maxiter': 100, 'shots': 1024, 'parameter_strategy': 'RANDOM', 'x0': None, 'backend': <QAOA_Tester.Backend.NoisyEstimatorBackend object at 0x7f8be5c403a0>}","[([1, 0, 0, 0], -17.0)]","[array([6.07723923, 6.03393884, 5.66443292, 3.23267682, 1.64550091,
       0.09208298, 0.6479142 , 1.29848959, 1.80411387, 5.87747164,
       5.90292474, 4.84169914, 2.11844795, 3.37799481, 1.12181337,
       1.68371818, 3.78402305, 0.09658286, 4.97990175, 5.10213514,
       0.01160715, 1.97930671, 2.29412747, 3.08978366, 0.11794436,
       0.02000608, 6.68510207, 2.43929752, 3.99745822, 5.46155659,
       2.31094621, 2.73065023, 3.25367801, 4.77956371, 4.47977111,
       1.38324239, 5.98700547, 4.84533205, 3.67347779, 2.50588866,
       2.34490169, 0.01709974, 5.235563  , 4.97427175, 5.90843469,
       1.68195485, 4.76521979, 0.62235989, 0.51938197, 3.2784179 ,
       3.3459098 , 4.79235883, 4.40677751, 0.9107094 ])]",[582.0817174911499]
