,problem,layers,optimizer,solutions,parameters,time
0,"{'type': 'maxcut', 'graph': {'directed': False, 'multigraph': False, 'graph': {}, 'nodes': [{'id': 0}, {'id': 1}, {'id': 2}, {'id': 3}], 'links': [{'weight': 5, 'source': 0, 'target': 1}, {'weight': 5, 'source': 0, 'target': 2}, {'weight': 7, 'source': 0, 'target': 3}, {'weight': 4, 'source': 1, 'target': 2}, {'weight': 8, 'source': 1, 'target': 3}, {'weight': 8, 'source': 2, 'target': 3}]}, 'position': {0: [-0.2548148752963474, -0.8433541504801777], 1: [-0.947498195379204, 0.3810949273552925], 2: [0.9999999999999999, -0.20733107317232005], 3: [0.2023130706755527, 0.6695902962972065]}, 'solution': ([0, 1, 1, 0], 26.0)}",22,"{'optimizer': 'COBYLA', 'maxiter': 100, 'shots': 1024, 'parameter_strategy': 'RANDOM', 'x0': None, 'backend': <QAOA_Tester.Backend.NoisyEstimatorBackend object at 0x7f65afa3e350>}","[([0, 1, 1, 1], -17.0)]","[array([5.75297866, 1.92620507, 3.89767393, 5.12904545, 6.23318826,
       1.89230339, 2.66240759, 4.09008449, 6.27202679, 1.59909444,
       0.97546474, 5.06664287, 0.96462236, 4.34548778, 5.2275961 ,
       1.22898176, 5.65956677, 5.80130652, 0.53560562, 5.54461805,
       5.83226457, 5.14150155, 3.01984713, 3.1879774 , 2.40305772,
       1.00331255, 0.12282201, 0.45232333, 2.28214046, 4.98229628,
       4.25750952, 6.22550733, 1.4363551 , 3.69219108, 3.02525183,
       5.30608447, 2.84000149, 2.31886176, 0.90204026, 3.57487985,
       0.8601931 , 1.57381273, 2.28523237, 1.9964379 ])]",[603.2213129997253]
