,problem,layers,optimizer,solutions,parameters,time
0,"{'type': 'maxcut', 'graph': {'directed': False, 'multigraph': False, 'graph': {}, 'nodes': [{'id': 0}, {'id': 1}, {'id': 2}, {'id': 3}], 'links': [{'weight': 5, 'source': 0, 'target': 1}, {'weight': 5, 'source': 0, 'target': 2}, {'weight': 7, 'source': 0, 'target': 3}, {'weight': 4, 'source': 1, 'target': 2}, {'weight': 8, 'source': 1, 'target': 3}, {'weight': 8, 'source': 2, 'target': 3}]}, 'position': {0: [-0.2548148752963474, -0.8433541504801777], 1: [-0.947498195379204, 0.3810949273552925], 2: [0.9999999999999999, -0.20733107317232005], 3: [0.2023130706755527, 0.6695902962972065]}, 'solution': ([0, 1, 1, 0], 26.0)}",19,"{'optimizer': 'COBYLA', 'maxiter': 100, 'shots': 1024, 'parameter_strategy': 'RANDOM', 'x0': None, 'backend': <QAOA_Tester.Backend.NoisyEstimatorBackend object at 0x7f719252ae60>}","[([0, 0, 0, 1], -23.0)]","[array([0.44571365, 3.84782765, 1.58207928, 2.54237935, 3.33209704,
       2.24650856, 4.36848057, 3.1855627 , 2.89922211, 1.52989425,
       0.78078371, 3.69111122, 3.57504975, 0.38631834, 4.29213503,
       1.33916635, 5.01993103, 2.43835112, 0.25682844, 4.76622661,
       5.94546144, 0.14510459, 2.54519762, 3.09025143, 5.61332421,
       3.12944015, 5.30647789, 0.86854355, 2.0736441 , 3.90480954,
       1.93048652, 0.67218951, 3.41143889, 0.30281968, 3.48782545,
       3.00131454, 5.49697445, 0.13604472])]",[597.6029527187347]
