,problem,layers,optimizer,solutions,parameters,time
0,"{'type': 'maxcut', 'graph': {'directed': False, 'multigraph': False, 'graph': {}, 'nodes': [{'id': 0}, {'id': 1}, {'id': 2}, {'id': 3}], 'links': [{'weight': 5, 'source': 0, 'target': 1}, {'weight': 5, 'source': 0, 'target': 2}, {'weight': 7, 'source': 0, 'target': 3}, {'weight': 4, 'source': 1, 'target': 2}, {'weight': 8, 'source': 1, 'target': 3}, {'weight': 8, 'source': 2, 'target': 3}]}, 'position': {0: [-0.2548148752963474, -0.8433541504801777], 1: [-0.947498195379204, 0.3810949273552925], 2: [0.9999999999999999, -0.20733107317232005], 3: [0.2023130706755527, 0.6695902962972065]}, 'solution': ([0, 1, 1, 0], 26.0)}",19,"{'optimizer': 'COBYLA', 'maxiter': 100, 'shots': 1024, 'parameter_strategy': 'RANDOM', 'x0': None, 'backend': <QAOA_Tester.Backend.NoisyEstimatorBackend object at 0x7f56b042ebf0>}","[([0, 1, 0, 0], -17.0)]","[array([0.78274841, 1.1075081 , 2.90009366, 3.39714661, 3.47799498,
       4.78079518, 4.55487945, 2.28612619, 3.95615333, 1.34111334,
       2.02523284, 0.55995312, 2.95618752, 5.35037655, 4.50969657,
       4.66059573, 1.58206289, 4.03491732, 4.26479968, 4.99354148,
       0.08002798, 1.81438129, 5.83212726, 4.45635373, 2.18609517,
       0.31021128, 2.05152027, 5.25663563, 0.45900469, 5.48685023,
       5.44602954, 1.31649591, 0.28692958, 1.03761519, 3.49212734,
       0.8905699 , 2.59398819, 4.75202247])]",[582.8139107227325]
