,problem,layers,optimizer,solutions,parameters,time
0,"{'type': 'maxcut', 'graph': {'directed': False, 'multigraph': False, 'graph': {}, 'nodes': [{'id': 0}, {'id': 1}, {'id': 2}, {'id': 3}], 'links': [{'weight': 5, 'source': 0, 'target': 1}, {'weight': 5, 'source': 0, 'target': 2}, {'weight': 7, 'source': 0, 'target': 3}, {'weight': 4, 'source': 1, 'target': 2}, {'weight': 8, 'source': 1, 'target': 3}, {'weight': 8, 'source': 2, 'target': 3}]}, 'position': {0: [-0.2548148752963474, -0.8433541504801777], 1: [-0.947498195379204, 0.3810949273552925], 2: [0.9999999999999999, -0.20733107317232005], 3: [0.2023130706755527, 0.6695902962972065]}, 'solution': ([0, 1, 1, 0], 26.0)}",26,"{'optimizer': 'COBYLA', 'maxiter': 100, 'shots': 1024, 'parameter_strategy': 'RANDOM', 'x0': None, 'backend': <QAOA_Tester.Backend.NoisyEstimatorBackend object at 0x7f15d4546c50>}","[([1, 1, 0, 1], -17.0)]","[array([1.40855539, 4.27567561, 2.47581231, 3.38986768, 3.48770115,
       2.68680945, 0.37413308, 3.5891557 , 1.63689049, 2.95280145,
       3.45224254, 1.26105581, 6.09190124, 5.6622247 , 1.52198752,
       2.05154399, 2.90352126, 2.80563679, 1.39269447, 4.30137873,
       4.57432751, 2.35636683, 0.27060242, 2.59279937, 0.81628201,
       5.11594186, 4.74251623, 3.16092029, 1.8475951 , 2.7043366 ,
       4.75947349, 5.52031052, 2.2954755 , 2.43056392, 2.7557281 ,
       2.76480036, 4.44347591, 1.45444504, 4.34888572, 2.33870948,
       3.74892748, 2.50738649, 1.85865966, 3.96594381, 5.7614758 ,
       3.13602607, 4.33176423, 2.57522764, 0.12764525, 0.03928027,
       1.49567062, 0.95391674])]",[594.4546217918396]
