,problem,layers,optimizer,solutions,parameters,time
0,"{'type': 'maxcut', 'graph': {'directed': False, 'multigraph': False, 'graph': {}, 'nodes': [{'id': 0}, {'id': 1}, {'id': 2}, {'id': 3}], 'links': [{'weight': 5, 'source': 0, 'target': 1}, {'weight': 5, 'source': 0, 'target': 2}, {'weight': 7, 'source': 0, 'target': 3}, {'weight': 4, 'source': 1, 'target': 2}, {'weight': 8, 'source': 1, 'target': 3}, {'weight': 8, 'source': 2, 'target': 3}]}, 'position': {0: [-0.2548148752963474, -0.8433541504801777], 1: [-0.947498195379204, 0.3810949273552925], 2: [0.9999999999999999, -0.20733107317232005], 3: [0.2023130706755527, 0.6695902962972065]}, 'solution': ([0, 1, 1, 0], 26.0)}",25,"{'optimizer': 'COBYLA', 'maxiter': 100, 'shots': 1024, 'parameter_strategy': 'RANDOM', 'x0': None, 'backend': <QAOA_Tester.Backend.NoisyEstimatorBackend object at 0x7f8039b6ef80>}","[([0, 0, 1, 1], -24.0)]","[array([3.85516666, 1.4292622 , 5.79804724, 5.88728043, 6.10193972,
       4.62642497, 5.20192163, 4.07709303, 2.46992041, 0.78568988,
       3.80439242, 3.03589729, 2.10785361, 3.54186512, 1.66399646,
       3.38942471, 2.00902944, 5.69784015, 5.2573836 , 3.69249681,
       4.91303262, 6.06215459, 2.26181081, 3.58967875, 6.28077223,
       0.8285307 , 1.06027302, 2.03671258, 3.03768177, 1.34151194,
       1.15984814, 1.23360519, 0.41187539, 2.38520647, 2.99804993,
       4.475856  , 5.1559674 , 2.95590654, 1.8527958 , 2.64551289,
       4.52299832, 0.74791972, 3.59259806, 6.10270951, 3.89097076,
       1.90449786, 2.11049933, 4.47580423, 0.97065124, 0.49589914])]",[577.2524642944336]
