,problem,layers,optimizer,solutions,parameters,time
0,"{'type': 'maxcut', 'graph': {'directed': False, 'multigraph': False, 'graph': {}, 'nodes': [{'id': 0}, {'id': 1}, {'id': 2}, {'id': 3}], 'links': [{'weight': 5, 'source': 0, 'target': 1}, {'weight': 5, 'source': 0, 'target': 2}, {'weight': 7, 'source': 0, 'target': 3}, {'weight': 4, 'source': 1, 'target': 2}, {'weight': 8, 'source': 1, 'target': 3}, {'weight': 8, 'source': 2, 'target': 3}]}, 'position': {0: [-0.2548148752963474, -0.8433541504801777], 1: [-0.947498195379204, 0.3810949273552925], 2: [0.9999999999999999, -0.20733107317232005], 3: [0.2023130706755527, 0.6695902962972065]}, 'solution': ([0, 1, 1, 0], 26.0)}",16,"{'optimizer': 'COBYLA', 'maxiter': 100, 'shots': 1024, 'parameter_strategy': 'RANDOM', 'x0': None, 'backend': <QAOA_Tester.Backend.NoisyEstimatorBackend object at 0x7fc39c6aed70>}","[([0, 1, 0, 0], -17.0)]","[array([6.04731668, 1.02965778, 3.17217101, 0.56384741, 4.12201529,
       2.85561019, 0.8187964 , 4.05012661, 1.90853389, 0.2204893 ,
       0.84495674, 1.70435443, 0.14568298, 3.06889592, 1.47962534,
       4.76174158, 6.170753  , 1.0119031 , 3.5257862 , 3.86336281,
       6.08859682, 1.85568249, 1.30044379, 2.34125163, 2.16083609,
       2.97166993, 5.52804953, 5.22547953, 4.26124319, 5.56901619,
       5.65609313, 4.45747542])]",[628.1610100269318]
