,problem,layers,optimizer,solutions,parameters,time
0,"{'type': 'maxcut', 'graph': {'directed': False, 'multigraph': False, 'graph': {}, 'nodes': [{'id': 0}, {'id': 1}, {'id': 2}, {'id': 3}], 'links': [{'weight': 5, 'source': 0, 'target': 1}, {'weight': 5, 'source': 0, 'target': 2}, {'weight': 7, 'source': 0, 'target': 3}, {'weight': 4, 'source': 1, 'target': 2}, {'weight': 8, 'source': 1, 'target': 3}, {'weight': 8, 'source': 2, 'target': 3}]}, 'position': {0: [-0.2548148752963474, -0.8433541504801777], 1: [-0.947498195379204, 0.3810949273552925], 2: [0.9999999999999999, -0.20733107317232005], 3: [0.2023130706755527, 0.6695902962972065]}, 'solution': ([0, 1, 1, 0], 26.0)}",18,"{'optimizer': 'COBYLA', 'maxiter': 100, 'shots': 1024, 'parameter_strategy': 'RANDOM', 'x0': None, 'backend': <QAOA_Tester.Backend.NoisyEstimatorBackend object at 0x7f0936116f80>}","[([0, 1, 1, 1], -17.0)]","[array([6.22391111, 2.34801056, 4.04424459, 0.99512637, 6.04133819,
       3.83911665, 2.78185242, 0.46041786, 0.56722018, 6.12138982,
       3.26096937, 2.25704317, 2.16824273, 0.63406616, 3.93590509,
       4.23573887, 3.47925085, 5.84892643, 1.22186419, 4.40212852,
       5.01817125, 4.84077118, 0.50973616, 3.35955541, 0.70875768,
       3.3009077 , 0.35902548, 3.85528133, 5.73311474, 0.01567869,
       0.56199728, 2.82097434, 2.44875524, 3.47567273, 4.3324785 ,
       3.06034247])]",[602.4119818210602]
