,problem,layers,optimizer,solutions,parameters,time
0,"{'type': 'maxcut', 'graph': {'directed': False, 'multigraph': False, 'graph': {}, 'nodes': [{'id': 0}, {'id': 1}, {'id': 2}, {'id': 3}], 'links': [{'weight': 5, 'source': 0, 'target': 1}, {'weight': 5, 'source': 0, 'target': 2}, {'weight': 7, 'source': 0, 'target': 3}, {'weight': 4, 'source': 1, 'target': 2}, {'weight': 8, 'source': 1, 'target': 3}, {'weight': 8, 'source': 2, 'target': 3}]}, 'position': {0: [-0.2548148752963474, -0.8433541504801777], 1: [-0.947498195379204, 0.3810949273552925], 2: [0.9999999999999999, -0.20733107317232005], 3: [0.2023130706755527, 0.6695902962972065]}, 'solution': ([0, 1, 1, 0], 26.0)}",19,"{'optimizer': 'COBYLA', 'maxiter': 100, 'shots': 1024, 'parameter_strategy': 'RANDOM', 'x0': None, 'backend': <QAOA_Tester.Backend.NoisyEstimatorBackend object at 0x7fbf3b88eda0>}","[([0, 1, 1, 0], -26.0)]","[array([ 1.64655913,  5.40822947,  6.18574024,  1.61344775,  3.92632107,
        2.1697996 ,  2.58077437,  0.78106389,  2.92401214,  2.16368109,
        4.18567413,  2.98899329,  2.22199844,  1.94410112,  3.79160725,
        5.56140466,  3.62698213,  6.13108475, -0.40662173,  3.55504429,
        3.4342262 ,  1.51008553,  2.01274194,  0.82544759,  3.00146055,
        2.82731575,  4.80868032,  2.9288229 ,  5.73821437,  2.11130844,
        4.40247733,  3.79945634,  4.05776421,  0.40499974,  4.40213072,
        2.07562971,  5.12134524,  2.15997987])]",[621.6797904968262]
