,problem,layers,optimizer,solutions,parameters,time
0,"{'type': 'maxcut', 'graph': {'directed': False, 'multigraph': False, 'graph': {}, 'nodes': [{'id': 0}, {'id': 1}, {'id': 2}, {'id': 3}], 'links': [{'weight': 5, 'source': 0, 'target': 1}, {'weight': 5, 'source': 0, 'target': 2}, {'weight': 7, 'source': 0, 'target': 3}, {'weight': 4, 'source': 1, 'target': 2}, {'weight': 8, 'source': 1, 'target': 3}, {'weight': 8, 'source': 2, 'target': 3}]}, 'position': {0: [-0.2548148752963474, -0.8433541504801777], 1: [-0.947498195379204, 0.3810949273552925], 2: [0.9999999999999999, -0.20733107317232005], 3: [0.2023130706755527, 0.6695902962972065]}, 'solution': ([0, 1, 1, 0], 26.0)}",29,"{'optimizer': 'COBYLA', 'maxiter': 100, 'shots': 1024, 'parameter_strategy': 'RANDOM', 'x0': None, 'backend': <QAOA_Tester.Backend.NoisyEstimatorBackend object at 0x7f41b8c7b010>}","[([1, 0, 1, 1], -17.0)]","[array([4.27129567, 3.52230743, 3.52468073, 3.23179576, 5.21188539,
       2.28762208, 2.68685532, 2.20118391, 4.20848267, 3.62866321,
       6.25370016, 5.06431166, 5.97517995, 1.03160529, 2.41718726,
       1.95470355, 1.15675004, 0.40551264, 0.61184054, 5.29404165,
       4.0931289 , 1.3139253 , 3.79199429, 5.67195142, 5.81157996,
       3.12424763, 3.15988382, 4.50372599, 2.96805034, 6.10121529,
       2.40897516, 3.62358523, 4.69772351, 3.36964593, 4.08106209,
       4.98112967, 4.0484732 , 2.69817829, 1.46541355, 0.37654851,
       5.51883569, 2.79951231, 4.60521788, 3.41950733, 6.06606222,
       2.94151982, 3.56752392, 5.88262566, 2.82163445, 5.46459902,
       5.77834447, 3.60528939, 4.74950634, 0.33929083, 1.42707344,
       0.3013609 , 3.23591213, 1.10831683])]",[581.0806682109833]
