,problem,layers,optimizer,solutions,parameters,time
0,"{'type': 'maxcut', 'graph': {'directed': False, 'multigraph': False, 'graph': {}, 'nodes': [{'id': 0}, {'id': 1}, {'id': 2}, {'id': 3}], 'links': [{'weight': 5, 'source': 0, 'target': 1}, {'weight': 5, 'source': 0, 'target': 2}, {'weight': 7, 'source': 0, 'target': 3}, {'weight': 4, 'source': 1, 'target': 2}, {'weight': 8, 'source': 1, 'target': 3}, {'weight': 8, 'source': 2, 'target': 3}]}, 'position': {0: [-0.2548148752963474, -0.8433541504801777], 1: [-0.947498195379204, 0.3810949273552925], 2: [0.9999999999999999, -0.20733107317232005], 3: [0.2023130706755527, 0.6695902962972065]}, 'solution': ([0, 1, 1, 0], 26.0)}",29,"{'optimizer': 'COBYLA', 'maxiter': 100, 'shots': 1024, 'parameter_strategy': 'RANDOM', 'x0': None, 'backend': <QAOA_Tester.Backend.NoisyEstimatorBackend object at 0x7fb60e392da0>}","[([1, 0, 0, 1], -26.0)]","[array([5.53339523, 0.37839227, 5.96801251, 2.45297739, 2.13723716,
       0.28604143, 5.57951795, 1.84955277, 4.20960226, 6.04262962,
       1.6264474 , 3.47956651, 3.15316699, 4.39699531, 0.88395843,
       3.87927396, 2.81109896, 1.78436471, 0.71080306, 5.54120168,
       1.63505696, 4.68108574, 6.13877228, 2.86261637, 4.68688452,
       0.79823263, 2.76174557, 2.92989834, 2.43123593, 4.91220779,
       3.19307699, 2.77759038, 4.8560806 , 2.7198623 , 2.65421689,
       6.04431996, 1.91995914, 5.31799655, 1.40730046, 4.89205688,
       5.09872711, 3.04704295, 5.54921651, 1.01832245, 6.22321827,
       3.72983942, 1.09791686, 5.47192806, 0.87851688, 1.75058186,
       6.25247195, 2.38594973, 4.80715363, 3.17133009, 5.54505742,
       4.27049136, 4.4980176 , 0.49111851])]",[629.8867771625519]
