,problem,layers,optimizer,solutions,parameters,time
0,"{'type': 'maxcut', 'graph': {'directed': False, 'multigraph': False, 'graph': {}, 'nodes': [{'id': 0}, {'id': 1}, {'id': 2}, {'id': 3}], 'links': [{'weight': 5, 'source': 0, 'target': 1}, {'weight': 5, 'source': 0, 'target': 2}, {'weight': 7, 'source': 0, 'target': 3}, {'weight': 4, 'source': 1, 'target': 2}, {'weight': 8, 'source': 1, 'target': 3}, {'weight': 8, 'source': 2, 'target': 3}]}, 'position': {0: [-0.2548148752963474, -0.8433541504801777], 1: [-0.947498195379204, 0.3810949273552925], 2: [0.9999999999999999, -0.20733107317232005], 3: [0.2023130706755527, 0.6695902962972065]}, 'solution': ([0, 1, 1, 0], 26.0)}",23,"{'optimizer': 'COBYLA', 'maxiter': 100, 'shots': 1024, 'parameter_strategy': 'RANDOM', 'x0': None, 'backend': <QAOA_Tester.Backend.NoisyEstimatorBackend object at 0x7f80b9b2af80>}","[([0, 0, 0, 0], 0.0)]","[array([0.82866341, 6.18446201, 3.6883115 , 1.35721308, 0.51389503,
       4.83434678, 3.34146798, 3.7956446 , 5.51391117, 2.5873022 ,
       0.77131494, 4.37115501, 2.56821122, 1.29601995, 5.96451195,
       2.65717203, 2.98601085, 4.89338327, 1.05629049, 6.2813209 ,
       4.27675276, 2.94574996, 4.29410452, 1.42390167, 0.8007099 ,
       2.02268324, 4.70950038, 4.90121153, 4.76119478, 6.01670138,
       5.90512868, 0.10911106, 4.33077836, 1.26234753, 5.12334502,
       6.16228615, 4.74435209, 1.76312457, 2.16248873, 3.51060401,
       1.3442232 , 2.65974936, 1.46947078, 4.31960497, 1.95926142,
       3.12648399])]",[580.1857900619507]
