,problem,layers,optimizer,solutions,parameters,time
0,"{'type': 'maxcut', 'graph': {'directed': False, 'multigraph': False, 'graph': {}, 'nodes': [{'id': 0}, {'id': 1}, {'id': 2}, {'id': 3}], 'links': [{'weight': 5, 'source': 0, 'target': 1}, {'weight': 5, 'source': 0, 'target': 2}, {'weight': 7, 'source': 0, 'target': 3}, {'weight': 4, 'source': 1, 'target': 2}, {'weight': 8, 'source': 1, 'target': 3}, {'weight': 8, 'source': 2, 'target': 3}]}, 'position': {0: [-0.2548148752963474, -0.8433541504801777], 1: [-0.947498195379204, 0.3810949273552925], 2: [0.9999999999999999, -0.20733107317232005], 3: [0.2023130706755527, 0.6695902962972065]}, 'solution': ([0, 1, 1, 0], 26.0)}",28,"{'optimizer': 'COBYLA', 'maxiter': 100, 'shots': 1024, 'parameter_strategy': 'RANDOM', 'x0': None, 'backend': <QAOA_Tester.Backend.NoisyEstimatorBackend object at 0x7f8b75208910>}","[([0, 0, 1, 0], -17.0)]","[array([ 4.57529175e+00,  6.04521862e+00,  4.70518702e+00,  3.20168123e+00,
        4.70806479e+00,  5.33429375e-01,  3.52561807e+00,  5.33658395e+00,
        5.51648452e+00,  5.76279419e+00,  1.55873916e+00,  4.87246667e+00,
        3.99462920e+00,  6.05235663e+00,  9.08018321e-01,  6.52712542e-01,
        4.28381588e+00,  2.55920927e+00,  5.52531213e+00,  5.60521955e+00,
        2.89933125e+00,  2.99348797e+00,  5.49899836e+00,  3.21763922e-01,
        1.64553023e+00,  1.01302637e+00,  4.17879333e+00,  8.29504032e+00,
        1.93935470e+00,  2.95505927e+00,  1.19025204e-01, -5.54561115e-03,
        4.94548076e+00,  5.89582150e-01,  3.80770344e-01,  3.76736521e+00,
        1.28662582e+00,  4.79736134e+00,  3.33048127e+00,  5.62184959e+00,
        5.63166551e+00,  2.25572047e+00,  1.23513246e+00,  1.22573889e+00,
        6.40141596e-02,  2.75754995e+00,  1.76284847e+00,  2.35884137e+00,
        1.27832864e+00,  5.16416847e+00,  6.06229724e+00,  8.11709429e-01,
        2.66483070e+00,  2.52683253e+00,  2.59761449e+00,  9.90070619e-01])]",[599.360214471817]
