,problem,layers,optimizer,solutions,parameters,time
0,"{'type': 'maxcut', 'graph': {'directed': False, 'multigraph': False, 'graph': {}, 'nodes': [{'id': 0}, {'id': 1}, {'id': 2}, {'id': 3}], 'links': [{'weight': 5, 'source': 0, 'target': 1}, {'weight': 5, 'source': 0, 'target': 2}, {'weight': 7, 'source': 0, 'target': 3}, {'weight': 4, 'source': 1, 'target': 2}, {'weight': 8, 'source': 1, 'target': 3}, {'weight': 8, 'source': 2, 'target': 3}]}, 'position': {0: [-0.2548148752963474, -0.8433541504801777], 1: [-0.947498195379204, 0.3810949273552925], 2: [0.9999999999999999, -0.20733107317232005], 3: [0.2023130706755527, 0.6695902962972065]}, 'solution': ([0, 1, 1, 0], 26.0)}",27,"{'optimizer': 'COBYLA', 'maxiter': 100, 'shots': 1024, 'parameter_strategy': 'RANDOM', 'x0': None, 'backend': <QAOA_Tester.Backend.NoisyEstimatorBackend object at 0x7ff674578cd0>}","[([1, 0, 0, 0], -17.0)]","[array([0.97506235, 3.88389599, 2.1250309 , 4.09857322, 5.45694438,
       3.87273449, 4.24561234, 1.88973864, 1.37857506, 6.19278569,
       2.61083542, 1.71746626, 4.51688704, 6.12235219, 0.9701921 ,
       5.56710048, 0.60386261, 5.79358863, 3.28560715, 5.34059038,
       6.03616857, 2.92150831, 5.99704299, 0.51413158, 0.91071784,
       5.68753909, 0.03811006, 2.8583288 , 0.33832766, 0.23859747,
       2.96504376, 3.97760535, 5.13147609, 3.17762675, 0.47204504,
       2.9607576 , 4.21656889, 3.99916609, 6.07946174, 3.69982043,
       5.33444121, 2.31986613, 0.51233206, 3.44677411, 2.87145301,
       5.86748584, 1.00211191, 4.6671245 , 2.81590436, 0.64953677,
       5.83683128, 4.89031513, 3.77028905, 4.88692366])]",[625.6481585502625]
