,problem,layers,optimizer,solutions,parameters,time
0,"{'type': 'maxcut', 'graph': {'directed': False, 'multigraph': False, 'graph': {}, 'nodes': [{'id': 0}, {'id': 1}, {'id': 2}, {'id': 3}], 'links': [{'weight': 5, 'source': 0, 'target': 1}, {'weight': 5, 'source': 0, 'target': 2}, {'weight': 7, 'source': 0, 'target': 3}, {'weight': 4, 'source': 1, 'target': 2}, {'weight': 8, 'source': 1, 'target': 3}, {'weight': 8, 'source': 2, 'target': 3}]}, 'position': {0: [-0.2548148752963474, -0.8433541504801777], 1: [-0.947498195379204, 0.3810949273552925], 2: [0.9999999999999999, -0.20733107317232005], 3: [0.2023130706755527, 0.6695902962972065]}, 'solution': ([0, 1, 1, 0], 26.0)}",17,"{'optimizer': 'COBYLA', 'maxiter': 100, 'shots': 1024, 'parameter_strategy': 'RANDOM', 'x0': None, 'backend': <QAOA_Tester.Backend.NoisyEstimatorBackend object at 0x7f912315a3e0>}","[([0, 0, 1, 1], -24.0)]","[array([2.5267198 , 0.22164985, 4.65889854, 4.16041072, 1.37019718,
       3.79551555, 1.01283335, 2.15769713, 1.45464657, 0.05401861,
       0.09364214, 4.31026049, 0.64459973, 2.01983333, 3.28133343,
       0.82814155, 2.77949653, 5.76624968, 3.12454309, 1.10756106,
       3.02282553, 3.41674055, 3.26281017, 0.64345439, 2.59530143,
       2.36346094, 3.12226464, 2.00964145, 3.77211244, 4.61566556,
       2.73264449, 1.76427714, 2.93137296, 1.71990914])]",[570.3516175746918]
