,problem,layers,optimizer,solutions,parameters,time
0,"{'type': 'maxcut', 'graph': {'directed': False, 'multigraph': False, 'graph': {}, 'nodes': [{'id': 0}, {'id': 1}, {'id': 2}, {'id': 3}], 'links': [{'weight': 5, 'source': 0, 'target': 1}, {'weight': 5, 'source': 0, 'target': 2}, {'weight': 7, 'source': 0, 'target': 3}, {'weight': 4, 'source': 1, 'target': 2}, {'weight': 8, 'source': 1, 'target': 3}, {'weight': 8, 'source': 2, 'target': 3}]}, 'position': {0: [-0.2548148752963474, -0.8433541504801777], 1: [-0.947498195379204, 0.3810949273552925], 2: [0.9999999999999999, -0.20733107317232005], 3: [0.2023130706755527, 0.6695902962972065]}, 'solution': ([0, 1, 1, 0], 26.0)}",15,"{'optimizer': 'COBYLA', 'maxiter': 100, 'shots': 1024, 'parameter_strategy': 'RANDOM', 'x0': None, 'backend': <QAOA_Tester.Backend.NoisyEstimatorBackend object at 0x7f4c07b1e410>}","[([1, 0, 0, 1], -26.0)]","[array([3.96767828, 4.16071502, 0.22623843, 0.28767584, 2.11504357,
       5.96599192, 3.7431357 , 3.7248464 , 6.1394478 , 0.20191477,
       5.9987583 , 5.1425115 , 2.20929436, 4.47598397, 3.80339235,
       5.77309207, 4.82020408, 4.53186902, 2.63027196, 4.02542235,
       1.04860622, 2.44301773, 6.00596813, 5.82085054, 1.57263456,
       4.59835361, 6.14156504, 0.42717772, 4.46883074, 1.0324783 ])]",[587.6202855110168]
