,problem,layers,optimizer,solutions,parameters,time
0,"{'type': 'maxcut', 'graph': {'directed': False, 'multigraph': False, 'graph': {}, 'nodes': [{'id': 0}, {'id': 1}, {'id': 2}, {'id': 3}], 'links': [{'weight': 5, 'source': 0, 'target': 1}, {'weight': 5, 'source': 0, 'target': 2}, {'weight': 7, 'source': 0, 'target': 3}, {'weight': 4, 'source': 1, 'target': 2}, {'weight': 8, 'source': 1, 'target': 3}, {'weight': 8, 'source': 2, 'target': 3}]}, 'position': {0: [-0.2548148752963474, -0.8433541504801777], 1: [-0.947498195379204, 0.3810949273552925], 2: [0.9999999999999999, -0.20733107317232005], 3: [0.2023130706755527, 0.6695902962972065]}, 'solution': ([0, 1, 1, 0], 26.0)}",20,"{'optimizer': 'COBYLA', 'maxiter': 100, 'shots': 1024, 'parameter_strategy': 'RANDOM', 'x0': None, 'backend': <QAOA_Tester.Backend.NoisyEstimatorBackend object at 0x7fcac2f5ead0>}","[([0, 1, 1, 1], -17.0)]","[array([1.83823056, 2.81238154, 2.05714038, 0.32462099, 4.00699991,
       5.5839837 , 5.38182291, 2.45149174, 1.25809529, 4.69686444,
       5.60552556, 2.4191404 , 4.98444538, 1.55829148, 0.72838522,
       4.88629128, 5.89190936, 1.04577229, 2.11258244, 5.22216379,
       2.37939759, 2.66914917, 0.87394606, 0.84461474, 2.08903645,
       3.09300596, 4.87844502, 2.56818991, 4.04415027, 3.15398566,
       1.38329295, 0.84260697, 1.61939469, 3.45535757, 0.12501537,
       2.55697757, 4.22057577, 5.18966788, 3.59618671, 3.99673121])]",[611.9550800323486]
