,problem,layers,optimizer,solutions,parameters,time
0,"{'type': 'maxcut', 'graph': {'directed': False, 'multigraph': False, 'graph': {}, 'nodes': [{'id': 0}, {'id': 1}, {'id': 2}, {'id': 3}], 'links': [{'weight': 5, 'source': 0, 'target': 1}, {'weight': 5, 'source': 0, 'target': 2}, {'weight': 7, 'source': 0, 'target': 3}, {'weight': 4, 'source': 1, 'target': 2}, {'weight': 8, 'source': 1, 'target': 3}, {'weight': 8, 'source': 2, 'target': 3}]}, 'position': {0: [-0.2548148752963474, -0.8433541504801777], 1: [-0.947498195379204, 0.3810949273552925], 2: [0.9999999999999999, -0.20733107317232005], 3: [0.2023130706755527, 0.6695902962972065]}, 'solution': ([0, 1, 1, 0], 26.0)}",28,"{'optimizer': 'COBYLA', 'maxiter': 100, 'shots': 1024, 'parameter_strategy': 'RANDOM', 'x0': None, 'backend': <QAOA_Tester.Backend.NoisyEstimatorBackend object at 0x7f13b9582bf0>}","[([0, 0, 0, 0], 0.0)]","[array([1.04900323, 1.81827939, 4.7347624 , 1.78981629, 1.14809942,
       1.93340615, 4.25038713, 3.78910787, 2.40309843, 2.9876009 ,
       2.74997874, 0.33958435, 5.86659352, 1.75184295, 1.88986598,
       5.10192798, 0.06679989, 5.50863985, 2.49061146, 1.83105309,
       5.2988703 , 5.50821777, 4.87555163, 0.28864658, 0.61258002,
       3.68083527, 2.60759108, 3.99211974, 2.70975   , 4.14039155,
       1.14659112, 5.3388384 , 5.5099255 , 4.46067792, 4.77353747,
       5.18173994, 3.26379801, 3.57375019, 3.8143665 , 1.9899479 ,
       1.26612869, 0.65670674, 2.82010448, 4.49342091, 5.81799076,
       1.77775238, 0.17397318, 4.77784725, 0.32662823, 5.55665206,
       5.93332391, 3.36466812, 5.12336429, 5.1733606 , 5.2195798 ,
       0.9713803 ])]",[640.786806344986]
