,problem,layers,optimizer,solutions,parameters,time
0,"{'type': 'maxcut', 'graph': {'directed': False, 'multigraph': False, 'graph': {}, 'nodes': [{'id': 0}, {'id': 1}, {'id': 2}, {'id': 3}], 'links': [{'weight': 5, 'source': 0, 'target': 1}, {'weight': 5, 'source': 0, 'target': 2}, {'weight': 7, 'source': 0, 'target': 3}, {'weight': 4, 'source': 1, 'target': 2}, {'weight': 8, 'source': 1, 'target': 3}, {'weight': 8, 'source': 2, 'target': 3}]}, 'position': {0: [-0.2548148752963474, -0.8433541504801777], 1: [-0.947498195379204, 0.3810949273552925], 2: [0.9999999999999999, -0.20733107317232005], 3: [0.2023130706755527, 0.6695902962972065]}, 'solution': ([0, 1, 1, 0], 26.0)}",23,"{'optimizer': 'COBYLA', 'maxiter': 100, 'shots': 1024, 'parameter_strategy': 'RANDOM', 'x0': None, 'backend': <QAOA_Tester.Backend.NoisyEstimatorBackend object at 0x7eff553294e0>}","[([1, 1, 0, 0], -24.0)]","[array([4.66672795, 2.75126353, 2.56436871, 5.03921797, 5.07208498,
       2.13665829, 0.39835152, 3.54470057, 1.48441278, 4.7628782 ,
       5.200984  , 0.53211959, 3.32176853, 2.44284079, 4.00368508,
       2.47935448, 0.74301169, 4.05307688, 0.58788045, 2.53061661,
       1.88580389, 4.16447221, 2.80383292, 5.30101446, 0.13053524,
       3.01989161, 5.3682706 , 2.47296919, 4.51575623, 1.11051701,
       1.61440105, 0.09951303, 0.896684  , 3.98414108, 3.19582246,
       3.68379572, 4.89664459, 3.27389101, 3.99584255, 1.78595241,
       3.54290412, 5.65746492, 5.16460987, 5.83421756, 2.02429054,
       3.67764946])]",[582.0061585903168]
