,problem,layers,optimizer,solutions,parameters,time
0,"{'type': 'maxcut', 'graph': {'directed': False, 'multigraph': False, 'graph': {}, 'nodes': [{'id': 0}, {'id': 1}, {'id': 2}, {'id': 3}], 'links': [{'weight': 5, 'source': 0, 'target': 1}, {'weight': 5, 'source': 0, 'target': 2}, {'weight': 7, 'source': 0, 'target': 3}, {'weight': 4, 'source': 1, 'target': 2}, {'weight': 8, 'source': 1, 'target': 3}, {'weight': 8, 'source': 2, 'target': 3}]}, 'position': {0: [-0.2548148752963474, -0.8433541504801777], 1: [-0.947498195379204, 0.3810949273552925], 2: [0.9999999999999999, -0.20733107317232005], 3: [0.2023130706755527, 0.6695902962972065]}, 'solution': ([0, 1, 1, 0], 26.0)}",18,"{'optimizer': 'COBYLA', 'maxiter': 100, 'shots': 1024, 'parameter_strategy': 'RANDOM', 'x0': None, 'backend': <QAOA_Tester.Backend.NoisyEstimatorBackend object at 0x7f0325d41f90>}","[([1, 1, 1, 1], 0.0)]","[array([2.09718328, 4.12291786, 6.0897186 , 1.38416877, 4.13254183,
       1.83285023, 5.15310395, 2.79397167, 4.07864481, 1.05361299,
       1.0049621 , 1.37209504, 5.07565215, 0.36006099, 4.02721698,
       5.2605109 , 1.3174954 , 0.24183291, 4.97441069, 5.09411081,
       2.14775424, 3.31953024, 5.03501313, 3.32654822, 6.27378529,
       6.09710638, 3.58227474, 3.45990359, 4.63990616, 2.16366723,
       3.37114682, 5.02078391, 0.14311661, 4.81703059, 0.5245123 ,
       1.1613789 ])]",[567.9057953357697]
