,problem,layers,optimizer,solutions,parameters,time
0,"{'type': 'maxcut', 'graph': {'directed': False, 'multigraph': False, 'graph': {}, 'nodes': [{'id': 0}, {'id': 1}, {'id': 2}, {'id': 3}], 'links': [{'weight': 5, 'source': 0, 'target': 1}, {'weight': 5, 'source': 0, 'target': 2}, {'weight': 7, 'source': 0, 'target': 3}, {'weight': 4, 'source': 1, 'target': 2}, {'weight': 8, 'source': 1, 'target': 3}, {'weight': 8, 'source': 2, 'target': 3}]}, 'position': {0: [-0.2548148752963474, -0.8433541504801777], 1: [-0.947498195379204, 0.3810949273552925], 2: [0.9999999999999999, -0.20733107317232005], 3: [0.2023130706755527, 0.6695902962972065]}, 'solution': ([0, 1, 1, 0], 26.0)}",24,"{'optimizer': 'COBYLA', 'maxiter': 100, 'shots': 1024, 'parameter_strategy': 'RANDOM', 'x0': None, 'backend': <QAOA_Tester.Backend.NoisyEstimatorBackend object at 0x7f422ab9db10>}","[([1, 0, 0, 0], -17.0)]","[array([0.64825709, 5.23473548, 0.02167165, 2.11772596, 0.59236732,
       0.30160737, 5.34341239, 3.16847061, 4.30192517, 1.68625825,
       1.70307503, 5.31932228, 2.91136267, 2.35051137, 3.35306414,
       4.11564151, 3.86545888, 5.9770544 , 0.40956223, 3.58964615,
       5.68167546, 2.04198878, 3.22958362, 2.90304031, 3.61540544,
       4.19863149, 0.6041543 , 0.53282985, 5.08796792, 6.01943939,
       0.00629643, 1.94126091, 2.29677466, 2.58124612, 5.48674254,
       3.81490653, 1.34455674, 1.59978002, 3.46256858, 5.25225639,
       2.23770369, 3.59962695, 3.0436412 , 5.02427316, 0.09201961,
       5.74278687, 2.7987369 , 6.16423525])]",[571.4674296379089]
