,problem,layers,optimizer,solutions,parameters,time
0,"{'type': 'maxcut', 'graph': {'directed': False, 'multigraph': False, 'graph': {}, 'nodes': [{'id': 0}, {'id': 1}, {'id': 2}, {'id': 3}], 'links': [{'weight': 5, 'source': 0, 'target': 1}, {'weight': 5, 'source': 0, 'target': 2}, {'weight': 7, 'source': 0, 'target': 3}, {'weight': 4, 'source': 1, 'target': 2}, {'weight': 8, 'source': 1, 'target': 3}, {'weight': 8, 'source': 2, 'target': 3}]}, 'position': {0: [-0.2548148752963474, -0.8433541504801777], 1: [-0.947498195379204, 0.3810949273552925], 2: [0.9999999999999999, -0.20733107317232005], 3: [0.2023130706755527, 0.6695902962972065]}, 'solution': ([0, 1, 1, 0], 26.0)}",22,"{'optimizer': 'COBYLA', 'maxiter': 100, 'shots': 1024, 'parameter_strategy': 'RANDOM', 'x0': None, 'backend': <QAOA_Tester.Backend.NoisyEstimatorBackend object at 0x7fb28e78eb90>}","[([1, 0, 0, 0], -17.0)]","[array([4.44867254, 2.61355917, 2.56500699, 3.0278242 , 3.10271853,
       5.0461345 , 3.65304565, 1.00533444, 3.06294416, 0.57528993,
       6.23598753, 1.31420466, 3.33982292, 3.91895275, 3.06760649,
       3.54129927, 0.7912393 , 3.20068642, 5.68100152, 3.02453766,
       6.25072414, 7.67216165, 4.95564676, 2.64354923, 4.65296875,
       3.19319471, 4.53171122, 2.24679202, 0.05244075, 2.96366992,
       0.28231554, 0.91138125, 6.221143  , 6.3023827 , 2.19402708,
       3.87817278, 0.59954156, 1.49289772, 5.47033701, 5.84855272,
       4.85440101, 3.04853082, 1.68609779, 4.0540478 ])]",[602.4805109500885]
