,problem,layers,optimizer,solutions,parameters,time
0,"{'type': 'maxcut', 'graph': {'directed': False, 'multigraph': False, 'graph': {}, 'nodes': [{'id': 0}, {'id': 1}, {'id': 2}, {'id': 3}], 'links': [{'weight': 5, 'source': 0, 'target': 1}, {'weight': 5, 'source': 0, 'target': 2}, {'weight': 7, 'source': 0, 'target': 3}, {'weight': 4, 'source': 1, 'target': 2}, {'weight': 8, 'source': 1, 'target': 3}, {'weight': 8, 'source': 2, 'target': 3}]}, 'position': {0: [-0.2548148752963474, -0.8433541504801777], 1: [-0.947498195379204, 0.3810949273552925], 2: [0.9999999999999999, -0.20733107317232005], 3: [0.2023130706755527, 0.6695902962972065]}, 'solution': ([0, 1, 1, 0], 26.0)}",19,"{'optimizer': 'COBYLA', 'maxiter': 100, 'shots': 1024, 'parameter_strategy': 'RANDOM', 'x0': None, 'backend': <QAOA_Tester.Backend.NoisyEstimatorBackend object at 0x7f43ac321900>}","[([1, 0, 0, 1], -26.0)]","[array([6.33797466, 5.68840178, 0.59292283, 2.51063845, 5.34628047,
       3.58880846, 2.50541389, 6.07867509, 1.09591066, 0.64323352,
       3.58859498, 5.64302799, 5.84234312, 0.46649082, 4.32463109,
       1.12288211, 6.21568166, 2.55395778, 6.23068234, 4.29493555,
       6.0700732 , 1.08973712, 3.21281264, 3.22544807, 5.83097407,
       2.70918423, 0.81576483, 3.42527361, 4.15843183, 3.15990597,
       2.15376084, 3.65652805, 1.39927867, 4.1028184 , 5.85049521,
       6.11026375, 2.49273751, 1.97538777])]",[585.1309101581573]
