,problem,layers,optimizer,solutions,parameters,time
0,"{'type': 'maxcut', 'graph': {'directed': False, 'multigraph': False, 'graph': {}, 'nodes': [{'id': 0}, {'id': 1}, {'id': 2}, {'id': 3}, {'id': 4}, {'id': 5}, {'id': 6}], 'links': [{'weight': 5, 'source': 0, 'target': 1}, {'weight': 7, 'source': 0, 'target': 2}, {'weight': 2, 'source': 0, 'target': 3}, {'weight': 3, 'source': 0, 'target': 4}, {'weight': 5, 'source': 0, 'target': 5}, {'weight': 2, 'source': 0, 'target': 6}, {'weight': 8, 'source': 1, 'target': 2}, {'weight': 6, 'source': 1, 'target': 3}, {'weight': 9, 'source': 1, 'target': 4}, {'weight': 4, 'source': 1, 'target': 5}, {'weight': 1, 'source': 1, 'target': 6}, {'weight': 1, 'source': 2, 'target': 3}, {'weight': 4, 'source': 2, 'target': 4}, {'weight': 8, 'source': 2, 'target': 5}, {'weight': 9, 'source': 2, 'target': 6}, {'weight': 7, 'source': 3, 'target': 4}, {'weight': 3, 'source': 3, 'target': 5}, {'weight': 9, 'source': 3, 'target': 6}, {'weight': 8, 'source': 4, 'target': 5}, {'weight': 8, 'source': 4, 'target': 6}, {'weight': 9, 'source': 5, 'target': 6}]}, 'position': {0: [-0.3256208872959432, -1.0], 1: [0.5673561078537072, -0.48310920832699883], 2: [-0.7474534023302581, -0.1155005818164978], 3: [0.8234533555893597, 0.5571209180257686], 4: [-0.03599560114020317, 0.3574868838281689], 5: [-0.08826502462403853, -0.19787775086906342], 6: [-0.193474548052625, 0.8818797391586218]}, 'solution': ([0, 0, 1, 1, 1, 0, 0], 80.0)}",28,"{'optimizer': 'COBYLA', 'maxiter': 100, 'shots': 1024, 'parameter_strategy': 'RANDOM', 'x0': None, 'backend': <QAOA_Tester.Backend.NoisyEstimatorBackend object at 0x7f92bdd5eec0>}","[([1, 1, 1, 0, 0, 0, 0], -54.0)]","[array([1.53873836, 3.71815626, 0.47668475, 1.79501248, 4.65430638,
       5.69639853, 5.54653323, 4.90989192, 4.33548731, 1.45746327,
       3.81095625, 4.44330191, 2.54014367, 1.43137962, 0.56019184,
       0.40779927, 3.51602946, 3.0453785 , 5.09637062, 4.1466046 ,
       0.25554354, 2.14476278, 0.77203538, 5.86218368, 6.31922139,
       3.7149864 , 3.29430002, 1.94904798, 1.74420928, 0.02882286,
       1.70373702, 4.83755231, 5.37895862, 0.99671888, 1.75396364,
       1.24418407, 1.20135388, 2.73252758, 4.16642   , 0.12242029,
       1.70572616, 2.73260066, 0.96330785, 5.30129201, 0.87260775,
       0.13339084, 0.49042035, 5.37254232, 6.11653348, 3.82961092,
       4.024404  , 5.55259191, 0.5780856 , 3.49757958, 0.99165448,
       6.69208011])]",[822.9680633544922]
