,problem,layers,optimizer,solutions,parameters,time
0,"{'type': 'maxcut', 'graph': {'directed': False, 'multigraph': False, 'graph': {}, 'nodes': [{'id': 0}, {'id': 1}, {'id': 2}, {'id': 3}, {'id': 4}, {'id': 5}, {'id': 6}], 'links': [{'weight': 5, 'source': 0, 'target': 1}, {'weight': 7, 'source': 0, 'target': 2}, {'weight': 2, 'source': 0, 'target': 3}, {'weight': 3, 'source': 0, 'target': 4}, {'weight': 5, 'source': 0, 'target': 5}, {'weight': 2, 'source': 0, 'target': 6}, {'weight': 8, 'source': 1, 'target': 2}, {'weight': 6, 'source': 1, 'target': 3}, {'weight': 9, 'source': 1, 'target': 4}, {'weight': 4, 'source': 1, 'target': 5}, {'weight': 1, 'source': 1, 'target': 6}, {'weight': 1, 'source': 2, 'target': 3}, {'weight': 4, 'source': 2, 'target': 4}, {'weight': 8, 'source': 2, 'target': 5}, {'weight': 9, 'source': 2, 'target': 6}, {'weight': 7, 'source': 3, 'target': 4}, {'weight': 3, 'source': 3, 'target': 5}, {'weight': 9, 'source': 3, 'target': 6}, {'weight': 8, 'source': 4, 'target': 5}, {'weight': 8, 'source': 4, 'target': 6}, {'weight': 9, 'source': 5, 'target': 6}]}, 'position': {0: [-0.3256208872959432, -1.0], 1: [0.5673561078537072, -0.48310920832699883], 2: [-0.7474534023302581, -0.1155005818164978], 3: [0.8234533555893597, 0.5571209180257686], 4: [-0.03599560114020317, 0.3574868838281689], 5: [-0.08826502462403853, -0.19787775086906342], 6: [-0.193474548052625, 0.8818797391586218]}, 'solution': ([0, 0, 1, 1, 1, 0, 0], 80.0)}",28,"{'optimizer': 'COBYLA', 'maxiter': 100, 'shots': 1024, 'parameter_strategy': 'RANDOM', 'x0': None, 'backend': <QAOA_Tester.Backend.NoisyEstimatorBackend object at 0x7f5aa5ac5450>}","[([1, 1, 0, 1, 0, 1, 0], -72.0)]","[array([2.04424982, 3.46393887, 0.99655136, 5.12376107, 0.62743861,
       1.5057599 , 4.36213198, 2.90101223, 5.55223993, 0.68761314,
       5.60819744, 5.37310398, 2.03206882, 5.56140617, 2.43652802,
       0.97135984, 0.04386507, 0.04433333, 1.19940776, 3.93318011,
       1.26024641, 4.95025264, 3.21476823, 5.96593859, 0.31834827,
       2.39179049, 3.47857098, 4.69489387, 4.01596186, 5.2792496 ,
       5.90921671, 6.24916266, 5.10806914, 1.15387921, 0.34418173,
       3.73781481, 0.43863626, 1.06267408, 1.37834427, 4.06027307,
       3.84566678, 0.2086638 , 0.63681418, 4.54956688, 0.41867236,
       0.45466863, 2.77337047, 5.03086575, 2.14036391, 6.18326173,
       2.89190728, 2.88142061, 0.04997546, 3.82267023, 1.41389585,
       2.94143776])]",[773.8508894443512]
