,problem,layers,optimizer,solutions,parameters,time
0,"{'type': 'maxcut', 'graph': {'directed': False, 'multigraph': False, 'graph': {}, 'nodes': [{'id': 0}, {'id': 1}, {'id': 2}, {'id': 3}, {'id': 4}, {'id': 5}, {'id': 6}], 'links': [{'weight': 5, 'source': 0, 'target': 1}, {'weight': 7, 'source': 0, 'target': 2}, {'weight': 2, 'source': 0, 'target': 3}, {'weight': 3, 'source': 0, 'target': 4}, {'weight': 5, 'source': 0, 'target': 5}, {'weight': 2, 'source': 0, 'target': 6}, {'weight': 8, 'source': 1, 'target': 2}, {'weight': 6, 'source': 1, 'target': 3}, {'weight': 9, 'source': 1, 'target': 4}, {'weight': 4, 'source': 1, 'target': 5}, {'weight': 1, 'source': 1, 'target': 6}, {'weight': 1, 'source': 2, 'target': 3}, {'weight': 4, 'source': 2, 'target': 4}, {'weight': 8, 'source': 2, 'target': 5}, {'weight': 9, 'source': 2, 'target': 6}, {'weight': 7, 'source': 3, 'target': 4}, {'weight': 3, 'source': 3, 'target': 5}, {'weight': 9, 'source': 3, 'target': 6}, {'weight': 8, 'source': 4, 'target': 5}, {'weight': 8, 'source': 4, 'target': 6}, {'weight': 9, 'source': 5, 'target': 6}]}, 'position': {0: [-0.3256208872959432, -1.0], 1: [0.5673561078537072, -0.48310920832699883], 2: [-0.7474534023302581, -0.1155005818164978], 3: [0.8234533555893597, 0.5571209180257686], 4: [-0.03599560114020317, 0.3574868838281689], 5: [-0.08826502462403853, -0.19787775086906342], 6: [-0.193474548052625, 0.8818797391586218]}, 'solution': ([0, 0, 1, 1, 1, 0, 0], 80.0)}",28,"{'optimizer': 'COBYLA', 'maxiter': 100, 'shots': 1024, 'parameter_strategy': 'RANDOM', 'x0': None, 'backend': <QAOA_Tester.Backend.NoisyEstimatorBackend object at 0x7fa76178d210>}","[([0, 0, 0, 0, 1, 0, 1], -61.0)]","[array([2.64537825, 1.07029806, 2.82562164, 0.47268174, 5.58922369,
       2.85817156, 1.45411745, 1.8742134 , 2.47431978, 3.52050272,
       4.3950056 , 0.97718525, 2.24370483, 0.5801692 , 5.1848638 ,
       1.7524487 , 0.96945005, 1.48694147, 1.91964106, 4.36607755,
       5.72253844, 4.27859141, 1.24230759, 4.75522432, 5.19802768,
       5.88575234, 0.34661145, 2.32481431, 5.71833918, 4.26212283,
       4.34996259, 0.64687643, 0.57356701, 3.50952526, 6.24569969,
       3.86234337, 3.44865414, 3.27820878, 4.5697328 , 2.25062259,
       3.05866616, 0.57731784, 5.30646454, 0.12955861, 4.24156458,
       2.56775749, 4.70587554, 3.51391532, 1.51638275, 6.02065384,
       4.26023222, 1.8665454 , 0.29569583, 1.1080527 , 4.76733353,
       4.29048969])]",[794.2016541957855]
