,problem,layers,optimizer,solutions,parameters,time
0,"{'type': 'maxcut', 'graph': {'directed': False, 'multigraph': False, 'graph': {}, 'nodes': [{'id': 0}, {'id': 1}, {'id': 2}, {'id': 3}, {'id': 4}, {'id': 5}, {'id': 6}], 'links': [{'weight': 5, 'source': 0, 'target': 1}, {'weight': 7, 'source': 0, 'target': 2}, {'weight': 2, 'source': 0, 'target': 3}, {'weight': 3, 'source': 0, 'target': 4}, {'weight': 5, 'source': 0, 'target': 5}, {'weight': 2, 'source': 0, 'target': 6}, {'weight': 8, 'source': 1, 'target': 2}, {'weight': 6, 'source': 1, 'target': 3}, {'weight': 9, 'source': 1, 'target': 4}, {'weight': 4, 'source': 1, 'target': 5}, {'weight': 1, 'source': 1, 'target': 6}, {'weight': 1, 'source': 2, 'target': 3}, {'weight': 4, 'source': 2, 'target': 4}, {'weight': 8, 'source': 2, 'target': 5}, {'weight': 9, 'source': 2, 'target': 6}, {'weight': 7, 'source': 3, 'target': 4}, {'weight': 3, 'source': 3, 'target': 5}, {'weight': 9, 'source': 3, 'target': 6}, {'weight': 8, 'source': 4, 'target': 5}, {'weight': 8, 'source': 4, 'target': 6}, {'weight': 9, 'source': 5, 'target': 6}]}, 'position': {0: [-0.3256208872959432, -1.0], 1: [0.5673561078537072, -0.48310920832699883], 2: [-0.7474534023302581, -0.1155005818164978], 3: [0.8234533555893597, 0.5571209180257686], 4: [-0.03599560114020317, 0.3574868838281689], 5: [-0.08826502462403853, -0.19787775086906342], 6: [-0.193474548052625, 0.8818797391586218]}, 'solution': ([0, 0, 1, 1, 1, 0, 0], 80.0)}",29,"{'optimizer': 'COBYLA', 'maxiter': 100, 'shots': 1024, 'parameter_strategy': 'RANDOM', 'x0': None, 'backend': <QAOA_Tester.Backend.NoisyEstimatorBackend object at 0x7f23c5a7d480>}","[([1, 1, 0, 1, 1, 1, 1], -37.0)]","[array([1.4338049 , 2.8259079 , 4.3266672 , 3.90280297, 4.41661186,
       3.83747671, 1.9384135 , 0.74457996, 5.86042506, 1.1309781 ,
       5.0523062 , 1.48196107, 3.45961424, 3.99537269, 3.71831215,
       3.68130738, 2.66203353, 0.40442376, 0.07735184, 1.5745516 ,
       1.02683962, 5.37988975, 0.53177961, 1.36847908, 5.05457348,
       2.13464677, 0.07070405, 5.29990278, 1.60062446, 5.50812634,
       0.51486022, 0.77450947, 2.69327269, 4.04488002, 5.72018659,
       4.64579859, 4.67231251, 1.13711223, 0.65560945, 4.14528015,
       4.91451234, 5.72069928, 6.07527546, 4.93315055, 0.98787169,
       1.0203704 , 2.0532777 , 5.89077403, 2.91020874, 6.0138813 ,
       1.93811362, 5.31690616, 0.13288897, 4.17384653, 6.17910353,
       2.43694117, 1.80042848, 4.23771256])]",[806.9954764842987]
