,problem,layers,optimizer,solutions,parameters,time
0,"{'type': 'maxcut', 'graph': {'directed': False, 'multigraph': False, 'graph': {}, 'nodes': [{'id': 0}, {'id': 1}, {'id': 2}, {'id': 3}, {'id': 4}, {'id': 5}, {'id': 6}], 'links': [{'weight': 5, 'source': 0, 'target': 1}, {'weight': 7, 'source': 0, 'target': 2}, {'weight': 2, 'source': 0, 'target': 3}, {'weight': 3, 'source': 0, 'target': 4}, {'weight': 5, 'source': 0, 'target': 5}, {'weight': 2, 'source': 0, 'target': 6}, {'weight': 8, 'source': 1, 'target': 2}, {'weight': 6, 'source': 1, 'target': 3}, {'weight': 9, 'source': 1, 'target': 4}, {'weight': 4, 'source': 1, 'target': 5}, {'weight': 1, 'source': 1, 'target': 6}, {'weight': 1, 'source': 2, 'target': 3}, {'weight': 4, 'source': 2, 'target': 4}, {'weight': 8, 'source': 2, 'target': 5}, {'weight': 9, 'source': 2, 'target': 6}, {'weight': 7, 'source': 3, 'target': 4}, {'weight': 3, 'source': 3, 'target': 5}, {'weight': 9, 'source': 3, 'target': 6}, {'weight': 8, 'source': 4, 'target': 5}, {'weight': 8, 'source': 4, 'target': 6}, {'weight': 9, 'source': 5, 'target': 6}]}, 'position': {0: [-0.3256208872959432, -1.0], 1: [0.5673561078537072, -0.48310920832699883], 2: [-0.7474534023302581, -0.1155005818164978], 3: [0.8234533555893597, 0.5571209180257686], 4: [-0.03599560114020317, 0.3574868838281689], 5: [-0.08826502462403853, -0.19787775086906342], 6: [-0.193474548052625, 0.8818797391586218]}, 'solution': ([0, 0, 1, 1, 1, 0, 0], 80.0)}",28,"{'optimizer': 'COBYLA', 'maxiter': 100, 'shots': 1024, 'parameter_strategy': 'RANDOM', 'x0': None, 'backend': <QAOA_Tester.Backend.NoisyEstimatorBackend object at 0x7fec827c1450>}","[([1, 1, 0, 0, 1, 1, 1], -63.0)]","[array([6.82419436, 4.77179216, 2.8088631 , 2.64578112, 2.90142887,
       1.41970361, 1.9892585 , 5.63488338, 5.44594873, 5.16628821,
       2.43466967, 0.89567913, 1.73866904, 2.04405691, 1.61824743,
       2.78085893, 2.46127957, 5.94256772, 5.89600375, 5.42239074,
       4.70437296, 0.55536645, 6.17851076, 1.80684953, 4.40686445,
       6.52321701, 0.46104826, 3.28445604, 3.30215181, 0.67418622,
       2.61406294, 2.46679776, 0.22971325, 5.85042938, 0.62032245,
       1.09038327, 1.16500423, 5.37784378, 4.36407747, 3.18952607,
       3.17493005, 4.35138042, 1.5832915 , 3.3839184 , 2.67282651,
       0.60673771, 3.48734634, 0.10207775, 2.18192511, 3.26766052,
       3.41432381, 4.83312917, 2.85430441, 0.75618891, 2.90015714,
       2.47803642])]",[793.3589494228363]
