,problem,layers,optimizer,solutions,parameters,time
0,"{'type': 'maxcut', 'graph': {'directed': False, 'multigraph': False, 'graph': {}, 'nodes': [{'id': 0}, {'id': 1}, {'id': 2}, {'id': 3}, {'id': 4}, {'id': 5}, {'id': 6}], 'links': [{'weight': 5, 'source': 0, 'target': 1}, {'weight': 7, 'source': 0, 'target': 2}, {'weight': 2, 'source': 0, 'target': 3}, {'weight': 3, 'source': 0, 'target': 4}, {'weight': 5, 'source': 0, 'target': 5}, {'weight': 2, 'source': 0, 'target': 6}, {'weight': 8, 'source': 1, 'target': 2}, {'weight': 6, 'source': 1, 'target': 3}, {'weight': 9, 'source': 1, 'target': 4}, {'weight': 4, 'source': 1, 'target': 5}, {'weight': 1, 'source': 1, 'target': 6}, {'weight': 1, 'source': 2, 'target': 3}, {'weight': 4, 'source': 2, 'target': 4}, {'weight': 8, 'source': 2, 'target': 5}, {'weight': 9, 'source': 2, 'target': 6}, {'weight': 7, 'source': 3, 'target': 4}, {'weight': 3, 'source': 3, 'target': 5}, {'weight': 9, 'source': 3, 'target': 6}, {'weight': 8, 'source': 4, 'target': 5}, {'weight': 8, 'source': 4, 'target': 6}, {'weight': 9, 'source': 5, 'target': 6}]}, 'position': {0: [-0.3256208872959432, -1.0], 1: [0.5673561078537072, -0.48310920832699883], 2: [-0.7474534023302581, -0.1155005818164978], 3: [0.8234533555893597, 0.5571209180257686], 4: [-0.03599560114020317, 0.3574868838281689], 5: [-0.08826502462403853, -0.19787775086906342], 6: [-0.193474548052625, 0.8818797391586218]}, 'solution': ([0, 0, 1, 1, 1, 0, 0], 80.0)}",28,"{'optimizer': 'COBYLA', 'maxiter': 100, 'shots': 1024, 'parameter_strategy': 'RANDOM', 'x0': None, 'backend': <QAOA_Tester.Backend.NoisyEstimatorBackend object at 0x7f791339fdf0>}","[([1, 1, 0, 0, 0, 0, 0], -47.0)]","[array([0.66586675, 3.59771878, 3.76853178, 1.73742139, 3.23858063,
       4.13642877, 0.13538092, 4.12502796, 0.24929117, 0.78349998,
       4.10909186, 5.74197104, 4.9915064 , 3.69452257, 0.09014552,
       4.45415219, 4.12476607, 5.76920448, 5.31085512, 1.90921006,
       2.66322527, 1.32689635, 4.55744772, 2.08377732, 3.59065799,
       0.86261073, 1.93605016, 1.51473728, 5.62014346, 4.13895704,
       1.19325308, 3.32560937, 1.43601271, 5.45082214, 5.05287613,
       4.06969645, 4.73044001, 5.43806831, 4.01195149, 0.81683383,
       4.44768837, 1.5956183 , 1.52082946, 0.08713427, 5.67185566,
       0.76981233, 0.38930762, 2.30795503, 0.65251666, 0.87371282,
       0.6334083 , 2.38477197, 2.30508401, 3.05094452, 6.09504904,
       2.06513441])]",[798.4845201969147]
