,problem,layers,optimizer,solutions,parameters,time
0,"{'type': 'maxcut', 'graph': {'directed': False, 'multigraph': False, 'graph': {}, 'nodes': [{'id': 0}, {'id': 1}, {'id': 2}, {'id': 3}, {'id': 4}, {'id': 5}, {'id': 6}], 'links': [{'weight': 5, 'source': 0, 'target': 1}, {'weight': 7, 'source': 0, 'target': 2}, {'weight': 2, 'source': 0, 'target': 3}, {'weight': 3, 'source': 0, 'target': 4}, {'weight': 5, 'source': 0, 'target': 5}, {'weight': 2, 'source': 0, 'target': 6}, {'weight': 8, 'source': 1, 'target': 2}, {'weight': 6, 'source': 1, 'target': 3}, {'weight': 9, 'source': 1, 'target': 4}, {'weight': 4, 'source': 1, 'target': 5}, {'weight': 1, 'source': 1, 'target': 6}, {'weight': 1, 'source': 2, 'target': 3}, {'weight': 4, 'source': 2, 'target': 4}, {'weight': 8, 'source': 2, 'target': 5}, {'weight': 9, 'source': 2, 'target': 6}, {'weight': 7, 'source': 3, 'target': 4}, {'weight': 3, 'source': 3, 'target': 5}, {'weight': 9, 'source': 3, 'target': 6}, {'weight': 8, 'source': 4, 'target': 5}, {'weight': 8, 'source': 4, 'target': 6}, {'weight': 9, 'source': 5, 'target': 6}]}, 'position': {0: [-0.3256208872959432, -1.0], 1: [0.5673561078537072, -0.48310920832699883], 2: [-0.7474534023302581, -0.1155005818164978], 3: [0.8234533555893597, 0.5571209180257686], 4: [-0.03599560114020317, 0.3574868838281689], 5: [-0.08826502462403853, -0.19787775086906342], 6: [-0.193474548052625, 0.8818797391586218]}, 'solution': ([0, 0, 1, 1, 1, 0, 0], 80.0)}",29,"{'optimizer': 'COBYLA', 'maxiter': 100, 'shots': 1024, 'parameter_strategy': 'RANDOM', 'x0': None, 'backend': <QAOA_Tester.Backend.NoisyEstimatorBackend object at 0x7fb9db7d7df0>}","[([1, 0, 0, 0, 0, 0, 1], -58.0)]","[array([5.05528598, 3.32199948, 6.01512774, 0.4256185 , 1.31335647,
       2.12876858, 6.0351457 , 6.03282769, 3.85276649, 5.36450442,
       1.25739967, 2.50515845, 1.16920564, 4.18075987, 5.90219109,
       3.33351397, 3.0107074 , 5.39307061, 4.1078847 , 2.767364  ,
       2.83896314, 0.43624483, 3.11812959, 0.91425823, 3.33385672,
       2.10491016, 0.56954994, 3.3212266 , 2.1313225 , 1.02318648,
       4.07311231, 3.12155346, 4.41741001, 0.3795283 , 1.08008717,
       4.71254841, 5.06822163, 3.57493693, 4.55412945, 5.13326744,
       5.51832222, 0.0346985 , 4.6736617 , 0.98000369, 4.42943147,
       5.79120151, 3.73999024, 4.80493025, 3.22409807, 2.03437843,
       2.34005182, 3.95297433, 0.39365633, 4.2821372 , 0.3547376 ,
       2.87281198, 5.9288026 , 1.92328127])]",[806.8849895000458]
