,problem,layers,optimizer,solutions,parameters,time
0,"{'type': 'maxcut', 'graph': {'directed': False, 'multigraph': False, 'graph': {}, 'nodes': [{'id': 0}, {'id': 1}, {'id': 2}, {'id': 3}, {'id': 4}, {'id': 5}, {'id': 6}], 'links': [{'weight': 5, 'source': 0, 'target': 1}, {'weight': 7, 'source': 0, 'target': 2}, {'weight': 2, 'source': 0, 'target': 3}, {'weight': 3, 'source': 0, 'target': 4}, {'weight': 5, 'source': 0, 'target': 5}, {'weight': 2, 'source': 0, 'target': 6}, {'weight': 8, 'source': 1, 'target': 2}, {'weight': 6, 'source': 1, 'target': 3}, {'weight': 9, 'source': 1, 'target': 4}, {'weight': 4, 'source': 1, 'target': 5}, {'weight': 1, 'source': 1, 'target': 6}, {'weight': 1, 'source': 2, 'target': 3}, {'weight': 4, 'source': 2, 'target': 4}, {'weight': 8, 'source': 2, 'target': 5}, {'weight': 9, 'source': 2, 'target': 6}, {'weight': 7, 'source': 3, 'target': 4}, {'weight': 3, 'source': 3, 'target': 5}, {'weight': 9, 'source': 3, 'target': 6}, {'weight': 8, 'source': 4, 'target': 5}, {'weight': 8, 'source': 4, 'target': 6}, {'weight': 9, 'source': 5, 'target': 6}]}, 'position': {0: [-0.3256208872959432, -1.0], 1: [0.5673561078537072, -0.48310920832699883], 2: [-0.7474534023302581, -0.1155005818164978], 3: [0.8234533555893597, 0.5571209180257686], 4: [-0.03599560114020317, 0.3574868838281689], 5: [-0.08826502462403853, -0.19787775086906342], 6: [-0.193474548052625, 0.8818797391586218]}, 'solution': ([0, 0, 1, 1, 1, 0, 0], 80.0)}",29,"{'optimizer': 'COBYLA', 'maxiter': 100, 'shots': 1024, 'parameter_strategy': 'RANDOM', 'x0': None, 'backend': <QAOA_Tester.Backend.NoisyEstimatorBackend object at 0x7f4cdb829e40>}","[([0, 1, 0, 0, 0, 1, 0], -62.0)]","[array([6.27994955, 5.63428516, 3.74940607, 4.51618056, 3.84119753,
       2.19503038, 0.64792813, 3.94026796, 5.13198815, 1.68591959,
       0.92971554, 0.01453074, 0.2792029 , 0.41584458, 1.68248777,
       4.81928298, 4.8483886 , 2.85890917, 1.00857329, 0.14058686,
       4.94462568, 6.03378391, 0.04185197, 0.64910132, 1.27494458,
       3.53493829, 5.67700917, 3.10835954, 0.71560264, 4.58578782,
       4.1128448 , 0.62911267, 2.95108154, 4.81999167, 1.46232306,
       0.82969333, 4.42032148, 1.45207622, 4.14718018, 5.32382983,
       2.41509528, 1.92629593, 1.69887175, 2.51690628, 3.34428974,
       5.07891756, 1.28962955, 3.65709319, 5.05423264, 5.33725559,
       4.24007515, 1.30147246, 1.7813594 , 6.26145141, 1.84220308,
       4.6447644 , 5.97020169, 6.16503582])]",[808.1944344043732]
