,problem,layers,optimizer,solutions,parameters,time
0,"{'type': 'maxcut', 'graph': {'directed': False, 'multigraph': False, 'graph': {}, 'nodes': [{'id': 0}, {'id': 1}, {'id': 2}, {'id': 3}, {'id': 4}, {'id': 5}, {'id': 6}], 'links': [{'weight': 5, 'source': 0, 'target': 1}, {'weight': 7, 'source': 0, 'target': 2}, {'weight': 2, 'source': 0, 'target': 3}, {'weight': 3, 'source': 0, 'target': 4}, {'weight': 5, 'source': 0, 'target': 5}, {'weight': 2, 'source': 0, 'target': 6}, {'weight': 8, 'source': 1, 'target': 2}, {'weight': 6, 'source': 1, 'target': 3}, {'weight': 9, 'source': 1, 'target': 4}, {'weight': 4, 'source': 1, 'target': 5}, {'weight': 1, 'source': 1, 'target': 6}, {'weight': 1, 'source': 2, 'target': 3}, {'weight': 4, 'source': 2, 'target': 4}, {'weight': 8, 'source': 2, 'target': 5}, {'weight': 9, 'source': 2, 'target': 6}, {'weight': 7, 'source': 3, 'target': 4}, {'weight': 3, 'source': 3, 'target': 5}, {'weight': 9, 'source': 3, 'target': 6}, {'weight': 8, 'source': 4, 'target': 5}, {'weight': 8, 'source': 4, 'target': 6}, {'weight': 9, 'source': 5, 'target': 6}]}, 'position': {0: [-0.3256208872959432, -1.0], 1: [0.5673561078537072, -0.48310920832699883], 2: [-0.7474534023302581, -0.1155005818164978], 3: [0.8234533555893597, 0.5571209180257686], 4: [-0.03599560114020317, 0.3574868838281689], 5: [-0.08826502462403853, -0.19787775086906342], 6: [-0.193474548052625, 0.8818797391586218]}, 'solution': ([0, 0, 1, 1, 1, 0, 0], 80.0)}",28,"{'optimizer': 'COBYLA', 'maxiter': 100, 'shots': 1024, 'parameter_strategy': 'RANDOM', 'x0': None, 'backend': <QAOA_Tester.Backend.NoisyEstimatorBackend object at 0x7f9b73370d90>}","[([0, 0, 1, 0, 1, 1, 0], -73.0)]","[array([0.94081888, 0.4930105 , 2.27891902, 1.34798216, 6.15685833,
       2.6041942 , 4.62366068, 4.43856431, 1.02562439, 4.97069189,
       3.61039237, 6.27029144, 1.16638515, 1.68585507, 2.0613329 ,
       2.43688676, 4.25711385, 1.86137396, 5.02692284, 4.55659669,
       4.57333027, 0.05616737, 3.79183098, 4.36121406, 6.21863503,
       4.23169918, 0.13644453, 5.91863631, 6.16156865, 4.73962547,
       5.3482547 , 1.60878696, 6.07588573, 3.61776942, 0.31629678,
       5.1310561 , 2.55487979, 1.95754338, 0.86911696, 1.56676508,
       2.07481009, 1.08805144, 6.13148533, 2.29309689, 0.47497951,
       2.82864955, 3.94982399, 0.76217057, 2.67007312, 0.81975587,
       2.6951537 , 3.23495445, 5.86102175, 3.18314521, 4.11464151,
       5.72640674])]",[784.1188457012177]
