,problem,layers,optimizer,solutions,parameters,time
0,"{'type': 'maxcut', 'graph': {'directed': False, 'multigraph': False, 'graph': {}, 'nodes': [{'id': 0}, {'id': 1}, {'id': 2}, {'id': 3}, {'id': 4}, {'id': 5}, {'id': 6}], 'links': [{'weight': 5, 'source': 0, 'target': 1}, {'weight': 7, 'source': 0, 'target': 2}, {'weight': 2, 'source': 0, 'target': 3}, {'weight': 3, 'source': 0, 'target': 4}, {'weight': 5, 'source': 0, 'target': 5}, {'weight': 2, 'source': 0, 'target': 6}, {'weight': 8, 'source': 1, 'target': 2}, {'weight': 6, 'source': 1, 'target': 3}, {'weight': 9, 'source': 1, 'target': 4}, {'weight': 4, 'source': 1, 'target': 5}, {'weight': 1, 'source': 1, 'target': 6}, {'weight': 1, 'source': 2, 'target': 3}, {'weight': 4, 'source': 2, 'target': 4}, {'weight': 8, 'source': 2, 'target': 5}, {'weight': 9, 'source': 2, 'target': 6}, {'weight': 7, 'source': 3, 'target': 4}, {'weight': 3, 'source': 3, 'target': 5}, {'weight': 9, 'source': 3, 'target': 6}, {'weight': 8, 'source': 4, 'target': 5}, {'weight': 8, 'source': 4, 'target': 6}, {'weight': 9, 'source': 5, 'target': 6}]}, 'position': {0: [-0.3256208872959432, -1.0], 1: [0.5673561078537072, -0.48310920832699883], 2: [-0.7474534023302581, -0.1155005818164978], 3: [0.8234533555893597, 0.5571209180257686], 4: [-0.03599560114020317, 0.3574868838281689], 5: [-0.08826502462403853, -0.19787775086906342], 6: [-0.193474548052625, 0.8818797391586218]}, 'solution': ([0, 0, 1, 1, 1, 0, 0], 80.0)}",29,"{'optimizer': 'COBYLA', 'maxiter': 100, 'shots': 1024, 'parameter_strategy': 'RANDOM', 'x0': None, 'backend': <QAOA_Tester.Backend.NoisyEstimatorBackend object at 0x7f66f49b93f0>}","[([0, 0, 1, 1, 0, 1, 1], -62.0)]","[array([3.41359969, 4.35089282, 5.58909061, 6.15722382, 4.4079622 ,
       2.71803704, 5.59889452, 5.17357772, 0.97943396, 5.55919853,
       5.52117485, 0.37847533, 1.18699489, 0.15525843, 2.53641709,
       6.06276122, 1.29632308, 0.57338673, 6.28171885, 2.60233046,
       2.67554004, 3.89199359, 5.56176498, 3.36706706, 3.42159179,
       2.57715463, 2.3534547 , 5.80020948, 0.54944459, 0.61969034,
       1.68828614, 2.65883193, 0.97275844, 4.87186777, 3.50620101,
       4.39644148, 1.7543548 , 3.47015419, 1.08804509, 3.86880087,
       4.32995053, 3.61674705, 3.43099625, 6.21449183, 3.74039212,
       6.16468513, 0.33480604, 5.20202524, 0.96896153, 3.80145253,
       4.69390696, 5.82464601, 1.84034971, 2.65775843, 0.48953759,
       1.77341274, 4.66498232, 5.55530764])]",[805.3034961223602]
