,problem,layers,optimizer,solutions,parameters,time
0,"{'type': 'maxcut', 'graph': {'directed': False, 'multigraph': False, 'graph': {}, 'nodes': [{'id': 0}, {'id': 1}, {'id': 2}, {'id': 3}, {'id': 4}, {'id': 5}, {'id': 6}], 'links': [{'weight': 5, 'source': 0, 'target': 1}, {'weight': 7, 'source': 0, 'target': 2}, {'weight': 2, 'source': 0, 'target': 3}, {'weight': 3, 'source': 0, 'target': 4}, {'weight': 5, 'source': 0, 'target': 5}, {'weight': 2, 'source': 0, 'target': 6}, {'weight': 8, 'source': 1, 'target': 2}, {'weight': 6, 'source': 1, 'target': 3}, {'weight': 9, 'source': 1, 'target': 4}, {'weight': 4, 'source': 1, 'target': 5}, {'weight': 1, 'source': 1, 'target': 6}, {'weight': 1, 'source': 2, 'target': 3}, {'weight': 4, 'source': 2, 'target': 4}, {'weight': 8, 'source': 2, 'target': 5}, {'weight': 9, 'source': 2, 'target': 6}, {'weight': 7, 'source': 3, 'target': 4}, {'weight': 3, 'source': 3, 'target': 5}, {'weight': 9, 'source': 3, 'target': 6}, {'weight': 8, 'source': 4, 'target': 5}, {'weight': 8, 'source': 4, 'target': 6}, {'weight': 9, 'source': 5, 'target': 6}]}, 'position': {0: [-0.3256208872959432, -1.0], 1: [0.5673561078537072, -0.48310920832699883], 2: [-0.7474534023302581, -0.1155005818164978], 3: [0.8234533555893597, 0.5571209180257686], 4: [-0.03599560114020317, 0.3574868838281689], 5: [-0.08826502462403853, -0.19787775086906342], 6: [-0.193474548052625, 0.8818797391586218]}, 'solution': ([0, 0, 1, 1, 1, 0, 0], 80.0)}",29,"{'optimizer': 'COBYLA', 'maxiter': 100, 'shots': 1024, 'parameter_strategy': 'RANDOM', 'x0': None, 'backend': <QAOA_Tester.Backend.NoisyEstimatorBackend object at 0x7f51cf4f2fb0>}","[([1, 0, 0, 1, 0, 1, 1], -67.0)]","[array([4.405807  , 5.75125615, 2.28770038, 3.74386175, 1.54013099,
       1.09267003, 1.92266579, 4.60903336, 2.06394634, 5.30217952,
       2.04732839, 4.50055607, 3.48724641, 0.58391872, 3.92768414,
       0.85686239, 5.73601402, 3.49387827, 0.9015051 , 3.08612205,
       4.15420212, 1.07917424, 0.15459201, 4.43547049, 1.55053342,
       3.78078254, 1.73930418, 5.03931134, 3.99953043, 2.33870246,
       0.60492106, 2.79497734, 1.9314561 , 1.78054763, 1.57572641,
       2.59507124, 1.09364901, 1.92515079, 5.19582767, 0.11243625,
       4.76305708, 0.40710266, 5.24813532, 5.65081459, 4.83409158,
       1.28654652, 3.50017031, 3.36323266, 3.47156403, 5.20431054,
       2.01902311, 3.52144833, 3.5316603 , 4.98677946, 5.28163733,
       4.6699282 , 2.32780573, 3.95936453])]",[890.0993158817291]
