,problem,layers,optimizer,solutions,parameters,time
0,"{'type': 'maxcut', 'graph': {'directed': False, 'multigraph': False, 'graph': {}, 'nodes': [{'id': 0}, {'id': 1}, {'id': 2}, {'id': 3}, {'id': 4}, {'id': 5}, {'id': 6}], 'links': [{'weight': 5, 'source': 0, 'target': 1}, {'weight': 7, 'source': 0, 'target': 2}, {'weight': 2, 'source': 0, 'target': 3}, {'weight': 3, 'source': 0, 'target': 4}, {'weight': 5, 'source': 0, 'target': 5}, {'weight': 2, 'source': 0, 'target': 6}, {'weight': 8, 'source': 1, 'target': 2}, {'weight': 6, 'source': 1, 'target': 3}, {'weight': 9, 'source': 1, 'target': 4}, {'weight': 4, 'source': 1, 'target': 5}, {'weight': 1, 'source': 1, 'target': 6}, {'weight': 1, 'source': 2, 'target': 3}, {'weight': 4, 'source': 2, 'target': 4}, {'weight': 8, 'source': 2, 'target': 5}, {'weight': 9, 'source': 2, 'target': 6}, {'weight': 7, 'source': 3, 'target': 4}, {'weight': 3, 'source': 3, 'target': 5}, {'weight': 9, 'source': 3, 'target': 6}, {'weight': 8, 'source': 4, 'target': 5}, {'weight': 8, 'source': 4, 'target': 6}, {'weight': 9, 'source': 5, 'target': 6}]}, 'position': {0: [-0.3256208872959432, -1.0], 1: [0.5673561078537072, -0.48310920832699883], 2: [-0.7474534023302581, -0.1155005818164978], 3: [0.8234533555893597, 0.5571209180257686], 4: [-0.03599560114020317, 0.3574868838281689], 5: [-0.08826502462403853, -0.19787775086906342], 6: [-0.193474548052625, 0.8818797391586218]}, 'solution': ([0, 0, 1, 1, 1, 0, 0], 80.0)}",29,"{'optimizer': 'COBYLA', 'maxiter': 100, 'shots': 1024, 'parameter_strategy': 'RANDOM', 'x0': None, 'backend': <QAOA_Tester.Backend.NoisyEstimatorBackend object at 0x7f63efd89d50>}","[([0, 0, 1, 0, 0, 0, 1], -57.0)]","[array([5.55933038, 6.02759972, 4.23935014, 5.94853973, 5.00002358,
       2.85536361, 3.59994792, 4.87490172, 5.78162127, 2.50447273,
       5.49829177, 2.57458307, 0.86657093, 5.53873577, 3.38903466,
       3.9935846 , 1.2398641 , 0.11863628, 0.73803137, 3.51837244,
       3.64904182, 5.74239495, 3.80104546, 2.57608036, 0.42837077,
       4.17128995, 0.68673438, 5.2879318 , 3.0772902 , 1.42594637,
       3.98954332, 1.32101705, 5.76906349, 1.07809083, 1.84092551,
       4.84559076, 3.46646341, 2.77750245, 3.4296104 , 4.71435051,
       1.93874514, 1.07141329, 5.01558491, 1.22894036, 0.69759553,
       4.05422709, 2.17373015, 0.2023965 , 1.89135578, 1.61454525,
       3.25524794, 4.25228496, 0.20084831, 4.62841481, 2.76695229,
       6.22481223, 2.74268126, 2.58485358])]",[818.3715538978577]
