,problem,layers,optimizer,solutions,parameters,time
0,"{'type': 'maxcut', 'graph': {'directed': False, 'multigraph': False, 'graph': {}, 'nodes': [{'id': 0}, {'id': 1}, {'id': 2}, {'id': 3}, {'id': 4}, {'id': 5}, {'id': 6}], 'links': [{'weight': 5, 'source': 0, 'target': 1}, {'weight': 7, 'source': 0, 'target': 2}, {'weight': 2, 'source': 0, 'target': 3}, {'weight': 3, 'source': 0, 'target': 4}, {'weight': 5, 'source': 0, 'target': 5}, {'weight': 2, 'source': 0, 'target': 6}, {'weight': 8, 'source': 1, 'target': 2}, {'weight': 6, 'source': 1, 'target': 3}, {'weight': 9, 'source': 1, 'target': 4}, {'weight': 4, 'source': 1, 'target': 5}, {'weight': 1, 'source': 1, 'target': 6}, {'weight': 1, 'source': 2, 'target': 3}, {'weight': 4, 'source': 2, 'target': 4}, {'weight': 8, 'source': 2, 'target': 5}, {'weight': 9, 'source': 2, 'target': 6}, {'weight': 7, 'source': 3, 'target': 4}, {'weight': 3, 'source': 3, 'target': 5}, {'weight': 9, 'source': 3, 'target': 6}, {'weight': 8, 'source': 4, 'target': 5}, {'weight': 8, 'source': 4, 'target': 6}, {'weight': 9, 'source': 5, 'target': 6}]}, 'position': {0: [-0.3256208872959432, -1.0], 1: [0.5673561078537072, -0.48310920832699883], 2: [-0.7474534023302581, -0.1155005818164978], 3: [0.8234533555893597, 0.5571209180257686], 4: [-0.03599560114020317, 0.3574868838281689], 5: [-0.08826502462403853, -0.19787775086906342], 6: [-0.193474548052625, 0.8818797391586218]}, 'solution': ([0, 0, 1, 1, 1, 0, 0], 80.0)}",28,"{'optimizer': 'COBYLA', 'maxiter': 100, 'shots': 1024, 'parameter_strategy': 'RANDOM', 'x0': None, 'backend': <QAOA_Tester.Backend.NoisyEstimatorBackend object at 0x7fbdc4aa1cf0>}","[([0, 1, 1, 0, 1, 1, 1], -48.0)]","[array([4.25237488, 0.55307205, 5.16951021, 0.77569695, 5.50430308,
       4.39232772, 3.75492671, 1.60043998, 2.57893872, 4.94759998,
       5.41854314, 0.92180913, 4.03912468, 2.13464993, 5.2622516 ,
       4.91034799, 3.98148185, 3.27503148, 1.8189994 , 2.22932259,
       0.46929546, 3.56653998, 1.01166506, 5.87938252, 5.02450247,
       1.78719607, 4.3389649 , 1.5978908 , 1.49729928, 2.68214939,
       5.02746996, 6.13489842, 1.74182042, 2.13261114, 0.55889788,
       5.34141028, 2.78350646, 5.66575527, 2.33164398, 5.59594719,
       4.16904101, 3.08439024, 4.59449681, 1.41212488, 3.62706799,
       1.52853777, 2.16849659, 4.42900977, 2.12544161, 3.91934626,
       3.18443579, 2.14541716, 0.15046911, 3.8581686 , 0.3486724 ,
       0.10363215])]",[774.3110201358795]
