,problem,layers,optimizer,solutions,parameters,time
0,"{'type': 'maxcut', 'graph': {'directed': False, 'multigraph': False, 'graph': {}, 'nodes': [{'id': 0}, {'id': 1}, {'id': 2}, {'id': 3}, {'id': 4}, {'id': 5}, {'id': 6}], 'links': [{'weight': 5, 'source': 0, 'target': 1}, {'weight': 7, 'source': 0, 'target': 2}, {'weight': 2, 'source': 0, 'target': 3}, {'weight': 3, 'source': 0, 'target': 4}, {'weight': 5, 'source': 0, 'target': 5}, {'weight': 2, 'source': 0, 'target': 6}, {'weight': 8, 'source': 1, 'target': 2}, {'weight': 6, 'source': 1, 'target': 3}, {'weight': 9, 'source': 1, 'target': 4}, {'weight': 4, 'source': 1, 'target': 5}, {'weight': 1, 'source': 1, 'target': 6}, {'weight': 1, 'source': 2, 'target': 3}, {'weight': 4, 'source': 2, 'target': 4}, {'weight': 8, 'source': 2, 'target': 5}, {'weight': 9, 'source': 2, 'target': 6}, {'weight': 7, 'source': 3, 'target': 4}, {'weight': 3, 'source': 3, 'target': 5}, {'weight': 9, 'source': 3, 'target': 6}, {'weight': 8, 'source': 4, 'target': 5}, {'weight': 8, 'source': 4, 'target': 6}, {'weight': 9, 'source': 5, 'target': 6}]}, 'position': {0: [-0.3256208872959432, -1.0], 1: [0.5673561078537072, -0.48310920832699883], 2: [-0.7474534023302581, -0.1155005818164978], 3: [0.8234533555893597, 0.5571209180257686], 4: [-0.03599560114020317, 0.3574868838281689], 5: [-0.08826502462403853, -0.19787775086906342], 6: [-0.193474548052625, 0.8818797391586218]}, 'solution': ([0, 0, 1, 1, 1, 0, 0], 80.0)}",29,"{'optimizer': 'COBYLA', 'maxiter': 100, 'shots': 1024, 'parameter_strategy': 'RANDOM', 'x0': None, 'backend': <QAOA_Tester.Backend.NoisyEstimatorBackend object at 0x7f37d479fd90>}","[([1, 1, 0, 0, 0, 1, 0], -66.0)]","[array([1.21293594, 1.80335766, 0.84175514, 5.46749694, 0.39189368,
       5.29296013, 1.5679193 , 0.51319121, 4.78021335, 5.0044924 ,
       4.27420643, 6.02369473, 4.34825487, 4.83998005, 0.31190523,
       3.72663255, 3.70084641, 0.60880492, 0.58109898, 4.90585227,
       4.4747141 , 0.41981388, 3.10780855, 2.42616065, 1.02562003,
       1.54394541, 1.2857363 , 4.83500285, 6.3965656 , 0.06731557,
       4.40352599, 4.86248401, 5.53785634, 4.32694789, 1.34305   ,
       0.32680837, 4.77065015, 2.1468729 , 5.17039256, 0.86953233,
       0.68025613, 5.94305417, 2.04672782, 4.2884692 , 4.09062258,
       0.90792398, 0.46599519, 4.30450633, 5.7220378 , 6.1809963 ,
       6.15813084, 2.84721323, 3.05932786, 2.04942865, 2.09091151,
       2.50120365, 5.66112136, 5.03446217])]",[775.1283402442932]
