,problem,layers,optimizer,solutions,parameters,time
0,"{'type': 'maxcut', 'graph': {'directed': False, 'multigraph': False, 'graph': {}, 'nodes': [{'id': 0}, {'id': 1}, {'id': 2}, {'id': 3}, {'id': 4}, {'id': 5}, {'id': 6}], 'links': [{'weight': 5, 'source': 0, 'target': 1}, {'weight': 7, 'source': 0, 'target': 2}, {'weight': 2, 'source': 0, 'target': 3}, {'weight': 3, 'source': 0, 'target': 4}, {'weight': 5, 'source': 0, 'target': 5}, {'weight': 2, 'source': 0, 'target': 6}, {'weight': 8, 'source': 1, 'target': 2}, {'weight': 6, 'source': 1, 'target': 3}, {'weight': 9, 'source': 1, 'target': 4}, {'weight': 4, 'source': 1, 'target': 5}, {'weight': 1, 'source': 1, 'target': 6}, {'weight': 1, 'source': 2, 'target': 3}, {'weight': 4, 'source': 2, 'target': 4}, {'weight': 8, 'source': 2, 'target': 5}, {'weight': 9, 'source': 2, 'target': 6}, {'weight': 7, 'source': 3, 'target': 4}, {'weight': 3, 'source': 3, 'target': 5}, {'weight': 9, 'source': 3, 'target': 6}, {'weight': 8, 'source': 4, 'target': 5}, {'weight': 8, 'source': 4, 'target': 6}, {'weight': 9, 'source': 5, 'target': 6}]}, 'position': {0: [-0.3256208872959432, -1.0], 1: [0.5673561078537072, -0.48310920832699883], 2: [-0.7474534023302581, -0.1155005818164978], 3: [0.8234533555893597, 0.5571209180257686], 4: [-0.03599560114020317, 0.3574868838281689], 5: [-0.08826502462403853, -0.19787775086906342], 6: [-0.193474548052625, 0.8818797391586218]}, 'solution': ([0, 0, 1, 1, 1, 0, 0], 80.0)}",29,"{'optimizer': 'COBYLA', 'maxiter': 100, 'shots': 1024, 'parameter_strategy': 'RANDOM', 'x0': None, 'backend': <QAOA_Tester.Backend.NoisyEstimatorBackend object at 0x7feb342330a0>}","[([1, 0, 0, 0, 0, 0, 0], -24.0)]","[array([4.8520673 , 0.41272723, 5.32285803, 0.13716217, 4.41227654,
       5.26577306, 2.96597211, 5.28693082, 3.67381842, 5.28443424,
       4.7709136 , 2.76184762, 1.10192933, 1.94771366, 0.92913567,
       0.29603238, 1.99641868, 6.1919616 , 1.49312721, 4.8163645 ,
       1.17955096, 3.8668552 , 2.28151703, 6.31515692, 3.01512116,
       5.01031675, 5.76566007, 0.73865076, 4.06584241, 0.38674535,
       3.35225252, 0.54624593, 3.04000705, 3.55407347, 1.39885268,
       4.64585621, 1.72285667, 1.2739988 , 3.62209859, 2.31194063,
       5.56236705, 0.2560801 , 5.87549381, 6.16738605, 0.15519813,
       2.27229264, 2.09413061, 1.70961626, 3.24606462, 2.05801314,
       5.06971502, 2.12012192, 1.86634159, 1.91504712, 5.60677639,
       5.34157262, 0.78245015, 5.96362277])]",[834.6682152748108]
