,problem,layers,optimizer,solutions,parameters,time
0,"{'type': 'maxcut', 'graph': {'directed': False, 'multigraph': False, 'graph': {}, 'nodes': [{'id': 0}, {'id': 1}, {'id': 2}, {'id': 3}, {'id': 4}, {'id': 5}, {'id': 6}], 'links': [{'weight': 5, 'source': 0, 'target': 1}, {'weight': 7, 'source': 0, 'target': 2}, {'weight': 2, 'source': 0, 'target': 3}, {'weight': 3, 'source': 0, 'target': 4}, {'weight': 5, 'source': 0, 'target': 5}, {'weight': 2, 'source': 0, 'target': 6}, {'weight': 8, 'source': 1, 'target': 2}, {'weight': 6, 'source': 1, 'target': 3}, {'weight': 9, 'source': 1, 'target': 4}, {'weight': 4, 'source': 1, 'target': 5}, {'weight': 1, 'source': 1, 'target': 6}, {'weight': 1, 'source': 2, 'target': 3}, {'weight': 4, 'source': 2, 'target': 4}, {'weight': 8, 'source': 2, 'target': 5}, {'weight': 9, 'source': 2, 'target': 6}, {'weight': 7, 'source': 3, 'target': 4}, {'weight': 3, 'source': 3, 'target': 5}, {'weight': 9, 'source': 3, 'target': 6}, {'weight': 8, 'source': 4, 'target': 5}, {'weight': 8, 'source': 4, 'target': 6}, {'weight': 9, 'source': 5, 'target': 6}]}, 'position': {0: [-0.3256208872959432, -1.0], 1: [0.5673561078537072, -0.48310920832699883], 2: [-0.7474534023302581, -0.1155005818164978], 3: [0.8234533555893597, 0.5571209180257686], 4: [-0.03599560114020317, 0.3574868838281689], 5: [-0.08826502462403853, -0.19787775086906342], 6: [-0.193474548052625, 0.8818797391586218]}, 'solution': ([0, 0, 1, 1, 1, 0, 0], 80.0)}",28,"{'optimizer': 'COBYLA', 'maxiter': 100, 'shots': 1024, 'parameter_strategy': 'RANDOM', 'x0': None, 'backend': <QAOA_Tester.Backend.NoisyEstimatorBackend object at 0x7fbd7ee11480>}","[([0, 1, 1, 0, 0, 0, 0], -54.0)]","[array([1.22162125, 4.71008538, 0.60478511, 3.5094971 , 4.75150302,
       5.10926031, 0.13071659, 3.84355952, 0.15757782, 1.98077373,
       1.39327627, 1.00830682, 3.47669724, 3.76940442, 3.75834723,
       1.5867751 , 0.07271985, 3.05982353, 1.56347247, 0.34969348,
       5.83253792, 5.5874626 , 0.62647711, 3.00494584, 0.8144599 ,
       0.92708515, 5.47039745, 1.40576205, 0.61749873, 1.12292599,
       2.47384139, 0.6178709 , 0.73359585, 0.03490393, 0.88835525,
       1.13217858, 1.81322224, 5.96746605, 6.05121283, 5.24598245,
       2.7304095 , 2.50709146, 2.46094595, 5.08984553, 0.87689109,
       0.66351439, 5.47330232, 4.56368824, 2.29283208, 0.88341234,
       6.01637064, 4.81672932, 2.88310142, 5.11691844, 2.95405443,
       4.43735275])]",[785.0073778629303]
