,problem,layers,optimizer,solutions,parameters,time
0,"{'type': 'maxcut', 'graph': {'directed': False, 'multigraph': False, 'graph': {}, 'nodes': [{'id': 0}, {'id': 1}, {'id': 2}, {'id': 3}, {'id': 4}, {'id': 5}, {'id': 6}], 'links': [{'weight': 5, 'source': 0, 'target': 1}, {'weight': 7, 'source': 0, 'target': 2}, {'weight': 2, 'source': 0, 'target': 3}, {'weight': 3, 'source': 0, 'target': 4}, {'weight': 5, 'source': 0, 'target': 5}, {'weight': 2, 'source': 0, 'target': 6}, {'weight': 8, 'source': 1, 'target': 2}, {'weight': 6, 'source': 1, 'target': 3}, {'weight': 9, 'source': 1, 'target': 4}, {'weight': 4, 'source': 1, 'target': 5}, {'weight': 1, 'source': 1, 'target': 6}, {'weight': 1, 'source': 2, 'target': 3}, {'weight': 4, 'source': 2, 'target': 4}, {'weight': 8, 'source': 2, 'target': 5}, {'weight': 9, 'source': 2, 'target': 6}, {'weight': 7, 'source': 3, 'target': 4}, {'weight': 3, 'source': 3, 'target': 5}, {'weight': 9, 'source': 3, 'target': 6}, {'weight': 8, 'source': 4, 'target': 5}, {'weight': 8, 'source': 4, 'target': 6}, {'weight': 9, 'source': 5, 'target': 6}]}, 'position': {0: [-0.3256208872959432, -1.0], 1: [0.5673561078537072, -0.48310920832699883], 2: [-0.7474534023302581, -0.1155005818164978], 3: [0.8234533555893597, 0.5571209180257686], 4: [-0.03599560114020317, 0.3574868838281689], 5: [-0.08826502462403853, -0.19787775086906342], 6: [-0.193474548052625, 0.8818797391586218]}, 'solution': ([0, 0, 1, 1, 1, 0, 0], 80.0)}",28,"{'optimizer': 'COBYLA', 'maxiter': 100, 'shots': 1024, 'parameter_strategy': 'RANDOM', 'x0': None, 'backend': <QAOA_Tester.Backend.NoisyEstimatorBackend object at 0x7fab677214b0>}","[([1, 1, 1, 1, 1, 0, 1], -37.0)]","[array([1.75944816, 6.15506498, 4.19615649, 1.02198077, 0.29354996,
       1.3235599 , 5.51548936, 1.69014432, 5.23533239, 1.52873694,
       2.09924227, 4.2395806 , 0.073668  , 0.37911549, 1.25655446,
       2.25995265, 1.61527166, 0.32146103, 0.97182533, 5.7006207 ,
       5.72485721, 5.34434121, 2.58697128, 0.9771426 , 5.64204079,
       0.07312862, 4.81505816, 1.50008462, 5.05432003, 0.67679059,
       4.28814225, 1.36765892, 5.90336413, 0.49402164, 0.91321407,
       2.16356956, 0.32332405, 1.45215231, 0.7532331 , 0.63854714,
       1.62735283, 2.77066616, 2.95343721, 3.44332525, 2.92974727,
       2.30735404, 1.22554002, 1.76480768, 2.46329927, 2.68859405,
       4.73715011, 2.98600985, 2.91570352, 0.41540833, 1.56091178,
       4.27935048])]",[787.9477670192719]
