,problem,layers,optimizer,solutions,parameters,time
0,"{'type': 'maxcut', 'graph': {'directed': False, 'multigraph': False, 'graph': {}, 'nodes': [{'id': 0}, {'id': 1}, {'id': 2}, {'id': 3}, {'id': 4}, {'id': 5}, {'id': 6}], 'links': [{'weight': 5, 'source': 0, 'target': 1}, {'weight': 7, 'source': 0, 'target': 2}, {'weight': 2, 'source': 0, 'target': 3}, {'weight': 3, 'source': 0, 'target': 4}, {'weight': 5, 'source': 0, 'target': 5}, {'weight': 2, 'source': 0, 'target': 6}, {'weight': 8, 'source': 1, 'target': 2}, {'weight': 6, 'source': 1, 'target': 3}, {'weight': 9, 'source': 1, 'target': 4}, {'weight': 4, 'source': 1, 'target': 5}, {'weight': 1, 'source': 1, 'target': 6}, {'weight': 1, 'source': 2, 'target': 3}, {'weight': 4, 'source': 2, 'target': 4}, {'weight': 8, 'source': 2, 'target': 5}, {'weight': 9, 'source': 2, 'target': 6}, {'weight': 7, 'source': 3, 'target': 4}, {'weight': 3, 'source': 3, 'target': 5}, {'weight': 9, 'source': 3, 'target': 6}, {'weight': 8, 'source': 4, 'target': 5}, {'weight': 8, 'source': 4, 'target': 6}, {'weight': 9, 'source': 5, 'target': 6}]}, 'position': {0: [-0.3256208872959432, -1.0], 1: [0.5673561078537072, -0.48310920832699883], 2: [-0.7474534023302581, -0.1155005818164978], 3: [0.8234533555893597, 0.5571209180257686], 4: [-0.03599560114020317, 0.3574868838281689], 5: [-0.08826502462403853, -0.19787775086906342], 6: [-0.193474548052625, 0.8818797391586218]}, 'solution': ([0, 0, 1, 1, 1, 0, 0], 80.0)}",28,"{'optimizer': 'COBYLA', 'maxiter': 100, 'shots': 1024, 'parameter_strategy': 'RANDOM', 'x0': None, 'backend': <QAOA_Tester.Backend.NoisyEstimatorBackend object at 0x7f01ef9dfdf0>}","[([0, 1, 1, 0, 0, 1, 0], -67.0)]","[array([5.8225961 , 1.18717407, 4.72602801, 3.36045089, 2.98655026,
       3.94679532, 4.66570337, 3.31690409, 0.33507152, 2.97159541,
       2.05144337, 1.95715462, 4.82934556, 2.71185409, 5.35046695,
       4.36294887, 5.17646406, 2.83213268, 3.98695694, 3.21600802,
       0.17595915, 5.15696445, 5.96163451, 5.20836401, 4.03778425,
       4.34639153, 4.31830077, 7.28300622, 0.47781694, 1.04082397,
       5.89667329, 2.1601685 , 6.23859948, 3.27013823, 3.95857125,
       2.69822377, 0.59863391, 1.51604144, 0.009525  , 3.98167883,
       4.61655328, 2.5301727 , 5.06463172, 3.14808653, 1.89673241,
       3.49561672, 6.17999486, 3.01535187, 2.17915285, 5.82320463,
       3.70212833, 4.64845966, 2.78160283, 3.18456737, 0.28774591,
       1.93627647])]",[798.9509844779968]
