,problem,layers,optimizer,solutions,parameters,time
0,"{'type': 'maxcut', 'graph': {'directed': False, 'multigraph': False, 'graph': {}, 'nodes': [{'id': 0}, {'id': 1}, {'id': 2}, {'id': 3}, {'id': 4}, {'id': 5}, {'id': 6}], 'links': [{'weight': 5, 'source': 0, 'target': 1}, {'weight': 7, 'source': 0, 'target': 2}, {'weight': 2, 'source': 0, 'target': 3}, {'weight': 3, 'source': 0, 'target': 4}, {'weight': 5, 'source': 0, 'target': 5}, {'weight': 2, 'source': 0, 'target': 6}, {'weight': 8, 'source': 1, 'target': 2}, {'weight': 6, 'source': 1, 'target': 3}, {'weight': 9, 'source': 1, 'target': 4}, {'weight': 4, 'source': 1, 'target': 5}, {'weight': 1, 'source': 1, 'target': 6}, {'weight': 1, 'source': 2, 'target': 3}, {'weight': 4, 'source': 2, 'target': 4}, {'weight': 8, 'source': 2, 'target': 5}, {'weight': 9, 'source': 2, 'target': 6}, {'weight': 7, 'source': 3, 'target': 4}, {'weight': 3, 'source': 3, 'target': 5}, {'weight': 9, 'source': 3, 'target': 6}, {'weight': 8, 'source': 4, 'target': 5}, {'weight': 8, 'source': 4, 'target': 6}, {'weight': 9, 'source': 5, 'target': 6}]}, 'position': {0: [-0.3256208872959432, -1.0], 1: [0.5673561078537072, -0.48310920832699883], 2: [-0.7474534023302581, -0.1155005818164978], 3: [0.8234533555893597, 0.5571209180257686], 4: [-0.03599560114020317, 0.3574868838281689], 5: [-0.08826502462403853, -0.19787775086906342], 6: [-0.193474548052625, 0.8818797391586218]}, 'solution': ([0, 0, 1, 1, 1, 0, 0], 80.0)}",29,"{'optimizer': 'COBYLA', 'maxiter': 100, 'shots': 1024, 'parameter_strategy': 'RANDOM', 'x0': None, 'backend': <QAOA_Tester.Backend.NoisyEstimatorBackend object at 0x7f5127351480>}","[([0, 0, 1, 1, 1, 0, 0], -80.0)]","[array([6.0362667 , 5.87235931, 4.16387155, 4.8399044 , 0.46091556,
       2.50673541, 5.98026197, 6.04735939, 0.407375  , 3.26139143,
       5.73185504, 4.14886437, 1.17065839, 5.7316932 , 3.66878398,
       6.08070748, 5.31227938, 3.61508841, 4.20554741, 3.0443952 ,
       3.49790326, 5.57832862, 4.80413675, 4.8155555 , 0.72171293,
       0.8986996 , 1.09308252, 3.99931981, 3.59855501, 4.01431643,
       4.76969913, 0.55640485, 5.93142615, 4.41984031, 1.28412062,
       3.47182205, 5.85800831, 1.37656784, 3.08525861, 3.15112029,
       0.99277717, 5.97358706, 1.83114046, 2.94453442, 3.0742492 ,
       3.52840027, 4.1245632 , 5.91587643, 1.16966069, 4.41813424,
       5.89362827, 5.6057557 , 4.95624758, 5.82647748, 3.81763744,
       0.7629736 , 4.77163956, 5.20737139])]",[782.4044108390808]
