,problem,layers,optimizer,solutions,parameters,time
0,"{'type': 'maxcut', 'graph': {'directed': False, 'multigraph': False, 'graph': {}, 'nodes': [{'id': 0}, {'id': 1}, {'id': 2}, {'id': 3}, {'id': 4}, {'id': 5}, {'id': 6}], 'links': [{'weight': 5, 'source': 0, 'target': 1}, {'weight': 7, 'source': 0, 'target': 2}, {'weight': 2, 'source': 0, 'target': 3}, {'weight': 3, 'source': 0, 'target': 4}, {'weight': 5, 'source': 0, 'target': 5}, {'weight': 2, 'source': 0, 'target': 6}, {'weight': 8, 'source': 1, 'target': 2}, {'weight': 6, 'source': 1, 'target': 3}, {'weight': 9, 'source': 1, 'target': 4}, {'weight': 4, 'source': 1, 'target': 5}, {'weight': 1, 'source': 1, 'target': 6}, {'weight': 1, 'source': 2, 'target': 3}, {'weight': 4, 'source': 2, 'target': 4}, {'weight': 8, 'source': 2, 'target': 5}, {'weight': 9, 'source': 2, 'target': 6}, {'weight': 7, 'source': 3, 'target': 4}, {'weight': 3, 'source': 3, 'target': 5}, {'weight': 9, 'source': 3, 'target': 6}, {'weight': 8, 'source': 4, 'target': 5}, {'weight': 8, 'source': 4, 'target': 6}, {'weight': 9, 'source': 5, 'target': 6}]}, 'position': {0: [-0.3256208872959432, -1.0], 1: [0.5673561078537072, -0.48310920832699883], 2: [-0.7474534023302581, -0.1155005818164978], 3: [0.8234533555893597, 0.5571209180257686], 4: [-0.03599560114020317, 0.3574868838281689], 5: [-0.08826502462403853, -0.19787775086906342], 6: [-0.193474548052625, 0.8818797391586218]}, 'solution': ([0, 0, 1, 1, 1, 0, 0], 80.0)}",28,"{'optimizer': 'COBYLA', 'maxiter': 100, 'shots': 1024, 'parameter_strategy': 'RANDOM', 'x0': None, 'backend': <QAOA_Tester.Backend.NoisyEstimatorBackend object at 0x7fb4260fda80>}","[([0, 1, 1, 0, 0, 0, 0], -54.0)]","[array([3.7555457 , 1.69293066, 0.94328443, 5.60068846, 3.52140799,
       5.96645016, 2.76692261, 1.07017848, 5.87872137, 5.80833053,
       4.79342499, 0.69282601, 0.73675197, 4.16911678, 5.19265629,
       2.65073855, 0.88470853, 4.30107085, 4.20805102, 0.81509515,
       0.66628616, 2.52972876, 6.20517207, 5.78189843, 1.29835895,
       5.96795723, 4.45258093, 3.62201186, 4.81190487, 3.38696882,
       2.74300029, 3.69296359, 0.48801468, 0.69037943, 4.64318885,
       3.22040653, 6.01929098, 1.21038753, 2.42356008, 1.19542278,
       1.4794984 , 0.32290914, 1.01346063, 1.50692261, 0.63095261,
       5.70215001, 5.10629284, 5.55450522, 0.82350758, 0.27261737,
       3.42816297, 2.43107834, 2.75846752, 6.10514503, 0.77356303,
       0.99118326])]",[802.0324592590332]
