,problem,layers,optimizer,solutions,parameters,time
0,"{'type': 'maxcut', 'graph': {'directed': False, 'multigraph': False, 'graph': {}, 'nodes': [{'id': 0}, {'id': 1}, {'id': 2}, {'id': 3}, {'id': 4}, {'id': 5}, {'id': 6}], 'links': [{'weight': 5, 'source': 0, 'target': 1}, {'weight': 7, 'source': 0, 'target': 2}, {'weight': 2, 'source': 0, 'target': 3}, {'weight': 3, 'source': 0, 'target': 4}, {'weight': 5, 'source': 0, 'target': 5}, {'weight': 2, 'source': 0, 'target': 6}, {'weight': 8, 'source': 1, 'target': 2}, {'weight': 6, 'source': 1, 'target': 3}, {'weight': 9, 'source': 1, 'target': 4}, {'weight': 4, 'source': 1, 'target': 5}, {'weight': 1, 'source': 1, 'target': 6}, {'weight': 1, 'source': 2, 'target': 3}, {'weight': 4, 'source': 2, 'target': 4}, {'weight': 8, 'source': 2, 'target': 5}, {'weight': 9, 'source': 2, 'target': 6}, {'weight': 7, 'source': 3, 'target': 4}, {'weight': 3, 'source': 3, 'target': 5}, {'weight': 9, 'source': 3, 'target': 6}, {'weight': 8, 'source': 4, 'target': 5}, {'weight': 8, 'source': 4, 'target': 6}, {'weight': 9, 'source': 5, 'target': 6}]}, 'position': {0: [-0.3256208872959432, -1.0], 1: [0.5673561078537072, -0.48310920832699883], 2: [-0.7474534023302581, -0.1155005818164978], 3: [0.8234533555893597, 0.5571209180257686], 4: [-0.03599560114020317, 0.3574868838281689], 5: [-0.08826502462403853, -0.19787775086906342], 6: [-0.193474548052625, 0.8818797391586218]}, 'solution': ([0, 0, 1, 1, 1, 0, 0], 80.0)}",28,"{'optimizer': 'COBYLA', 'maxiter': 100, 'shots': 1024, 'parameter_strategy': 'RANDOM', 'x0': None, 'backend': <QAOA_Tester.Backend.NoisyEstimatorBackend object at 0x7fccf891ad70>}","[([0, 0, 0, 0, 1, 1, 0], -60.0)]","[array([0.07836208, 1.57926229, 4.83551656, 5.85727003, 1.5693281 ,
       3.42278936, 1.77424413, 3.11829319, 0.60526717, 3.52974689,
       3.81627813, 0.99009538, 3.37201713, 1.16053757, 3.02919975,
       3.63562518, 1.24920403, 4.85551935, 5.63712097, 4.99393411,
       4.91085176, 2.75401942, 6.15483789, 3.27289515, 6.03429514,
       3.15629032, 5.70709401, 1.65000468, 5.52760356, 5.75761385,
       1.98452815, 4.97082501, 3.39966666, 4.30859274, 3.11933818,
       2.49388339, 1.76590275, 1.99722675, 2.90847744, 1.74750475,
       3.97193539, 3.85219907, 5.81146823, 3.67285891, 1.73768197,
       1.00393762, 4.64202902, 3.94678523, 4.45624047, 0.44508479,
       3.95632925, 2.8678759 , 2.42963821, 5.38015892, 5.1049322 ,
       0.25359224])]",[776.6437587738037]
