,problem,layers,optimizer,solutions,parameters,time
0,"{'type': 'maxcut', 'graph': {'directed': False, 'multigraph': False, 'graph': {}, 'nodes': [{'id': 0}, {'id': 1}, {'id': 2}, {'id': 3}, {'id': 4}, {'id': 5}, {'id': 6}], 'links': [{'weight': 5, 'source': 0, 'target': 1}, {'weight': 7, 'source': 0, 'target': 2}, {'weight': 2, 'source': 0, 'target': 3}, {'weight': 3, 'source': 0, 'target': 4}, {'weight': 5, 'source': 0, 'target': 5}, {'weight': 2, 'source': 0, 'target': 6}, {'weight': 8, 'source': 1, 'target': 2}, {'weight': 6, 'source': 1, 'target': 3}, {'weight': 9, 'source': 1, 'target': 4}, {'weight': 4, 'source': 1, 'target': 5}, {'weight': 1, 'source': 1, 'target': 6}, {'weight': 1, 'source': 2, 'target': 3}, {'weight': 4, 'source': 2, 'target': 4}, {'weight': 8, 'source': 2, 'target': 5}, {'weight': 9, 'source': 2, 'target': 6}, {'weight': 7, 'source': 3, 'target': 4}, {'weight': 3, 'source': 3, 'target': 5}, {'weight': 9, 'source': 3, 'target': 6}, {'weight': 8, 'source': 4, 'target': 5}, {'weight': 8, 'source': 4, 'target': 6}, {'weight': 9, 'source': 5, 'target': 6}]}, 'position': {0: [-0.3256208872959432, -1.0], 1: [0.5673561078537072, -0.48310920832699883], 2: [-0.7474534023302581, -0.1155005818164978], 3: [0.8234533555893597, 0.5571209180257686], 4: [-0.03599560114020317, 0.3574868838281689], 5: [-0.08826502462403853, -0.19787775086906342], 6: [-0.193474548052625, 0.8818797391586218]}, 'solution': ([0, 0, 1, 1, 1, 0, 0], 80.0)}",29,"{'optimizer': 'COBYLA', 'maxiter': 100, 'shots': 1024, 'parameter_strategy': 'RANDOM', 'x0': None, 'backend': <QAOA_Tester.Backend.NoisyEstimatorBackend object at 0x7f280b2213f0>}","[([1, 1, 0, 0, 0, 1, 0], -66.0)]","[array([3.38132833, 2.83360775, 0.38029337, 2.96215938, 4.13620634,
       5.79540924, 5.93562452, 6.3389103 , 2.31883047, 4.23225278,
       5.09523806, 2.7173099 , 3.28182133, 4.02197456, 2.11788072,
       5.170438  , 3.14482031, 1.50324672, 3.26566027, 0.83025678,
       1.3114032 , 2.48318511, 2.49606494, 2.15128886, 2.43776656,
       2.56164429, 1.73423506, 5.78326534, 2.24234476, 3.67072451,
       0.61191013, 5.05758082, 1.56863195, 1.11919295, 0.17949517,
       3.17967108, 3.04493684, 0.36353259, 1.60093634, 4.40476041,
       1.41310883, 5.50080407, 3.43392551, 1.45896981, 6.14441632,
       3.97524027, 0.69848051, 5.78676678, 1.28852028, 4.59820087,
       2.20545828, 2.83208103, 1.22280054, 4.75014509, 2.85168123,
       6.24815028, 5.3435496 , 3.98329354])]",[763.1089060306549]
