,problem,layers,optimizer,solutions,parameters,time
0,"{'type': 'maxcut', 'graph': {'directed': False, 'multigraph': False, 'graph': {}, 'nodes': [{'id': 0}, {'id': 1}, {'id': 2}, {'id': 3}, {'id': 4}, {'id': 5}, {'id': 6}], 'links': [{'weight': 5, 'source': 0, 'target': 1}, {'weight': 7, 'source': 0, 'target': 2}, {'weight': 2, 'source': 0, 'target': 3}, {'weight': 3, 'source': 0, 'target': 4}, {'weight': 5, 'source': 0, 'target': 5}, {'weight': 2, 'source': 0, 'target': 6}, {'weight': 8, 'source': 1, 'target': 2}, {'weight': 6, 'source': 1, 'target': 3}, {'weight': 9, 'source': 1, 'target': 4}, {'weight': 4, 'source': 1, 'target': 5}, {'weight': 1, 'source': 1, 'target': 6}, {'weight': 1, 'source': 2, 'target': 3}, {'weight': 4, 'source': 2, 'target': 4}, {'weight': 8, 'source': 2, 'target': 5}, {'weight': 9, 'source': 2, 'target': 6}, {'weight': 7, 'source': 3, 'target': 4}, {'weight': 3, 'source': 3, 'target': 5}, {'weight': 9, 'source': 3, 'target': 6}, {'weight': 8, 'source': 4, 'target': 5}, {'weight': 8, 'source': 4, 'target': 6}, {'weight': 9, 'source': 5, 'target': 6}]}, 'position': {0: [-0.3256208872959432, -1.0], 1: [0.5673561078537072, -0.48310920832699883], 2: [-0.7474534023302581, -0.1155005818164978], 3: [0.8234533555893597, 0.5571209180257686], 4: [-0.03599560114020317, 0.3574868838281689], 5: [-0.08826502462403853, -0.19787775086906342], 6: [-0.193474548052625, 0.8818797391586218]}, 'solution': ([0, 0, 1, 1, 1, 0, 0], 80.0)}",28,"{'optimizer': 'COBYLA', 'maxiter': 100, 'shots': 1024, 'parameter_strategy': 'RANDOM', 'x0': None, 'backend': <QAOA_Tester.Backend.NoisyEstimatorBackend object at 0x7ff0be3f2860>}","[([1, 1, 0, 0, 1, 0, 1], -78.0)]","[array([4.52484111, 2.91606462, 2.67094383, 3.96946704, 2.98371083,
       2.06874017, 4.72716318, 5.79597943, 5.00820061, 1.35362393,
       2.7193334 , 1.99683723, 6.11138627, 4.28094689, 4.86094588,
       0.05410406, 1.49282023, 3.67124318, 3.27324765, 5.25473899,
       2.2184605 , 2.52553829, 5.37564872, 3.65052273, 3.14434345,
       0.637076  , 2.48271372, 1.52032654, 4.38539482, 6.16957975,
       5.71305998, 3.36291198, 3.3154162 , 0.32111226, 3.5064821 ,
       0.75424847, 2.08324515, 0.54953215, 0.14759346, 4.35590713,
       1.83823852, 3.28148438, 4.87558315, 1.31212034, 1.51523945,
       0.78918756, 3.55724504, 1.05750649, 5.80492422, 3.15367824,
       1.29610715, 1.03202965, 5.54923733, 4.22722128, 3.32641447,
       0.82753596])]",[788.1761219501495]
