,problem,layers,optimizer,solutions,parameters,time
0,"{'type': 'maxcut', 'graph': {'directed': False, 'multigraph': False, 'graph': {}, 'nodes': [{'id': 0}, {'id': 1}, {'id': 2}, {'id': 3}, {'id': 4}, {'id': 5}, {'id': 6}], 'links': [{'weight': 5, 'source': 0, 'target': 1}, {'weight': 7, 'source': 0, 'target': 2}, {'weight': 2, 'source': 0, 'target': 3}, {'weight': 3, 'source': 0, 'target': 4}, {'weight': 5, 'source': 0, 'target': 5}, {'weight': 2, 'source': 0, 'target': 6}, {'weight': 8, 'source': 1, 'target': 2}, {'weight': 6, 'source': 1, 'target': 3}, {'weight': 9, 'source': 1, 'target': 4}, {'weight': 4, 'source': 1, 'target': 5}, {'weight': 1, 'source': 1, 'target': 6}, {'weight': 1, 'source': 2, 'target': 3}, {'weight': 4, 'source': 2, 'target': 4}, {'weight': 8, 'source': 2, 'target': 5}, {'weight': 9, 'source': 2, 'target': 6}, {'weight': 7, 'source': 3, 'target': 4}, {'weight': 3, 'source': 3, 'target': 5}, {'weight': 9, 'source': 3, 'target': 6}, {'weight': 8, 'source': 4, 'target': 5}, {'weight': 8, 'source': 4, 'target': 6}, {'weight': 9, 'source': 5, 'target': 6}]}, 'position': {0: [-0.3256208872959432, -1.0], 1: [0.5673561078537072, -0.48310920832699883], 2: [-0.7474534023302581, -0.1155005818164978], 3: [0.8234533555893597, 0.5571209180257686], 4: [-0.03599560114020317, 0.3574868838281689], 5: [-0.08826502462403853, -0.19787775086906342], 6: [-0.193474548052625, 0.8818797391586218]}, 'solution': ([0, 0, 1, 1, 1, 0, 0], 80.0)}",29,"{'optimizer': 'COBYLA', 'maxiter': 100, 'shots': 1024, 'parameter_strategy': 'RANDOM', 'x0': None, 'backend': <QAOA_Tester.Backend.NoisyEstimatorBackend object at 0x7fc651b99ae0>}","[([0, 1, 1, 0, 0, 1, 0], -67.0)]","[array([1.75227831, 1.74403763, 0.14079869, 4.55835942, 2.61307512,
       2.32148849, 0.13563791, 0.24730833, 5.29247761, 1.3209363 ,
       1.46055369, 5.52249021, 4.22895826, 1.59725827, 4.1968642 ,
       3.92584865, 0.36532799, 4.08887141, 0.22544264, 0.50278433,
       2.7502236 , 3.82051395, 2.86388143, 5.61150404, 1.22866642,
       2.14433152, 3.13405562, 2.11148545, 1.53963344, 3.34224691,
       4.09674169, 1.68214495, 3.63336696, 3.16770086, 3.38313447,
       0.1093892 , 5.17337707, 5.40410233, 3.24496537, 4.27632048,
       2.72873437, 1.21505205, 1.4704479 , 6.17771886, 5.65080075,
       0.64333747, 4.30685784, 3.01502399, 1.99627775, 0.22133751,
       6.02453937, 0.04891243, 5.19104036, 4.6486855 , 3.46657917,
       2.5045627 , 0.72071793, 4.72684336])]",[773.3918554782867]
