,problem,layers,optimizer,solutions,parameters,time
0,"{'type': 'maxcut', 'graph': {'directed': False, 'multigraph': False, 'graph': {}, 'nodes': [{'id': 0}, {'id': 1}, {'id': 2}, {'id': 3}, {'id': 4}, {'id': 5}, {'id': 6}], 'links': [{'weight': 5, 'source': 0, 'target': 1}, {'weight': 7, 'source': 0, 'target': 2}, {'weight': 2, 'source': 0, 'target': 3}, {'weight': 3, 'source': 0, 'target': 4}, {'weight': 5, 'source': 0, 'target': 5}, {'weight': 2, 'source': 0, 'target': 6}, {'weight': 8, 'source': 1, 'target': 2}, {'weight': 6, 'source': 1, 'target': 3}, {'weight': 9, 'source': 1, 'target': 4}, {'weight': 4, 'source': 1, 'target': 5}, {'weight': 1, 'source': 1, 'target': 6}, {'weight': 1, 'source': 2, 'target': 3}, {'weight': 4, 'source': 2, 'target': 4}, {'weight': 8, 'source': 2, 'target': 5}, {'weight': 9, 'source': 2, 'target': 6}, {'weight': 7, 'source': 3, 'target': 4}, {'weight': 3, 'source': 3, 'target': 5}, {'weight': 9, 'source': 3, 'target': 6}, {'weight': 8, 'source': 4, 'target': 5}, {'weight': 8, 'source': 4, 'target': 6}, {'weight': 9, 'source': 5, 'target': 6}]}, 'position': {0: [-0.3256208872959432, -1.0], 1: [0.5673561078537072, -0.48310920832699883], 2: [-0.7474534023302581, -0.1155005818164978], 3: [0.8234533555893597, 0.5571209180257686], 4: [-0.03599560114020317, 0.3574868838281689], 5: [-0.08826502462403853, -0.19787775086906342], 6: [-0.193474548052625, 0.8818797391586218]}, 'solution': ([0, 0, 1, 1, 1, 0, 0], 80.0)}",29,"{'optimizer': 'COBYLA', 'maxiter': 100, 'shots': 1024, 'parameter_strategy': 'RANDOM', 'x0': None, 'backend': <QAOA_Tester.Backend.NoisyEstimatorBackend object at 0x7f772fcde320>}","[([1, 0, 1, 0, 1, 0, 0], -72.0)]","[array([2.45630421, 4.26981325, 4.2727719 , 2.76069903, 5.22797162,
       2.15713447, 3.76816242, 1.63841497, 3.75132024, 1.2464742 ,
       5.86408197, 3.68873446, 2.82043493, 1.35053851, 3.34126552,
       2.30584153, 2.24717838, 6.20913101, 1.07203479, 3.39803034,
       0.15398883, 2.92484717, 3.67178526, 1.57434403, 1.56628754,
       3.05009539, 4.56931827, 6.23727167, 3.16852308, 1.92104471,
       0.83122561, 3.06757882, 4.12512244, 0.12780374, 6.25529641,
       0.25619276, 1.44554343, 3.89764063, 4.51591869, 4.88991915,
       2.72139799, 1.04338538, 3.70859833, 0.37241543, 3.49175031,
       0.16695407, 5.43417001, 0.25670649, 0.98416996, 0.08261784,
       0.56209602, 1.44229127, 2.07686508, 5.33199959, 3.1706571 ,
       5.5485904 , 3.75275619, 4.84322126])]",[836.4059593677521]
