,problem,layers,optimizer,solutions,parameters,time
0,"{'type': 'maxcut', 'graph': {'directed': False, 'multigraph': False, 'graph': {}, 'nodes': [{'id': 0}, {'id': 1}, {'id': 2}, {'id': 3}, {'id': 4}, {'id': 5}, {'id': 6}], 'links': [{'weight': 5, 'source': 0, 'target': 1}, {'weight': 7, 'source': 0, 'target': 2}, {'weight': 2, 'source': 0, 'target': 3}, {'weight': 3, 'source': 0, 'target': 4}, {'weight': 5, 'source': 0, 'target': 5}, {'weight': 2, 'source': 0, 'target': 6}, {'weight': 8, 'source': 1, 'target': 2}, {'weight': 6, 'source': 1, 'target': 3}, {'weight': 9, 'source': 1, 'target': 4}, {'weight': 4, 'source': 1, 'target': 5}, {'weight': 1, 'source': 1, 'target': 6}, {'weight': 1, 'source': 2, 'target': 3}, {'weight': 4, 'source': 2, 'target': 4}, {'weight': 8, 'source': 2, 'target': 5}, {'weight': 9, 'source': 2, 'target': 6}, {'weight': 7, 'source': 3, 'target': 4}, {'weight': 3, 'source': 3, 'target': 5}, {'weight': 9, 'source': 3, 'target': 6}, {'weight': 8, 'source': 4, 'target': 5}, {'weight': 8, 'source': 4, 'target': 6}, {'weight': 9, 'source': 5, 'target': 6}]}, 'position': {0: [-0.3256208872959432, -1.0], 1: [0.5673561078537072, -0.48310920832699883], 2: [-0.7474534023302581, -0.1155005818164978], 3: [0.8234533555893597, 0.5571209180257686], 4: [-0.03599560114020317, 0.3574868838281689], 5: [-0.08826502462403853, -0.19787775086906342], 6: [-0.193474548052625, 0.8818797391586218]}, 'solution': ([0, 0, 1, 1, 1, 0, 0], 80.0)}",28,"{'optimizer': 'COBYLA', 'maxiter': 100, 'shots': 1024, 'parameter_strategy': 'RANDOM', 'x0': None, 'backend': <QAOA_Tester.Backend.NoisyEstimatorBackend object at 0x7f7300f228f0>}","[([0, 1, 0, 0, 0, 1, 0], -62.0)]","[array([5.26003817, 2.40826076, 4.48854487, 2.65208436, 5.06256201,
       1.63865666, 1.93813391, 2.37686479, 1.48710746, 3.74829138,
       0.77530296, 2.35700825, 1.50618636, 1.44301523, 1.09735241,
       0.68159747, 3.53794767, 1.57268156, 1.14229625, 2.89700263,
       3.50670786, 0.86704148, 1.53824303, 0.11287922, 4.86882448,
       2.20935255, 0.11887364, 5.90070092, 6.19721029, 2.07141161,
       0.75254448, 5.33320253, 2.65108063, 0.42325411, 0.94213221,
       1.63539403, 5.21119594, 5.20414492, 1.12656952, 1.76725522,
       4.10802924, 2.09876493, 2.57042437, 0.84726559, 3.40435864,
       1.93862105, 2.55606984, 3.94589731, 3.49813885, 1.18852487,
       0.66366031, 4.26554592, 4.22914915, 2.51967992, 2.85982566,
       2.51967559])]",[786.6155724525452]
