,problem,layers,optimizer,solutions,parameters,time
0,"{'type': 'maxcut', 'graph': {'directed': False, 'multigraph': False, 'graph': {}, 'nodes': [{'id': 0}, {'id': 1}, {'id': 2}, {'id': 3}, {'id': 4}, {'id': 5}, {'id': 6}], 'links': [{'weight': 5, 'source': 0, 'target': 1}, {'weight': 7, 'source': 0, 'target': 2}, {'weight': 2, 'source': 0, 'target': 3}, {'weight': 3, 'source': 0, 'target': 4}, {'weight': 5, 'source': 0, 'target': 5}, {'weight': 2, 'source': 0, 'target': 6}, {'weight': 8, 'source': 1, 'target': 2}, {'weight': 6, 'source': 1, 'target': 3}, {'weight': 9, 'source': 1, 'target': 4}, {'weight': 4, 'source': 1, 'target': 5}, {'weight': 1, 'source': 1, 'target': 6}, {'weight': 1, 'source': 2, 'target': 3}, {'weight': 4, 'source': 2, 'target': 4}, {'weight': 8, 'source': 2, 'target': 5}, {'weight': 9, 'source': 2, 'target': 6}, {'weight': 7, 'source': 3, 'target': 4}, {'weight': 3, 'source': 3, 'target': 5}, {'weight': 9, 'source': 3, 'target': 6}, {'weight': 8, 'source': 4, 'target': 5}, {'weight': 8, 'source': 4, 'target': 6}, {'weight': 9, 'source': 5, 'target': 6}]}, 'position': {0: [-0.3256208872959432, -1.0], 1: [0.5673561078537072, -0.48310920832699883], 2: [-0.7474534023302581, -0.1155005818164978], 3: [0.8234533555893597, 0.5571209180257686], 4: [-0.03599560114020317, 0.3574868838281689], 5: [-0.08826502462403853, -0.19787775086906342], 6: [-0.193474548052625, 0.8818797391586218]}, 'solution': ([0, 0, 1, 1, 1, 0, 0], 80.0)}",27,"{'optimizer': 'COBYLA', 'maxiter': 100, 'shots': 1024, 'parameter_strategy': 'RANDOM', 'x0': None, 'backend': <QAOA_Tester.Backend.NoisyEstimatorBackend object at 0x7fe190642470>}","[([1, 1, 0, 1, 1, 0, 0], -60.0)]","[array([3.03759868, 1.31482371, 2.95284258, 3.81788882, 4.82982188,
       4.37917806, 1.01648404, 1.59465033, 2.59722311, 1.86927972,
       0.61387802, 1.16257951, 3.26175579, 1.31998874, 3.38642557,
       0.53310421, 0.35269583, 2.94419545, 2.32079533, 0.69727403,
       0.65650171, 5.46782651, 4.83861639, 5.15683075, 5.49951442,
       5.66287323, 2.13045895, 4.56031384, 6.11443857, 0.71754217,
       2.63095027, 4.57440702, 3.18558542, 0.34588579, 3.82014939,
       0.24963703, 3.2256107 , 3.7543456 , 3.72682214, 3.83779503,
       0.03858495, 3.68101895, 3.88568545, 4.04232971, 1.62039895,
       3.60244244, 3.86303018, 1.58281219, 3.62525137, 3.48231396,
       2.6389361 , 2.82922575, 2.92751858, 3.02939329])]",[758.5216369628906]
