,problem,layers,optimizer,solutions,parameters,time
0,"{'type': 'maxcut', 'graph': {'directed': False, 'multigraph': False, 'graph': {}, 'nodes': [{'id': 0}, {'id': 1}, {'id': 2}, {'id': 3}, {'id': 4}, {'id': 5}, {'id': 6}], 'links': [{'weight': 5, 'source': 0, 'target': 1}, {'weight': 7, 'source': 0, 'target': 2}, {'weight': 2, 'source': 0, 'target': 3}, {'weight': 3, 'source': 0, 'target': 4}, {'weight': 5, 'source': 0, 'target': 5}, {'weight': 2, 'source': 0, 'target': 6}, {'weight': 8, 'source': 1, 'target': 2}, {'weight': 6, 'source': 1, 'target': 3}, {'weight': 9, 'source': 1, 'target': 4}, {'weight': 4, 'source': 1, 'target': 5}, {'weight': 1, 'source': 1, 'target': 6}, {'weight': 1, 'source': 2, 'target': 3}, {'weight': 4, 'source': 2, 'target': 4}, {'weight': 8, 'source': 2, 'target': 5}, {'weight': 9, 'source': 2, 'target': 6}, {'weight': 7, 'source': 3, 'target': 4}, {'weight': 3, 'source': 3, 'target': 5}, {'weight': 9, 'source': 3, 'target': 6}, {'weight': 8, 'source': 4, 'target': 5}, {'weight': 8, 'source': 4, 'target': 6}, {'weight': 9, 'source': 5, 'target': 6}]}, 'position': {0: [-0.3256208872959432, -1.0], 1: [0.5673561078537072, -0.48310920832699883], 2: [-0.7474534023302581, -0.1155005818164978], 3: [0.8234533555893597, 0.5571209180257686], 4: [-0.03599560114020317, 0.3574868838281689], 5: [-0.08826502462403853, -0.19787775086906342], 6: [-0.193474548052625, 0.8818797391586218]}, 'solution': ([0, 0, 1, 1, 1, 0, 0], 80.0)}",29,"{'optimizer': 'COBYLA', 'maxiter': 100, 'shots': 1024, 'parameter_strategy': 'RANDOM', 'x0': None, 'backend': <QAOA_Tester.Backend.NoisyEstimatorBackend object at 0x7f7f39e93dc0>}","[([1, 1, 0, 1, 1, 1, 0], -57.0)]","[array([0.9478944 , 3.99285167, 4.67165832, 0.66904646, 5.15166618,
       5.54212678, 5.6806312 , 0.47786435, 5.5111412 , 2.88036166,
       4.1468447 , 2.7391219 , 0.72324928, 1.9246736 , 1.13235674,
       0.76656963, 5.56213218, 4.56746491, 3.41047481, 5.97225691,
       0.55543786, 0.25439237, 5.67721894, 0.32931421, 1.45390748,
       1.12510447, 5.69640674, 2.35753939, 1.19882819, 2.91345392,
       2.40949739, 1.733768  , 3.50912254, 3.75484991, 4.03478355,
       2.17140639, 0.43486479, 4.29566457, 2.20451734, 3.50724331,
       1.01660025, 4.67897274, 4.03372647, 2.48580749, 1.96545725,
       5.69912584, 1.88490041, 2.07599027, 3.21844222, 4.15554137,
       0.12941351, 2.61903652, 5.35918814, 2.19696383, 5.71734127,
       0.09593516, 0.48780519, 0.39944586])]",[779.1064012050629]
