,problem,layers,optimizer,solutions,parameters,time
0,"{'type': 'maxcut', 'graph': {'directed': False, 'multigraph': False, 'graph': {}, 'nodes': [{'id': 0}, {'id': 1}, {'id': 2}, {'id': 3}, {'id': 4}, {'id': 5}, {'id': 6}], 'links': [{'weight': 5, 'source': 0, 'target': 1}, {'weight': 7, 'source': 0, 'target': 2}, {'weight': 2, 'source': 0, 'target': 3}, {'weight': 3, 'source': 0, 'target': 4}, {'weight': 5, 'source': 0, 'target': 5}, {'weight': 2, 'source': 0, 'target': 6}, {'weight': 8, 'source': 1, 'target': 2}, {'weight': 6, 'source': 1, 'target': 3}, {'weight': 9, 'source': 1, 'target': 4}, {'weight': 4, 'source': 1, 'target': 5}, {'weight': 1, 'source': 1, 'target': 6}, {'weight': 1, 'source': 2, 'target': 3}, {'weight': 4, 'source': 2, 'target': 4}, {'weight': 8, 'source': 2, 'target': 5}, {'weight': 9, 'source': 2, 'target': 6}, {'weight': 7, 'source': 3, 'target': 4}, {'weight': 3, 'source': 3, 'target': 5}, {'weight': 9, 'source': 3, 'target': 6}, {'weight': 8, 'source': 4, 'target': 5}, {'weight': 8, 'source': 4, 'target': 6}, {'weight': 9, 'source': 5, 'target': 6}]}, 'position': {0: [-0.3256208872959432, -1.0], 1: [0.5673561078537072, -0.48310920832699883], 2: [-0.7474534023302581, -0.1155005818164978], 3: [0.8234533555893597, 0.5571209180257686], 4: [-0.03599560114020317, 0.3574868838281689], 5: [-0.08826502462403853, -0.19787775086906342], 6: [-0.193474548052625, 0.8818797391586218]}, 'solution': ([0, 0, 1, 1, 1, 0, 0], 80.0)}",29,"{'optimizer': 'COBYLA', 'maxiter': 100, 'shots': 1024, 'parameter_strategy': 'RANDOM', 'x0': None, 'backend': <QAOA_Tester.Backend.NoisyEstimatorBackend object at 0x7ff170400af0>}","[([1, 0, 0, 0, 0, 1, 1], -67.0)]","[array([2.39351738, 2.11836278, 0.63931089, 2.46149612, 5.14060822,
       6.13998927, 5.94179056, 0.94865816, 0.69008033, 2.01013325,
       6.33504087, 3.17189711, 0.18018237, 2.445951  , 5.48249756,
       4.01528993, 3.69319794, 0.8966347 , 6.05871683, 1.89256476,
       0.34714287, 2.06383587, 1.01045539, 0.95041402, 4.39834072,
       3.01014131, 4.45632899, 4.16066424, 3.15678387, 2.18042798,
       2.89003707, 6.02747777, 5.37299024, 5.61578119, 5.31762334,
       4.3572719 , 2.4347416 , 0.67155908, 0.48090786, 2.75473882,
       1.59506643, 0.11826306, 4.16209337, 5.16131606, 5.43091268,
       0.13385113, 1.92483609, 1.43951826, 4.44703374, 6.24927009,
       5.25628061, 0.29385434, 0.64580838, 2.04896745, 5.7513404 ,
       3.69996599, 0.35585866, 0.19228524])]",[809.8890135288239]
