,problem,layers,optimizer,solutions,parameters,time
0,"{'type': 'maxcut', 'graph': {'directed': False, 'multigraph': False, 'graph': {}, 'nodes': [{'id': 0}, {'id': 1}, {'id': 2}, {'id': 3}, {'id': 4}, {'id': 5}, {'id': 6}], 'links': [{'weight': 5, 'source': 0, 'target': 1}, {'weight': 7, 'source': 0, 'target': 2}, {'weight': 2, 'source': 0, 'target': 3}, {'weight': 3, 'source': 0, 'target': 4}, {'weight': 5, 'source': 0, 'target': 5}, {'weight': 2, 'source': 0, 'target': 6}, {'weight': 8, 'source': 1, 'target': 2}, {'weight': 6, 'source': 1, 'target': 3}, {'weight': 9, 'source': 1, 'target': 4}, {'weight': 4, 'source': 1, 'target': 5}, {'weight': 1, 'source': 1, 'target': 6}, {'weight': 1, 'source': 2, 'target': 3}, {'weight': 4, 'source': 2, 'target': 4}, {'weight': 8, 'source': 2, 'target': 5}, {'weight': 9, 'source': 2, 'target': 6}, {'weight': 7, 'source': 3, 'target': 4}, {'weight': 3, 'source': 3, 'target': 5}, {'weight': 9, 'source': 3, 'target': 6}, {'weight': 8, 'source': 4, 'target': 5}, {'weight': 8, 'source': 4, 'target': 6}, {'weight': 9, 'source': 5, 'target': 6}]}, 'position': {0: [-0.3256208872959432, -1.0], 1: [0.5673561078537072, -0.48310920832699883], 2: [-0.7474534023302581, -0.1155005818164978], 3: [0.8234533555893597, 0.5571209180257686], 4: [-0.03599560114020317, 0.3574868838281689], 5: [-0.08826502462403853, -0.19787775086906342], 6: [-0.193474548052625, 0.8818797391586218]}, 'solution': ([0, 0, 1, 1, 1, 0, 0], 80.0)}",28,"{'optimizer': 'COBYLA', 'maxiter': 100, 'shots': 1024, 'parameter_strategy': 'RANDOM', 'x0': None, 'backend': <QAOA_Tester.Backend.NoisyEstimatorBackend object at 0x7f12d3677f10>}","[([1, 0, 0, 1, 1, 1, 1], -54.0)]","[array([3.40357306, 3.460213  , 6.02986647, 3.98575338, 3.2172314 ,
       0.49863087, 0.22759233, 5.6863183 , 0.75154287, 5.76304293,
       0.33890677, 2.21373005, 6.07677314, 0.58221506, 0.19598388,
       2.26218751, 2.18899231, 5.59349382, 2.26560635, 6.279016  ,
       2.56117786, 3.28535635, 5.44456288, 4.08773753, 3.44177129,
       5.1155018 , 3.05479032, 4.36085532, 3.74384247, 5.37832595,
       1.98395195, 1.15226721, 3.58087657, 4.22674397, 1.668352  ,
       4.73318826, 3.69955975, 0.83208057, 3.69021515, 4.18127485,
       0.54470844, 4.24400735, 0.50730127, 1.64566829, 0.89318216,
       6.01127367, 0.13550291, 0.32027584, 5.93995861, 4.8912807 ,
       1.87607663, 1.30861388, 5.24417804, 2.8234833 , 3.11428571,
       0.52725618])]",[787.259637594223]
