,problem,layers,optimizer,solutions,parameters,time
0,"{'type': 'maxcut', 'graph': {'directed': False, 'multigraph': False, 'graph': {}, 'nodes': [{'id': 0}, {'id': 1}, {'id': 2}, {'id': 3}, {'id': 4}, {'id': 5}, {'id': 6}], 'links': [{'weight': 5, 'source': 0, 'target': 1}, {'weight': 7, 'source': 0, 'target': 2}, {'weight': 2, 'source': 0, 'target': 3}, {'weight': 3, 'source': 0, 'target': 4}, {'weight': 5, 'source': 0, 'target': 5}, {'weight': 2, 'source': 0, 'target': 6}, {'weight': 8, 'source': 1, 'target': 2}, {'weight': 6, 'source': 1, 'target': 3}, {'weight': 9, 'source': 1, 'target': 4}, {'weight': 4, 'source': 1, 'target': 5}, {'weight': 1, 'source': 1, 'target': 6}, {'weight': 1, 'source': 2, 'target': 3}, {'weight': 4, 'source': 2, 'target': 4}, {'weight': 8, 'source': 2, 'target': 5}, {'weight': 9, 'source': 2, 'target': 6}, {'weight': 7, 'source': 3, 'target': 4}, {'weight': 3, 'source': 3, 'target': 5}, {'weight': 9, 'source': 3, 'target': 6}, {'weight': 8, 'source': 4, 'target': 5}, {'weight': 8, 'source': 4, 'target': 6}, {'weight': 9, 'source': 5, 'target': 6}]}, 'position': {0: [-0.3256208872959432, -1.0], 1: [0.5673561078537072, -0.48310920832699883], 2: [-0.7474534023302581, -0.1155005818164978], 3: [0.8234533555893597, 0.5571209180257686], 4: [-0.03599560114020317, 0.3574868838281689], 5: [-0.08826502462403853, -0.19787775086906342], 6: [-0.193474548052625, 0.8818797391586218]}, 'solution': ([0, 0, 1, 1, 1, 0, 0], 80.0)}",28,"{'optimizer': 'COBYLA', 'maxiter': 100, 'shots': 1024, 'parameter_strategy': 'RANDOM', 'x0': None, 'backend': <QAOA_Tester.Backend.NoisyEstimatorBackend object at 0x7f0b4cf8c0a0>}","[([0, 1, 0, 1, 0, 1, 1], -72.0)]","[array([2.71559459, 2.22769792, 1.87520714, 2.58654696, 4.43716734,
       0.4693209 , 5.11963008, 4.35677908, 1.3148054 , 0.522465  ,
       5.60003773, 5.10956704, 1.69393465, 2.89256634, 3.90865284,
       2.47943058, 5.39397037, 1.02204382, 1.85245278, 1.55658888,
       1.58016227, 2.63236957, 5.97244524, 1.45508284, 2.76678442,
       5.42994715, 4.12555591, 4.96182449, 1.22407879, 3.57848049,
       2.27984132, 6.02015333, 3.63401568, 0.83233196, 1.34803858,
       0.45392094, 1.02602423, 2.56823974, 4.55641047, 5.52579909,
       3.67413916, 3.9424545 , 1.86374108, 5.10494369, 0.374073  ,
       3.6274211 , 5.42527917, 5.56207206, 1.41086655, 3.96566029,
       1.34264368, 1.93987041, 5.20242134, 0.32763998, 5.95991414,
       1.61851296])]",[773.8666636943817]
