,problem,layers,optimizer,solutions,parameters,time
0,"{'type': 'maxcut', 'graph': {'directed': False, 'multigraph': False, 'graph': {}, 'nodes': [{'id': 0}, {'id': 1}, {'id': 2}, {'id': 3}, {'id': 4}, {'id': 5}, {'id': 6}], 'links': [{'weight': 5, 'source': 0, 'target': 1}, {'weight': 7, 'source': 0, 'target': 2}, {'weight': 2, 'source': 0, 'target': 3}, {'weight': 3, 'source': 0, 'target': 4}, {'weight': 5, 'source': 0, 'target': 5}, {'weight': 2, 'source': 0, 'target': 6}, {'weight': 8, 'source': 1, 'target': 2}, {'weight': 6, 'source': 1, 'target': 3}, {'weight': 9, 'source': 1, 'target': 4}, {'weight': 4, 'source': 1, 'target': 5}, {'weight': 1, 'source': 1, 'target': 6}, {'weight': 1, 'source': 2, 'target': 3}, {'weight': 4, 'source': 2, 'target': 4}, {'weight': 8, 'source': 2, 'target': 5}, {'weight': 9, 'source': 2, 'target': 6}, {'weight': 7, 'source': 3, 'target': 4}, {'weight': 3, 'source': 3, 'target': 5}, {'weight': 9, 'source': 3, 'target': 6}, {'weight': 8, 'source': 4, 'target': 5}, {'weight': 8, 'source': 4, 'target': 6}, {'weight': 9, 'source': 5, 'target': 6}]}, 'position': {0: [-0.3256208872959432, -1.0], 1: [0.5673561078537072, -0.48310920832699883], 2: [-0.7474534023302581, -0.1155005818164978], 3: [0.8234533555893597, 0.5571209180257686], 4: [-0.03599560114020317, 0.3574868838281689], 5: [-0.08826502462403853, -0.19787775086906342], 6: [-0.193474548052625, 0.8818797391586218]}, 'solution': ([0, 0, 1, 1, 1, 0, 0], 80.0)}",29,"{'optimizer': 'COBYLA', 'maxiter': 100, 'shots': 1024, 'parameter_strategy': 'RANDOM', 'x0': None, 'backend': <QAOA_Tester.Backend.NoisyEstimatorBackend object at 0x7f78943a1840>}","[([1, 1, 0, 1, 0, 1, 1], -68.0)]","[array([5.16790308, 2.90415172, 2.44859084, 1.95144318, 1.31666931,
       0.60436738, 2.39384661, 4.66888647, 3.62790679, 4.81485728,
       4.39960474, 5.28820879, 5.05552875, 2.72086754, 5.74098245,
       0.92598362, 6.23909068, 0.6754765 , 2.92233403, 0.63250875,
       0.32022337, 2.13492377, 5.96056114, 2.9192919 , 0.18272141,
       0.62251021, 1.76904683, 3.65493013, 4.04989026, 2.06955652,
       5.28798987, 0.03424022, 4.07412594, 3.4223153 , 4.31467788,
       2.45152179, 3.77103501, 5.87594896, 3.95436818, 0.13304378,
       1.32270146, 3.93074048, 6.23647423, 0.58621466, 5.67040298,
       5.44167745, 4.53945943, 2.00083882, 1.95060493, 6.04744515,
       2.44343752, 2.16601068, 2.04667575, 2.20041729, 5.73375016,
       3.07475438, 3.18634365, 0.43108797])]",[777.6378996372223]
