,problem,layers,optimizer,solutions,parameters,time
0,"{'type': 'maxcut', 'graph': {'directed': False, 'multigraph': False, 'graph': {}, 'nodes': [{'id': 0}, {'id': 1}, {'id': 2}, {'id': 3}, {'id': 4}, {'id': 5}, {'id': 6}], 'links': [{'weight': 5, 'source': 0, 'target': 1}, {'weight': 7, 'source': 0, 'target': 2}, {'weight': 2, 'source': 0, 'target': 3}, {'weight': 3, 'source': 0, 'target': 4}, {'weight': 5, 'source': 0, 'target': 5}, {'weight': 2, 'source': 0, 'target': 6}, {'weight': 8, 'source': 1, 'target': 2}, {'weight': 6, 'source': 1, 'target': 3}, {'weight': 9, 'source': 1, 'target': 4}, {'weight': 4, 'source': 1, 'target': 5}, {'weight': 1, 'source': 1, 'target': 6}, {'weight': 1, 'source': 2, 'target': 3}, {'weight': 4, 'source': 2, 'target': 4}, {'weight': 8, 'source': 2, 'target': 5}, {'weight': 9, 'source': 2, 'target': 6}, {'weight': 7, 'source': 3, 'target': 4}, {'weight': 3, 'source': 3, 'target': 5}, {'weight': 9, 'source': 3, 'target': 6}, {'weight': 8, 'source': 4, 'target': 5}, {'weight': 8, 'source': 4, 'target': 6}, {'weight': 9, 'source': 5, 'target': 6}]}, 'position': {0: [-0.3256208872959432, -1.0], 1: [0.5673561078537072, -0.48310920832699883], 2: [-0.7474534023302581, -0.1155005818164978], 3: [0.8234533555893597, 0.5571209180257686], 4: [-0.03599560114020317, 0.3574868838281689], 5: [-0.08826502462403853, -0.19787775086906342], 6: [-0.193474548052625, 0.8818797391586218]}, 'solution': ([0, 0, 1, 1, 1, 0, 0], 80.0)}",28,"{'optimizer': 'COBYLA', 'maxiter': 100, 'shots': 1024, 'parameter_strategy': 'RANDOM', 'x0': None, 'backend': <QAOA_Tester.Backend.NoisyEstimatorBackend object at 0x7fbb34e83df0>}","[([0, 0, 0, 1, 1, 1, 1], -54.0)]","[array([5.76352721, 1.17300245, 5.15925647, 3.22528093, 1.72923136,
       4.29663143, 0.10116553, 0.84752144, 2.99520338, 5.07364103,
       0.52319517, 5.48406702, 0.90905119, 4.70425479, 2.47060576,
       5.52758588, 3.53429904, 5.82813001, 3.44508448, 2.64518982,
       0.4773584 , 5.12180316, 4.59977891, 4.10664012, 3.62153946,
       2.87454458, 2.27459738, 3.91340978, 3.88367441, 4.51026466,
       0.93886292, 4.47980584, 2.51978516, 1.14606152, 5.0108379 ,
       0.7229097 , 3.59434405, 1.5897541 , 1.59038421, 0.17175057,
       4.67156519, 4.59052934, 3.18831376, 0.2341656 , 5.44776109,
       5.85191847, 2.04518504, 4.93449115, 4.28045941, 3.35692885,
       1.60834409, 1.03191092, 5.38362873, 0.85734679, 0.46899342,
       3.14278907])]",[786.1710824966431]
