,problem,layers,optimizer,solutions,parameters,time
0,"{'type': 'maxcut', 'graph': {'directed': False, 'multigraph': False, 'graph': {}, 'nodes': [{'id': 0}, {'id': 1}, {'id': 2}, {'id': 3}, {'id': 4}, {'id': 5}, {'id': 6}], 'links': [{'weight': 5, 'source': 0, 'target': 1}, {'weight': 7, 'source': 0, 'target': 2}, {'weight': 2, 'source': 0, 'target': 3}, {'weight': 3, 'source': 0, 'target': 4}, {'weight': 5, 'source': 0, 'target': 5}, {'weight': 2, 'source': 0, 'target': 6}, {'weight': 8, 'source': 1, 'target': 2}, {'weight': 6, 'source': 1, 'target': 3}, {'weight': 9, 'source': 1, 'target': 4}, {'weight': 4, 'source': 1, 'target': 5}, {'weight': 1, 'source': 1, 'target': 6}, {'weight': 1, 'source': 2, 'target': 3}, {'weight': 4, 'source': 2, 'target': 4}, {'weight': 8, 'source': 2, 'target': 5}, {'weight': 9, 'source': 2, 'target': 6}, {'weight': 7, 'source': 3, 'target': 4}, {'weight': 3, 'source': 3, 'target': 5}, {'weight': 9, 'source': 3, 'target': 6}, {'weight': 8, 'source': 4, 'target': 5}, {'weight': 8, 'source': 4, 'target': 6}, {'weight': 9, 'source': 5, 'target': 6}]}, 'position': {0: [-0.3256208872959432, -1.0], 1: [0.5673561078537072, -0.48310920832699883], 2: [-0.7474534023302581, -0.1155005818164978], 3: [0.8234533555893597, 0.5571209180257686], 4: [-0.03599560114020317, 0.3574868838281689], 5: [-0.08826502462403853, -0.19787775086906342], 6: [-0.193474548052625, 0.8818797391586218]}, 'solution': ([0, 0, 1, 1, 1, 0, 0], 80.0)}",29,"{'optimizer': 'COBYLA', 'maxiter': 100, 'shots': 1024, 'parameter_strategy': 'RANDOM', 'x0': None, 'backend': <QAOA_Tester.Backend.NoisyEstimatorBackend object at 0x7f420ff21ae0>}","[([1, 0, 0, 1, 0, 0, 0], -48.0)]","[array([1.6924862 , 1.38750232, 2.7984888 , 5.86201815, 2.0269408 ,
       4.07185376, 5.34661006, 1.78158881, 2.10897932, 6.23263803,
       0.86502352, 4.20983857, 2.09933804, 4.66896061, 0.52935019,
       0.59769802, 5.70230897, 1.10127036, 2.45713102, 6.15974621,
       4.8634182 , 1.06623538, 3.3188189 , 0.19093042, 4.36078247,
       0.16061998, 4.44927206, 5.14369497, 4.37571026, 3.36824226,
       2.57493632, 2.13568454, 0.08676865, 4.75124239, 5.70147608,
       1.23932266, 1.5978098 , 1.42285091, 1.79677999, 1.62863208,
       5.73062275, 0.22426905, 0.10906883, 5.42226983, 0.49013148,
       2.91317324, 5.69270588, 0.69494386, 2.48976098, 1.43410513,
       0.25292102, 3.41522378, 2.8844003 , 3.24432291, 3.76206373,
       1.7891407 , 3.626098  , 0.20951196])]",[803.1616241931915]
