,problem,layers,optimizer,solutions,parameters,time
0,"{'type': 'maxcut', 'graph': {'directed': False, 'multigraph': False, 'graph': {}, 'nodes': [{'id': 0}, {'id': 1}, {'id': 2}, {'id': 3}, {'id': 4}, {'id': 5}, {'id': 6}], 'links': [{'weight': 5, 'source': 0, 'target': 1}, {'weight': 7, 'source': 0, 'target': 2}, {'weight': 2, 'source': 0, 'target': 3}, {'weight': 3, 'source': 0, 'target': 4}, {'weight': 5, 'source': 0, 'target': 5}, {'weight': 2, 'source': 0, 'target': 6}, {'weight': 8, 'source': 1, 'target': 2}, {'weight': 6, 'source': 1, 'target': 3}, {'weight': 9, 'source': 1, 'target': 4}, {'weight': 4, 'source': 1, 'target': 5}, {'weight': 1, 'source': 1, 'target': 6}, {'weight': 1, 'source': 2, 'target': 3}, {'weight': 4, 'source': 2, 'target': 4}, {'weight': 8, 'source': 2, 'target': 5}, {'weight': 9, 'source': 2, 'target': 6}, {'weight': 7, 'source': 3, 'target': 4}, {'weight': 3, 'source': 3, 'target': 5}, {'weight': 9, 'source': 3, 'target': 6}, {'weight': 8, 'source': 4, 'target': 5}, {'weight': 8, 'source': 4, 'target': 6}, {'weight': 9, 'source': 5, 'target': 6}]}, 'position': {0: [-0.3256208872959432, -1.0], 1: [0.5673561078537072, -0.48310920832699883], 2: [-0.7474534023302581, -0.1155005818164978], 3: [0.8234533555893597, 0.5571209180257686], 4: [-0.03599560114020317, 0.3574868838281689], 5: [-0.08826502462403853, -0.19787775086906342], 6: [-0.193474548052625, 0.8818797391586218]}, 'solution': ([0, 0, 1, 1, 1, 0, 0], 80.0)}",29,"{'optimizer': 'COBYLA', 'maxiter': 100, 'shots': 1024, 'parameter_strategy': 'RANDOM', 'x0': None, 'backend': <QAOA_Tester.Backend.NoisyEstimatorBackend object at 0x7f5a1f8b25f0>}","[([0, 1, 0, 0, 1, 1, 1], -69.0)]","[array([3.84929408, 1.46186831, 5.52180487, 5.24559003, 0.11041957,
       0.85606956, 3.41772779, 1.2342506 , 3.22001748, 1.93964785,
       5.23000879, 1.26869402, 4.55985823, 3.40809893, 1.11931583,
       5.42669619, 0.79506657, 6.00772804, 0.72720695, 5.91637463,
       0.56325339, 2.5553823 , 1.32425554, 6.11395256, 0.1151855 ,
       5.51773205, 0.75820788, 2.92524766, 1.02550739, 3.18489078,
       2.66554623, 5.8872737 , 1.93868187, 4.21653229, 3.86336904,
       3.19673617, 4.14852324, 4.45778757, 0.48667283, 6.03745689,
       1.10648657, 4.21415194, 3.80088944, 4.18377396, 2.69578812,
       2.116237  , 3.45501736, 6.01499919, 2.94543961, 2.06755433,
       0.82348927, 3.28264486, 2.75745056, 6.28226406, 4.01129257,
       1.91600346, 4.95603557, 1.6129934 ])]",[758.3347337245941]
