,problem,layers,optimizer,solutions,parameters,time
0,"{'type': 'maxcut', 'graph': {'directed': False, 'multigraph': False, 'graph': {}, 'nodes': [{'id': 0}, {'id': 1}, {'id': 2}, {'id': 3}, {'id': 4}, {'id': 5}, {'id': 6}], 'links': [{'weight': 5, 'source': 0, 'target': 1}, {'weight': 7, 'source': 0, 'target': 2}, {'weight': 2, 'source': 0, 'target': 3}, {'weight': 3, 'source': 0, 'target': 4}, {'weight': 5, 'source': 0, 'target': 5}, {'weight': 2, 'source': 0, 'target': 6}, {'weight': 8, 'source': 1, 'target': 2}, {'weight': 6, 'source': 1, 'target': 3}, {'weight': 9, 'source': 1, 'target': 4}, {'weight': 4, 'source': 1, 'target': 5}, {'weight': 1, 'source': 1, 'target': 6}, {'weight': 1, 'source': 2, 'target': 3}, {'weight': 4, 'source': 2, 'target': 4}, {'weight': 8, 'source': 2, 'target': 5}, {'weight': 9, 'source': 2, 'target': 6}, {'weight': 7, 'source': 3, 'target': 4}, {'weight': 3, 'source': 3, 'target': 5}, {'weight': 9, 'source': 3, 'target': 6}, {'weight': 8, 'source': 4, 'target': 5}, {'weight': 8, 'source': 4, 'target': 6}, {'weight': 9, 'source': 5, 'target': 6}]}, 'position': {0: [-0.3256208872959432, -1.0], 1: [0.5673561078537072, -0.48310920832699883], 2: [-0.7474534023302581, -0.1155005818164978], 3: [0.8234533555893597, 0.5571209180257686], 4: [-0.03599560114020317, 0.3574868838281689], 5: [-0.08826502462403853, -0.19787775086906342], 6: [-0.193474548052625, 0.8818797391586218]}, 'solution': ([0, 0, 1, 1, 1, 0, 0], 80.0)}",29,"{'optimizer': 'COBYLA', 'maxiter': 100, 'shots': 1024, 'parameter_strategy': 'RANDOM', 'x0': None, 'backend': <QAOA_Tester.Backend.NoisyEstimatorBackend object at 0x7f707dc9a5c0>}","[([0, 1, 0, 0, 1, 0, 1], -74.0)]","[array([2.99702178, 1.11750895, 5.59811935, 5.78967492, 4.40553793,
       4.29766697, 5.57908127, 0.20862437, 1.09650907, 5.55278044,
       2.45143944, 1.87329897, 5.66667106, 3.71165536, 4.21399585,
       2.23337831, 4.35922107, 2.01603348, 4.27741774, 3.28534368,
       4.54303811, 3.11173896, 3.12445975, 5.70356291, 6.07145217,
       1.4054698 , 2.19689535, 3.6886504 , 2.61644655, 0.63534906,
       1.52366106, 5.40146061, 0.02645239, 5.8187557 , 3.14715634,
       3.85052123, 2.9302183 , 2.953271  , 4.50542085, 1.79959462,
       5.90927443, 1.30600819, 4.92152502, 6.00893381, 2.69165003,
       4.35281357, 2.39528525, 1.85059317, 0.57157985, 2.21094426,
       3.61123065, 3.17199912, 2.4072958 , 3.63834087, 2.22661521,
       6.23444922, 2.92790671, 4.69094833])]",[795.2425577640533]
