,problem,layers,optimizer,solutions,parameters,time
0,"{'type': 'maxcut', 'graph': {'directed': False, 'multigraph': False, 'graph': {}, 'nodes': [{'id': 0}, {'id': 1}, {'id': 2}, {'id': 3}, {'id': 4}, {'id': 5}, {'id': 6}], 'links': [{'weight': 5, 'source': 0, 'target': 1}, {'weight': 7, 'source': 0, 'target': 2}, {'weight': 2, 'source': 0, 'target': 3}, {'weight': 3, 'source': 0, 'target': 4}, {'weight': 5, 'source': 0, 'target': 5}, {'weight': 2, 'source': 0, 'target': 6}, {'weight': 8, 'source': 1, 'target': 2}, {'weight': 6, 'source': 1, 'target': 3}, {'weight': 9, 'source': 1, 'target': 4}, {'weight': 4, 'source': 1, 'target': 5}, {'weight': 1, 'source': 1, 'target': 6}, {'weight': 1, 'source': 2, 'target': 3}, {'weight': 4, 'source': 2, 'target': 4}, {'weight': 8, 'source': 2, 'target': 5}, {'weight': 9, 'source': 2, 'target': 6}, {'weight': 7, 'source': 3, 'target': 4}, {'weight': 3, 'source': 3, 'target': 5}, {'weight': 9, 'source': 3, 'target': 6}, {'weight': 8, 'source': 4, 'target': 5}, {'weight': 8, 'source': 4, 'target': 6}, {'weight': 9, 'source': 5, 'target': 6}]}, 'position': {0: [-0.3256208872959432, -1.0], 1: [0.5673561078537072, -0.48310920832699883], 2: [-0.7474534023302581, -0.1155005818164978], 3: [0.8234533555893597, 0.5571209180257686], 4: [-0.03599560114020317, 0.3574868838281689], 5: [-0.08826502462403853, -0.19787775086906342], 6: [-0.193474548052625, 0.8818797391586218]}, 'solution': ([0, 0, 1, 1, 1, 0, 0], 80.0)}",29,"{'optimizer': 'COBYLA', 'maxiter': 100, 'shots': 1024, 'parameter_strategy': 'RANDOM', 'x0': None, 'backend': <QAOA_Tester.Backend.NoisyEstimatorBackend object at 0x7f69847fa5c0>}","[([1, 0, 0, 1, 0, 1, 0], -69.0)]","[array([1.27977   , 2.62868967, 1.44778571, 4.82593396, 6.12829286,
       0.74888889, 4.28583143, 5.15856087, 4.25135015, 2.0882047 ,
       1.55724503, 6.24192206, 6.12249903, 1.11780967, 5.07606331,
       1.63269883, 1.83782082, 3.92075387, 0.10735638, 5.99571355,
       5.78902339, 5.68511384, 3.73720534, 4.10397285, 2.20221394,
       0.45134673, 1.20177977, 3.93961229, 5.40221771, 4.68798629,
       2.97806286, 5.49512625, 0.09100208, 0.4249355 , 6.03448626,
       3.31365744, 5.34292169, 0.68154087, 0.11092565, 3.73103592,
       5.34575365, 5.53587463, 6.07417768, 2.79923727, 1.79995115,
       3.6932336 , 2.56281675, 0.7241788 , 0.39003196, 3.61785101,
       3.67418508, 6.1052542 , 3.82111286, 4.55819104, 3.01794451,
       0.29048283, 5.26633301, 3.37398933])]",[827.0727667808533]
