,problem,layers,optimizer,solutions,parameters,time
0,"{'type': 'knapsack', 'items': [{'weight': 3, 'profit': 39, 'color': 'grey'}, {'weight': 19, 'profit': 26, 'color': 'yellow'}, {'weight': 10, 'profit': 50, 'color': 'orange'}, {'weight': 17, 'profit': 34, 'color': 'blue'}], 'constraint': 25}",29,"{'optimizer': 'COBYLA', 'maxiter': 100, 'shots': 1024, 'parameter_strategy': 'RANDOM', 'x0': None, 'backend': <QAOA_Tester.Backend.NoisyEstimatorBackend object at 0x7f4c1973c9d0>}","[([1, 1, 1, 1, 1, 1, 0, 1, 1], 303601.0)]","[array([2.89006882, 2.12270726, 0.88361641, 2.3806367 , 4.82771517,
       0.66498751, 5.38401578, 5.63557222, 2.16242386, 3.92006403,
       2.7116087 , 3.79939708, 2.84038382, 1.04363968, 0.36706902,
       3.98220471, 4.08471541, 0.89108086, 5.52289013, 1.62209793,
       5.0668304 , 1.33522097, 2.66972116, 2.89880022, 0.26346007,
       6.06125841, 4.11209589, 3.41700519, 1.67464375, 5.96725535,
       2.07102912, 3.75829654, 1.07029613, 6.18602743, 2.67205202,
       3.03804779, 3.28393765, 2.32808255, 1.41502456, 2.44981007,
       5.97115075, 0.4861335 , 5.16075731, 0.78706305, 4.85543647,
       2.75558375, 3.70807794, 5.61120928, 5.80449459, 3.50935539,
       2.15351157, 0.82499583, 1.55647922, 5.36808033, 0.54313446,
       2.68781971, 5.2092242 , 0.89019935])]",[1695.5703327655792]
