,problem,layers,optimizer,solutions,parameters,time
0,"{'type': 'knapsack', 'items': [{'weight': 3, 'profit': 39, 'color': 'grey'}, {'weight': 19, 'profit': 26, 'color': 'yellow'}, {'weight': 10, 'profit': 50, 'color': 'orange'}, {'weight': 17, 'profit': 34, 'color': 'blue'}], 'constraint': 25}",29,"{'optimizer': 'COBYLA', 'maxiter': 100, 'shots': 1024, 'parameter_strategy': 'RANDOM', 'x0': None, 'backend': <QAOA_Tester.Backend.NoisyEstimatorBackend object at 0x7ff2c8d4c520>}","[([0, 1, 1, 1, 1, 1, 0, 0, 0], 86290.0)]","[array([1.94923147, 2.19217419, 4.59908816, 4.59117987, 0.87539636,
       3.2044194 , 2.31679955, 4.9591411 , 5.96641802, 2.54473099,
       4.5207142 , 4.92466288, 4.30260736, 3.10790755, 5.88103929,
       0.22091752, 4.30949463, 5.61356834, 2.2150568 , 0.24160024,
       2.29919785, 5.69198295, 1.290576  , 1.66664456, 0.01859003,
       0.91101528, 5.2456306 , 1.48532515, 1.95201154, 0.00848171,
       2.92349401, 3.71026277, 5.20584043, 1.89546771, 4.6459855 ,
       2.59831886, 2.91360728, 4.09443058, 3.44298171, 2.61960391,
       2.96592439, 1.96773811, 3.68981023, 3.04424355, 3.65345419,
       1.24713803, 2.80053551, 5.12290189, 1.95259115, 2.69867276,
       0.90120788, 5.26808629, 5.72170104, 1.64984817, 1.27978406,
       5.92178102, 1.01633553, 5.42335964])]",[1708.4574229717255]
