,problem,layers,optimizer,solutions,parameters,time
0,"{'type': 'knapsack', 'items': [{'weight': 3, 'profit': 39, 'color': 'grey'}, {'weight': 19, 'profit': 26, 'color': 'yellow'}, {'weight': 10, 'profit': 50, 'color': 'orange'}, {'weight': 17, 'profit': 34, 'color': 'blue'}], 'constraint': 25}",24,"{'optimizer': 'COBYLA', 'maxiter': 100, 'shots': 1024, 'parameter_strategy': 'RANDOM', 'x0': None, 'backend': <QAOA_Tester.Backend.NoisyEstimatorBackend object at 0x7f55befa8100>}","[([0, 1, 0, 0, 1, 1, 0, 0, 0], 1324.0)]","[array([3.55930287, 3.07778545, 4.1624075 , 6.26557183, 0.46076991,
       6.10445042, 2.16158553, 1.90169033, 4.00712958, 5.81544485,
       1.86598049, 5.93860073, 2.97490133, 2.35725987, 1.0059597 ,
       2.39705678, 4.70631147, 3.65536347, 3.78885609, 4.13809932,
       5.13570578, 0.53485144, 0.53119318, 5.71892907, 5.64669216,
       1.9072907 , 1.31336577, 0.88879584, 5.94202024, 3.21832199,
       1.04592571, 2.92365105, 4.49184739, 2.50278682, 2.14895878,
       6.02983131, 5.469674  , 5.01290135, 5.57500614, 0.98133894,
       5.06586868, 3.49287143, 2.08161591, 0.48925503, 4.29615531,
       4.97279572, 5.82889583, 4.37759152])]",[1523.6588680744171]
