,problem,layers,optimizer,solutions,parameters,time
0,"{'type': 'knapsack', 'items': [{'weight': 3, 'profit': 39, 'color': 'grey'}, {'weight': 19, 'profit': 26, 'color': 'yellow'}, {'weight': 10, 'profit': 50, 'color': 'orange'}, {'weight': 17, 'profit': 34, 'color': 'blue'}], 'constraint': 25}",25,"{'optimizer': 'COBYLA', 'maxiter': 100, 'shots': 1024, 'parameter_strategy': 'RANDOM', 'x0': None, 'backend': <QAOA_Tester.Backend.NoisyEstimatorBackend object at 0x7fcecc7466b0>}","[([1, 1, 0, 1, 1, 0, 0, 0, 0], 33651.0)]","[array([1.54930926e+00, 5.22148312e+00, 5.82043929e+00, 1.76537851e+00,
       2.95147201e+00, 2.68884322e+00, 3.56541218e+00, 1.22868346e+00,
       3.85469155e+00, 1.75640237e-01, 3.43325917e+00, 1.01118037e+00,
       3.07289667e+00, 3.48480683e+00, 1.88524053e+00, 2.88267216e-01,
       5.28179343e-03, 2.04560154e+00, 2.39778409e+00, 9.70470573e-01,
       5.06307208e+00, 5.51484987e+00, 2.05458687e+00, 5.24339413e+00,
       5.17573647e+00, 1.51523875e+00, 3.07939730e+00, 4.31470369e+00,
       6.05449516e+00, 3.52264216e+00, 1.13554250e+00, 5.16043798e+00,
       5.63954408e-01, 5.69414937e+00, 5.06932223e+00, 4.11757569e+00,
       5.01647844e+00, 2.71594463e-01, 2.22827837e+00, 3.34490803e+00,
       3.40561299e+00, 5.38974617e+00, 1.74250341e+00, 2.50173381e+00,
       3.64633645e+00, 4.98515557e+00, 4.81379720e+00, 5.74329956e+00,
       6.05549566e+00, 2.13131230e+00])]",[1559.6871049404144]
