,problem,layers,optimizer,solutions,parameters,time
0,"{'type': 'knapsack', 'items': [{'weight': 3, 'profit': 39, 'color': 'grey'}, {'weight': 19, 'profit': 26, 'color': 'yellow'}, {'weight': 10, 'profit': 50, 'color': 'orange'}, {'weight': 17, 'profit': 34, 'color': 'blue'}], 'constraint': 25}",27,"{'optimizer': 'COBYLA', 'maxiter': 100, 'shots': 1024, 'parameter_strategy': 'RANDOM', 'x0': None, 'backend': <QAOA_Tester.Backend.NoisyEstimatorBackend object at 0x7f291b7b8160>}","[([0, 1, 1, 1, 0, 1, 0, 0, 1], 163240.0)]","[array([1.84312478, 0.25475609, 0.7040491 , 1.54379729, 5.74519196,
       0.46990834, 3.98971131, 3.69814035, 0.48633353, 4.59275247,
       1.33480197, 5.12796978, 4.01461168, 5.03547215, 2.75620041,
       3.34758619, 0.46154327, 0.39678002, 2.95742968, 2.06370549,
       2.99845473, 1.98894088, 6.06914767, 3.41952593, 1.89523592,
       5.6296484 , 7.20728521, 6.13718044, 1.07242099, 5.09580371,
       5.88282252, 3.92994597, 4.97425804, 2.99162456, 0.43758436,
       0.25119052, 6.25333727, 3.49640153, 2.88146895, 4.20537419,
       5.17715347, 3.27193719, 3.16728412, 3.99029179, 3.60428599,
       2.43684264, 5.52837914, 3.12728626, 4.73546024, 1.28291261,
       0.78518004, 4.89121685, 1.32432766, 0.80425915])]",[1633.4160087108612]
