,problem,layers,optimizer,solutions,parameters,time
0,"{'type': 'knapsack', 'items': [{'weight': 3, 'profit': 39, 'color': 'grey'}, {'weight': 19, 'profit': 26, 'color': 'yellow'}, {'weight': 10, 'profit': 50, 'color': 'orange'}, {'weight': 17, 'profit': 34, 'color': 'blue'}], 'constraint': 25}",29,"{'optimizer': 'COBYLA', 'maxiter': 100, 'shots': 1024, 'parameter_strategy': 'RANDOM', 'x0': None, 'backend': <QAOA_Tester.Backend.NoisyEstimatorBackend object at 0x7fd377434790>}","[([1, 1, 0, 1, 1, 0, 1, 1, 1], 205251.0)]","[array([4.76976408, 6.09400503, 1.85007407, 4.14601758, 5.36558668,
       4.47662696, 3.42518969, 5.79387198, 2.84556917, 3.66938912,
       5.527199  , 3.40748461, 0.79295144, 0.48534297, 1.28170945,
       6.08395556, 1.98216091, 2.29400847, 5.94159502, 0.62815845,
       3.48055409, 1.91216767, 2.07437483, 1.05571318, 3.00485397,
       5.06930014, 3.94005459, 1.2545167 , 1.76963176, 1.48782007,
       2.89473505, 1.03025383, 4.24027091, 0.96317729, 3.73790684,
       0.09207436, 3.17904888, 4.71887371, 3.74854569, 0.52549659,
       0.50050676, 0.91838354, 5.22325603, 3.96803563, 4.78562224,
       1.03687087, 4.50664591, 5.28849589, 2.33681643, 4.2442942 ,
       0.82049713, 0.67998281, 2.4035744 , 4.7867553 , 5.81231513,
       3.89476027, 5.49138924, 2.63728052])]",[1643.5578870773315]
