,problem,layers,optimizer,solutions,parameters,time
0,"{'type': 'knapsack', 'items': [{'weight': 3, 'profit': 39, 'color': 'grey'}, {'weight': 19, 'profit': 26, 'color': 'yellow'}, {'weight': 10, 'profit': 50, 'color': 'orange'}, {'weight': 17, 'profit': 34, 'color': 'blue'}], 'constraint': 25}",24,"{'optimizer': 'COBYLA', 'maxiter': 100, 'shots': 1024, 'parameter_strategy': 'RANDOM', 'x0': None, 'backend': <QAOA_Tester.Backend.NoisyEstimatorBackend object at 0x7f2b2febca00>}","[([1, 1, 0, 1, 1, 0, 0, 1, 1], 163251.0)]","[array([ 2.08059577,  6.27259511,  5.46311366,  3.68833517,  5.03467551,
        5.48870154,  2.47830711,  5.27737335,  3.05762476,  5.69343849,
        1.70829338,  3.49494455,  1.87424677,  6.00120989, -0.01894371,
        5.06587978,  0.27999059,  1.18628883,  2.88298632,  6.0727157 ,
        5.92535475,  4.6936965 ,  0.31835492,  5.27353634,  5.72018727,
        1.19158747,  0.8293084 ,  5.62292758,  1.71632602,  6.21162465,
        5.41470044,  2.73360038,  4.80507518,  2.67438842,  1.48669625,
        5.97199956,  3.45559119,  2.40621912,  2.48458557,  2.07532645,
        2.04262954,  2.2543753 ,  4.0922805 ,  2.32753993,  0.1627215 ,
        1.88334013,  4.240545  ,  5.90402601])]",[1546.502498626709]
