,problem,layers,optimizer,solutions,parameters,time
0,"{'type': 'knapsack', 'items': [{'weight': 3, 'profit': 39, 'color': 'grey'}, {'weight': 19, 'profit': 26, 'color': 'yellow'}, {'weight': 10, 'profit': 50, 'color': 'orange'}, {'weight': 17, 'profit': 34, 'color': 'blue'}], 'constraint': 25}",20,"{'optimizer': 'COBYLA', 'maxiter': 100, 'shots': 1024, 'parameter_strategy': 'RANDOM', 'x0': None, 'backend': <QAOA_Tester.Backend.NoisyEstimatorBackend object at 0x7f42931ac430>}","[([0, 0, 1, 0, 0, 1, 0, 1, 1], 3700.0)]","[array([5.79382076, 3.26582199, 3.17941762, 1.5384521 , 0.61963994,
       1.33016417, 5.92745395, 3.36774638, 0.61930101, 0.93951771,
       0.17161772, 0.76522146, 5.82054111, 6.10421107, 1.47124296,
       4.32762532, 2.38677644, 0.75798993, 4.53245457, 5.00898932,
       2.89782071, 1.36828638, 1.0537146 , 2.32156084, 5.01060781,
       5.69470938, 4.48783549, 2.10490124, 2.56566964, 0.94689023,
       1.02728922, 6.2197143 , 4.22931031, 0.34617777, 1.94968963,
       4.16966562, 1.89610949, 2.8520921 , 0.47287751, 1.96199646])]",[1349.5363762378693]
