,problem,layers,optimizer,solutions,parameters,time
0,"{'type': 'knapsack', 'items': [{'weight': 3, 'profit': 39, 'color': 'grey'}, {'weight': 19, 'profit': 26, 'color': 'yellow'}, {'weight': 10, 'profit': 50, 'color': 'orange'}, {'weight': 17, 'profit': 34, 'color': 'blue'}], 'constraint': 25}",19,"{'optimizer': 'COBYLA', 'maxiter': 100, 'shots': 1024, 'parameter_strategy': 'RANDOM', 'x0': None, 'backend': <QAOA_Tester.Backend.NoisyEstimatorBackend object at 0x7f6087868070>}","[([1, 1, 1, 0, 0, 0, 1, 0, 0], 18035.0)]","[array([2.30582615, 2.18599405, 6.14650949, 1.27129495, 2.1457731 ,
       2.68947847, 2.05351549, 6.21068079, 2.46967787, 1.03233126,
       4.50004292, 4.7783295 , 0.3026631 , 4.48215769, 4.47159535,
       3.16634299, 3.79848357, 6.26700088, 1.27837661, 0.79928656,
       1.4455813 , 5.62251011, 1.02025957, 5.14421191, 0.95262832,
       3.71102264, 0.33222434, 0.72010908, 4.40831777, 2.41206573,
       5.9750056 , 6.02087403, 2.04428386, 2.51453241, 1.55751634,
       3.48594429, 5.35007631, 1.83684511])]",[1252.2615644931793]
