,problem,layers,optimizer,solutions,parameters,time
0,"{'type': 'knapsack', 'items': [{'weight': 3, 'profit': 39, 'color': 'grey'}, {'weight': 19, 'profit': 26, 'color': 'yellow'}, {'weight': 10, 'profit': 50, 'color': 'orange'}, {'weight': 17, 'profit': 34, 'color': 'blue'}], 'constraint': 25}",26,"{'optimizer': 'COBYLA', 'maxiter': 100, 'shots': 1024, 'parameter_strategy': 'RANDOM', 'x0': None, 'backend': <QAOA_Tester.Backend.NoisyEstimatorBackend object at 0x7f2c31f28940>}","[([1, 0, 1, 0, 1, 0, 0, 0, 1], 61.0)]","[array([1.8477839 , 5.0946051 , 0.59495575, 3.67224242, 2.47439813,
       3.22983535, 0.89549033, 5.40641696, 0.78160269, 4.99195735,
       2.11741085, 5.50880925, 3.79120897, 2.22674592, 4.17525132,
       3.75698511, 5.84937514, 4.80471394, 3.64596354, 1.91742265,
       6.15363303, 1.50094302, 5.38637337, 1.82381217, 4.23470038,
       0.17720564, 4.16110832, 2.30291683, 5.57869477, 4.38220011,
       4.56991577, 0.39374522, 0.48011104, 1.33930211, 1.44304739,
       2.27757064, 0.54497731, 2.66621534, 1.14078695, 6.21942506,
       2.38545583, 5.70068598, 3.94415222, 0.97340189, 1.08371778,
       0.62246345, 5.55601862, 0.46928019, 2.71022233, 0.76309345,
       1.94080236, 4.39757407])]",[1551.7922179698944]
