,problem,layers,optimizer,solutions,parameters,time
0,"{'type': 'knapsack', 'items': [{'weight': 3, 'profit': 39, 'color': 'grey'}, {'weight': 19, 'profit': 26, 'color': 'yellow'}, {'weight': 10, 'profit': 50, 'color': 'orange'}, {'weight': 17, 'profit': 34, 'color': 'blue'}], 'constraint': 25}",19,"{'optimizer': 'COBYLA', 'maxiter': 100, 'shots': 1024, 'parameter_strategy': 'RANDOM', 'x0': None, 'backend': <QAOA_Tester.Backend.NoisyEstimatorBackend object at 0x7fedfb130220>}","[([0, 0, 0, 0, 1, 1, 1, 1, 0], 15000.0)]","[array([6.02955783, 3.58528583, 4.06304943, 0.82778386, 0.78229034,
       0.90834249, 3.98195192, 0.84550736, 4.79443445, 4.022296  ,
       5.12426318, 1.50594677, 1.41781763, 0.18532426, 5.57790185,
       0.93191455, 2.948727  , 3.49232209, 3.58919565, 1.3401464 ,
       0.66999012, 3.05229376, 3.71482359, 4.41480159, 4.30842581,
       5.74809729, 6.19022928, 1.27559001, 2.84063307, 2.17290645,
       1.35015395, 6.22596232, 4.84254892, 4.03556529, 3.34871314,
       1.30989651, 4.91316138, 5.02245077])]",[1292.8773725032806]
