,problem,layers,optimizer,solutions,parameters,time
0,"{'type': 'knapsack', 'items': [{'weight': 3, 'profit': 39, 'color': 'grey'}, {'weight': 19, 'profit': 26, 'color': 'yellow'}, {'weight': 10, 'profit': 50, 'color': 'orange'}, {'weight': 17, 'profit': 34, 'color': 'blue'}], 'constraint': 25}",29,"{'optimizer': 'COBYLA', 'maxiter': 100, 'shots': 1024, 'parameter_strategy': 'RANDOM', 'x0': None, 'backend': <QAOA_Tester.Backend.NoisyEstimatorBackend object at 0x7fdecb0f8700>}","[([1, 0, 0, 1, 1, 1, 1, 1, 1], 59927.0)]","[array([ 1.75906521,  3.04969227,  1.20585358,  4.16939989,  4.04278078,
        3.4743088 ,  3.55553974, -0.01195725,  1.34790276,  2.8286418 ,
        4.70011638,  3.51474296,  1.7906494 ,  5.14876516,  4.26255689,
        4.26789617,  2.14431665,  1.95501741,  2.33879066,  4.84398543,
        0.37756434,  5.17501423,  3.98176535,  5.54847332,  0.73106095,
        2.54536035,  1.10171933,  1.61115084,  1.61801582,  2.09370871,
        5.79689623,  4.98782026,  4.56866606,  0.3586164 ,  6.0062335 ,
        3.6836574 ,  5.81251813,  0.14362211,  1.29987577,  6.14053154,
        4.26844847,  3.2102357 ,  4.27214031,  1.94718341,  4.28225365,
        3.58532775,  4.45612209,  2.49390538,  2.26826145,  3.68225413,
        5.06537142,  1.82615727,  5.29164214,  0.1504177 ,  0.22695086,
        1.25049169,  2.46287875,  4.36724719])]",[1678.1971707344055]
