,problem,layers,optimizer,solutions,parameters,time
0,"{'type': 'knapsack', 'items': [{'weight': 3, 'profit': 39, 'color': 'grey'}, {'weight': 19, 'profit': 26, 'color': 'yellow'}, {'weight': 10, 'profit': 50, 'color': 'orange'}, {'weight': 17, 'profit': 34, 'color': 'blue'}], 'constraint': 25}",20,"{'optimizer': 'COBYLA', 'maxiter': 100, 'shots': 1024, 'parameter_strategy': 'RANDOM', 'x0': None, 'backend': <QAOA_Tester.Backend.NoisyEstimatorBackend object at 0x7f5e24f2e470>}","[([0, 1, 0, 1, 1, 1, 0, 1, 1], 153540.0)]","[array([4.25895211, 5.74165747, 1.17496604, 5.95618019, 4.77372783,
       3.39130345, 0.35656898, 4.22143584, 1.12910926, 4.6684262 ,
       5.51426332, 5.89708466, 3.34223548, 0.83809296, 5.63369595,
       1.35653988, 0.23082675, 5.7110918 , 0.3080671 , 5.0761648 ,
       3.48485722, 4.69568509, 4.08720071, 0.17893156, 4.31272561,
       4.12149121, 1.20838372, 0.97436173, 2.5899421 , 0.18092411,
       1.72228065, 4.1207778 , 4.06685951, 3.90341492, 3.16151697,
       3.75152876, 4.39527635, 2.97528284, 1.94867685, 4.33308239])]",[1360.4573619365692]
