,problem,layers,optimizer,solutions,parameters,time
0,"{'type': 'knapsack', 'items': [{'weight': 3, 'profit': 39, 'color': 'grey'}, {'weight': 19, 'profit': 26, 'color': 'yellow'}, {'weight': 10, 'profit': 50, 'color': 'orange'}, {'weight': 17, 'profit': 34, 'color': 'blue'}], 'constraint': 25}",26,"{'optimizer': 'COBYLA', 'maxiter': 100, 'shots': 1024, 'parameter_strategy': 'RANDOM', 'x0': None, 'backend': <QAOA_Tester.Backend.NoisyEstimatorBackend object at 0x7fbc25b801c0>}","[([0, 0, 1, 0, 0, 1, 0, 0, 1], 1300.0)]","[array([ 2.46396858,  0.85965011,  0.33357057,  0.48227011,  5.86412932,
        1.88195501,  0.84179123,  0.99409038,  1.09183089,  5.34337943,
        4.61097483,  4.11150243,  1.7687285 ,  2.26489614,  5.90788684,
        0.53862452,  2.09871711,  1.2715225 ,  5.67175469,  5.0061751 ,
        2.155363  ,  0.14890821,  2.74902085,  3.15032696,  6.02315482,
       -0.61991815,  5.69106473,  2.40284942,  5.33110943,  4.43762323,
        1.44023229,  4.34135608,  5.87957797,  2.53500806,  3.94497157,
        1.82199202,  2.07739551,  1.89408774,  0.23309972,  1.60860415,
        2.47571025,  0.23072987,  3.86456764,  5.53681854,  5.88570958,
        1.27524986,  3.12653782,  3.41956668,  0.3161434 ,  4.67923651,
        3.09743358,  1.94738787])]",[1554.0622444152832]
