,problem,layers,optimizer,solutions,parameters,time
0,"{'type': 'knapsack', 'items': [{'weight': 3, 'profit': 39, 'color': 'grey'}, {'weight': 19, 'profit': 26, 'color': 'yellow'}, {'weight': 10, 'profit': 50, 'color': 'orange'}, {'weight': 17, 'profit': 34, 'color': 'blue'}], 'constraint': 25}",20,"{'optimizer': 'COBYLA', 'maxiter': 100, 'shots': 1024, 'parameter_strategy': 'RANDOM', 'x0': None, 'backend': <QAOA_Tester.Backend.NoisyEstimatorBackend object at 0x7f7755d706d0>}","[([1, 0, 1, 1, 0, 1, 1, 0, 1], 66027.0)]","[array([ 3.78979101,  3.43778542,  3.68638316,  0.03884619,  5.06338398,
        1.47863988,  6.47179087,  4.67902862,  0.80434588,  0.33199712,
        5.48671999,  0.66756297,  5.08015461,  5.49295763,  5.68300125,
        0.89376881,  4.8039976 ,  0.75942919,  1.72380721, -0.47552236,
        4.75765619,  2.52716589,  4.53334106,  2.74828071,  1.75774794,
        1.40386389,  5.53572584,  3.87527582,  6.06348339,  4.23144899,
        5.15645084,  3.99381712,  5.09211873,  3.60238214,  6.05123954,
        2.00235888,  4.81874947,  4.14900799,  0.92440402,  0.47437012])]",[1311.2290580272675]
