,problem,layers,optimizer,solutions,parameters,time
0,"{'type': 'knapsack', 'items': [{'weight': 3, 'profit': 39, 'color': 'grey'}, {'weight': 19, 'profit': 26, 'color': 'yellow'}, {'weight': 10, 'profit': 50, 'color': 'orange'}, {'weight': 17, 'profit': 34, 'color': 'blue'}], 'constraint': 25}",28,"{'optimizer': 'COBYLA', 'maxiter': 100, 'shots': 1024, 'parameter_strategy': 'RANDOM', 'x0': None, 'backend': <QAOA_Tester.Backend.NoisyEstimatorBackend object at 0x7fd49f9ccd30>}","[([0, 1, 1, 0, 1, 0, 0, 1, 1], 79274.0)]","[array([4.39622611, 5.07764181, 2.63803319, 3.35136813, 2.90977094,
       5.63279843, 3.66915823, 6.14100418, 4.51813491, 6.04770739,
       1.94020726, 2.04549102, 6.08869185, 1.57137225, 5.40304956,
       0.2485443 , 3.20980342, 0.77806932, 6.16352785, 5.00032313,
       4.99695253, 3.85077127, 6.34851483, 2.66613235, 2.97131137,
       6.20718903, 2.59219962, 5.04697319, 2.22552784, 2.50750999,
       6.14274672, 3.07220372, 5.57498555, 0.41507536, 2.65036341,
       4.22103415, 5.9821108 , 4.91396585, 1.65044905, 3.73516843,
       0.9843213 , 0.33564878, 4.82767161, 0.16343171, 5.39316021,
       1.39533123, 5.14065394, 4.26675715, 1.61344439, 1.87236162,
       1.69542691, 4.09826174, 2.51208181, 4.38216074, 5.71562226,
       1.04514839])]",[1707.5624516010284]
