,problem,layers,optimizer,solutions,parameters,time
0,"{'type': 'knapsack', 'items': [{'weight': 3, 'profit': 39, 'color': 'grey'}, {'weight': 19, 'profit': 26, 'color': 'yellow'}, {'weight': 10, 'profit': 50, 'color': 'orange'}, {'weight': 17, 'profit': 34, 'color': 'blue'}], 'constraint': 25}",21,"{'optimizer': 'COBYLA', 'maxiter': 100, 'shots': 1024, 'parameter_strategy': 'RANDOM', 'x0': None, 'backend': <QAOA_Tester.Backend.NoisyEstimatorBackend object at 0x7fda4a48e1d0>}","[([1, 1, 0, 0, 0, 1, 1, 0, 1], 25285.0)]","[array([5.01073827, 3.88165292, 4.87499928, 1.45956849, 4.4801529 ,
       2.13525524, 2.20411454, 6.07786042, 1.80301644, 2.76020606,
       5.30267948, 4.8558993 , 3.05486604, 0.57262909, 1.35819168,
       6.27270554, 1.6876997 , 1.14191538, 4.16468728, 2.77627951,
       0.72269686, 2.65649117, 5.35429222, 5.45510875, 0.62117876,
       3.76833401, 5.20424419, 3.69483189, 5.19162934, 4.94725972,
       0.49236084, 4.16583058, 1.72286067, 5.83273072, 4.33724657,
       0.28886999, 4.63972211, 0.62812396, 2.63795452, 2.85606949,
       2.81985403, 1.21148029])]",[1392.2329368591309]
