,problem,layers,optimizer,solutions,parameters,time
0,"{'type': 'knapsack', 'items': [{'weight': 3, 'profit': 39, 'color': 'grey'}, {'weight': 19, 'profit': 26, 'color': 'yellow'}, {'weight': 10, 'profit': 50, 'color': 'orange'}, {'weight': 17, 'profit': 34, 'color': 'blue'}], 'constraint': 25}",20,"{'optimizer': 'COBYLA', 'maxiter': 100, 'shots': 1024, 'parameter_strategy': 'RANDOM', 'x0': None, 'backend': <QAOA_Tester.Backend.NoisyEstimatorBackend object at 0x7fa161254a30>}","[([0, 0, 1, 1, 1, 1, 0, 1, 0], 25266.0)]","[array([1.9165576 , 4.22800841, 4.02483109, 4.29954412, 1.2753146 ,
       1.72334599, 3.98266916, 5.70009938, 0.82457969, 4.39462458,
       1.94370519, 6.24661341, 4.71845519, 0.68406998, 1.26314974,
       0.78715351, 5.27158406, 1.20550845, 2.63125844, 1.71933437,
       5.47439164, 0.19100236, 2.22801816, 5.25422447, 4.25408846,
       2.89056787, 5.89065006, 1.50763334, 0.87296113, 3.55206744,
       1.92209892, 0.22553997, 4.94246428, 2.19560314, 2.57470865,
       4.18110273, 4.0205184 , 3.24258072, 3.5738252 , 2.37260374])]",[1388.6059539318085]
