,problem,layers,optimizer,solutions,parameters,time
0,"{'type': 'knapsack', 'items': [{'weight': 3, 'profit': 39, 'color': 'grey'}, {'weight': 19, 'profit': 26, 'color': 'yellow'}, {'weight': 10, 'profit': 50, 'color': 'orange'}, {'weight': 17, 'profit': 34, 'color': 'blue'}], 'constraint': 25}",27,"{'optimizer': 'COBYLA', 'maxiter': 100, 'shots': 1024, 'parameter_strategy': 'RANDOM', 'x0': None, 'backend': <QAOA_Tester.Backend.NoisyEstimatorBackend object at 0x7f04fb850d30>}","[([0, 1, 1, 0, 1, 0, 1, 0, 1], 54074.0)]","[array([1.27940043, 2.16600468, 1.12936705, 5.15772396, 0.13000099,
       5.80937113, 2.91049685, 5.91876423, 4.22224101, 0.61448265,
       2.55866452, 1.57804754, 2.9253877 , 2.65516096, 1.34634155,
       4.38130945, 0.40583329, 0.52146269, 3.74764631, 3.34788517,
       3.80330385, 0.30222324, 1.00556783, 2.34114908, 4.62002666,
       3.46976701, 4.58790887, 2.9313049 , 1.2243477 , 0.9351797 ,
       2.07949328, 3.21327801, 2.09738786, 3.2845344 , 3.84284511,
       2.49328879, 4.67551985, 3.28850096, 2.06966295, 5.69037888,
       3.71231422, 2.06206749, 5.5308884 , 5.33798796, 3.28748191,
       1.98835249, 1.88876759, 5.69244423, 2.56434101, 4.75133989,
       1.76729573, 3.90048807, 4.06012697, 0.42628105])]",[1564.3969287872314]
