,problem,layers,optimizer,solutions,parameters,time
0,"{'type': 'knapsack', 'items': [{'weight': 3, 'profit': 39, 'color': 'grey'}, {'weight': 19, 'profit': 26, 'color': 'yellow'}, {'weight': 10, 'profit': 50, 'color': 'orange'}, {'weight': 17, 'profit': 34, 'color': 'blue'}], 'constraint': 25}",21,"{'optimizer': 'COBYLA', 'maxiter': 100, 'shots': 1024, 'parameter_strategy': 'RANDOM', 'x0': None, 'backend': <QAOA_Tester.Backend.NoisyEstimatorBackend object at 0x7f0d0259cbb0>}","[([1, 1, 1, 0, 0, 0, 1, 0, 1], 66035.0)]","[array([2.8144419 , 0.43505712, 0.66616331, 1.05225022, 2.48782405,
       5.91338717, 4.37991166, 3.59998644, 0.10194658, 1.65833151,
       4.23254142, 3.98080925, 3.20145285, 3.70767211, 5.3559116 ,
       5.70338142, 5.62321603, 3.45177048, 4.43978859, 5.9611981 ,
       6.54579983, 3.15089702, 2.24364946, 3.94471543, 0.21262412,
       4.5637024 , 4.44122178, 3.23670998, 4.38779758, 1.53045422,
       3.6753375 , 0.42937279, 5.44478772, 3.08378814, 1.5173979 ,
       2.48993975, 1.00178344, 1.04499178, 2.12743874, 2.3414296 ,
       0.73975195, 7.45359935])]",[1388.09508061409]
