,problem,layers,optimizer,solutions,parameters,time
0,"{'type': 'knapsack', 'items': [{'weight': 3, 'profit': 39, 'color': 'grey'}, {'weight': 19, 'profit': 26, 'color': 'yellow'}, {'weight': 10, 'profit': 50, 'color': 'orange'}, {'weight': 17, 'profit': 34, 'color': 'blue'}], 'constraint': 25}",19,"{'optimizer': 'COBYLA', 'maxiter': 100, 'shots': 1024, 'parameter_strategy': 'RANDOM', 'x0': None, 'backend': <QAOA_Tester.Backend.NoisyEstimatorBackend object at 0x7fca3d116020>}","[([0, 0, 1, 0, 0, 0, 1, 1, 0], 1300.0)]","[array([5.58493011, 5.67510183, 2.78483432, 3.26541272, 3.46613725,
       0.93633487, 2.75456543, 4.27445397, 1.32653917, 4.59121294,
       2.35240804, 2.84309392, 4.27578216, 1.26578927, 1.46650267,
       3.47914928, 0.086361  , 4.63996229, 4.70053156, 4.869896  ,
       1.42530466, 1.19859032, 5.26282686, 0.10104466, 0.97693236,
       0.16404511, 5.02061579, 1.6371436 , 2.32021094, 4.11259676,
       1.74803667, 2.3761328 , 6.26112629, 0.20211256, 3.57770084,
       5.35046654, 5.31594834, 1.7827577 ])]",[1321.6650354862213]
