,problem,layers,optimizer,solutions,parameters,time
0,"{'type': 'knapsack', 'items': [{'weight': 3, 'profit': 39, 'color': 'grey'}, {'weight': 19, 'profit': 26, 'color': 'yellow'}, {'weight': 10, 'profit': 50, 'color': 'orange'}, {'weight': 17, 'profit': 34, 'color': 'blue'}], 'constraint': 25}",30,"{'optimizer': 'COBYLA', 'maxiter': 100, 'shots': 1024, 'parameter_strategy': 'RANDOM', 'x0': None, 'backend': <QAOA_Tester.Backend.NoisyEstimatorBackend object at 0x7fc1cc478100>}","[([1, 0, 1, 1, 0, 1, 0, 0, 0], 7227.0)]","[array([5.9330002 , 3.72019236, 5.58256632, 3.34921038, 3.55436242,
       0.9301759 , 0.25751408, 4.72143902, 5.80232826, 4.10103741,
       0.41163162, 2.832207  , 1.3754578 , 4.57698127, 3.92958171,
       0.60897113, 0.27628447, 0.31324606, 5.93110415, 2.72804972,
       0.57733277, 3.83896288, 1.97193587, 3.04746666, 4.05291426,
       3.57281388, 0.15791022, 0.96368082, 0.24632829, 5.39273691,
       3.06807975, 1.70481938, 5.08536174, 2.95347922, 1.41309528,
       2.75496468, 5.15407805, 2.23720225, 5.76789038, 1.61385535,
       3.53219971, 1.91637591, 1.83537655, 1.22451539, 2.62713279,
       6.22254172, 0.44034712, 2.34470729, 1.54560762, 0.18740156,
       5.06957813, 3.37761242, 5.09936034, 5.68205708, 3.71852353,
       5.3795685 , 1.03987175, 0.92372593, 4.59183686, 5.80522912])]",[1632.9126369953156]
