,problem,layers,optimizer,solutions,parameters,time
0,"{'type': 'knapsack', 'items': [{'weight': 3, 'profit': 39, 'color': 'grey'}, {'weight': 19, 'profit': 26, 'color': 'yellow'}, {'weight': 10, 'profit': 50, 'color': 'orange'}, {'weight': 17, 'profit': 34, 'color': 'blue'}], 'constraint': 25}",26,"{'optimizer': 'COBYLA', 'maxiter': 100, 'shots': 1024, 'parameter_strategy': 'RANDOM', 'x0': None, 'backend': <QAOA_Tester.Backend.NoisyEstimatorBackend object at 0x7f63c1268d90>}","[([0, 1, 0, 1, 1, 0, 0, 1, 0], 59940.0)]","[array([2.065273  , 4.58446232, 5.52904372, 2.38158769, 1.18060324,
       3.83437832, 4.05673968, 1.27417958, 0.23919636, 2.23713014,
       5.96021116, 4.43955417, 3.44173243, 5.34624053, 5.28246261,
       4.93189211, 3.10432478, 6.08017351, 1.10495223, 4.52478761,
       2.52724482, 1.33761685, 1.22111006, 1.05978728, 0.07794514,
       4.2211311 , 1.85379821, 4.6236608 , 5.79243658, 2.58261135,
       1.89311455, 2.81342623, 3.40994888, 5.73239155, 5.67943903,
       4.47467181, 6.08780993, 1.31848337, 2.91661401, 0.83822653,
       0.25596073, 3.68583234, 1.9279567 , 2.53743627, 4.18343376,
       0.83140253, 1.7460684 , 2.39831799, 4.7842653 , 4.39303541,
       6.0683148 , 1.18757595])]",[1588.7959673404694]
