,problem,layers,optimizer,solutions,parameters,time
0,"{'type': 'knapsack', 'items': [{'weight': 3, 'profit': 39, 'color': 'grey'}, {'weight': 19, 'profit': 26, 'color': 'yellow'}, {'weight': 10, 'profit': 50, 'color': 'orange'}, {'weight': 17, 'profit': 34, 'color': 'blue'}], 'constraint': 25}",28,"{'optimizer': 'COBYLA', 'maxiter': 100, 'shots': 1024, 'parameter_strategy': 'RANDOM', 'x0': None, 'backend': <QAOA_Tester.Backend.NoisyEstimatorBackend object at 0x7f7d21960d30>}","[([0, 1, 1, 1, 1, 1, 1, 0, 1], 216490.0)]","[array([4.56466497, 0.02774209, 0.10755517, 0.87802528, 5.7091899 ,
       2.56918285, 1.88989278, 2.50025878, 3.28598096, 5.6101295 ,
       3.74959398, 2.22322307, 3.22881078, 0.45662219, 3.52268936,
       0.73175353, 1.60785565, 2.75636335, 4.25802189, 2.50219256,
       5.12105702, 1.12676161, 2.27396623, 5.31004349, 3.52523682,
       0.12946039, 2.86744094, 2.20839474, 0.55693571, 0.67806359,
       4.3970571 , 5.69136101, 2.6797079 , 6.01088977, 5.76435331,
       0.4424358 , 4.63467287, 4.89984859, 4.26831693, 5.58346497,
       3.31559268, 4.22997165, 3.81955559, 4.00191617, 1.20653078,
       2.51608583, 3.04088291, 0.597844  , 0.81154989, 5.02072592,
       1.70986427, 2.56007176, 2.60666332, 5.98646505, 1.55062093,
       1.62989684])]",[1649.3470604419708]
