,problem,layers,optimizer,solutions,parameters,time
0,"{'type': 'knapsack', 'items': [{'weight': 3, 'profit': 39, 'color': 'grey'}, {'weight': 19, 'profit': 26, 'color': 'yellow'}, {'weight': 10, 'profit': 50, 'color': 'orange'}, {'weight': 17, 'profit': 34, 'color': 'blue'}], 'constraint': 25}",24,"{'optimizer': 'COBYLA', 'maxiter': 100, 'shots': 1024, 'parameter_strategy': 'RANDOM', 'x0': None, 'backend': <QAOA_Tester.Backend.NoisyEstimatorBackend object at 0x7f7d03da8040>}","[([0, 0, 0, 1, 0, 0, 1, 0, 1], 5366.0)]","[array([3.56272387, 1.81434964, 2.01930137, 4.56152606, 0.50366077,
       3.61549954, 4.24726378, 2.60305864, 1.63901937, 2.36257104,
       2.39598385, 3.34483336, 4.7698713 , 1.48609848, 3.17982528,
       0.1700632 , 0.07388103, 3.43664302, 1.48115245, 4.73061472,
       2.31583553, 3.18678009, 0.6753377 , 4.48986077, 2.60074989,
       3.50504457, 2.46317896, 4.55857425, 4.49598188, 5.9112109 ,
       5.11022578, 5.90748057, 5.85924084, 2.24629315, 3.03280204,
       5.70342886, 6.07784168, 5.3235522 , 5.69998079, 4.16179798,
       2.02530766, 3.59992466, 4.041962  , 3.59044318, 0.81116632,
       0.97609158, 3.64774182, 3.67132197])]",[1439.0409412384033]
