,problem,layers,optimizer,solutions,parameters,time
0,"{'type': 'knapsack', 'items': [{'weight': 3, 'profit': 39, 'color': 'grey'}, {'weight': 19, 'profit': 26, 'color': 'yellow'}, {'weight': 10, 'profit': 50, 'color': 'orange'}, {'weight': 17, 'profit': 34, 'color': 'blue'}], 'constraint': 25}",28,"{'optimizer': 'COBYLA', 'maxiter': 100, 'shots': 1024, 'parameter_strategy': 'RANDOM', 'x0': None, 'backend': <QAOA_Tester.Backend.NoisyEstimatorBackend object at 0x7fe984e9c490>}","[([0, 1, 0, 0, 1, 0, 0, 0, 0], 3724.0)]","[array([4.1748506 , 2.66267338, 1.86250759, 3.78873899, 0.30494022,
       3.38435678, 1.84522019, 6.05698945, 1.62142775, 1.54156514,
       6.14543013, 1.80162137, 6.17002214, 1.3191608 , 5.4056726 ,
       5.63110516, 5.90834172, 5.8057521 , 5.18540216, 4.32938091,
       3.31398315, 4.33379174, 2.82763745, 1.70190231, 3.66685056,
       2.79358133, 3.78866412, 4.95742454, 2.16029183, 3.59014494,
       0.61626858, 4.65510921, 0.37977496, 0.95355636, 4.74084671,
       1.45617886, 4.78164884, 0.92375403, 3.82868682, 3.5187472 ,
       3.07284099, 3.816756  , 3.15163352, 3.67152067, 1.04886635,
       2.07707506, 4.05262089, 1.18923401, 0.02356436, 1.4816614 ,
       4.89258183, 1.7575321 , 4.45017508, 4.01586585, 1.73965064,
       4.60388096])]",[1698.809238433838]
