,problem,layers,optimizer,solutions,parameters,time
0,"{'type': 'knapsack', 'items': [{'weight': 3, 'profit': 39, 'color': 'grey'}, {'weight': 19, 'profit': 26, 'color': 'yellow'}, {'weight': 10, 'profit': 50, 'color': 'orange'}, {'weight': 17, 'profit': 34, 'color': 'blue'}], 'constraint': 25}",21,"{'optimizer': 'COBYLA', 'maxiter': 100, 'shots': 1024, 'parameter_strategy': 'RANDOM', 'x0': None, 'backend': <QAOA_Tester.Backend.NoisyEstimatorBackend object at 0x7f4923834340>}","[([1, 1, 0, 1, 0, 0, 1, 1, 1], 194301.0)]","[array([ 3.7387514 ,  1.74881145,  0.26021027,  3.85694361,  1.2248792 ,
        5.64411946,  1.46158911,  0.2824765 ,  1.17287049,  3.33810391,
        1.69717013,  5.37091668,  5.26104745,  1.60115595,  2.64153818,
        1.5285824 ,  3.01453034,  5.95430433,  4.56564416,  0.77306573,
        4.61831643,  6.11513646,  4.50246169,  2.40401948,  2.87658329,
        4.51122893,  3.91353551,  4.12485497,  4.06672151,  4.91366938,
        4.40162448,  1.20617121,  0.45811297,  4.39853772,  5.12452057,
        5.90335197,  5.91989031,  4.47725558, -0.12430339,  4.51501768,
        0.48044729,  3.35290197])]",[1344.1545207500458]
