,problem,layers,optimizer,solutions,parameters,time
0,"{'type': 'knapsack', 'items': [{'weight': 3, 'profit': 39, 'color': 'grey'}, {'weight': 19, 'profit': 26, 'color': 'yellow'}, {'weight': 10, 'profit': 50, 'color': 'orange'}, {'weight': 17, 'profit': 34, 'color': 'blue'}], 'constraint': 25}",17,"{'optimizer': 'COBYLA', 'maxiter': 100, 'shots': 1024, 'parameter_strategy': 'RANDOM', 'x0': None, 'backend': <QAOA_Tester.Backend.NoisyEstimatorBackend object at 0x7f8e149d8730>}","[([1, 1, 0, 1, 0, 1, 0, 1, 1], 173301.0)]","[array([ 3.2451805 ,  3.63745308,  4.423462  ,  2.45766896,  3.70712162,
        0.81955508,  5.80502888, -0.19129973,  3.30644263,  2.75587244,
        5.08399131,  4.59837765,  2.43615223,  4.34772668,  0.21042102,
        2.11918516,  3.73194104,  0.86526461,  3.30323496,  3.45316051,
        5.2247373 ,  5.99038384,  3.13239036,  2.88263823,  4.24884335,
        4.68021978,  3.34839124,  3.33000791,  2.61540889,  3.27371907,
        0.41880343,  4.41385492,  2.58430889,  0.84880411])]",[1180.8198461532593]
