,problem,layers,optimizer,solutions,parameters,time
0,"{'type': 'knapsack', 'items': [{'weight': 3, 'profit': 39, 'color': 'grey'}, {'weight': 19, 'profit': 26, 'color': 'yellow'}, {'weight': 10, 'profit': 50, 'color': 'orange'}, {'weight': 17, 'profit': 34, 'color': 'blue'}], 'constraint': 25}",25,"{'optimizer': 'COBYLA', 'maxiter': 100, 'shots': 1024, 'parameter_strategy': 'RANDOM', 'x0': None, 'backend': <QAOA_Tester.Backend.NoisyEstimatorBackend object at 0x7f8230ab40a0>}","[([1, 1, 1, 0, 1, 1, 1, 0, 0], 29285.0)]","[array([6.08271271, 6.21601757, 1.59795251, 5.49680975, 5.75495827,
       0.16591776, 5.2905081 , 5.17929527, 3.96966453, 6.12553908,
       0.72873034, 0.19841317, 5.50424363, 4.1067737 , 3.75312262,
       0.42853877, 0.91597594, 1.84332276, 3.95805225, 4.51837207,
       4.5077851 , 6.07383381, 6.20709408, 0.6427345 , 4.66230487,
       1.79588334, 5.06512464, 2.03016429, 2.95459632, 3.85958492,
       1.67025588, 2.52120589, 5.86675848, 5.65058883, 2.69868762,
       1.63280336, 0.1898692 , 2.78821326, 5.87341136, 4.63286228,
       5.48118828, 2.03545129, 3.44982953, 3.88029763, 2.18920455,
       2.7126501 , 5.81516457, 2.14464863, 3.66076037, 2.10717425])]",[1498.9009368419647]
