,problem,layers,optimizer,solutions,parameters,time
0,"{'type': 'knapsack', 'items': [{'weight': 3, 'profit': 39, 'color': 'grey'}, {'weight': 19, 'profit': 26, 'color': 'yellow'}, {'weight': 10, 'profit': 50, 'color': 'orange'}, {'weight': 17, 'profit': 34, 'color': 'blue'}], 'constraint': 25}",25,"{'optimizer': 'COBYLA', 'maxiter': 100, 'shots': 1024, 'parameter_strategy': 'RANDOM', 'x0': None, 'backend': <QAOA_Tester.Backend.NoisyEstimatorBackend object at 0x7f64cebb4400>}","[([0, 1, 0, 1, 0, 0, 0, 1, 1], 126090.0)]","[array([4.34024726, 4.00130599, 2.42813809, 0.71122592, 2.4727383 ,
       4.32453907, 3.44683344, 2.5381623 , 5.86410431, 1.22301125,
       1.728849  , 1.30272052, 4.66395585, 0.19736145, 1.49699616,
       1.04097884, 0.77012717, 5.05490722, 1.33410825, 1.8369594 ,
       5.47528267, 1.52945282, 1.53643741, 0.419527  , 4.42189224,
       1.18260498, 5.65241927, 4.2073366 , 3.7279702 , 4.44896448,
       3.36024775, 4.13017325, 4.31389912, 1.54353403, 3.77493318,
       5.15647572, 1.29664446, 0.6121317 , 0.11495743, 1.48758058,
       3.57390743, 0.67360747, 5.73518612, 3.86572188, 4.13939357,
       1.55842792, 2.33568061, 0.96392737, 0.48355824, 4.63871832])]",[1486.551969051361]
