,problem,layers,optimizer,solutions,parameters,time
0,"{'type': 'knapsack', 'items': [{'weight': 3, 'profit': 39, 'color': 'grey'}, {'weight': 19, 'profit': 26, 'color': 'yellow'}, {'weight': 10, 'profit': 50, 'color': 'orange'}, {'weight': 17, 'profit': 34, 'color': 'blue'}], 'constraint': 25}",22,"{'optimizer': 'COBYLA', 'maxiter': 100, 'shots': 1024, 'parameter_strategy': 'RANDOM', 'x0': None, 'backend': <QAOA_Tester.Backend.NoisyEstimatorBackend object at 0x7f0cd1596230>}","[([0, 1, 0, 0, 0, 0, 1, 0, 0], 574.0)]","[array([2.98618746, 4.73288675, 0.45699221, 4.65760393, 3.36041969,
       4.11840526, 6.05023212, 3.14157241, 4.76977283, 1.33111046,
       2.6774851 , 4.82930395, 6.20284512, 0.06264133, 3.75822794,
       0.96676115, 5.29176885, 4.70288196, 5.84476503, 5.54764933,
       1.09854432, 1.56196403, 3.45434905, 4.1928902 , 1.38277796,
       5.26568067, 1.50950337, 2.34293163, 3.51955317, 1.57417741,
       0.40750933, 4.8222338 , 3.35578816, 5.02086546, 6.22388371,
       0.85083602, 4.47169055, 0.81325281, 3.92159358, 0.25474139,
       3.35209823, 1.51330691, 4.27530289, 4.75571366])]",[1404.142419576645]
