,problem,layers,optimizer,solutions,parameters,time
0,"{'type': 'knapsack', 'items': [{'weight': 3, 'profit': 39, 'color': 'grey'}, {'weight': 19, 'profit': 26, 'color': 'yellow'}, {'weight': 10, 'profit': 50, 'color': 'orange'}, {'weight': 17, 'profit': 34, 'color': 'blue'}], 'constraint': 25}",28,"{'optimizer': 'COBYLA', 'maxiter': 100, 'shots': 1024, 'parameter_strategy': 'RANDOM', 'x0': None, 'backend': <QAOA_Tester.Backend.NoisyEstimatorBackend object at 0x7f19ae2d0160>}","[([0, 0, 0, 0, 0, 1, 0, 0, 1], 25350.0)]","[array([3.05451197, 3.42847072, 2.76602775, 0.04981488, 3.73740149,
       5.40785463, 3.83715897, 3.32751612, 0.02618366, 1.74229755,
       5.01727499, 4.28061889, 5.15132734, 5.81922499, 2.4163474 ,
       5.3330068 , 4.04861772, 0.74802585, 4.99243503, 3.23765133,
       4.35371719, 5.59652371, 3.14286545, 1.71515823, 1.9516733 ,
       2.07768788, 4.4366223 , 5.72636366, 2.49342018, 2.84660295,
       4.77315259, 4.38806728, 0.71739394, 6.00222833, 3.63234314,
       2.64339231, 1.47598219, 1.40788198, 1.80032884, 2.49533113,
       4.69888549, 0.90733348, 1.71556413, 0.70666196, 0.7608335 ,
       4.60954457, 1.25635759, 3.53472767, 1.21725606, 0.43033276,
       2.1262286 , 1.81819812, 1.25184421, 0.57831322, 0.26624033,
       7.1815538 ])]",[1649.25652384758]
