,problem,layers,optimizer,solutions,parameters,time
0,"{'type': 'knapsack', 'items': [{'weight': 3, 'profit': 39, 'color': 'grey'}, {'weight': 19, 'profit': 26, 'color': 'yellow'}, {'weight': 10, 'profit': 50, 'color': 'orange'}, {'weight': 17, 'profit': 34, 'color': 'blue'}], 'constraint': 25}",22,"{'optimizer': 'COBYLA', 'maxiter': 100, 'shots': 1024, 'parameter_strategy': 'RANDOM', 'x0': None, 'backend': <QAOA_Tester.Backend.NoisyEstimatorBackend object at 0x7f4c80060bb0>}","[([1, 1, 1, 0, 1, 1, 1, 0, 1], 86285.0)]","[array([2.2777988 , 5.17768401, 1.87132499, 6.21996483, 0.43753141,
       5.0392887 , 4.71485993, 5.29473228, 4.53381424, 1.12821739,
       1.48919499, 4.70690015, 5.44788885, 3.34858549, 5.44870061,
       0.90834663, 4.27250609, 0.24819356, 3.82022161, 4.90097751,
       5.52639658, 3.6077218 , 3.26724284, 5.54248836, 5.51745907,
       3.32180538, 5.27299746, 4.66395465, 5.55987782, 1.34037268,
       1.47188188, 3.75452929, 3.88505423, 0.40197708, 4.95030633,
       3.00097051, 3.70696192, 4.23422121, 5.39434716, 3.16065663,
       4.6293416 , 2.18780327, 3.48930321, 2.54660733])]",[1374.9699745178223]
