,problem,layers,optimizer,solutions,parameters,time
0,"{'type': 'knapsack', 'items': [{'weight': 3, 'profit': 39, 'color': 'grey'}, {'weight': 19, 'profit': 26, 'color': 'yellow'}, {'weight': 10, 'profit': 50, 'color': 'orange'}, {'weight': 17, 'profit': 34, 'color': 'blue'}], 'constraint': 25}",26,"{'optimizer': 'COBYLA', 'maxiter': 100, 'shots': 1024, 'parameter_strategy': 'RANDOM', 'x0': None, 'backend': <QAOA_Tester.Backend.NoisyEstimatorBackend object at 0x7fade53a0af0>}","[([0, 1, 1, 0, 1, 1, 1, 1, 0], 54074.0)]","[array([ 3.33260147,  0.08951436,  5.08975596,  0.45166329,  5.48645154,
        3.50788224,  6.14372607,  1.45472338,  0.67221109,  6.22685523,
        6.10387929,  0.29802131,  3.12647471,  6.11468475,  4.16578909,
        4.49612879,  1.79453543,  2.98930876,  1.65641062,  3.69279936,
        0.08945118,  1.56872103,  1.63590189,  3.67097967,  2.26908958,
       -0.28803697,  2.2206635 ,  4.35684934,  0.46326415,  3.89987716,
        2.53397934,  1.13857086,  3.99440992,  3.0433808 ,  4.92995785,
        5.1877804 ,  3.83429031,  0.31914644,  3.30772251,  0.97743497,
        1.66643202,  3.1254095 ,  1.61421592,  2.35883509,  2.6997864 ,
        1.55566506,  0.09143268,  2.10708599,  4.91157562,  4.73181825,
        1.34142735,  3.08357956])]",[1552.7634603977203]
