,problem,layers,optimizer,solutions,parameters,time
0,"{'type': 'knapsack', 'items': [{'weight': 3, 'profit': 39, 'color': 'grey'}, {'weight': 19, 'profit': 26, 'color': 'yellow'}, {'weight': 10, 'profit': 50, 'color': 'orange'}, {'weight': 17, 'profit': 34, 'color': 'blue'}], 'constraint': 25}",27,"{'optimizer': 'COBYLA', 'maxiter': 100, 'shots': 1024, 'parameter_strategy': 'RANDOM', 'x0': None, 'backend': <QAOA_Tester.Backend.NoisyEstimatorBackend object at 0x7f252bfcc070>}","[([1, 1, 0, 0, 0, 1, 0, 0, 1], 12085.0)]","[array([0.859973  , 6.24006482, 3.27334434, 2.06835662, 3.13673842,
       1.85144622, 0.70941351, 3.13910198, 5.13975553, 0.76932479,
       3.46227428, 2.49409715, 1.67082225, 0.88859966, 1.88827365,
       3.94904023, 4.35894143, 5.75394671, 3.00291472, 2.15276093,
       5.65773711, 4.04566321, 5.27225839, 3.30529935, 3.00450075,
       6.04513604, 2.52375703, 4.49548658, 3.78445973, 5.61071372,
       1.15723526, 0.44880611, 4.27238328, 2.05531648, 1.00001078,
       4.37420992, 1.21149548, 3.83586688, 3.02053679, 5.97623616,
       4.16536466, 4.37878372, 6.14255399, 5.07535888, 2.34580434,
       5.34400822, 4.3871161 , 0.4504009 , 6.2133908 , 2.20216465,
       5.7245596 , 5.91367153, 6.01065707, 4.47403726])]",[1519.7847666740417]
