,problem,layers,optimizer,solutions,parameters,time
0,"{'type': 'knapsack', 'items': [{'weight': 3, 'profit': 39, 'color': 'grey'}, {'weight': 19, 'profit': 26, 'color': 'yellow'}, {'weight': 10, 'profit': 50, 'color': 'orange'}, {'weight': 17, 'profit': 34, 'color': 'blue'}], 'constraint': 25}",27,"{'optimizer': 'COBYLA', 'maxiter': 100, 'shots': 1024, 'parameter_strategy': 'RANDOM', 'x0': None, 'backend': <QAOA_Tester.Backend.NoisyEstimatorBackend object at 0x7f7f740c0880>}","[([0, 0, 0, 0, 0, 1, 0, 1, 0], 33750.0)]","[array([4.4939774 , 3.04284979, 0.31492222, 5.3267398 , 0.76104765,
       0.51737789, 2.20197894, 5.02334642, 3.44668345, 6.13538265,
       0.62429029, 1.83440585, 4.01198616, 6.08542421, 5.17214098,
       1.95944152, 2.59339815, 1.61097357, 0.24882709, 0.4971809 ,
       0.35961595, 6.05155987, 3.25938187, 3.56163553, 4.05015877,
       3.38599117, 4.70406627, 4.1114634 , 5.7983704 , 4.49727269,
       3.77137655, 3.44726145, 5.66442928, 0.02400641, 4.01115723,
       5.98890066, 5.17813249, 4.64822547, 4.68496897, 2.4331804 ,
       3.28225236, 1.0034049 , 2.10137573, 4.60009881, 1.10816022,
       2.36929931, 0.88574529, 0.16992867, 0.9036235 , 2.62512024,
       5.68182262, 1.9045481 , 2.15231127, 1.10950038])]",[1529.5605053901672]
