,problem,layers,optimizer,solutions,parameters,time
0,"{'type': 'knapsack', 'items': [{'weight': 3, 'profit': 39, 'color': 'grey'}, {'weight': 19, 'profit': 26, 'color': 'yellow'}, {'weight': 10, 'profit': 50, 'color': 'orange'}, {'weight': 17, 'profit': 34, 'color': 'blue'}], 'constraint': 25}",25,"{'optimizer': 'COBYLA', 'maxiter': 100, 'shots': 1024, 'parameter_strategy': 'RANDOM', 'x0': None, 'backend': <QAOA_Tester.Backend.NoisyEstimatorBackend object at 0x7f06c5428e50>}","[([1, 0, 1, 1, 0, 1, 0, 0, 0], 7227.0)]","[array([3.46510037, 4.4685857 , 1.51116983, 4.00560255, 4.19718463,
       5.30277735, 3.9385991 , 1.43875186, 6.03535656, 1.05737987,
       1.93119247, 2.16107307, 0.71456624, 1.05869184, 6.17496705,
       3.86773591, 4.72232431, 2.64768565, 0.35726504, 5.99433235,
       5.79564017, 5.52026022, 0.49554374, 4.02095566, 1.67663308,
       4.07208928, 1.53779688, 2.3957786 , 0.08531872, 5.09492683,
       6.08683668, 2.5412705 , 4.72435772, 2.73168744, 1.25315265,
       1.13985349, 1.33144282, 1.22280264, 5.74476858, 1.1611189 ,
       1.78894495, 5.93620852, 0.67190619, 4.15853421, 3.06014036,
       2.32877781, 2.08219102, 4.01334622, 0.66850918, 3.71023604])]",[1535.6781208515167]
