,problem,layers,optimizer,solutions,parameters,time
0,"{'type': 'knapsack', 'items': [{'weight': 3, 'profit': 39, 'color': 'grey'}, {'weight': 19, 'profit': 26, 'color': 'yellow'}, {'weight': 10, 'profit': 50, 'color': 'orange'}, {'weight': 17, 'profit': 34, 'color': 'blue'}], 'constraint': 25}",25,"{'optimizer': 'COBYLA', 'maxiter': 100, 'shots': 1024, 'parameter_strategy': 'RANDOM', 'x0': None, 'backend': <QAOA_Tester.Backend.NoisyEstimatorBackend object at 0x7fcbce57cb50>}","[([1, 1, 0, 0, 0, 1, 1, 1, 1], 66085.0)]","[array([1.71504345, 0.52573861, 1.42289533, 5.3303625 , 4.06476444,
       2.71428279, 4.6908704 , 0.63985534, 5.94380881, 2.78908711,
       4.36431222, 5.75690373, 3.93750562, 5.87940078, 3.60813975,
       4.41687542, 2.86263303, 1.15862028, 0.01016751, 4.26155736,
       1.97702457, 2.34332958, 2.07131019, 2.45100534, 3.34842319,
       3.69690152, 0.95895974, 6.22133933, 2.45728846, 2.40086976,
       2.10326879, 5.41779292, 2.92596154, 0.70294793, 0.55401591,
       2.57246682, 1.29855784, 4.07509329, 3.21222798, 1.65321878,
       5.09797093, 3.67243915, 4.55782027, 1.65605264, 3.73843588,
       5.29701292, 1.42004097, 1.88298434, 4.99692364, 5.74161722])]",[1429.5043199062347]
