,problem,layers,optimizer,solutions,parameters,time
0,"{'type': 'knapsack', 'items': [{'weight': 3, 'profit': 39, 'color': 'grey'}, {'weight': 19, 'profit': 26, 'color': 'yellow'}, {'weight': 10, 'profit': 50, 'color': 'orange'}, {'weight': 17, 'profit': 34, 'color': 'blue'}], 'constraint': 25}",30,"{'optimizer': 'COBYLA', 'maxiter': 100, 'shots': 1024, 'parameter_strategy': 'RANDOM', 'x0': None, 'backend': <QAOA_Tester.Backend.NoisyEstimatorBackend object at 0x7f2f82f44850>}","[([1, 0, 0, 0, 1, 1, 1, 0, 0], 33711.0)]","[array([1.88036599, 3.04424723, 4.8147906 , 6.18666539, 0.9530764 ,
       5.58712432, 4.38428819, 1.0694903 , 1.70495996, 1.65859018,
       3.5675462 , 3.33047717, 4.78672597, 4.02460607, 0.91787056,
       4.68673744, 4.84383646, 5.61060112, 3.96651207, 0.82941553,
       6.25494995, 5.58480934, 5.74139947, 1.48598113, 2.73376967,
       2.87072712, 1.24144131, 6.33923433, 2.52793679, 5.53822684,
       3.95001637, 2.31686078, 0.11528597, 1.57047905, 2.45825505,
       2.73043864, 5.65561129, 4.97967336, 0.99627617, 5.25179392,
       6.26826085, 1.85768033, 3.52591603, 5.45708296, 5.74357275,
       4.09127439, 6.04657363, 5.82329527, 0.95701495, 4.5140977 ,
       6.15243065, 4.11034625, 4.26219559, 2.69251593, 3.86970781,
       2.62696094, 4.64607655, 1.11464595, 5.39927462, 4.71156679])]",[1809.771819114685]
