,problem,layers,optimizer,solutions,parameters,time
0,"{'type': 'knapsack', 'items': [{'weight': 3, 'profit': 39, 'color': 'grey'}, {'weight': 19, 'profit': 26, 'color': 'yellow'}, {'weight': 10, 'profit': 50, 'color': 'orange'}, {'weight': 17, 'profit': 34, 'color': 'blue'}], 'constraint': 25}",21,"{'optimizer': 'COBYLA', 'maxiter': 100, 'shots': 1024, 'parameter_strategy': 'RANDOM', 'x0': None, 'backend': <QAOA_Tester.Backend.NoisyEstimatorBackend object at 0x7f679fa8c1f0>}","[([1, 1, 0, 0, 1, 1, 1, 0, 0], 2335.0)]","[array([4.09033171, 4.00455444, 4.14928438, 3.38715946, 0.26426419,
       2.57321844, 3.97598097, 2.97974489, 0.59601504, 0.62230981,
       0.39658558, 3.92758498, 3.12668088, 2.34394367, 5.62056727,
       1.70111701, 3.19542082, 0.70214259, 2.93452578, 5.91082922,
       1.96206901, 2.36300068, 0.38023118, 6.43453949, 1.28607712,
       1.22435825, 3.79594138, 1.16634321, 1.79702982, 4.82829142,
       4.17044911, 4.175012  , 5.37470826, 2.19035985, 5.25403479,
       1.260652  , 3.63730511, 3.37850066, 1.16697862, 1.98654756,
       4.97206963, 2.62804804])]",[1377.7257590293884]
