,problem,layers,optimizer,solutions,parameters,time
0,"{'type': 'knapsack', 'items': [{'weight': 3, 'profit': 39, 'color': 'grey'}, {'weight': 19, 'profit': 26, 'color': 'yellow'}, {'weight': 10, 'profit': 50, 'color': 'orange'}, {'weight': 17, 'profit': 34, 'color': 'blue'}], 'constraint': 25}",23,"{'optimizer': 'COBYLA', 'maxiter': 100, 'shots': 1024, 'parameter_strategy': 'RANDOM', 'x0': None, 'backend': <QAOA_Tester.Backend.NoisyEstimatorBackend object at 0x7f587a968fd0>}","[([0, 1, 1, 1, 0, 1, 1, 0, 0], 109240.0)]","[array([5.99976605, 4.98699368, 4.25598703, 0.71762698, 3.00239707,
       5.95612018, 0.04967429, 2.47285232, 3.65500117, 0.20032775,
       3.21247979, 1.01293502, 5.56691833, 0.62421653, 2.34993172,
       5.8218682 , 2.13556308, 2.80315772, 3.44196599, 1.20207852,
       1.07609301, 6.13905823, 1.6276102 , 3.66113614, 5.5019932 ,
       4.69214251, 3.64488553, 1.08526099, 0.82224431, 5.03245926,
       3.20950713, 1.90469424, 4.71816864, 3.18101094, 1.08027078,
       4.53154015, 2.26245776, 1.49760938, 0.90620974, 4.97936367,
       3.47405575, 1.95695852, 5.17880708, 1.09150496, 5.84340016,
       3.9885901 ])]",[1352.4521510601044]
