,problem,layers,optimizer,solutions,parameters,time
0,"{'type': 'knapsack', 'items': [{'weight': 3, 'profit': 39, 'color': 'grey'}, {'weight': 19, 'profit': 26, 'color': 'yellow'}, {'weight': 10, 'profit': 50, 'color': 'orange'}, {'weight': 17, 'profit': 34, 'color': 'blue'}], 'constraint': 25}",25,"{'optimizer': 'COBYLA', 'maxiter': 100, 'shots': 1024, 'parameter_strategy': 'RANDOM', 'x0': None, 'backend': <QAOA_Tester.Backend.NoisyEstimatorBackend object at 0x7f4a6cc8db10>}","[([1, 0, 0, 1, 1, 1, 0, 1, 0], 5327.0)]","[array([3.86182777, 2.60379616, 4.70939154, 3.17212825, 5.68699157,
       0.75209143, 5.20409184, 2.20634158, 5.06781604, 1.11563223,
       1.05213144, 5.25024753, 0.55350345, 1.79743406, 3.37409569,
       6.18405942, 4.68735541, 0.43138364, 1.53648702, 4.80686579,
       5.67156762, 3.98223225, 0.46989781, 4.83806974, 4.34103881,
       2.98087692, 5.45588911, 1.78423096, 1.62375079, 5.345308  ,
       2.05501067, 1.96064511, 2.71011851, 3.47796427, 2.0872694 ,
       5.71683438, 3.40098808, 1.77467418, 0.66842684, 2.24859328,
       1.79906891, 3.59312117, 4.78349639, 0.83448055, 3.7490828 ,
       5.78315524, 2.84259375, 0.77710786, 3.96089939, 5.6536035 ])]",[1471.14550948143]
