,problem,layers,optimizer,solutions,parameters,time
0,"{'type': 'knapsack', 'items': [{'weight': 3, 'profit': 39, 'color': 'grey'}, {'weight': 19, 'profit': 26, 'color': 'yellow'}, {'weight': 10, 'profit': 50, 'color': 'orange'}, {'weight': 17, 'profit': 34, 'color': 'blue'}], 'constraint': 25}",21,"{'optimizer': 'COBYLA', 'maxiter': 100, 'shots': 1024, 'parameter_strategy': 'RANDOM', 'x0': None, 'backend': <QAOA_Tester.Backend.NoisyEstimatorBackend object at 0x7fde631086a0>}","[([1, 1, 1, 0, 1, 1, 0, 1, 1], 117485.0)]","[array([4.86506462, 1.65963241, 2.50181641, 4.37743808, 4.47672263,
       6.3060934 , 2.72689109, 2.35558651, 1.98216291, 0.94326264,
       4.55833441, 0.5082086 , 4.51599489, 5.92956305, 5.46075643,
       2.68491436, 5.93513422, 3.09794173, 0.88594733, 5.95471226,
       1.67177325, 1.32298737, 0.63999178, 3.62443943, 1.5265296 ,
       1.50990347, 4.37697875, 2.26758611, 2.18253858, 3.49677213,
       1.51850211, 3.74583635, 4.39227949, 1.47752188, 4.5436252 ,
       1.19291674, 2.04354756, 2.21839227, 0.89959225, 4.52170182,
       2.45027496, 5.98519128])]",[1268.9542090892792]
