,problem,layers,optimizer,solutions,parameters,time
0,"{'type': 'knapsack', 'items': [{'weight': 3, 'profit': 39, 'color': 'grey'}, {'weight': 19, 'profit': 26, 'color': 'yellow'}, {'weight': 10, 'profit': 50, 'color': 'orange'}, {'weight': 17, 'profit': 34, 'color': 'blue'}], 'constraint': 25}",28,"{'optimizer': 'COBYLA', 'maxiter': 100, 'shots': 1024, 'parameter_strategy': 'RANDOM', 'x0': None, 'backend': <QAOA_Tester.Backend.NoisyEstimatorBackend object at 0x7f0de2010370>}","[([0, 0, 1, 1, 1, 0, 1, 1, 1], 93666.0)]","[array([5.7781391 , 5.29884149, 4.40797239, 0.53168659, 2.24153662,
       6.0839649 , 3.91569078, 3.82890398, 2.55819709, 5.72101085,
       5.51001958, 5.85010488, 6.33397306, 3.60186984, 4.3937875 ,
       4.80925269, 5.66490219, 5.04199859, 4.94369461, 0.24207292,
       4.09084634, 2.08943767, 2.44995715, 0.75784674, 4.70220833,
       4.0720577 , 2.02575242, 4.20199915, 1.94658359, 3.14503429,
       1.40091224, 0.71230748, 2.94943909, 0.18299228, 2.80704646,
       1.11007756, 5.31431249, 6.15140283, 5.0037439 , 4.20113689,
       3.30816417, 5.83172965, 4.88533934, 0.5843511 , 3.76823653,
       5.86081508, 4.49529549, 3.17782671, 6.24450334, 1.12680376,
       1.65876269, 5.971367  , 5.5585848 , 5.8479383 , 0.68978912,
       2.99299631])]",[1556.098923444748]
