,problem,layers,optimizer,solutions,parameters,time
0,"{'type': 'knapsack', 'items': [{'weight': 3, 'profit': 39, 'color': 'grey'}, {'weight': 19, 'profit': 26, 'color': 'yellow'}, {'weight': 10, 'profit': 50, 'color': 'orange'}, {'weight': 17, 'profit': 34, 'color': 'blue'}], 'constraint': 25}",28,"{'optimizer': 'COBYLA', 'maxiter': 100, 'shots': 1024, 'parameter_strategy': 'RANDOM', 'x0': None, 'backend': <QAOA_Tester.Backend.NoisyEstimatorBackend object at 0x7fbb106782b0>}","[([0, 0, 1, 1, 0, 1, 1, 0, 1], 48516.0)]","[array([5.34280146, 5.44499383, 5.49126934, 1.34358539, 3.03447692,
       5.05535319, 5.23230667, 1.51710092, 3.76853099, 4.32677707,
       0.88374516, 1.70371552, 3.66182529, 4.99290649, 1.62590226,
       2.47878502, 2.8914263 , 4.94966732, 4.12682571, 4.87630261,
       5.79336132, 4.95645126, 3.04449081, 4.43676362, 4.1880643 ,
       5.90825483, 0.18883148, 4.30463708, 6.41004147, 1.77496932,
       6.38959191, 4.73525133, 4.77744401, 1.78594482, 1.06776729,
       0.61054304, 2.91040405, 5.13561153, 6.05922134, 3.91794916,
       4.2385296 , 4.17472232, 6.34273786, 4.1015302 , 2.16546489,
       5.27199488, 3.51018342, 1.97804973, 0.49643735, 2.08840836,
       5.6195688 , 1.24940547, 0.44264223, 2.20637508, 6.22907529,
       0.41968333])]",[1672.6432769298553]
