,problem,layers,optimizer,solutions,parameters,time
0,"{'type': 'knapsack', 'items': [{'weight': 3, 'profit': 39, 'color': 'grey'}, {'weight': 19, 'profit': 26, 'color': 'yellow'}, {'weight': 10, 'profit': 50, 'color': 'orange'}, {'weight': 17, 'profit': 34, 'color': 'blue'}], 'constraint': 25}",27,"{'optimizer': 'COBYLA', 'maxiter': 100, 'shots': 1024, 'parameter_strategy': 'RANDOM', 'x0': None, 'backend': <QAOA_Tester.Backend.NoisyEstimatorBackend object at 0x7f6d90e8ce50>}","[([0, 1, 1, 0, 0, 1, 0, 1, 1], 86324.0)]","[array([1.08133604, 0.33001098, 1.16335674, 5.85934934, 2.50315202,
       1.65986894, 5.96688127, 5.29867251, 1.5290746 , 1.93799696,
       5.58377531, 1.6962057 , 0.23585263, 0.87379308, 4.00588021,
       4.49974781, 5.81745874, 4.31960637, 1.68042871, 1.59040702,
       1.81051311, 3.60064514, 3.15579358, 5.10116168, 0.07724861,
       0.76989455, 5.06165721, 5.05185508, 5.62821752, 4.39678915,
       3.22992656, 2.64087738, 4.75704577, 6.20122669, 5.52168253,
       3.35318653, 2.06400086, 1.57890225, 5.41593969, 3.00584728,
       5.03892494, 4.96169936, 4.68403997, 0.76895328, 3.62291162,
       5.35987234, 0.2847052 , 1.18543059, 6.05971906, 5.91507233,
       4.38695598, 2.32796674, 1.74863068, 3.96942204])]",[1652.1383821964264]
