,problem,layers,optimizer,solutions,parameters,time
0,"{'type': 'knapsack', 'items': [{'weight': 3, 'profit': 39, 'color': 'grey'}, {'weight': 19, 'profit': 26, 'color': 'yellow'}, {'weight': 10, 'profit': 50, 'color': 'orange'}, {'weight': 17, 'profit': 34, 'color': 'blue'}], 'constraint': 25}",27,"{'optimizer': 'COBYLA', 'maxiter': 100, 'shots': 1024, 'parameter_strategy': 'RANDOM', 'x0': None, 'backend': <QAOA_Tester.Backend.NoisyEstimatorBackend object at 0x7f0456688520>}","[([0, 0, 1, 0, 0, 1, 0, 0, 0], 25300.0)]","[array([1.54881943, 4.01595983, 1.82002465, 1.71713232, 3.64489847,
       4.82408395, 2.0277134 , 5.48007975, 4.23742985, 5.72347576,
       2.45154028, 0.92259729, 2.38251291, 5.51485296, 0.6956546 ,
       2.94407725, 1.91932225, 5.35860527, 5.82525876, 3.25485186,
       4.48539275, 5.45652683, 4.30204044, 5.11200644, 2.81869124,
       2.46687994, 4.41517739, 1.57264377, 0.62589059, 3.96134367,
       2.71201201, 2.53917909, 2.92942856, 2.06562941, 1.33808263,
       1.00649785, 1.38217749, 4.36405127, 1.55922556, 1.99935409,
       1.31364832, 2.78951846, 2.10627943, 4.25002917, 3.90003479,
       2.53342129, 0.06266155, 2.42992915, 0.93303606, 3.94272126,
       6.04787595, 1.18063902, 0.15667844, 5.33881475])]",[1545.009141921997]
