,problem,layers,optimizer,solutions,parameters,time
0,"{'type': 'knapsack', 'items': [{'weight': 3, 'profit': 39, 'color': 'grey'}, {'weight': 19, 'profit': 26, 'color': 'yellow'}, {'weight': 10, 'profit': 50, 'color': 'orange'}, {'weight': 17, 'profit': 34, 'color': 'blue'}], 'constraint': 25}",27,"{'optimizer': 'COBYLA', 'maxiter': 100, 'shots': 1024, 'parameter_strategy': 'RANDOM', 'x0': None, 'backend': <QAOA_Tester.Backend.NoisyEstimatorBackend object at 0x7f6a80fa4400>}","[([1, 1, 0, 0, 1, 0, 0, 1, 1], 38335.0)]","[array([3.57895239, 4.07857617, 2.98985238, 5.77407747, 2.66382817,
       2.27027127, 3.3673426 , 3.92708089, 4.37108298, 3.19289374,
       1.37534947, 3.79003221, 4.03092452, 0.43929576, 0.62573052,
       5.58928252, 1.60240908, 2.97947502, 1.24494553, 4.0206405 ,
       1.5391182 , 6.10831331, 3.40188684, 4.45022063, 2.885204  ,
       2.98639126, 1.31683599, 3.58782453, 1.49161171, 4.82434731,
       1.34284878, 1.40201058, 5.92991683, 3.67781635, 0.840219  ,
       4.0412615 , 5.21113124, 2.25080675, 2.05566918, 1.2651316 ,
       1.9636648 , 4.42448667, 0.97074705, 0.97177483, 1.16800723,
       3.04139683, 5.46159899, 1.2596526 , 1.93409294, 4.70174605,
       5.70018749, 6.06665246, 3.62971774, 0.78397883])]",[1633.1007623672485]
