,problem,layers,optimizer,solutions,parameters,time
0,"{'type': 'maxcut', 'graph': {'directed': False, 'multigraph': False, 'graph': {}, 'nodes': [{'id': 0}, {'id': 1}, {'id': 2}, {'id': 3}, {'id': 4}, {'id': 5}, {'id': 6}, {'id': 7}, {'id': 8}, {'id': 9}], 'links': [{'weight': 2, 'source': 0, 'target': 1}, {'weight': 8, 'source': 0, 'target': 2}, {'weight': 9, 'source': 0, 'target': 4}, {'weight': 3, 'source': 0, 'target': 8}, {'weight': 8, 'source': 1, 'target': 8}, {'weight': 3, 'source': 1, 'target': 7}, {'weight': 2, 'source': 1, 'target': 4}, {'weight': 8, 'source': 2, 'target': 5}, {'weight': 4, 'source': 2, 'target': 7}, {'weight': 5, 'source': 2, 'target': 6}, {'weight': 1, 'source': 2, 'target': 8}, {'weight': 5, 'source': 2, 'target': 4}, {'weight': 9, 'source': 3, 'target': 9}, {'weight': 5, 'source': 4, 'target': 9}, {'weight': 8, 'source': 4, 'target': 8}, {'weight': 3, 'source': 4, 'target': 5}, {'weight': 2, 'source': 5, 'target': 7}, {'weight': 1, 'source': 6, 'target': 9}, {'weight': 3, 'source': 6, 'target': 8}, {'weight': 4, 'source': 7, 'target': 8}]}, 'position': {0: [0.24204428062482, -0.06677421682810669], 1: [0.32314010576453656, -0.43797829042474873], 2: [-0.12909846343078418, -0.16985924192671992], 3: [0.08043444994651282, 1.0], 4: [0.0532073066558762, 0.06876329180968649], 5: [-0.361330357806971, -0.3165648428932987], 6: [-0.30645855874369093, 0.12764071248226797], 7: [-0.04514601830171503, -0.5885549543034304], 8: [0.09686835846710394, -0.2575914626291951], 9: [0.04633889682431107, 0.6409190047135446]}, 'solution': ([0, 1, 1, 1, 1, 0, 0, 0, 0, 0], 73.0)}",22,"{'optimizer': 'COBYLA', 'maxiter': 100, 'shots': 1024, 'parameter_strategy': 'RANDOM', 'x0': None, 'backend': <QAOA_Tester.Backend.NoisyEstimatorBackend object at 0x7f99ac4d0820>}","[([0, 1, 1, 1, 1, 0, 0, 0, 0, 0], -73.0)]","[array([3.65867346, 0.16058893, 1.46974379, 2.46231148, 3.04955068,
       3.66857628, 3.24844847, 0.87642795, 5.26389275, 4.72914458,
       0.08593644, 5.07438909, 5.57162173, 2.26611451, 0.92307413,
       3.37348937, 6.26197872, 1.97506868, 1.78574792, 5.09002089,
       2.09062486, 6.65826392, 5.724948  , 1.46218719, 2.28973939,
       0.1014216 , 4.67954348, 4.20730071, 3.96760077, 4.4148693 ,
       2.55594443, 3.01595993, 3.00164439, 4.06497808, 6.15777817,
       0.68354282, 2.22674414, 6.2651699 , 0.64614731, 2.93561679,
       0.9865193 , 4.3083102 , 4.19185802, 6.21769383])]",[2353.237115383148]
