,problem,layers,optimizer,solutions,parameters,time
0,"{'type': 'maxcut', 'graph': {'directed': False, 'multigraph': False, 'graph': {}, 'nodes': [{'id': 0}, {'id': 1}, {'id': 2}, {'id': 3}, {'id': 4}, {'id': 5}, {'id': 6}, {'id': 7}, {'id': 8}, {'id': 9}], 'links': [{'weight': 2, 'source': 0, 'target': 1}, {'weight': 8, 'source': 0, 'target': 2}, {'weight': 9, 'source': 0, 'target': 4}, {'weight': 3, 'source': 0, 'target': 8}, {'weight': 8, 'source': 1, 'target': 8}, {'weight': 3, 'source': 1, 'target': 7}, {'weight': 2, 'source': 1, 'target': 4}, {'weight': 8, 'source': 2, 'target': 5}, {'weight': 4, 'source': 2, 'target': 7}, {'weight': 5, 'source': 2, 'target': 6}, {'weight': 1, 'source': 2, 'target': 8}, {'weight': 5, 'source': 2, 'target': 4}, {'weight': 9, 'source': 3, 'target': 9}, {'weight': 5, 'source': 4, 'target': 9}, {'weight': 8, 'source': 4, 'target': 8}, {'weight': 3, 'source': 4, 'target': 5}, {'weight': 2, 'source': 5, 'target': 7}, {'weight': 1, 'source': 6, 'target': 9}, {'weight': 3, 'source': 6, 'target': 8}, {'weight': 4, 'source': 7, 'target': 8}]}, 'position': {0: [0.24204428062482, -0.06677421682810669], 1: [0.32314010576453656, -0.43797829042474873], 2: [-0.12909846343078418, -0.16985924192671992], 3: [0.08043444994651282, 1.0], 4: [0.0532073066558762, 0.06876329180968649], 5: [-0.361330357806971, -0.3165648428932987], 6: [-0.30645855874369093, 0.12764071248226797], 7: [-0.04514601830171503, -0.5885549543034304], 8: [0.09686835846710394, -0.2575914626291951], 9: [0.04633889682431107, 0.6409190047135446]}, 'solution': ([0, 1, 1, 1, 1, 0, 0, 0, 0, 0], 73.0)}",22,"{'optimizer': 'COBYLA', 'maxiter': 100, 'shots': 1024, 'parameter_strategy': 'RANDOM', 'x0': None, 'backend': <QAOA_Tester.Backend.NoisyEstimatorBackend object at 0x7f621960cb50>}","[([0, 0, 1, 1, 0, 1, 1, 1, 1, 0], -48.0)]","[array([1.03409456, 0.42872846, 5.08102211, 2.8682535 , 3.19118229,
       5.68861339, 3.45322104, 1.6753287 , 4.17919922, 0.09723918,
       0.29318242, 0.15615573, 4.07083374, 1.65714942, 5.54783734,
       1.06642342, 1.80234472, 5.75642576, 0.78118559, 1.71339119,
       1.98244641, 6.48186623, 0.09102912, 6.26670766, 3.07309255,
       6.26638361, 4.69877696, 4.48929883, 4.33037432, 6.13693407,
       0.65003118, 5.79919596, 1.3021334 , 2.43513993, 2.46588274,
       0.98078322, 0.79349651, 5.65350475, 0.63970843, 5.63189096,
       1.97717538, 5.59935066, 4.81846263, 5.82014953])]",[2526.782065153122]
