,problem,layers,optimizer,solutions,parameters,time
0,"{'type': 'maxcut', 'graph': {'directed': False, 'multigraph': False, 'graph': {}, 'nodes': [{'id': 0}, {'id': 1}, {'id': 2}, {'id': 3}, {'id': 4}, {'id': 5}, {'id': 6}, {'id': 7}, {'id': 8}, {'id': 9}], 'links': [{'weight': 2, 'source': 0, 'target': 1}, {'weight': 8, 'source': 0, 'target': 2}, {'weight': 9, 'source': 0, 'target': 4}, {'weight': 3, 'source': 0, 'target': 8}, {'weight': 8, 'source': 1, 'target': 8}, {'weight': 3, 'source': 1, 'target': 7}, {'weight': 2, 'source': 1, 'target': 4}, {'weight': 8, 'source': 2, 'target': 5}, {'weight': 4, 'source': 2, 'target': 7}, {'weight': 5, 'source': 2, 'target': 6}, {'weight': 1, 'source': 2, 'target': 8}, {'weight': 5, 'source': 2, 'target': 4}, {'weight': 9, 'source': 3, 'target': 9}, {'weight': 5, 'source': 4, 'target': 9}, {'weight': 8, 'source': 4, 'target': 8}, {'weight': 3, 'source': 4, 'target': 5}, {'weight': 2, 'source': 5, 'target': 7}, {'weight': 1, 'source': 6, 'target': 9}, {'weight': 3, 'source': 6, 'target': 8}, {'weight': 4, 'source': 7, 'target': 8}]}, 'position': {0: [0.24204428062482, -0.06677421682810669], 1: [0.32314010576453656, -0.43797829042474873], 2: [-0.12909846343078418, -0.16985924192671992], 3: [0.08043444994651282, 1.0], 4: [0.0532073066558762, 0.06876329180968649], 5: [-0.361330357806971, -0.3165648428932987], 6: [-0.30645855874369093, 0.12764071248226797], 7: [-0.04514601830171503, -0.5885549543034304], 8: [0.09686835846710394, -0.2575914626291951], 9: [0.04633889682431107, 0.6409190047135446]}, 'solution': ([0, 1, 1, 1, 1, 0, 0, 0, 0, 0], 73.0)}",22,"{'optimizer': 'COBYLA', 'maxiter': 100, 'shots': 1024, 'parameter_strategy': 'RANDOM', 'x0': None, 'backend': <QAOA_Tester.Backend.NoisyEstimatorBackend object at 0x7f6395a68dc0>}","[([0, 1, 0, 0, 1, 1, 0, 0, 0, 1], -55.0)]","[array([4.09886403, 2.95228107, 6.06195762, 2.28397284, 6.25103933,
       0.78333613, 5.62733801, 1.6019899 , 0.38149123, 2.7779182 ,
       3.65725468, 0.19039678, 4.94396185, 2.0352979 , 3.07406404,
       1.75772546, 4.71746985, 5.77854828, 6.16855473, 2.8735975 ,
       2.73013348, 6.66298442, 1.22813147, 5.20821815, 0.69683756,
       5.36285671, 5.56507903, 5.21237253, 0.37009343, 4.49035689,
       3.3910103 , 3.91854618, 5.06047086, 4.23628743, 0.51381125,
       3.31437001, 5.64861495, 2.30711037, 5.04067531, 0.86894876,
       0.28066423, 5.03721684, 3.73997588, 3.82070406])]",[2362.216794490814]
