,problem,layers,optimizer,solutions,parameters,time
0,"{'type': 'maxcut', 'graph': {'directed': False, 'multigraph': False, 'graph': {}, 'nodes': [{'id': 0}, {'id': 1}, {'id': 2}, {'id': 3}, {'id': 4}, {'id': 5}, {'id': 6}, {'id': 7}, {'id': 8}, {'id': 9}], 'links': [{'weight': 2, 'source': 0, 'target': 1}, {'weight': 8, 'source': 0, 'target': 2}, {'weight': 9, 'source': 0, 'target': 4}, {'weight': 3, 'source': 0, 'target': 8}, {'weight': 8, 'source': 1, 'target': 8}, {'weight': 3, 'source': 1, 'target': 7}, {'weight': 2, 'source': 1, 'target': 4}, {'weight': 8, 'source': 2, 'target': 5}, {'weight': 4, 'source': 2, 'target': 7}, {'weight': 5, 'source': 2, 'target': 6}, {'weight': 1, 'source': 2, 'target': 8}, {'weight': 5, 'source': 2, 'target': 4}, {'weight': 9, 'source': 3, 'target': 9}, {'weight': 5, 'source': 4, 'target': 9}, {'weight': 8, 'source': 4, 'target': 8}, {'weight': 3, 'source': 4, 'target': 5}, {'weight': 2, 'source': 5, 'target': 7}, {'weight': 1, 'source': 6, 'target': 9}, {'weight': 3, 'source': 6, 'target': 8}, {'weight': 4, 'source': 7, 'target': 8}]}, 'position': {0: [0.24204428062482, -0.06677421682810669], 1: [0.32314010576453656, -0.43797829042474873], 2: [-0.12909846343078418, -0.16985924192671992], 3: [0.08043444994651282, 1.0], 4: [0.0532073066558762, 0.06876329180968649], 5: [-0.361330357806971, -0.3165648428932987], 6: [-0.30645855874369093, 0.12764071248226797], 7: [-0.04514601830171503, -0.5885549543034304], 8: [0.09686835846710394, -0.2575914626291951], 9: [0.04633889682431107, 0.6409190047135446]}, 'solution': ([0, 1, 1, 1, 1, 0, 0, 0, 0, 0], 73.0)}",21,"{'optimizer': 'COBYLA', 'maxiter': 100, 'shots': 1024, 'parameter_strategy': 'RANDOM', 'x0': None, 'backend': <QAOA_Tester.Backend.NoisyEstimatorBackend object at 0x7f373056f280>}","[([0, 1, 1, 0, 0, 1, 1, 1, 1, 1], -45.0)]","[array([0.67662299, 0.63965035, 1.08235219, 1.89935886, 4.28399755,
       2.92680755, 5.18891023, 0.01447934, 3.12970277, 0.95156491,
       1.83083487, 6.01046261, 4.71475901, 2.46726978, 0.44005939,
       2.13695937, 0.88446749, 2.57487978, 1.55063109, 1.73292867,
       4.47576013, 5.53443274, 5.09593222, 4.24000377, 5.53471377,
       3.57474224, 4.66955991, 4.66860169, 4.23080767, 2.48089248,
       1.84894778, 0.20506925, 0.86133231, 1.0699526 , 0.11323408,
       2.27207304, 2.24536758, 4.26093967, 5.24171797, 5.89940374,
       5.81337458, 5.10763805])]",[2310.677413225174]
