,problem,layers,optimizer,solutions,parameters,time
0,"{'type': 'maxcut', 'graph': {'directed': False, 'multigraph': False, 'graph': {}, 'nodes': [{'id': 0}, {'id': 1}, {'id': 2}, {'id': 3}, {'id': 4}, {'id': 5}], 'links': [{'weight': 7, 'source': 0, 'target': 1}, {'weight': 6, 'source': 0, 'target': 2}, {'weight': 7, 'source': 0, 'target': 3}, {'weight': 4, 'source': 0, 'target': 4}, {'weight': 4, 'source': 0, 'target': 5}, {'weight': 2, 'source': 1, 'target': 2}, {'weight': 3, 'source': 1, 'target': 3}, {'weight': 8, 'source': 1, 'target': 4}, {'weight': 6, 'source': 1, 'target': 5}, {'weight': 1, 'source': 2, 'target': 3}, {'weight': 3, 'source': 2, 'target': 4}, {'weight': 1, 'source': 2, 'target': 5}, {'weight': 5, 'source': 3, 'target': 4}, {'weight': 3, 'source': 3, 'target': 5}, {'weight': 9, 'source': 4, 'target': 5}]}, 'position': {0: [-0.3530969605659351, 0.23653079210894307], 1: [-0.014831158988742517, -0.5502250464361691], 2: [-1.0, -0.1882379096458032], 3: [0.26073034696767516, 0.7833475704555309], 4: [0.3319078567906819, 0.06165714010134473], 5: [0.7752899157963203, -0.34307254658384684]}, 'solution': ([0, 1, 1, 1, 0, 1], 49.0)}",23,"{'optimizer': 'COBYLA', 'maxiter': 100, 'shots': 1024, 'parameter_strategy': 'RANDOM', 'x0': None, 'backend': <QAOA_Tester.Backend.NoisyEstimatorBackend object at 0x7fbd33469420>}","[([0, 0, 0, 1, 1, 1], -37.0)]","[array([3.48434089, 6.18503981, 5.61110824, 2.26034138, 2.73205597,
       4.79200514, 2.59929037, 3.6046468 , 5.6721546 , 1.69517919,
       1.64860241, 4.07116605, 2.29451191, 6.01191299, 2.40921514,
       5.40050177, 3.65240364, 4.92627354, 4.24026883, 4.0682286 ,
       2.98123244, 0.37879794, 6.04494441, 0.48385879, 0.83881257,
       1.03304613, 4.81481907, 3.50661237, 3.77975499, 5.16056053,
       1.32953255, 2.47513241, 0.41373215, 5.71169427, 0.17020199,
       2.16352216, 5.16100436, 1.22592658, 2.27540993, 3.55165631,
       5.01633867, 5.44092844, 5.84671125, 5.23570653, 5.45310517,
       1.94584382])]",[647.4343018531799]
