,problem,layers,optimizer,solutions,parameters,time
0,"{'type': 'maxcut', 'graph': {'directed': False, 'multigraph': False, 'graph': {}, 'nodes': [{'id': 0}, {'id': 1}, {'id': 2}, {'id': 3}, {'id': 4}, {'id': 5}], 'links': [{'weight': 7, 'source': 0, 'target': 1}, {'weight': 6, 'source': 0, 'target': 2}, {'weight': 7, 'source': 0, 'target': 3}, {'weight': 4, 'source': 0, 'target': 4}, {'weight': 4, 'source': 0, 'target': 5}, {'weight': 2, 'source': 1, 'target': 2}, {'weight': 3, 'source': 1, 'target': 3}, {'weight': 8, 'source': 1, 'target': 4}, {'weight': 6, 'source': 1, 'target': 5}, {'weight': 1, 'source': 2, 'target': 3}, {'weight': 3, 'source': 2, 'target': 4}, {'weight': 1, 'source': 2, 'target': 5}, {'weight': 5, 'source': 3, 'target': 4}, {'weight': 3, 'source': 3, 'target': 5}, {'weight': 9, 'source': 4, 'target': 5}]}, 'position': {0: [-0.3530969605659351, 0.23653079210894307], 1: [-0.014831158988742517, -0.5502250464361691], 2: [-1.0, -0.1882379096458032], 3: [0.26073034696767516, 0.7833475704555309], 4: [0.3319078567906819, 0.06165714010134473], 5: [0.7752899157963203, -0.34307254658384684]}, 'solution': ([0, 1, 1, 1, 0, 1], 49.0)}",30,"{'optimizer': 'COBYLA', 'maxiter': 100, 'shots': 1024, 'parameter_strategy': 'RANDOM', 'x0': None, 'backend': <QAOA_Tester.Backend.NoisyEstimatorBackend object at 0x7f2989240b50>}","[([1, 1, 1, 1, 1, 0], -23.0)]","[array([2.0359701 , 4.97778176, 3.72162646, 1.36554057, 1.36903702,
       1.99674409, 0.32523653, 4.53236471, 2.86430017, 3.39908004,
       0.22916037, 1.01117443, 5.51641067, 2.81071915, 1.36408072,
       1.27588526, 2.68087782, 4.67234892, 1.23567166, 5.70462151,
       5.08261021, 1.51583576, 6.18015255, 1.49932846, 5.76901731,
       4.60384097, 4.9996316 , 3.94305563, 2.21885557, 5.52688854,
       2.97056659, 2.60269955, 2.28986126, 0.6068012 , 1.81404103,
       2.98439038, 0.27270145, 4.68102839, 2.53278524, 5.35556688,
       4.07710559, 0.52310736, 2.4787829 , 5.5374113 , 2.24813461,
       1.05902994, 4.85992595, 5.55858879, 2.7106571 , 3.41918293,
       0.10789651, 3.0627208 , 3.0846858 , 4.67731266, 4.91008346,
       4.79148305, 5.97527141, 3.13952679, 2.71584687, 1.48892672])]",[720.9533407688141]
