,problem,layers,optimizer,solutions,parameters,time
0,"{'type': 'maxcut', 'graph': {'directed': False, 'multigraph': False, 'graph': {}, 'nodes': [{'id': 0}, {'id': 1}, {'id': 2}, {'id': 3}, {'id': 4}, {'id': 5}], 'links': [{'weight': 7, 'source': 0, 'target': 1}, {'weight': 6, 'source': 0, 'target': 2}, {'weight': 7, 'source': 0, 'target': 3}, {'weight': 4, 'source': 0, 'target': 4}, {'weight': 4, 'source': 0, 'target': 5}, {'weight': 2, 'source': 1, 'target': 2}, {'weight': 3, 'source': 1, 'target': 3}, {'weight': 8, 'source': 1, 'target': 4}, {'weight': 6, 'source': 1, 'target': 5}, {'weight': 1, 'source': 2, 'target': 3}, {'weight': 3, 'source': 2, 'target': 4}, {'weight': 1, 'source': 2, 'target': 5}, {'weight': 5, 'source': 3, 'target': 4}, {'weight': 3, 'source': 3, 'target': 5}, {'weight': 9, 'source': 4, 'target': 5}]}, 'position': {0: [-0.3530969605659351, 0.23653079210894307], 1: [-0.014831158988742517, -0.5502250464361691], 2: [-1.0, -0.1882379096458032], 3: [0.26073034696767516, 0.7833475704555309], 4: [0.3319078567906819, 0.06165714010134473], 5: [0.7752899157963203, -0.34307254658384684]}, 'solution': ([0, 1, 1, 1, 0, 1], 49.0)}",28,"{'optimizer': 'COBYLA', 'maxiter': 100, 'shots': 1024, 'parameter_strategy': 'RANDOM', 'x0': None, 'backend': <QAOA_Tester.Backend.NoisyEstimatorBackend object at 0x7f2ed7e84640>}","[([1, 0, 1, 1, 0, 0], -32.0)]","[array([ 2.91802573,  1.05608802,  1.15485191,  2.6770355 ,  5.1534229 ,
        5.97197102,  4.6333882 ,  4.86897661,  1.15803217, -0.04742401,
        2.68164382,  1.39293431,  3.10764304,  4.94933904,  1.95550917,
        1.4662659 ,  2.56333088,  1.794705  ,  4.79278763,  3.76595838,
        4.00548016,  5.25155755,  2.92016962,  5.44133328,  2.13649182,
        3.13410483,  5.34320665,  1.98164864,  0.79352351,  6.06297311,
        5.95582597,  6.15564399,  1.53729522,  2.52122728,  0.65420839,
        4.45562097,  2.58421432,  0.61159396,  4.97353011,  0.63874806,
        1.4720408 ,  4.49806998,  4.26363888,  2.65637406,  1.02964454,
        4.5258411 ,  0.36720591,  1.23845429,  5.10202681,  3.30005693,
        3.9838431 ,  6.06633846,  2.09221457,  2.67722263,  6.1406818 ,
        2.18534836])]",[645.1063125133514]
