,problem,layers,optimizer,solutions,parameters,time
0,"{'type': 'maxcut', 'graph': {'directed': False, 'multigraph': False, 'graph': {}, 'nodes': [{'id': 0}, {'id': 1}, {'id': 2}, {'id': 3}, {'id': 4}, {'id': 5}], 'links': [{'weight': 7, 'source': 0, 'target': 1}, {'weight': 6, 'source': 0, 'target': 2}, {'weight': 7, 'source': 0, 'target': 3}, {'weight': 4, 'source': 0, 'target': 4}, {'weight': 4, 'source': 0, 'target': 5}, {'weight': 2, 'source': 1, 'target': 2}, {'weight': 3, 'source': 1, 'target': 3}, {'weight': 8, 'source': 1, 'target': 4}, {'weight': 6, 'source': 1, 'target': 5}, {'weight': 1, 'source': 2, 'target': 3}, {'weight': 3, 'source': 2, 'target': 4}, {'weight': 1, 'source': 2, 'target': 5}, {'weight': 5, 'source': 3, 'target': 4}, {'weight': 3, 'source': 3, 'target': 5}, {'weight': 9, 'source': 4, 'target': 5}]}, 'position': {0: [-0.3530969605659351, 0.23653079210894307], 1: [-0.014831158988742517, -0.5502250464361691], 2: [-1.0, -0.1882379096458032], 3: [0.26073034696767516, 0.7833475704555309], 4: [0.3319078567906819, 0.06165714010134473], 5: [0.7752899157963203, -0.34307254658384684]}, 'solution': ([0, 1, 1, 1, 0, 1], 49.0)}",30,"{'optimizer': 'COBYLA', 'maxiter': 100, 'shots': 1024, 'parameter_strategy': 'RANDOM', 'x0': None, 'backend': <QAOA_Tester.Backend.NoisyEstimatorBackend object at 0x7f37a964ff40>}","[([1, 1, 0, 1, 1, 0], -34.0)]","[array([2.28769573, 3.85772058, 1.95919674, 0.0391555 , 6.11963492,
       2.51531157, 4.46513747, 0.2051025 , 3.03202821, 1.25224336,
       2.72426231, 0.96959341, 0.43371006, 2.26456266, 3.57753139,
       4.93117983, 5.71745024, 3.25938558, 3.74047712, 3.87091564,
       5.66935538, 5.27574612, 3.90503342, 2.02484693, 0.87335806,
       5.12581696, 5.87461116, 0.29904695, 4.04211282, 1.60939488,
       3.35769575, 1.24156744, 6.21876411, 3.41105631, 1.0033301 ,
       5.00581693, 0.18767743, 5.52576215, 3.64557997, 2.97201921,
       5.10083359, 3.10403499, 0.69977498, 0.54355963, 3.09694561,
       3.36542255, 5.99853645, 5.10519107, 1.09260603, 1.44708732,
       0.07668102, 6.17696613, 2.27265372, 4.95229165, 1.46241901,
       2.12727327, 4.8370502 , 4.86592566, 4.94442927, 4.70756508])]",[724.5242295265198]
