,problem,layers,optimizer,solutions,parameters,time
0,"{'type': 'maxcut', 'graph': {'directed': False, 'multigraph': False, 'graph': {}, 'nodes': [{'id': 0}, {'id': 1}, {'id': 2}, {'id': 3}, {'id': 4}, {'id': 5}], 'links': [{'weight': 7, 'source': 0, 'target': 1}, {'weight': 6, 'source': 0, 'target': 2}, {'weight': 7, 'source': 0, 'target': 3}, {'weight': 4, 'source': 0, 'target': 4}, {'weight': 4, 'source': 0, 'target': 5}, {'weight': 2, 'source': 1, 'target': 2}, {'weight': 3, 'source': 1, 'target': 3}, {'weight': 8, 'source': 1, 'target': 4}, {'weight': 6, 'source': 1, 'target': 5}, {'weight': 1, 'source': 2, 'target': 3}, {'weight': 3, 'source': 2, 'target': 4}, {'weight': 1, 'source': 2, 'target': 5}, {'weight': 5, 'source': 3, 'target': 4}, {'weight': 3, 'source': 3, 'target': 5}, {'weight': 9, 'source': 4, 'target': 5}]}, 'position': {0: [-0.3530969605659351, 0.23653079210894307], 1: [-0.014831158988742517, -0.5502250464361691], 2: [-1.0, -0.1882379096458032], 3: [0.26073034696767516, 0.7833475704555309], 4: [0.3319078567906819, 0.06165714010134473], 5: [0.7752899157963203, -0.34307254658384684]}, 'solution': ([0, 1, 1, 1, 0, 1], 49.0)}",24,"{'optimizer': 'COBYLA', 'maxiter': 100, 'shots': 1024, 'parameter_strategy': 'RANDOM', 'x0': None, 'backend': <QAOA_Tester.Backend.NoisyEstimatorBackend object at 0x7fca2a6f3f10>}","[([1, 0, 1, 0, 1, 0], -44.0)]","[array([1.64605218, 5.98679732, 0.19336168, 3.80397261, 5.16842024,
       6.07932653, 2.89217679, 5.35637492, 5.33056476, 5.73006344,
       5.28950889, 4.48473521, 4.48942143, 4.15135954, 3.31875841,
       2.71945299, 4.75319026, 5.11174283, 0.58319102, 1.64981783,
       5.26343355, 2.04165032, 1.31345626, 5.98388845, 6.21068615,
       5.67302267, 6.2068212 , 2.49011634, 4.68878986, 5.70691162,
       3.08312414, 4.63846934, 2.04991746, 4.38948726, 3.65893601,
       2.65547693, 4.43771286, 3.31054534, 4.12752186, 1.16659683,
       2.81119206, 1.47347456, 5.90021314, 0.21125259, 4.58166189,
       5.52251426, 1.20313104, 2.29490683])]",[626.116128206253]
