,problem,layers,optimizer,solutions,parameters,time
0,"{'type': 'maxcut', 'graph': {'directed': False, 'multigraph': False, 'graph': {}, 'nodes': [{'id': 0}, {'id': 1}, {'id': 2}, {'id': 3}, {'id': 4}, {'id': 5}], 'links': [{'weight': 7, 'source': 0, 'target': 1}, {'weight': 6, 'source': 0, 'target': 2}, {'weight': 7, 'source': 0, 'target': 3}, {'weight': 4, 'source': 0, 'target': 4}, {'weight': 4, 'source': 0, 'target': 5}, {'weight': 2, 'source': 1, 'target': 2}, {'weight': 3, 'source': 1, 'target': 3}, {'weight': 8, 'source': 1, 'target': 4}, {'weight': 6, 'source': 1, 'target': 5}, {'weight': 1, 'source': 2, 'target': 3}, {'weight': 3, 'source': 2, 'target': 4}, {'weight': 1, 'source': 2, 'target': 5}, {'weight': 5, 'source': 3, 'target': 4}, {'weight': 3, 'source': 3, 'target': 5}, {'weight': 9, 'source': 4, 'target': 5}]}, 'position': {0: [-0.3530969605659351, 0.23653079210894307], 1: [-0.014831158988742517, -0.5502250464361691], 2: [-1.0, -0.1882379096458032], 3: [0.26073034696767516, 0.7833475704555309], 4: [0.3319078567906819, 0.06165714010134473], 5: [0.7752899157963203, -0.34307254658384684]}, 'solution': ([0, 1, 1, 1, 0, 1], 49.0)}",28,"{'optimizer': 'COBYLA', 'maxiter': 100, 'shots': 1024, 'parameter_strategy': 'RANDOM', 'x0': None, 'backend': <QAOA_Tester.Backend.NoisyEstimatorBackend object at 0x7f9d22514130>}","[([0, 0, 0, 1, 0, 1], -36.0)]","[array([5.29032563, 5.10417167, 2.29741287, 5.89839453, 2.99371561,
       0.69175857, 3.40398206, 4.83907226, 5.45840442, 6.12341935,
       2.94995336, 4.07408238, 3.62897264, 1.37979387, 4.36639098,
       0.87490736, 3.15821609, 2.48304059, 5.91822776, 1.45112063,
       4.70063798, 3.19366387, 6.15857082, 5.70662769, 4.0978581 ,
       3.99609208, 1.6431888 , 2.75710811, 0.79313137, 3.68927491,
       1.65523329, 4.8600982 , 4.30228704, 2.22316189, 5.50986883,
       2.38066349, 0.46240514, 4.11949224, 2.66324099, 5.28486591,
       4.81642644, 3.41971202, 1.9251789 , 3.8632141 , 4.17336269,
       5.86648977, 0.80964217, 0.60600375, 3.75170666, 4.42744214,
       3.95493325, 6.0877879 , 1.13299618, 2.32748563, 0.62375702,
       0.761133  ])]",[625.1874034404755]
