,problem,layers,optimizer,solutions,parameters,time
0,"{'type': 'maxcut', 'graph': {'directed': False, 'multigraph': False, 'graph': {}, 'nodes': [{'id': 0}, {'id': 1}, {'id': 2}, {'id': 3}, {'id': 4}, {'id': 5}], 'links': [{'weight': 7, 'source': 0, 'target': 1}, {'weight': 6, 'source': 0, 'target': 2}, {'weight': 7, 'source': 0, 'target': 3}, {'weight': 4, 'source': 0, 'target': 4}, {'weight': 4, 'source': 0, 'target': 5}, {'weight': 2, 'source': 1, 'target': 2}, {'weight': 3, 'source': 1, 'target': 3}, {'weight': 8, 'source': 1, 'target': 4}, {'weight': 6, 'source': 1, 'target': 5}, {'weight': 1, 'source': 2, 'target': 3}, {'weight': 3, 'source': 2, 'target': 4}, {'weight': 1, 'source': 2, 'target': 5}, {'weight': 5, 'source': 3, 'target': 4}, {'weight': 3, 'source': 3, 'target': 5}, {'weight': 9, 'source': 4, 'target': 5}]}, 'position': {0: [-0.3530969605659351, 0.23653079210894307], 1: [-0.014831158988742517, -0.5502250464361691], 2: [-1.0, -0.1882379096458032], 3: [0.26073034696767516, 0.7833475704555309], 4: [0.3319078567906819, 0.06165714010134473], 5: [0.7752899157963203, -0.34307254658384684]}, 'solution': ([0, 1, 1, 1, 0, 1], 49.0)}",27,"{'optimizer': 'COBYLA', 'maxiter': 100, 'shots': 1024, 'parameter_strategy': 'RANDOM', 'x0': None, 'backend': <QAOA_Tester.Backend.NoisyEstimatorBackend object at 0x7fd8744cfc10>}","[([0, 1, 0, 0, 0, 1], -37.0)]","[array([6.2409523 , 4.03171988, 5.59309421, 1.14082971, 5.01696694,
       1.03768635, 4.0692758 , 3.48078109, 3.46668707, 0.38627613,
       1.71109114, 4.87201503, 0.67452471, 0.24740571, 4.69272568,
       5.78444594, 1.98328913, 5.72648489, 1.27618836, 2.74562703,
       0.21881926, 1.74912662, 2.95839175, 3.9579978 , 3.69091734,
       0.89781357, 1.21291597, 3.77063641, 2.84666981, 5.53808175,
       2.30859815, 0.02136717, 3.32957266, 6.23165987, 1.20267811,
       4.79090964, 4.88521614, 4.71782001, 1.38745063, 4.50398594,
       3.27197536, 0.44009693, 6.01860796, 4.97639053, 0.54545587,
       5.36017651, 0.64016841, 4.67018868, 2.88813044, 2.64664135,
       5.37229663, 0.06135028, 2.45441526, 5.8279473 ])]",[683.8741581439972]
