,problem,layers,optimizer,solutions,parameters,time
0,"{'type': 'maxcut', 'graph': {'directed': False, 'multigraph': False, 'graph': {}, 'nodes': [{'id': 0}, {'id': 1}, {'id': 2}, {'id': 3}, {'id': 4}, {'id': 5}], 'links': [{'weight': 7, 'source': 0, 'target': 1}, {'weight': 6, 'source': 0, 'target': 2}, {'weight': 7, 'source': 0, 'target': 3}, {'weight': 4, 'source': 0, 'target': 4}, {'weight': 4, 'source': 0, 'target': 5}, {'weight': 2, 'source': 1, 'target': 2}, {'weight': 3, 'source': 1, 'target': 3}, {'weight': 8, 'source': 1, 'target': 4}, {'weight': 6, 'source': 1, 'target': 5}, {'weight': 1, 'source': 2, 'target': 3}, {'weight': 3, 'source': 2, 'target': 4}, {'weight': 1, 'source': 2, 'target': 5}, {'weight': 5, 'source': 3, 'target': 4}, {'weight': 3, 'source': 3, 'target': 5}, {'weight': 9, 'source': 4, 'target': 5}]}, 'position': {0: [-0.3530969605659351, 0.23653079210894307], 1: [-0.014831158988742517, -0.5502250464361691], 2: [-1.0, -0.1882379096458032], 3: [0.26073034696767516, 0.7833475704555309], 4: [0.3319078567906819, 0.06165714010134473], 5: [0.7752899157963203, -0.34307254658384684]}, 'solution': ([0, 1, 1, 1, 0, 1], 49.0)}",27,"{'optimizer': 'COBYLA', 'maxiter': 100, 'shots': 1024, 'parameter_strategy': 'RANDOM', 'x0': None, 'backend': <QAOA_Tester.Backend.NoisyEstimatorBackend object at 0x7f23aa8b0640>}","[([0, 1, 1, 1, 1, 1], -28.0)]","[array([ 2.06887191e+00,  5.85286233e+00,  5.94378192e+00,  3.12884603e-01,
        2.52642455e+00,  5.63995614e-03,  2.03605560e+00,  3.34057318e+00,
        4.59016761e+00,  2.73803670e+00, -4.25602492e-02,  3.46500520e+00,
        3.06566628e+00,  1.55707214e+00,  1.68139425e+00,  3.58015884e+00,
        2.00853179e+00,  2.62669786e+00,  5.04015090e+00,  2.60671303e+00,
        5.07847877e+00,  3.93123697e+00,  8.79133025e-01,  1.80033798e+00,
        1.73310589e+00,  5.83893137e-01,  3.65689458e+00,  6.13465599e+00,
        6.01851225e-01,  6.23509947e+00,  5.11450447e+00,  3.01594027e+00,
        4.09760078e+00,  1.58681163e+00,  4.76038530e+00,  3.30041487e+00,
        2.05299093e+00,  2.74942669e+00,  5.32070364e+00,  5.75161800e+00,
        3.16555492e+00,  7.77483437e-02,  5.82828996e+00,  4.41742564e-01,
        1.99974046e+00,  6.57401275e-01,  4.74826925e-01,  1.66232645e+00,
        5.36216645e+00,  1.02183412e+00,  6.36077144e-01,  3.14542247e+00,
        5.29017138e+00,  4.97154675e+00])]",[638.2330281734467]
