,problem,layers,optimizer,solutions,parameters,time
0,"{'type': 'maxcut', 'graph': {'directed': False, 'multigraph': False, 'graph': {}, 'nodes': [{'id': 0}, {'id': 1}, {'id': 2}, {'id': 3}, {'id': 4}, {'id': 5}], 'links': [{'weight': 7, 'source': 0, 'target': 1}, {'weight': 6, 'source': 0, 'target': 2}, {'weight': 7, 'source': 0, 'target': 3}, {'weight': 4, 'source': 0, 'target': 4}, {'weight': 4, 'source': 0, 'target': 5}, {'weight': 2, 'source': 1, 'target': 2}, {'weight': 3, 'source': 1, 'target': 3}, {'weight': 8, 'source': 1, 'target': 4}, {'weight': 6, 'source': 1, 'target': 5}, {'weight': 1, 'source': 2, 'target': 3}, {'weight': 3, 'source': 2, 'target': 4}, {'weight': 1, 'source': 2, 'target': 5}, {'weight': 5, 'source': 3, 'target': 4}, {'weight': 3, 'source': 3, 'target': 5}, {'weight': 9, 'source': 4, 'target': 5}]}, 'position': {0: [-0.3530969605659351, 0.23653079210894307], 1: [-0.014831158988742517, -0.5502250464361691], 2: [-1.0, -0.1882379096458032], 3: [0.26073034696767516, 0.7833475704555309], 4: [0.3319078567906819, 0.06165714010134473], 5: [0.7752899157963203, -0.34307254658384684]}, 'solution': ([0, 1, 1, 1, 0, 1], 49.0)}",28,"{'optimizer': 'COBYLA', 'maxiter': 100, 'shots': 1024, 'parameter_strategy': 'RANDOM', 'x0': None, 'backend': <QAOA_Tester.Backend.NoisyEstimatorBackend object at 0x7fb660fa92a0>}","[([1, 1, 1, 1, 1, 1], 0.0)]","[array([0.12374828, 4.04965008, 0.83101336, 5.86031763, 4.33907051,
       4.56813928, 3.45371762, 2.13898538, 4.3787828 , 2.34309159,
       1.39093652, 4.85887012, 2.38191898, 6.260255  , 2.84651522,
       1.91042661, 6.22873735, 4.4542103 , 2.76271232, 0.5487331 ,
       1.84317778, 3.86745805, 4.60547592, 0.31142034, 3.6356391 ,
       4.02329   , 4.77271989, 3.89248473, 0.59453832, 2.38001336,
       0.27485374, 3.48204573, 5.99038539, 5.58439643, 2.65198126,
       0.05767908, 4.61747386, 1.85558421, 1.5925795 , 0.74071566,
       0.5906594 , 5.66591016, 5.25429164, 0.15014486, 1.7294901 ,
       1.17159161, 0.83281534, 0.12490041, 2.00686795, 4.70486098,
       0.8177841 , 4.27268213, 3.80784434, 5.19307821, 2.88265429,
       3.3519382 ])]",[667.1670579910278]
