,problem,layers,optimizer,solutions,parameters,time
0,"{'type': 'maxcut', 'graph': {'directed': False, 'multigraph': False, 'graph': {}, 'nodes': [{'id': 0}, {'id': 1}, {'id': 2}, {'id': 3}, {'id': 4}, {'id': 5}], 'links': [{'weight': 7, 'source': 0, 'target': 1}, {'weight': 6, 'source': 0, 'target': 2}, {'weight': 7, 'source': 0, 'target': 3}, {'weight': 4, 'source': 0, 'target': 4}, {'weight': 4, 'source': 0, 'target': 5}, {'weight': 2, 'source': 1, 'target': 2}, {'weight': 3, 'source': 1, 'target': 3}, {'weight': 8, 'source': 1, 'target': 4}, {'weight': 6, 'source': 1, 'target': 5}, {'weight': 1, 'source': 2, 'target': 3}, {'weight': 3, 'source': 2, 'target': 4}, {'weight': 1, 'source': 2, 'target': 5}, {'weight': 5, 'source': 3, 'target': 4}, {'weight': 3, 'source': 3, 'target': 5}, {'weight': 9, 'source': 4, 'target': 5}]}, 'position': {0: [-0.3530969605659351, 0.23653079210894307], 1: [-0.014831158988742517, -0.5502250464361691], 2: [-1.0, -0.1882379096458032], 3: [0.26073034696767516, 0.7833475704555309], 4: [0.3319078567906819, 0.06165714010134473], 5: [0.7752899157963203, -0.34307254658384684]}, 'solution': ([0, 1, 1, 1, 0, 1], 49.0)}",24,"{'optimizer': 'COBYLA', 'maxiter': 100, 'shots': 1024, 'parameter_strategy': 'RANDOM', 'x0': None, 'backend': <QAOA_Tester.Backend.NoisyEstimatorBackend object at 0x7f56296c5390>}","[([0, 0, 0, 1, 1, 0], -38.0)]","[array([0.26929624, 0.13226576, 0.45186391, 3.09764063, 0.14478728,
       5.18301392, 4.89434201, 4.59261252, 2.45612898, 0.10552587,
       5.91690699, 1.86558851, 5.39862463, 2.04032281, 4.47487786,
       3.4611144 , 1.73963247, 1.43487928, 0.31159681, 1.36528577,
       4.60986394, 3.62594743, 4.06273766, 6.04719505, 1.26271621,
       3.64711356, 1.66262331, 1.06824027, 2.28285686, 6.06394984,
       5.25019993, 2.15125195, 5.00514058, 0.45555351, 3.43852894,
       2.52706744, 1.03246072, 2.41698169, 5.23517375, 2.54652732,
       4.06750303, 4.4486491 , 6.03923244, 1.70416166, 3.88190019,
       0.26918457, 2.11897245, 0.02430889])]",[692.0263895988464]
