,problem,layers,optimizer,solutions,parameters,time
0,"{'type': 'maxcut', 'graph': {'directed': False, 'multigraph': False, 'graph': {}, 'nodes': [{'id': 0}, {'id': 1}, {'id': 2}, {'id': 3}, {'id': 4}, {'id': 5}], 'links': [{'weight': 7, 'source': 0, 'target': 1}, {'weight': 6, 'source': 0, 'target': 2}, {'weight': 7, 'source': 0, 'target': 3}, {'weight': 4, 'source': 0, 'target': 4}, {'weight': 4, 'source': 0, 'target': 5}, {'weight': 2, 'source': 1, 'target': 2}, {'weight': 3, 'source': 1, 'target': 3}, {'weight': 8, 'source': 1, 'target': 4}, {'weight': 6, 'source': 1, 'target': 5}, {'weight': 1, 'source': 2, 'target': 3}, {'weight': 3, 'source': 2, 'target': 4}, {'weight': 1, 'source': 2, 'target': 5}, {'weight': 5, 'source': 3, 'target': 4}, {'weight': 3, 'source': 3, 'target': 5}, {'weight': 9, 'source': 4, 'target': 5}]}, 'position': {0: [-0.3530969605659351, 0.23653079210894307], 1: [-0.014831158988742517, -0.5502250464361691], 2: [-1.0, -0.1882379096458032], 3: [0.26073034696767516, 0.7833475704555309], 4: [0.3319078567906819, 0.06165714010134473], 5: [0.7752899157963203, -0.34307254658384684]}, 'solution': ([0, 1, 1, 1, 0, 1], 49.0)}",22,"{'optimizer': 'COBYLA', 'maxiter': 100, 'shots': 1024, 'parameter_strategy': 'RANDOM', 'x0': None, 'backend': <QAOA_Tester.Backend.NoisyEstimatorBackend object at 0x7f5a95f75150>}","[([0, 1, 1, 1, 1, 1], -28.0)]","[array([1.37453495, 3.11851354, 5.35661694, 6.09250719, 6.40404294,
       0.50735313, 1.27917063, 0.84115149, 5.99853806, 5.66218899,
       0.4880121 , 1.90005775, 1.02904518, 1.55528533, 4.94671875,
       1.12471172, 4.62483987, 4.65775517, 0.79440326, 2.56147037,
       6.93995244, 6.91911408, 0.62804186, 3.07699545, 2.81056563,
       3.37493611, 2.34709385, 5.87669181, 1.68545895, 1.44219207,
       3.06084772, 2.27187901, 3.44321234, 2.65138115, 1.54683685,
       3.30049064, 0.92416538, 6.36219085, 5.64283155, 2.40017946,
       4.86254541, 0.8040765 , 5.16681592, 2.97425953])]",[625.8996467590332]
