,problem,layers,optimizer,solutions,parameters,time
0,"{'type': 'maxcut', 'graph': {'directed': False, 'multigraph': False, 'graph': {}, 'nodes': [{'id': 0}, {'id': 1}, {'id': 2}, {'id': 3}, {'id': 4}, {'id': 5}], 'links': [{'weight': 7, 'source': 0, 'target': 1}, {'weight': 6, 'source': 0, 'target': 2}, {'weight': 7, 'source': 0, 'target': 3}, {'weight': 4, 'source': 0, 'target': 4}, {'weight': 4, 'source': 0, 'target': 5}, {'weight': 2, 'source': 1, 'target': 2}, {'weight': 3, 'source': 1, 'target': 3}, {'weight': 8, 'source': 1, 'target': 4}, {'weight': 6, 'source': 1, 'target': 5}, {'weight': 1, 'source': 2, 'target': 3}, {'weight': 3, 'source': 2, 'target': 4}, {'weight': 1, 'source': 2, 'target': 5}, {'weight': 5, 'source': 3, 'target': 4}, {'weight': 3, 'source': 3, 'target': 5}, {'weight': 9, 'source': 4, 'target': 5}]}, 'position': {0: [-0.3530969605659351, 0.23653079210894307], 1: [-0.014831158988742517, -0.5502250464361691], 2: [-1.0, -0.1882379096458032], 3: [0.26073034696767516, 0.7833475704555309], 4: [0.3319078567906819, 0.06165714010134473], 5: [0.7752899157963203, -0.34307254658384684]}, 'solution': ([0, 1, 1, 1, 0, 1], 49.0)}",29,"{'optimizer': 'COBYLA', 'maxiter': 100, 'shots': 1024, 'parameter_strategy': 'RANDOM', 'x0': None, 'backend': <QAOA_Tester.Backend.NoisyEstimatorBackend object at 0x7f46dcb69420>}","[([1, 1, 0, 1, 0, 0], -39.0)]","[array([1.19222485, 2.43937337, 3.23503531, 2.51584525, 0.96476909,
       0.83538314, 0.27262726, 2.85978379, 2.79963575, 6.08275656,
       0.08454396, 1.3283731 , 4.42683648, 3.8759072 , 3.75336616,
       3.26324151, 2.53541219, 0.54140037, 0.15487029, 1.63365336,
       4.92450196, 3.52129687, 6.33591804, 4.1345725 , 4.56966272,
       5.10447929, 4.48533538, 1.79626311, 2.98182636, 5.05727418,
       1.91679296, 5.09870841, 2.98278066, 3.10997497, 4.06310019,
       5.03489539, 1.9719662 , 3.70724208, 0.2254044 , 0.37361726,
       3.87957453, 1.78772188, 2.66233734, 0.15023811, 3.0933095 ,
       0.49276332, 0.71757993, 5.41039303, 3.82297076, 4.4597053 ,
       3.50913686, 3.43693225, 3.60979334, 5.40550967, 2.90293477,
       5.64094067, 4.79155354, 4.25803185])]",[668.4337611198425]
