,problem,layers,optimizer,solutions,parameters,time
0,"{'type': 'maxcut', 'graph': {'directed': False, 'multigraph': False, 'graph': {}, 'nodes': [{'id': 0}, {'id': 1}, {'id': 2}, {'id': 3}, {'id': 4}, {'id': 5}], 'links': [{'weight': 7, 'source': 0, 'target': 1}, {'weight': 6, 'source': 0, 'target': 2}, {'weight': 7, 'source': 0, 'target': 3}, {'weight': 4, 'source': 0, 'target': 4}, {'weight': 4, 'source': 0, 'target': 5}, {'weight': 2, 'source': 1, 'target': 2}, {'weight': 3, 'source': 1, 'target': 3}, {'weight': 8, 'source': 1, 'target': 4}, {'weight': 6, 'source': 1, 'target': 5}, {'weight': 1, 'source': 2, 'target': 3}, {'weight': 3, 'source': 2, 'target': 4}, {'weight': 1, 'source': 2, 'target': 5}, {'weight': 5, 'source': 3, 'target': 4}, {'weight': 3, 'source': 3, 'target': 5}, {'weight': 9, 'source': 4, 'target': 5}]}, 'position': {0: [-0.3530969605659351, 0.23653079210894307], 1: [-0.014831158988742517, -0.5502250464361691], 2: [-1.0, -0.1882379096458032], 3: [0.26073034696767516, 0.7833475704555309], 4: [0.3319078567906819, 0.06165714010134473], 5: [0.7752899157963203, -0.34307254658384684]}, 'solution': ([0, 1, 1, 1, 0, 1], 49.0)}",28,"{'optimizer': 'COBYLA', 'maxiter': 100, 'shots': 1024, 'parameter_strategy': 'RANDOM', 'x0': None, 'backend': <QAOA_Tester.Backend.NoisyEstimatorBackend object at 0x7feb0dca60e0>}","[([1, 0, 1, 0, 1, 1], -39.0)]","[array([3.10984194, 3.70864987, 0.26112475, 0.35878482, 4.9666383 ,
       5.17013718, 3.74013476, 4.39830253, 5.54168454, 6.03915645,
       0.41696764, 6.26188715, 1.3700826 , 3.95338312, 5.86021868,
       1.35388309, 3.26090379, 4.73583765, 0.97079083, 3.99312237,
       0.66063505, 2.66454251, 5.02518464, 4.39212048, 2.13643186,
       1.98640866, 0.22540075, 2.85941323, 3.58998939, 0.0546594 ,
       2.71803806, 1.04577   , 3.15927603, 3.7789122 , 2.65747549,
       4.82721077, 5.83387152, 3.22781252, 3.64174368, 1.53180333,
       5.85403896, 3.71860303, 4.27734877, 2.03295453, 3.11222799,
       6.01859481, 2.71231058, 4.05258489, 4.393635  , 1.66525087,
       6.01585016, 2.55946547, 1.38802493, 1.5832792 , 2.54441399,
       5.29397134])]",[626.9954178333282]
