,problem,layers,optimizer,solutions,parameters,time
0,"{'type': 'maxcut', 'graph': {'directed': False, 'multigraph': False, 'graph': {}, 'nodes': [{'id': 0}, {'id': 1}, {'id': 2}, {'id': 3}, {'id': 4}, {'id': 5}], 'links': [{'weight': 7, 'source': 0, 'target': 1}, {'weight': 6, 'source': 0, 'target': 2}, {'weight': 7, 'source': 0, 'target': 3}, {'weight': 4, 'source': 0, 'target': 4}, {'weight': 4, 'source': 0, 'target': 5}, {'weight': 2, 'source': 1, 'target': 2}, {'weight': 3, 'source': 1, 'target': 3}, {'weight': 8, 'source': 1, 'target': 4}, {'weight': 6, 'source': 1, 'target': 5}, {'weight': 1, 'source': 2, 'target': 3}, {'weight': 3, 'source': 2, 'target': 4}, {'weight': 1, 'source': 2, 'target': 5}, {'weight': 5, 'source': 3, 'target': 4}, {'weight': 3, 'source': 3, 'target': 5}, {'weight': 9, 'source': 4, 'target': 5}]}, 'position': {0: [-0.3530969605659351, 0.23653079210894307], 1: [-0.014831158988742517, -0.5502250464361691], 2: [-1.0, -0.1882379096458032], 3: [0.26073034696767516, 0.7833475704555309], 4: [0.3319078567906819, 0.06165714010134473], 5: [0.7752899157963203, -0.34307254658384684]}, 'solution': ([0, 1, 1, 1, 0, 1], 49.0)}",30,"{'optimizer': 'COBYLA', 'maxiter': 100, 'shots': 1024, 'parameter_strategy': 'RANDOM', 'x0': None, 'backend': <QAOA_Tester.Backend.NoisyEstimatorBackend object at 0x7f47dd392320>}","[([0, 1, 0, 0, 0, 1], -37.0)]","[array([3.77892453, 5.74391326, 5.65155317, 2.02031825, 2.59848241,
       1.94367083, 4.98237855, 2.65492926, 5.04641486, 4.25597423,
       2.20159467, 2.67710701, 2.2405601 , 0.9804384 , 2.11189356,
       1.86237733, 6.16567083, 0.26523585, 0.15119481, 5.80637114,
       3.25294746, 1.88708833, 1.44473354, 5.54543336, 4.98946236,
       3.63869721, 0.71717266, 1.26717006, 0.61698295, 4.04882213,
       5.54387024, 4.22246055, 4.10595174, 3.14013811, 2.29817175,
       2.14625039, 1.02198006, 3.35294327, 0.91838781, 0.44779528,
       2.75487082, 0.49736859, 2.60803126, 2.94091497, 2.02958305,
       4.50205623, 1.77875134, 3.65677227, 5.92309622, 5.89036704,
       5.79932708, 3.13811941, 1.07315329, 5.87055662, 4.94963126,
       5.31009741, 5.56396657, 0.08288205, 1.09540046, 0.50398885])]",[714.8390245437622]
