,problem,layers,optimizer,solutions,parameters,time
0,"{'type': 'maxcut', 'graph': {'directed': False, 'multigraph': False, 'graph': {}, 'nodes': [{'id': 0}, {'id': 1}, {'id': 2}, {'id': 3}, {'id': 4}, {'id': 5}], 'links': [{'weight': 7, 'source': 0, 'target': 1}, {'weight': 6, 'source': 0, 'target': 2}, {'weight': 7, 'source': 0, 'target': 3}, {'weight': 4, 'source': 0, 'target': 4}, {'weight': 4, 'source': 0, 'target': 5}, {'weight': 2, 'source': 1, 'target': 2}, {'weight': 3, 'source': 1, 'target': 3}, {'weight': 8, 'source': 1, 'target': 4}, {'weight': 6, 'source': 1, 'target': 5}, {'weight': 1, 'source': 2, 'target': 3}, {'weight': 3, 'source': 2, 'target': 4}, {'weight': 1, 'source': 2, 'target': 5}, {'weight': 5, 'source': 3, 'target': 4}, {'weight': 3, 'source': 3, 'target': 5}, {'weight': 9, 'source': 4, 'target': 5}]}, 'position': {0: [-0.3530969605659351, 0.23653079210894307], 1: [-0.014831158988742517, -0.5502250464361691], 2: [-1.0, -0.1882379096458032], 3: [0.26073034696767516, 0.7833475704555309], 4: [0.3319078567906819, 0.06165714010134473], 5: [0.7752899157963203, -0.34307254658384684]}, 'solution': ([0, 1, 1, 1, 0, 1], 49.0)}",24,"{'optimizer': 'COBYLA', 'maxiter': 100, 'shots': 1024, 'parameter_strategy': 'RANDOM', 'x0': None, 'backend': <QAOA_Tester.Backend.NoisyEstimatorBackend object at 0x7fbbae517cd0>}","[([1, 1, 1, 0, 0, 0], -37.0)]","[array([4.49183758, 5.43481325, 3.26738138, 5.70428338, 3.57412051,
       4.24770621, 1.34050232, 1.1823041 , 1.4962811 , 4.4176137 ,
       4.72862355, 3.24510287, 5.98318817, 3.8862566 , 5.98984731,
       3.64239102, 4.4893436 , 3.52814584, 0.56398963, 1.93799221,
       3.33639796, 2.75255711, 5.07458973, 1.1803622 , 1.0677091 ,
       4.06173929, 2.22776451, 2.62466719, 5.74528515, 4.5373204 ,
       1.63856612, 4.0480168 , 3.56756618, 2.65846579, 5.19334388,
       3.3613675 , 4.50152907, 1.66144025, 0.86004255, 5.58007513,
       3.37437537, 6.05084789, 3.67788034, 0.53591229, 3.93714812,
       1.52406166, 2.20916392, 0.74357167])]",[638.8379974365234]
