,problem,layers,optimizer,solutions,parameters,time
0,"{'type': 'maxcut', 'graph': {'directed': False, 'multigraph': False, 'graph': {}, 'nodes': [{'id': 0}, {'id': 1}, {'id': 2}, {'id': 3}, {'id': 4}, {'id': 5}], 'links': [{'weight': 7, 'source': 0, 'target': 1}, {'weight': 6, 'source': 0, 'target': 2}, {'weight': 7, 'source': 0, 'target': 3}, {'weight': 4, 'source': 0, 'target': 4}, {'weight': 4, 'source': 0, 'target': 5}, {'weight': 2, 'source': 1, 'target': 2}, {'weight': 3, 'source': 1, 'target': 3}, {'weight': 8, 'source': 1, 'target': 4}, {'weight': 6, 'source': 1, 'target': 5}, {'weight': 1, 'source': 2, 'target': 3}, {'weight': 3, 'source': 2, 'target': 4}, {'weight': 1, 'source': 2, 'target': 5}, {'weight': 5, 'source': 3, 'target': 4}, {'weight': 3, 'source': 3, 'target': 5}, {'weight': 9, 'source': 4, 'target': 5}]}, 'position': {0: [-0.3530969605659351, 0.23653079210894307], 1: [-0.014831158988742517, -0.5502250464361691], 2: [-1.0, -0.1882379096458032], 3: [0.26073034696767516, 0.7833475704555309], 4: [0.3319078567906819, 0.06165714010134473], 5: [0.7752899157963203, -0.34307254658384684]}, 'solution': ([0, 1, 1, 1, 0, 1], 49.0)}",29,"{'optimizer': 'COBYLA', 'maxiter': 100, 'shots': 1024, 'parameter_strategy': 'RANDOM', 'x0': None, 'backend': <QAOA_Tester.Backend.NoisyEstimatorBackend object at 0x7f454df33d30>}","[([1, 1, 1, 0, 1, 1], -19.0)]","[array([ 5.90493183,  3.78613181,  0.98256359,  5.65488924,  5.68211351,
        5.33354094,  2.84516218,  2.59767837,  3.6686971 ,  4.92823488,
        1.87529821,  2.3176587 ,  5.59296624,  2.0627427 ,  3.56861758,
        5.65769884,  1.90067611,  3.22434966,  2.09012691,  0.7858095 ,
        0.91839533,  4.59789017,  1.21316678,  0.16822333,  6.13128304,
        1.11673943,  6.22777438,  1.93226242,  8.41927988, -0.02224096,
        6.37011287,  5.83454928,  3.55853207,  5.27950337,  2.34518115,
        3.15116205,  1.97441127,  1.74851906,  2.38432337,  4.12489806,
        0.80148473,  1.12895188,  3.90394198,  1.5807983 ,  6.08961483,
        1.12704591,  5.07343962,  5.10655635,  4.76826924,  2.9119027 ,
        3.63882888,  2.95536327,  4.1509866 ,  5.85869235,  5.7154203 ,
        0.37698557,  6.36168769,  1.73113258])]",[636.7015936374664]
