,problem,layers,optimizer,solutions,parameters,time
0,"{'type': 'maxcut', 'graph': {'directed': False, 'multigraph': False, 'graph': {}, 'nodes': [{'id': 0}, {'id': 1}, {'id': 2}, {'id': 3}, {'id': 4}, {'id': 5}], 'links': [{'weight': 7, 'source': 0, 'target': 1}, {'weight': 6, 'source': 0, 'target': 2}, {'weight': 7, 'source': 0, 'target': 3}, {'weight': 4, 'source': 0, 'target': 4}, {'weight': 4, 'source': 0, 'target': 5}, {'weight': 2, 'source': 1, 'target': 2}, {'weight': 3, 'source': 1, 'target': 3}, {'weight': 8, 'source': 1, 'target': 4}, {'weight': 6, 'source': 1, 'target': 5}, {'weight': 1, 'source': 2, 'target': 3}, {'weight': 3, 'source': 2, 'target': 4}, {'weight': 1, 'source': 2, 'target': 5}, {'weight': 5, 'source': 3, 'target': 4}, {'weight': 3, 'source': 3, 'target': 5}, {'weight': 9, 'source': 4, 'target': 5}]}, 'position': {0: [-0.3530969605659351, 0.23653079210894307], 1: [-0.014831158988742517, -0.5502250464361691], 2: [-1.0, -0.1882379096458032], 3: [0.26073034696767516, 0.7833475704555309], 4: [0.3319078567906819, 0.06165714010134473], 5: [0.7752899157963203, -0.34307254658384684]}, 'solution': ([0, 1, 1, 1, 0, 1], 49.0)}",27,"{'optimizer': 'COBYLA', 'maxiter': 100, 'shots': 1024, 'parameter_strategy': 'RANDOM', 'x0': None, 'backend': <QAOA_Tester.Backend.NoisyEstimatorBackend object at 0x7fe68b86df60>}","[([0, 0, 0, 1, 1, 1], -37.0)]","[array([1.02501637, 4.02925842, 3.40154631, 3.67440397, 1.66494237,
       6.00298354, 3.82554545, 4.2264617 , 2.14601961, 5.25523051,
       3.76449252, 3.86096592, 4.68294828, 0.92148136, 1.21641772,
       0.79883792, 1.55068167, 1.76926286, 3.71299336, 4.31573374,
       0.00655236, 5.55797726, 2.50031799, 5.76284937, 3.85369668,
       5.1870414 , 1.2189084 , 4.29006303, 1.29204785, 1.9487755 ,
       5.48329317, 3.88026698, 3.09463554, 3.21963217, 3.24912864,
       1.49378971, 0.91894346, 2.13851443, 2.58584907, 2.20588901,
       5.14743573, 1.05964102, 3.76177883, 4.70733629, 2.44551035,
       0.94983666, 5.18037597, 3.45148848, 0.96663757, 1.73052304,
       0.17535465, 3.80637727, 4.15991846, 2.7402709 ])]",[670.8294150829315]
