,problem,layers,optimizer,solutions,parameters,time
0,"{'type': 'maxcut', 'graph': {'directed': False, 'multigraph': False, 'graph': {}, 'nodes': [{'id': 0}, {'id': 1}, {'id': 2}, {'id': 3}, {'id': 4}, {'id': 5}], 'links': [{'weight': 7, 'source': 0, 'target': 1}, {'weight': 6, 'source': 0, 'target': 2}, {'weight': 7, 'source': 0, 'target': 3}, {'weight': 4, 'source': 0, 'target': 4}, {'weight': 4, 'source': 0, 'target': 5}, {'weight': 2, 'source': 1, 'target': 2}, {'weight': 3, 'source': 1, 'target': 3}, {'weight': 8, 'source': 1, 'target': 4}, {'weight': 6, 'source': 1, 'target': 5}, {'weight': 1, 'source': 2, 'target': 3}, {'weight': 3, 'source': 2, 'target': 4}, {'weight': 1, 'source': 2, 'target': 5}, {'weight': 5, 'source': 3, 'target': 4}, {'weight': 3, 'source': 3, 'target': 5}, {'weight': 9, 'source': 4, 'target': 5}]}, 'position': {0: [-0.3530969605659351, 0.23653079210894307], 1: [-0.014831158988742517, -0.5502250464361691], 2: [-1.0, -0.1882379096458032], 3: [0.26073034696767516, 0.7833475704555309], 4: [0.3319078567906819, 0.06165714010134473], 5: [0.7752899157963203, -0.34307254658384684]}, 'solution': ([0, 1, 1, 1, 0, 1], 49.0)}",23,"{'optimizer': 'COBYLA', 'maxiter': 100, 'shots': 1024, 'parameter_strategy': 'RANDOM', 'x0': None, 'backend': <QAOA_Tester.Backend.NoisyEstimatorBackend object at 0x7f2bd5c3bd30>}","[([1, 1, 0, 0, 0, 1], -43.0)]","[array([5.49305638, 2.93915734, 4.31841032, 1.30368223, 3.93004299,
       1.95362465, 1.8606704 , 3.57252936, 2.64343293, 4.4458349 ,
       2.78851945, 1.45721404, 5.82450796, 3.87154677, 1.3630846 ,
       5.11274714, 1.52298004, 6.21166086, 3.49976667, 0.38324725,
       6.21047506, 4.49345761, 1.73992452, 1.31364744, 1.60714407,
       4.12950983, 0.48582106, 4.7852868 , 0.80971321, 2.57114528,
       0.27287305, 5.16579257, 3.29947257, 1.64984535, 5.15297995,
       2.45629595, 2.2425266 , 1.00853206, 5.7439099 , 5.23445242,
       0.38843977, 0.69798882, 3.80138663, 3.32241785, 3.49788588,
       4.67267609])]",[623.7250933647156]
