,problem,layers,optimizer,solutions,parameters,time
0,"{'type': 'maxcut', 'graph': {'directed': False, 'multigraph': False, 'graph': {}, 'nodes': [{'id': 0}, {'id': 1}, {'id': 2}, {'id': 3}, {'id': 4}, {'id': 5}], 'links': [{'weight': 7, 'source': 0, 'target': 1}, {'weight': 6, 'source': 0, 'target': 2}, {'weight': 7, 'source': 0, 'target': 3}, {'weight': 4, 'source': 0, 'target': 4}, {'weight': 4, 'source': 0, 'target': 5}, {'weight': 2, 'source': 1, 'target': 2}, {'weight': 3, 'source': 1, 'target': 3}, {'weight': 8, 'source': 1, 'target': 4}, {'weight': 6, 'source': 1, 'target': 5}, {'weight': 1, 'source': 2, 'target': 3}, {'weight': 3, 'source': 2, 'target': 4}, {'weight': 1, 'source': 2, 'target': 5}, {'weight': 5, 'source': 3, 'target': 4}, {'weight': 3, 'source': 3, 'target': 5}, {'weight': 9, 'source': 4, 'target': 5}]}, 'position': {0: [-0.3530969605659351, 0.23653079210894307], 1: [-0.014831158988742517, -0.5502250464361691], 2: [-1.0, -0.1882379096458032], 3: [0.26073034696767516, 0.7833475704555309], 4: [0.3319078567906819, 0.06165714010134473], 5: [0.7752899157963203, -0.34307254658384684]}, 'solution': ([0, 1, 1, 1, 0, 1], 49.0)}",24,"{'optimizer': 'COBYLA', 'maxiter': 100, 'shots': 1024, 'parameter_strategy': 'RANDOM', 'x0': None, 'backend': <QAOA_Tester.Backend.NoisyEstimatorBackend object at 0x7f5eebaa1420>}","[([1, 0, 1, 1, 0, 0], -32.0)]","[array([5.64315588, 3.57004788, 1.51259125, 1.1264839 , 2.1042898 ,
       5.92723777, 0.1283014 , 4.03248506, 1.78424826, 2.83083666,
       2.92347258, 0.08410864, 0.19501682, 2.33358584, 4.49484006,
       0.04046328, 3.89618524, 2.09333714, 0.60379816, 6.05522091,
       6.19081787, 0.50316559, 5.89268661, 4.77813999, 3.5582974 ,
       0.20842507, 2.46870512, 4.55167532, 2.48846475, 2.64512078,
       1.89452669, 4.54657044, 1.74564902, 0.88444887, 0.12164791,
       3.58700907, 5.09843961, 0.73563589, 1.20706153, 5.98525844,
       2.96437457, 0.38487391, 2.01087273, 0.53252499, 5.79402748,
       5.60167009, 2.37268817, 0.26835602])]",[611.2535638809204]
