,problem,layers,optimizer,solutions,parameters,time
0,"{'type': 'maxcut', 'graph': {'directed': False, 'multigraph': False, 'graph': {}, 'nodes': [{'id': 0}, {'id': 1}, {'id': 2}, {'id': 3}, {'id': 4}, {'id': 5}], 'links': [{'weight': 7, 'source': 0, 'target': 1}, {'weight': 6, 'source': 0, 'target': 2}, {'weight': 7, 'source': 0, 'target': 3}, {'weight': 4, 'source': 0, 'target': 4}, {'weight': 4, 'source': 0, 'target': 5}, {'weight': 2, 'source': 1, 'target': 2}, {'weight': 3, 'source': 1, 'target': 3}, {'weight': 8, 'source': 1, 'target': 4}, {'weight': 6, 'source': 1, 'target': 5}, {'weight': 1, 'source': 2, 'target': 3}, {'weight': 3, 'source': 2, 'target': 4}, {'weight': 1, 'source': 2, 'target': 5}, {'weight': 5, 'source': 3, 'target': 4}, {'weight': 3, 'source': 3, 'target': 5}, {'weight': 9, 'source': 4, 'target': 5}]}, 'position': {0: [-0.3530969605659351, 0.23653079210894307], 1: [-0.014831158988742517, -0.5502250464361691], 2: [-1.0, -0.1882379096458032], 3: [0.26073034696767516, 0.7833475704555309], 4: [0.3319078567906819, 0.06165714010134473], 5: [0.7752899157963203, -0.34307254658384684]}, 'solution': ([0, 1, 1, 1, 0, 1], 49.0)}",26,"{'optimizer': 'COBYLA', 'maxiter': 100, 'shots': 1024, 'parameter_strategy': 'RANDOM', 'x0': None, 'backend': <QAOA_Tester.Backend.NoisyEstimatorBackend object at 0x7f7c320f5420>}","[([0, 1, 1, 1, 1, 1], -28.0)]","[array([2.62519891, 1.72512252, 5.24229695, 2.5948621 , 1.34852132,
       2.97327442, 5.78014869, 3.8179746 , 5.11058143, 2.00241059,
       5.76199361, 4.94772328, 0.83713925, 6.0915525 , 0.09588251,
       1.47832438, 5.64137044, 6.04879292, 2.40476742, 5.54324117,
       1.62036867, 1.36496427, 3.76261597, 2.28856992, 2.1700889 ,
       1.28357574, 4.2805826 , 0.59369469, 2.74577998, 4.9930417 ,
       1.58800574, 3.04670156, 3.85911872, 3.99390807, 1.0130291 ,
       0.51027393, 2.12609295, 1.9081025 , 5.82660587, 2.49596732,
       0.25399119, 0.44767362, 6.21809246, 5.01562398, 2.70046067,
       5.80973604, 1.44798604, 6.24695021, 0.08318455, 3.17507783,
       1.5976466 , 2.8427143 ])]",[678.8950614929199]
