,problem,layers,optimizer,solutions,parameters,time
0,"{'type': 'maxcut', 'graph': {'directed': False, 'multigraph': False, 'graph': {}, 'nodes': [{'id': 0}, {'id': 1}, {'id': 2}, {'id': 3}, {'id': 4}, {'id': 5}], 'links': [{'weight': 7, 'source': 0, 'target': 1}, {'weight': 6, 'source': 0, 'target': 2}, {'weight': 7, 'source': 0, 'target': 3}, {'weight': 4, 'source': 0, 'target': 4}, {'weight': 4, 'source': 0, 'target': 5}, {'weight': 2, 'source': 1, 'target': 2}, {'weight': 3, 'source': 1, 'target': 3}, {'weight': 8, 'source': 1, 'target': 4}, {'weight': 6, 'source': 1, 'target': 5}, {'weight': 1, 'source': 2, 'target': 3}, {'weight': 3, 'source': 2, 'target': 4}, {'weight': 1, 'source': 2, 'target': 5}, {'weight': 5, 'source': 3, 'target': 4}, {'weight': 3, 'source': 3, 'target': 5}, {'weight': 9, 'source': 4, 'target': 5}]}, 'position': {0: [-0.3530969605659351, 0.23653079210894307], 1: [-0.014831158988742517, -0.5502250464361691], 2: [-1.0, -0.1882379096458032], 3: [0.26073034696767516, 0.7833475704555309], 4: [0.3319078567906819, 0.06165714010134473], 5: [0.7752899157963203, -0.34307254658384684]}, 'solution': ([0, 1, 1, 1, 0, 1], 49.0)}",28,"{'optimizer': 'COBYLA', 'maxiter': 100, 'shots': 1024, 'parameter_strategy': 'RANDOM', 'x0': None, 'backend': <QAOA_Tester.Backend.NoisyEstimatorBackend object at 0x7f31e3c8c610>}","[([1, 0, 1, 0, 1, 1], -39.0)]","[array([0.95274216, 0.41965334, 4.17072127, 0.20209876, 5.17593903,
       4.45524632, 1.7360416 , 0.8323697 , 1.51773502, 3.89233176,
       5.33192898, 2.18314429, 2.33544917, 2.36370166, 5.91666785,
       2.0474864 , 0.48112894, 4.52208427, 4.40573041, 2.17897696,
       1.08516924, 4.12370348, 6.27646479, 4.7044186 , 3.89269924,
       0.59099419, 5.75370665, 2.07879075, 4.99264747, 1.5458231 ,
       4.09211737, 1.50833407, 1.11854064, 4.06424387, 5.35376933,
       1.71548222, 2.22465573, 1.67242916, 5.31268014, 1.14819719,
       5.62515631, 3.21329203, 0.50905858, 1.3147066 , 2.29410288,
       1.28439765, 0.4781992 , 1.40464376, 6.10772039, 5.03627004,
       4.2997956 , 4.63993347, 0.58723995, 5.80452868, 3.45037553,
       5.86089751])]",[644.6406095027924]
