,problem,layers,optimizer,solutions,parameters,time
0,"{'type': 'maxcut', 'graph': {'directed': False, 'multigraph': False, 'graph': {}, 'nodes': [{'id': 0}, {'id': 1}, {'id': 2}, {'id': 3}, {'id': 4}, {'id': 5}], 'links': [{'weight': 7, 'source': 0, 'target': 1}, {'weight': 6, 'source': 0, 'target': 2}, {'weight': 7, 'source': 0, 'target': 3}, {'weight': 4, 'source': 0, 'target': 4}, {'weight': 4, 'source': 0, 'target': 5}, {'weight': 2, 'source': 1, 'target': 2}, {'weight': 3, 'source': 1, 'target': 3}, {'weight': 8, 'source': 1, 'target': 4}, {'weight': 6, 'source': 1, 'target': 5}, {'weight': 1, 'source': 2, 'target': 3}, {'weight': 3, 'source': 2, 'target': 4}, {'weight': 1, 'source': 2, 'target': 5}, {'weight': 5, 'source': 3, 'target': 4}, {'weight': 3, 'source': 3, 'target': 5}, {'weight': 9, 'source': 4, 'target': 5}]}, 'position': {0: [-0.3530969605659351, 0.23653079210894307], 1: [-0.014831158988742517, -0.5502250464361691], 2: [-1.0, -0.1882379096458032], 3: [0.26073034696767516, 0.7833475704555309], 4: [0.3319078567906819, 0.06165714010134473], 5: [0.7752899157963203, -0.34307254658384684]}, 'solution': ([0, 1, 1, 1, 0, 1], 49.0)}",24,"{'optimizer': 'COBYLA', 'maxiter': 100, 'shots': 1024, 'parameter_strategy': 'RANDOM', 'x0': None, 'backend': <QAOA_Tester.Backend.NoisyEstimatorBackend object at 0x7f346c2dd420>}","[([0, 1, 1, 0, 1, 1], -33.0)]","[array([3.60966906, 5.37253805, 6.1002681 , 2.94829741, 4.83272476,
       1.86924329, 5.18674892, 0.77994697, 1.54539281, 3.39512988,
       5.22532818, 5.51424224, 6.10489026, 4.9644925 , 0.07144638,
       0.98150086, 0.87057625, 2.56596428, 3.85329463, 0.01920207,
       4.63514664, 0.92263226, 5.69814855, 3.14695138, 5.34092646,
       2.18529021, 3.67877802, 1.49575384, 0.23257612, 4.47202713,
       3.42796962, 0.40225459, 1.85234715, 5.34696034, 0.60016666,
       2.59225518, 4.61406437, 3.32143288, 1.36846777, 5.25112666,
       6.06688015, 0.51193176, 1.69384543, 4.90649043, 0.38675376,
       3.97617179, 0.68094948, 2.8916402 ])]",[677.9576735496521]
