,problem,layers,optimizer,solutions,parameters,time
0,"{'type': 'maxcut', 'graph': {'directed': False, 'multigraph': False, 'graph': {}, 'nodes': [{'id': 0}, {'id': 1}, {'id': 2}, {'id': 3}, {'id': 4}, {'id': 5}], 'links': [{'weight': 7, 'source': 0, 'target': 1}, {'weight': 6, 'source': 0, 'target': 2}, {'weight': 7, 'source': 0, 'target': 3}, {'weight': 4, 'source': 0, 'target': 4}, {'weight': 4, 'source': 0, 'target': 5}, {'weight': 2, 'source': 1, 'target': 2}, {'weight': 3, 'source': 1, 'target': 3}, {'weight': 8, 'source': 1, 'target': 4}, {'weight': 6, 'source': 1, 'target': 5}, {'weight': 1, 'source': 2, 'target': 3}, {'weight': 3, 'source': 2, 'target': 4}, {'weight': 1, 'source': 2, 'target': 5}, {'weight': 5, 'source': 3, 'target': 4}, {'weight': 3, 'source': 3, 'target': 5}, {'weight': 9, 'source': 4, 'target': 5}]}, 'position': {0: [-0.3530969605659351, 0.23653079210894307], 1: [-0.014831158988742517, -0.5502250464361691], 2: [-1.0, -0.1882379096458032], 3: [0.26073034696767516, 0.7833475704555309], 4: [0.3319078567906819, 0.06165714010134473], 5: [0.7752899157963203, -0.34307254658384684]}, 'solution': ([0, 1, 1, 1, 0, 1], 49.0)}",30,"{'optimizer': 'COBYLA', 'maxiter': 100, 'shots': 1024, 'parameter_strategy': 'RANDOM', 'x0': None, 'backend': <QAOA_Tester.Backend.NoisyEstimatorBackend object at 0x7f0bb2275900>}","[([1, 1, 0, 0, 0, 0], -40.0)]","[array([4.58448458, 6.21725539, 4.69999313, 0.6702239 , 5.62250582,
       4.11024922, 1.83066386, 4.16691593, 6.24714556, 1.63163462,
       4.85365918, 2.43554963, 5.59038326, 5.20259084, 5.75987386,
       1.06872999, 2.62737867, 6.19152648, 3.0271599 , 2.41233273,
       2.83173284, 1.67947402, 0.24907713, 4.39381878, 3.60945178,
       1.79034489, 6.10621643, 6.04969077, 3.11031731, 0.70798678,
       0.36377632, 4.68518689, 2.3108138 , 6.23086163, 2.89434594,
       3.20617033, 4.70608815, 3.20555675, 4.35338277, 2.98658491,
       0.18887578, 0.56031093, 3.44409348, 1.90958705, 4.54509804,
       6.10177598, 2.96472039, 0.91170495, 2.94933999, 1.28248564,
       5.31515287, 2.31671824, 3.86639155, 6.0887768 , 5.96938533,
       3.69170456, 1.89715403, 3.64855211, 6.09995962, 5.81020179])]",[747.1700170040131]
