,problem,layers,optimizer,solutions,parameters,time
0,"{'type': 'maxcut', 'graph': {'directed': False, 'multigraph': False, 'graph': {}, 'nodes': [{'id': 0}, {'id': 1}, {'id': 2}, {'id': 3}, {'id': 4}, {'id': 5}], 'links': [{'weight': 7, 'source': 0, 'target': 1}, {'weight': 6, 'source': 0, 'target': 2}, {'weight': 7, 'source': 0, 'target': 3}, {'weight': 4, 'source': 0, 'target': 4}, {'weight': 4, 'source': 0, 'target': 5}, {'weight': 2, 'source': 1, 'target': 2}, {'weight': 3, 'source': 1, 'target': 3}, {'weight': 8, 'source': 1, 'target': 4}, {'weight': 6, 'source': 1, 'target': 5}, {'weight': 1, 'source': 2, 'target': 3}, {'weight': 3, 'source': 2, 'target': 4}, {'weight': 1, 'source': 2, 'target': 5}, {'weight': 5, 'source': 3, 'target': 4}, {'weight': 3, 'source': 3, 'target': 5}, {'weight': 9, 'source': 4, 'target': 5}]}, 'position': {0: [-0.3530969605659351, 0.23653079210894307], 1: [-0.014831158988742517, -0.5502250464361691], 2: [-1.0, -0.1882379096458032], 3: [0.26073034696767516, 0.7833475704555309], 4: [0.3319078567906819, 0.06165714010134473], 5: [0.7752899157963203, -0.34307254658384684]}, 'solution': ([0, 1, 1, 1, 0, 1], 49.0)}",27,"{'optimizer': 'COBYLA', 'maxiter': 100, 'shots': 1024, 'parameter_strategy': 'RANDOM', 'x0': None, 'backend': <QAOA_Tester.Backend.NoisyEstimatorBackend object at 0x7ff359e697b0>}","[([1, 0, 1, 1, 1, 1], -26.0)]","[array([2.75359316, 2.30259393, 3.76251927, 5.54391786, 3.47906899,
       2.49778188, 5.1875758 , 3.27402389, 1.46748673, 3.38670253,
       5.306615  , 6.24889827, 1.75185712, 5.78199305, 2.35539639,
       1.67359798, 3.00377304, 2.50955392, 2.16510123, 4.26674847,
       4.9326438 , 6.11882845, 1.56111116, 5.09397931, 2.60577778,
       2.8317036 , 4.16781779, 5.3338332 , 5.45398771, 3.96062111,
       5.7570445 , 1.10515872, 1.52796838, 6.04340147, 5.20636015,
       0.70438837, 3.03324601, 3.60131138, 4.06216394, 4.89417001,
       6.06809761, 1.56898849, 3.1809586 , 1.81969714, 0.25418437,
       3.81629833, 4.30393253, 6.1138794 , 2.32770368, 6.13285876,
       0.42921666, 1.91804599, 0.09654156, 2.65382077])]",[641.6203224658966]
