,problem,layers,optimizer,solutions,parameters,time
0,"{'type': 'maxcut', 'graph': {'directed': False, 'multigraph': False, 'graph': {}, 'nodes': [{'id': 0}, {'id': 1}, {'id': 2}, {'id': 3}, {'id': 4}, {'id': 5}], 'links': [{'weight': 7, 'source': 0, 'target': 1}, {'weight': 6, 'source': 0, 'target': 2}, {'weight': 7, 'source': 0, 'target': 3}, {'weight': 4, 'source': 0, 'target': 4}, {'weight': 4, 'source': 0, 'target': 5}, {'weight': 2, 'source': 1, 'target': 2}, {'weight': 3, 'source': 1, 'target': 3}, {'weight': 8, 'source': 1, 'target': 4}, {'weight': 6, 'source': 1, 'target': 5}, {'weight': 1, 'source': 2, 'target': 3}, {'weight': 3, 'source': 2, 'target': 4}, {'weight': 1, 'source': 2, 'target': 5}, {'weight': 5, 'source': 3, 'target': 4}, {'weight': 3, 'source': 3, 'target': 5}, {'weight': 9, 'source': 4, 'target': 5}]}, 'position': {0: [-0.3530969605659351, 0.23653079210894307], 1: [-0.014831158988742517, -0.5502250464361691], 2: [-1.0, -0.1882379096458032], 3: [0.26073034696767516, 0.7833475704555309], 4: [0.3319078567906819, 0.06165714010134473], 5: [0.7752899157963203, -0.34307254658384684]}, 'solution': ([0, 1, 1, 1, 0, 1], 49.0)}",28,"{'optimizer': 'COBYLA', 'maxiter': 100, 'shots': 1024, 'parameter_strategy': 'RANDOM', 'x0': None, 'backend': <QAOA_Tester.Backend.NoisyEstimatorBackend object at 0x7f825d903850>}","[([1, 1, 0, 1, 0, 1], -36.0)]","[array([0.10926583, 0.88369398, 0.02839383, 2.02116731, 4.84854472,
       2.92397629, 5.84037354, 4.97545421, 2.70207351, 1.00574858,
       1.39455039, 3.06169443, 5.26185946, 0.42781121, 3.57047908,
       5.94207696, 0.16482066, 2.54141419, 2.19193719, 2.80024422,
       5.32855456, 6.03912691, 3.63850143, 5.58414034, 1.16724121,
       3.24742829, 0.68643451, 5.57424862, 3.99139247, 4.84590118,
       1.83506181, 1.78981879, 2.95260283, 5.27265385, 5.78217057,
       2.8591022 , 5.65330199, 4.88839271, 1.49440301, 0.39301585,
       4.47530635, 0.76566753, 5.33998307, 3.73971853, 2.49242171,
       0.70813057, 3.80583031, 5.79508002, 0.43603576, 1.67508268,
       0.10669675, 3.79333673, 2.84909676, 1.80375688, 0.32293597,
       3.7922221 ])]",[665.3802924156189]
