,problem,layers,optimizer,solutions,parameters,time
0,"{'type': 'maxcut', 'graph': {'directed': False, 'multigraph': False, 'graph': {}, 'nodes': [{'id': 0}, {'id': 1}, {'id': 2}, {'id': 3}, {'id': 4}, {'id': 5}], 'links': [{'weight': 7, 'source': 0, 'target': 1}, {'weight': 6, 'source': 0, 'target': 2}, {'weight': 7, 'source': 0, 'target': 3}, {'weight': 4, 'source': 0, 'target': 4}, {'weight': 4, 'source': 0, 'target': 5}, {'weight': 2, 'source': 1, 'target': 2}, {'weight': 3, 'source': 1, 'target': 3}, {'weight': 8, 'source': 1, 'target': 4}, {'weight': 6, 'source': 1, 'target': 5}, {'weight': 1, 'source': 2, 'target': 3}, {'weight': 3, 'source': 2, 'target': 4}, {'weight': 1, 'source': 2, 'target': 5}, {'weight': 5, 'source': 3, 'target': 4}, {'weight': 3, 'source': 3, 'target': 5}, {'weight': 9, 'source': 4, 'target': 5}]}, 'position': {0: [-0.3530969605659351, 0.23653079210894307], 1: [-0.014831158988742517, -0.5502250464361691], 2: [-1.0, -0.1882379096458032], 3: [0.26073034696767516, 0.7833475704555309], 4: [0.3319078567906819, 0.06165714010134473], 5: [0.7752899157963203, -0.34307254658384684]}, 'solution': ([0, 1, 1, 1, 0, 1], 49.0)}",22,"{'optimizer': 'COBYLA', 'maxiter': 100, 'shots': 1024, 'parameter_strategy': 'RANDOM', 'x0': None, 'backend': <QAOA_Tester.Backend.NoisyEstimatorBackend object at 0x7fe652a88610>}","[([0, 1, 1, 1, 1, 0], -43.0)]","[array([0.36163858, 3.03030573, 5.84983556, 2.58782149, 5.81233136,
       2.10446869, 0.56512835, 4.26675347, 4.60292427, 1.56192692,
       3.80469488, 4.44349956, 4.60456851, 1.95062715, 0.66768781,
       0.77178877, 2.49321332, 6.14095032, 4.0126467 , 2.78516861,
       0.04750588, 6.32977911, 0.21863039, 2.15833677, 0.86292342,
       0.18148076, 2.07661552, 5.09153509, 4.71388389, 0.12649407,
       3.87245345, 1.41776512, 0.32908239, 3.3197706 , 5.38577627,
       4.27475966, 4.32317716, 6.15955268, 2.20038855, 5.26853841,
       4.13976592, 0.46305925, 4.07092217, 3.35701038])]",[626.857057094574]
