,problem,layers,optimizer,solutions,parameters,time
0,"{'type': 'maxcut', 'graph': {'directed': False, 'multigraph': False, 'graph': {}, 'nodes': [{'id': 0}, {'id': 1}, {'id': 2}, {'id': 3}, {'id': 4}, {'id': 5}], 'links': [{'weight': 7, 'source': 0, 'target': 1}, {'weight': 6, 'source': 0, 'target': 2}, {'weight': 7, 'source': 0, 'target': 3}, {'weight': 4, 'source': 0, 'target': 4}, {'weight': 4, 'source': 0, 'target': 5}, {'weight': 2, 'source': 1, 'target': 2}, {'weight': 3, 'source': 1, 'target': 3}, {'weight': 8, 'source': 1, 'target': 4}, {'weight': 6, 'source': 1, 'target': 5}, {'weight': 1, 'source': 2, 'target': 3}, {'weight': 3, 'source': 2, 'target': 4}, {'weight': 1, 'source': 2, 'target': 5}, {'weight': 5, 'source': 3, 'target': 4}, {'weight': 3, 'source': 3, 'target': 5}, {'weight': 9, 'source': 4, 'target': 5}]}, 'position': {0: [-0.3530969605659351, 0.23653079210894307], 1: [-0.014831158988742517, -0.5502250464361691], 2: [-1.0, -0.1882379096458032], 3: [0.26073034696767516, 0.7833475704555309], 4: [0.3319078567906819, 0.06165714010134473], 5: [0.7752899157963203, -0.34307254658384684]}, 'solution': ([0, 1, 1, 1, 0, 1], 49.0)}",22,"{'optimizer': 'COBYLA', 'maxiter': 100, 'shots': 1024, 'parameter_strategy': 'RANDOM', 'x0': None, 'backend': <QAOA_Tester.Backend.NoisyEstimatorBackend object at 0x7fdefdb85570>}","[([1, 1, 0, 1, 0, 1], -36.0)]","[array([5.58591493, 0.13920372, 3.00772391, 0.63389448, 5.32957307,
       1.48577638, 4.49941006, 4.35530589, 0.22900022, 1.56069959,
       3.11951817, 3.95670075, 0.35967378, 2.6691557 , 5.07908231,
       1.16836915, 5.34512226, 2.49022658, 5.93958783, 3.75934503,
       3.25709254, 6.10008696, 2.38891216, 5.43963068, 0.38873424,
       3.25316249, 5.78610116, 4.60779183, 2.17211935, 3.28460112,
       2.308157  , 6.14568715, 2.58349195, 2.86736035, 2.99524562,
       0.23484112, 0.70587376, 3.4526754 , 1.40046132, 5.05896891,
       6.18774014, 3.47412179, 1.84976071, 0.44043325])]",[618.0622577667236]
