,problem,layers,optimizer,solutions,parameters,time
0,"{'type': 'maxcut', 'graph': {'directed': False, 'multigraph': False, 'graph': {}, 'nodes': [{'id': 0}, {'id': 1}, {'id': 2}, {'id': 3}, {'id': 4}, {'id': 5}], 'links': [{'weight': 7, 'source': 0, 'target': 1}, {'weight': 6, 'source': 0, 'target': 2}, {'weight': 7, 'source': 0, 'target': 3}, {'weight': 4, 'source': 0, 'target': 4}, {'weight': 4, 'source': 0, 'target': 5}, {'weight': 2, 'source': 1, 'target': 2}, {'weight': 3, 'source': 1, 'target': 3}, {'weight': 8, 'source': 1, 'target': 4}, {'weight': 6, 'source': 1, 'target': 5}, {'weight': 1, 'source': 2, 'target': 3}, {'weight': 3, 'source': 2, 'target': 4}, {'weight': 1, 'source': 2, 'target': 5}, {'weight': 5, 'source': 3, 'target': 4}, {'weight': 3, 'source': 3, 'target': 5}, {'weight': 9, 'source': 4, 'target': 5}]}, 'position': {0: [-0.3530969605659351, 0.23653079210894307], 1: [-0.014831158988742517, -0.5502250464361691], 2: [-1.0, -0.1882379096458032], 3: [0.26073034696767516, 0.7833475704555309], 4: [0.3319078567906819, 0.06165714010134473], 5: [0.7752899157963203, -0.34307254658384684]}, 'solution': ([0, 1, 1, 1, 0, 1], 49.0)}",24,"{'optimizer': 'COBYLA', 'maxiter': 100, 'shots': 1024, 'parameter_strategy': 'RANDOM', 'x0': None, 'backend': <QAOA_Tester.Backend.NoisyEstimatorBackend object at 0x7f222eca5a80>}","[([1, 0, 0, 0, 0, 1], -43.0)]","[array([2.03274204, 3.77990221, 4.81517639, 6.27952209, 2.48176459,
       3.89888236, 5.76649203, 2.73742774, 2.2105609 , 0.81853612,
       5.20488008, 0.96713354, 2.99245482, 5.34950726, 5.52503153,
       2.63353756, 0.49259712, 0.90732366, 2.00013578, 4.79948596,
       5.11045173, 2.81826466, 5.9855046 , 2.33796312, 1.67053817,
       2.73291985, 3.34317287, 2.11750515, 4.18568362, 5.67719674,
       3.31363423, 5.53863886, 0.78762351, 5.7921831 , 1.88913954,
       5.77295316, 2.39489435, 1.26005018, 0.88301627, 3.73977742,
       2.28885679, 5.09751008, 6.00066109, 0.32621946, 1.40658027,
       5.20800898, 6.08149918, 2.65693034])]",[609.9737429618835]
