,problem,layers,optimizer,solutions,parameters,time
0,"{'type': 'maxcut', 'graph': {'directed': False, 'multigraph': False, 'graph': {}, 'nodes': [{'id': 0}, {'id': 1}, {'id': 2}, {'id': 3}, {'id': 4}, {'id': 5}], 'links': [{'weight': 7, 'source': 0, 'target': 1}, {'weight': 6, 'source': 0, 'target': 2}, {'weight': 7, 'source': 0, 'target': 3}, {'weight': 4, 'source': 0, 'target': 4}, {'weight': 4, 'source': 0, 'target': 5}, {'weight': 2, 'source': 1, 'target': 2}, {'weight': 3, 'source': 1, 'target': 3}, {'weight': 8, 'source': 1, 'target': 4}, {'weight': 6, 'source': 1, 'target': 5}, {'weight': 1, 'source': 2, 'target': 3}, {'weight': 3, 'source': 2, 'target': 4}, {'weight': 1, 'source': 2, 'target': 5}, {'weight': 5, 'source': 3, 'target': 4}, {'weight': 3, 'source': 3, 'target': 5}, {'weight': 9, 'source': 4, 'target': 5}]}, 'position': {0: [-0.3530969605659351, 0.23653079210894307], 1: [-0.014831158988742517, -0.5502250464361691], 2: [-1.0, -0.1882379096458032], 3: [0.26073034696767516, 0.7833475704555309], 4: [0.3319078567906819, 0.06165714010134473], 5: [0.7752899157963203, -0.34307254658384684]}, 'solution': ([0, 1, 1, 1, 0, 1], 49.0)}",24,"{'optimizer': 'COBYLA', 'maxiter': 100, 'shots': 1024, 'parameter_strategy': 'RANDOM', 'x0': None, 'backend': <QAOA_Tester.Backend.NoisyEstimatorBackend object at 0x7f6c308e9bd0>}","[([0, 1, 1, 0, 1, 1], -33.0)]","[array([3.51161805, 4.39645448, 5.47538303, 0.85797834, 0.79880584,
       0.21841901, 0.81459893, 4.43204068, 2.26286806, 0.15364852,
       2.54774005, 5.74557568, 6.18634802, 2.7534086 , 4.13607341,
       3.74099539, 3.04444272, 4.20810559, 1.68232505, 4.5031772 ,
       1.05855614, 3.82458712, 3.68820956, 3.01139428, 1.74218079,
       3.16256407, 2.70117801, 2.16142088, 0.33568749, 4.74964351,
       3.40054395, 1.43340932, 3.76181768, 0.26168914, 5.95773144,
       6.04349237, 0.37951485, 1.22058548, 4.63940757, 0.72491758,
       2.06848378, 4.79563936, 0.84573703, 3.21979771, 3.72388437,
       5.5369835 , 2.35334725, 5.58055395])]",[697.8543283939362]
