,problem,layers,optimizer,solutions,parameters,time
0,"{'type': 'maxcut', 'graph': {'directed': False, 'multigraph': False, 'graph': {}, 'nodes': [{'id': 0}, {'id': 1}, {'id': 2}, {'id': 3}, {'id': 4}, {'id': 5}], 'links': [{'weight': 7, 'source': 0, 'target': 1}, {'weight': 6, 'source': 0, 'target': 2}, {'weight': 7, 'source': 0, 'target': 3}, {'weight': 4, 'source': 0, 'target': 4}, {'weight': 4, 'source': 0, 'target': 5}, {'weight': 2, 'source': 1, 'target': 2}, {'weight': 3, 'source': 1, 'target': 3}, {'weight': 8, 'source': 1, 'target': 4}, {'weight': 6, 'source': 1, 'target': 5}, {'weight': 1, 'source': 2, 'target': 3}, {'weight': 3, 'source': 2, 'target': 4}, {'weight': 1, 'source': 2, 'target': 5}, {'weight': 5, 'source': 3, 'target': 4}, {'weight': 3, 'source': 3, 'target': 5}, {'weight': 9, 'source': 4, 'target': 5}]}, 'position': {0: [-0.3530969605659351, 0.23653079210894307], 1: [-0.014831158988742517, -0.5502250464361691], 2: [-1.0, -0.1882379096458032], 3: [0.26073034696767516, 0.7833475704555309], 4: [0.3319078567906819, 0.06165714010134473], 5: [0.7752899157963203, -0.34307254658384684]}, 'solution': ([0, 1, 1, 1, 0, 1], 49.0)}",23,"{'optimizer': 'COBYLA', 'maxiter': 100, 'shots': 1024, 'parameter_strategy': 'RANDOM', 'x0': None, 'backend': <QAOA_Tester.Backend.NoisyEstimatorBackend object at 0x7feafcefc610>}","[([1, 1, 0, 0, 1, 0], -45.0)]","[array([4.41179541, 4.18464412, 4.42546241, 2.58328748, 5.18658898,
       5.08302068, 5.44251283, 3.3614236 , 1.05105892, 3.31546873,
       2.50360414, 1.75028764, 1.78910252, 5.92258774, 4.02711308,
       5.75112393, 3.28979414, 2.9798391 , 2.45381198, 5.02572479,
       4.34616169, 3.71794673, 6.26254254, 5.91931046, 4.13909504,
       6.11952722, 2.25599206, 2.91593933, 2.31163469, 0.23632283,
       3.17131199, 2.88697493, 3.30316485, 5.70934201, 5.21044583,
       0.76515402, 1.69375735, 2.43948984, 5.81431981, 2.67021313,
       4.45183636, 5.84669218, 3.10007011, 4.71831596, 1.65470395,
       2.75002961])]",[638.1206212043762]
