,problem,layers,optimizer,solutions,parameters,time
0,"{'type': 'maxcut', 'graph': {'directed': False, 'multigraph': False, 'graph': {}, 'nodes': [{'id': 0}, {'id': 1}, {'id': 2}, {'id': 3}, {'id': 4}, {'id': 5}], 'links': [{'weight': 7, 'source': 0, 'target': 1}, {'weight': 6, 'source': 0, 'target': 2}, {'weight': 7, 'source': 0, 'target': 3}, {'weight': 4, 'source': 0, 'target': 4}, {'weight': 4, 'source': 0, 'target': 5}, {'weight': 2, 'source': 1, 'target': 2}, {'weight': 3, 'source': 1, 'target': 3}, {'weight': 8, 'source': 1, 'target': 4}, {'weight': 6, 'source': 1, 'target': 5}, {'weight': 1, 'source': 2, 'target': 3}, {'weight': 3, 'source': 2, 'target': 4}, {'weight': 1, 'source': 2, 'target': 5}, {'weight': 5, 'source': 3, 'target': 4}, {'weight': 3, 'source': 3, 'target': 5}, {'weight': 9, 'source': 4, 'target': 5}]}, 'position': {0: [-0.3530969605659351, 0.23653079210894307], 1: [-0.014831158988742517, -0.5502250464361691], 2: [-1.0, -0.1882379096458032], 3: [0.26073034696767516, 0.7833475704555309], 4: [0.3319078567906819, 0.06165714010134473], 5: [0.7752899157963203, -0.34307254658384684]}, 'solution': ([0, 1, 1, 1, 0, 1], 49.0)}",26,"{'optimizer': 'COBYLA', 'maxiter': 100, 'shots': 1024, 'parameter_strategy': 'RANDOM', 'x0': None, 'backend': <QAOA_Tester.Backend.NoisyEstimatorBackend object at 0x7f1cdc7d7ee0>}","[([1, 0, 0, 0, 0, 0], -28.0)]","[array([5.0069664 , 1.71082128, 3.6403976 , 2.63110651, 5.66330312,
       5.10419085, 5.45266382, 4.01159641, 4.52957784, 3.93423786,
       2.7983631 , 6.26972145, 5.40362906, 5.00291886, 0.35450397,
       0.4289947 , 4.73645017, 5.03274314, 1.45401019, 0.55251207,
       4.40585048, 6.05018681, 3.32264857, 1.88018667, 2.0920125 ,
       4.3462707 , 1.96273446, 3.88566714, 0.57708718, 3.92835485,
       2.45020572, 5.44608123, 3.11275965, 3.99722047, 1.39972154,
       1.90919868, 3.90624304, 5.01460739, 0.40842079, 4.36646484,
       2.78929978, 0.59764747, 1.42318813, 2.91298231, 3.01189705,
       2.19151748, 5.88093297, 3.76758284, 0.22531856, 0.1059173 ,
       0.53725888, 4.42713663])]",[686.170923948288]
