,problem,layers,optimizer,solutions,parameters,time
0,"{'type': 'maxcut', 'graph': {'directed': False, 'multigraph': False, 'graph': {}, 'nodes': [{'id': 0}, {'id': 1}, {'id': 2}, {'id': 3}, {'id': 4}, {'id': 5}], 'links': [{'weight': 7, 'source': 0, 'target': 1}, {'weight': 6, 'source': 0, 'target': 2}, {'weight': 7, 'source': 0, 'target': 3}, {'weight': 4, 'source': 0, 'target': 4}, {'weight': 4, 'source': 0, 'target': 5}, {'weight': 2, 'source': 1, 'target': 2}, {'weight': 3, 'source': 1, 'target': 3}, {'weight': 8, 'source': 1, 'target': 4}, {'weight': 6, 'source': 1, 'target': 5}, {'weight': 1, 'source': 2, 'target': 3}, {'weight': 3, 'source': 2, 'target': 4}, {'weight': 1, 'source': 2, 'target': 5}, {'weight': 5, 'source': 3, 'target': 4}, {'weight': 3, 'source': 3, 'target': 5}, {'weight': 9, 'source': 4, 'target': 5}]}, 'position': {0: [-0.3530969605659351, 0.23653079210894307], 1: [-0.014831158988742517, -0.5502250464361691], 2: [-1.0, -0.1882379096458032], 3: [0.26073034696767516, 0.7833475704555309], 4: [0.3319078567906819, 0.06165714010134473], 5: [0.7752899157963203, -0.34307254658384684]}, 'solution': ([0, 1, 1, 1, 0, 1], 49.0)}",27,"{'optimizer': 'COBYLA', 'maxiter': 100, 'shots': 1024, 'parameter_strategy': 'RANDOM', 'x0': None, 'backend': <QAOA_Tester.Backend.NoisyEstimatorBackend object at 0x7efcf7f1a140>}","[([0, 1, 0, 0, 1, 0], -39.0)]","[array([3.19064178, 2.39168998, 4.93318863, 1.99164709, 0.12946166,
       0.3524117 , 3.63513575, 1.992275  , 4.73843596, 3.16234823,
       4.3594309 , 1.89344924, 2.36437362, 3.09889757, 4.38477411,
       5.63073527, 1.8780728 , 1.78723995, 3.01780683, 2.18558599,
       1.91010515, 4.5405784 , 3.1053715 , 1.33224244, 4.81276015,
       3.34871331, 6.59157467, 4.04116878, 4.3342279 , 3.75507079,
       1.36232212, 4.11947468, 3.52513802, 4.76894276, 2.07689467,
       4.66989935, 1.81254192, 1.93312116, 4.49795165, 5.68954395,
       5.27903615, 3.39180704, 5.16764722, 1.40886531, 1.54984502,
       0.75042367, 2.42044832, 5.88309506, 5.46532315, 3.96003847,
       2.16266215, 0.33864263, 2.56001198, 5.69412099])]",[651.7532687187195]
