,problem,layers,optimizer,solutions,parameters,time
0,"{'type': 'maxcut', 'graph': {'directed': False, 'multigraph': False, 'graph': {}, 'nodes': [{'id': 0}, {'id': 1}, {'id': 2}, {'id': 3}, {'id': 4}, {'id': 5}], 'links': [{'weight': 7, 'source': 0, 'target': 1}, {'weight': 6, 'source': 0, 'target': 2}, {'weight': 7, 'source': 0, 'target': 3}, {'weight': 4, 'source': 0, 'target': 4}, {'weight': 4, 'source': 0, 'target': 5}, {'weight': 2, 'source': 1, 'target': 2}, {'weight': 3, 'source': 1, 'target': 3}, {'weight': 8, 'source': 1, 'target': 4}, {'weight': 6, 'source': 1, 'target': 5}, {'weight': 1, 'source': 2, 'target': 3}, {'weight': 3, 'source': 2, 'target': 4}, {'weight': 1, 'source': 2, 'target': 5}, {'weight': 5, 'source': 3, 'target': 4}, {'weight': 3, 'source': 3, 'target': 5}, {'weight': 9, 'source': 4, 'target': 5}]}, 'position': {0: [-0.3530969605659351, 0.23653079210894307], 1: [-0.014831158988742517, -0.5502250464361691], 2: [-1.0, -0.1882379096458032], 3: [0.26073034696767516, 0.7833475704555309], 4: [0.3319078567906819, 0.06165714010134473], 5: [0.7752899157963203, -0.34307254658384684]}, 'solution': ([0, 1, 1, 1, 0, 1], 49.0)}",30,"{'optimizer': 'COBYLA', 'maxiter': 100, 'shots': 1024, 'parameter_strategy': 'RANDOM', 'x0': None, 'backend': <QAOA_Tester.Backend.NoisyEstimatorBackend object at 0x7f9a41936c50>}","[([0, 0, 1, 1, 1, 1], -40.0)]","[array([2.23734639, 6.0979825 , 1.74745639, 3.96671362, 6.22989579,
       3.07583234, 4.1822568 , 1.72909261, 2.41831444, 0.87650625,
       1.67300307, 2.43226886, 1.50050277, 2.68032446, 5.49124979,
       5.12736945, 5.1720399 , 5.37483275, 0.16214079, 1.78269893,
       0.27677328, 5.33510785, 4.2642513 , 0.09083443, 4.04267865,
       0.82031454, 4.32375973, 2.30209322, 2.99667536, 1.01455715,
       5.67886378, 5.86936149, 5.30400221, 1.50294968, 6.05023969,
       4.38465535, 1.456431  , 1.30541862, 0.50573359, 1.2285071 ,
       0.16423161, 6.16951167, 1.04870748, 0.17745098, 1.0659176 ,
       0.36075781, 0.11637602, 4.26752392, 5.76564808, 0.83791553,
       6.13621173, 6.24237584, 0.3673558 , 4.45357372, 4.39831202,
       4.32659997, 5.55847149, 2.68969928, 0.38154884, 5.94239117])]",[706.3569717407227]
