,problem,layers,optimizer,solutions,parameters,time
0,"{'type': 'maxcut', 'graph': {'directed': False, 'multigraph': False, 'graph': {}, 'nodes': [{'id': 0}, {'id': 1}, {'id': 2}, {'id': 3}, {'id': 4}, {'id': 5}], 'links': [{'weight': 7, 'source': 0, 'target': 1}, {'weight': 6, 'source': 0, 'target': 2}, {'weight': 7, 'source': 0, 'target': 3}, {'weight': 4, 'source': 0, 'target': 4}, {'weight': 4, 'source': 0, 'target': 5}, {'weight': 2, 'source': 1, 'target': 2}, {'weight': 3, 'source': 1, 'target': 3}, {'weight': 8, 'source': 1, 'target': 4}, {'weight': 6, 'source': 1, 'target': 5}, {'weight': 1, 'source': 2, 'target': 3}, {'weight': 3, 'source': 2, 'target': 4}, {'weight': 1, 'source': 2, 'target': 5}, {'weight': 5, 'source': 3, 'target': 4}, {'weight': 3, 'source': 3, 'target': 5}, {'weight': 9, 'source': 4, 'target': 5}]}, 'position': {0: [-0.3530969605659351, 0.23653079210894307], 1: [-0.014831158988742517, -0.5502250464361691], 2: [-1.0, -0.1882379096458032], 3: [0.26073034696767516, 0.7833475704555309], 4: [0.3319078567906819, 0.06165714010134473], 5: [0.7752899157963203, -0.34307254658384684]}, 'solution': ([0, 1, 1, 1, 0, 1], 49.0)}",25,"{'optimizer': 'COBYLA', 'maxiter': 100, 'shots': 1024, 'parameter_strategy': 'RANDOM', 'x0': None, 'backend': <QAOA_Tester.Backend.NoisyEstimatorBackend object at 0x7ff8e5e7fe20>}","[([0, 0, 1, 0, 1, 1], -39.0)]","[array([6.15303499, 0.11318386, 4.83165113, 1.31767309, 5.69994259,
       4.87609144, 4.58868591, 5.93089724, 2.51012465, 4.39714902,
       4.94608787, 4.48575748, 0.72765801, 0.48649886, 4.69289184,
       3.54260869, 0.25686053, 5.28535046, 1.63113307, 2.51179742,
       2.51497854, 3.61276747, 0.42098933, 5.46309543, 4.32796729,
       5.71949198, 1.81237754, 4.31205128, 0.85981088, 5.96868947,
       3.95602707, 4.97864523, 5.66452953, 6.17663771, 5.45374801,
       2.99009677, 4.71465715, 5.38168084, 1.16513287, 0.11191877,
       5.85283374, 3.37810497, 1.3419929 , 5.63185075, 4.28742113,
       0.54609199, 3.93902567, 1.8406727 , 5.02946449, 0.45439459])]",[642.8350493907928]
