,problem,layers,optimizer,solutions,parameters,time
0,"{'type': 'maxcut', 'graph': {'directed': False, 'multigraph': False, 'graph': {}, 'nodes': [{'id': 0}, {'id': 1}, {'id': 2}, {'id': 3}, {'id': 4}, {'id': 5}], 'links': [{'weight': 7, 'source': 0, 'target': 1}, {'weight': 6, 'source': 0, 'target': 2}, {'weight': 7, 'source': 0, 'target': 3}, {'weight': 4, 'source': 0, 'target': 4}, {'weight': 4, 'source': 0, 'target': 5}, {'weight': 2, 'source': 1, 'target': 2}, {'weight': 3, 'source': 1, 'target': 3}, {'weight': 8, 'source': 1, 'target': 4}, {'weight': 6, 'source': 1, 'target': 5}, {'weight': 1, 'source': 2, 'target': 3}, {'weight': 3, 'source': 2, 'target': 4}, {'weight': 1, 'source': 2, 'target': 5}, {'weight': 5, 'source': 3, 'target': 4}, {'weight': 3, 'source': 3, 'target': 5}, {'weight': 9, 'source': 4, 'target': 5}]}, 'position': {0: [-0.3530969605659351, 0.23653079210894307], 1: [-0.014831158988742517, -0.5502250464361691], 2: [-1.0, -0.1882379096458032], 3: [0.26073034696767516, 0.7833475704555309], 4: [0.3319078567906819, 0.06165714010134473], 5: [0.7752899157963203, -0.34307254658384684]}, 'solution': ([0, 1, 1, 1, 0, 1], 49.0)}",24,"{'optimizer': 'COBYLA', 'maxiter': 100, 'shots': 1024, 'parameter_strategy': 'RANDOM', 'x0': None, 'backend': <QAOA_Tester.Backend.NoisyEstimatorBackend object at 0x7f844236a0b0>}","[([1, 1, 0, 1, 1, 1], -13.0)]","[array([0.6849695 , 3.41309043, 5.51102141, 2.00536166, 6.25076049,
       4.18260434, 0.62633881, 4.73962355, 3.86129972, 5.39845469,
       6.20542518, 5.541242  , 2.77354514, 2.94679734, 4.77005472,
       2.4222593 , 1.94323688, 0.57891225, 3.72805649, 3.02160523,
       3.47924385, 0.44432567, 5.00269307, 2.80898825, 0.98237001,
       2.39098718, 4.35243038, 2.80694567, 1.92146575, 5.73894472,
       5.36669606, 2.8514869 , 1.45757719, 1.47821596, 5.04325573,
       0.58279673, 5.0336082 , 5.75118268, 1.21206967, 4.80955531,
       2.37250818, 1.03299767, 5.3864189 , 5.10284841, 5.88445878,
       5.15242076, 2.15420511, 0.46544705])]",[640.5589108467102]
