,problem,layers,optimizer,solutions,parameters,time
0,"{'type': 'maxcut', 'graph': {'directed': False, 'multigraph': False, 'graph': {}, 'nodes': [{'id': 0}, {'id': 1}, {'id': 2}, {'id': 3}, {'id': 4}, {'id': 5}], 'links': [{'weight': 7, 'source': 0, 'target': 1}, {'weight': 6, 'source': 0, 'target': 2}, {'weight': 7, 'source': 0, 'target': 3}, {'weight': 4, 'source': 0, 'target': 4}, {'weight': 4, 'source': 0, 'target': 5}, {'weight': 2, 'source': 1, 'target': 2}, {'weight': 3, 'source': 1, 'target': 3}, {'weight': 8, 'source': 1, 'target': 4}, {'weight': 6, 'source': 1, 'target': 5}, {'weight': 1, 'source': 2, 'target': 3}, {'weight': 3, 'source': 2, 'target': 4}, {'weight': 1, 'source': 2, 'target': 5}, {'weight': 5, 'source': 3, 'target': 4}, {'weight': 3, 'source': 3, 'target': 5}, {'weight': 9, 'source': 4, 'target': 5}]}, 'position': {0: [-0.3530969605659351, 0.23653079210894307], 1: [-0.014831158988742517, -0.5502250464361691], 2: [-1.0, -0.1882379096458032], 3: [0.26073034696767516, 0.7833475704555309], 4: [0.3319078567906819, 0.06165714010134473], 5: [0.7752899157963203, -0.34307254658384684]}, 'solution': ([0, 1, 1, 1, 0, 1], 49.0)}",28,"{'optimizer': 'COBYLA', 'maxiter': 100, 'shots': 1024, 'parameter_strategy': 'RANDOM', 'x0': None, 'backend': <QAOA_Tester.Backend.NoisyEstimatorBackend object at 0x7f4f0c63aec0>}","[([1, 1, 1, 0, 0, 1], -38.0)]","[array([4.47106065, 1.04078929, 0.97162881, 0.77280689, 6.21569075,
       2.41453411, 1.72445659, 4.71332402, 0.44725745, 2.768087  ,
       0.79909544, 1.48726527, 4.18238708, 2.11687379, 1.65852468,
       5.10753058, 0.83482388, 2.63719562, 0.16671894, 0.19545011,
       3.63913055, 4.19878276, 5.86259029, 6.11021422, 2.53425363,
       4.26934224, 3.1867443 , 1.95368367, 6.1210197 , 2.49722972,
       3.55712984, 4.53150672, 6.28072703, 0.5051854 , 1.04661344,
       2.11834548, 0.27542023, 4.05318741, 5.34299103, 2.71407736,
       4.5849184 , 4.25779224, 3.26748828, 0.7891243 , 4.66065648,
       1.40507368, 5.41576448, 4.98384132, 2.62657689, 3.31636916,
       4.11286229, 1.71800774, 3.53569713, 5.42043519, 5.05097188,
       5.21731376])]",[632.4458448886871]
