,problem,layers,optimizer,solutions,parameters,time
0,"{'type': 'maxcut', 'graph': {'directed': False, 'multigraph': False, 'graph': {}, 'nodes': [{'id': 0}, {'id': 1}, {'id': 2}, {'id': 3}, {'id': 4}, {'id': 5}], 'links': [{'weight': 7, 'source': 0, 'target': 1}, {'weight': 6, 'source': 0, 'target': 2}, {'weight': 7, 'source': 0, 'target': 3}, {'weight': 4, 'source': 0, 'target': 4}, {'weight': 4, 'source': 0, 'target': 5}, {'weight': 2, 'source': 1, 'target': 2}, {'weight': 3, 'source': 1, 'target': 3}, {'weight': 8, 'source': 1, 'target': 4}, {'weight': 6, 'source': 1, 'target': 5}, {'weight': 1, 'source': 2, 'target': 3}, {'weight': 3, 'source': 2, 'target': 4}, {'weight': 1, 'source': 2, 'target': 5}, {'weight': 5, 'source': 3, 'target': 4}, {'weight': 3, 'source': 3, 'target': 5}, {'weight': 9, 'source': 4, 'target': 5}]}, 'position': {0: [-0.3530969605659351, 0.23653079210894307], 1: [-0.014831158988742517, -0.5502250464361691], 2: [-1.0, -0.1882379096458032], 3: [0.26073034696767516, 0.7833475704555309], 4: [0.3319078567906819, 0.06165714010134473], 5: [0.7752899157963203, -0.34307254658384684]}, 'solution': ([0, 1, 1, 1, 0, 1], 49.0)}",29,"{'optimizer': 'COBYLA', 'maxiter': 100, 'shots': 1024, 'parameter_strategy': 'RANDOM', 'x0': None, 'backend': <QAOA_Tester.Backend.NoisyEstimatorBackend object at 0x7f73b5518610>}","[([0, 0, 0, 0, 1, 0], -29.0)]","[array([1.27009568, 0.44223349, 1.94444449, 4.04488322, 0.81508236,
       4.2455235 , 5.92610761, 4.61805832, 0.9413711 , 2.98345213,
       4.54513503, 0.05124521, 1.97367313, 2.55598705, 2.61800735,
       3.94347591, 1.78368174, 6.20797881, 1.94269255, 0.70042154,
       3.89900377, 2.59382124, 3.93254655, 0.81158608, 2.2712247 ,
       1.21217931, 4.70814231, 1.26007739, 3.97008207, 5.24362313,
       1.37640298, 2.77035325, 1.31880156, 0.78740651, 1.10733841,
       0.7443209 , 2.87228633, 3.08706231, 5.22052468, 2.40815346,
       3.21591367, 3.77091961, 0.86270675, 5.81038346, 2.32184827,
       2.33568783, 4.44413458, 1.47878043, 0.43444812, 0.62196079,
       1.13842806, 4.47496966, 2.62245146, 1.99884215, 0.60727705,
       0.22317273, 0.22877255, 0.41640615])]",[689.2880592346191]
