,problem,layers,optimizer,solutions,parameters,time
0,"{'type': 'maxcut', 'graph': {'directed': False, 'multigraph': False, 'graph': {}, 'nodes': [{'id': 0}, {'id': 1}, {'id': 2}, {'id': 3}, {'id': 4}, {'id': 5}], 'links': [{'weight': 7, 'source': 0, 'target': 1}, {'weight': 6, 'source': 0, 'target': 2}, {'weight': 7, 'source': 0, 'target': 3}, {'weight': 4, 'source': 0, 'target': 4}, {'weight': 4, 'source': 0, 'target': 5}, {'weight': 2, 'source': 1, 'target': 2}, {'weight': 3, 'source': 1, 'target': 3}, {'weight': 8, 'source': 1, 'target': 4}, {'weight': 6, 'source': 1, 'target': 5}, {'weight': 1, 'source': 2, 'target': 3}, {'weight': 3, 'source': 2, 'target': 4}, {'weight': 1, 'source': 2, 'target': 5}, {'weight': 5, 'source': 3, 'target': 4}, {'weight': 3, 'source': 3, 'target': 5}, {'weight': 9, 'source': 4, 'target': 5}]}, 'position': {0: [-0.3530969605659351, 0.23653079210894307], 1: [-0.014831158988742517, -0.5502250464361691], 2: [-1.0, -0.1882379096458032], 3: [0.26073034696767516, 0.7833475704555309], 4: [0.3319078567906819, 0.06165714010134473], 5: [0.7752899157963203, -0.34307254658384684]}, 'solution': ([0, 1, 1, 1, 0, 1], 49.0)}",22,"{'optimizer': 'COBYLA', 'maxiter': 100, 'shots': 1024, 'parameter_strategy': 'RANDOM', 'x0': None, 'backend': <QAOA_Tester.Backend.NoisyEstimatorBackend object at 0x7fa60ba0a0e0>}","[([1, 1, 1, 1, 0, 0], -34.0)]","[array([ 5.20891172,  4.09309911,  4.32899222,  3.29761607,  3.03814081,
        4.06835624,  1.60417225,  6.22167224,  2.04476109,  0.05738783,
        2.64313253,  4.19534978,  6.04637232,  2.44487738,  0.24390232,
        0.64030258,  5.13275822,  2.55416114,  0.1866421 ,  4.55685407,
        3.06079442, -1.44466125,  5.57476758,  5.61486876,  4.97181903,
        5.59039804,  0.7737533 ,  4.40540212,  2.90510759,  1.78014713,
        4.37925525,  0.14937699,  2.54602328,  1.82692948,  1.30211999,
        5.59406831,  0.93934417,  2.80122173,  0.13384202,  2.95626459,
        2.5534405 ,  0.37904018,  6.26050485,  1.21486682])]",[657.4935472011566]
