,problem,layers,optimizer,solutions,parameters,time
0,"{'type': 'maxcut', 'graph': {'directed': False, 'multigraph': False, 'graph': {}, 'nodes': [{'id': 0}, {'id': 1}, {'id': 2}, {'id': 3}, {'id': 4}, {'id': 5}], 'links': [{'weight': 7, 'source': 0, 'target': 1}, {'weight': 6, 'source': 0, 'target': 2}, {'weight': 7, 'source': 0, 'target': 3}, {'weight': 4, 'source': 0, 'target': 4}, {'weight': 4, 'source': 0, 'target': 5}, {'weight': 2, 'source': 1, 'target': 2}, {'weight': 3, 'source': 1, 'target': 3}, {'weight': 8, 'source': 1, 'target': 4}, {'weight': 6, 'source': 1, 'target': 5}, {'weight': 1, 'source': 2, 'target': 3}, {'weight': 3, 'source': 2, 'target': 4}, {'weight': 1, 'source': 2, 'target': 5}, {'weight': 5, 'source': 3, 'target': 4}, {'weight': 3, 'source': 3, 'target': 5}, {'weight': 9, 'source': 4, 'target': 5}]}, 'position': {0: [-0.3530969605659351, 0.23653079210894307], 1: [-0.014831158988742517, -0.5502250464361691], 2: [-1.0, -0.1882379096458032], 3: [0.26073034696767516, 0.7833475704555309], 4: [0.3319078567906819, 0.06165714010134473], 5: [0.7752899157963203, -0.34307254658384684]}, 'solution': ([0, 1, 1, 1, 0, 1], 49.0)}",28,"{'optimizer': 'COBYLA', 'maxiter': 100, 'shots': 1024, 'parameter_strategy': 'RANDOM', 'x0': None, 'backend': <QAOA_Tester.Backend.NoisyEstimatorBackend object at 0x7eff24c1a6b0>}","[([0, 1, 1, 1, 0, 0], -46.0)]","[array([1.7690512 , 6.03190027, 4.983308  , 2.60017066, 0.55812829,
       2.89304191, 4.93205222, 4.6045003 , 2.83247483, 2.69442813,
       3.55316841, 4.73377444, 4.63055342, 4.00924713, 3.26823101,
       4.91905363, 2.86195277, 5.25564667, 5.9053918 , 3.52235774,
       3.63825579, 3.80980853, 5.83171711, 4.49391236, 2.71601497,
       3.82013366, 3.99047128, 3.72291084, 4.0941083 , 3.76585807,
       5.01419209, 1.70206162, 4.09602184, 1.86997662, 1.58456528,
       5.35383993, 5.93991899, 0.07754189, 4.71086621, 3.91462919,
       6.27979993, 0.87098845, 3.09852808, 3.83779809, 1.55534481,
       3.74681067, 2.93308176, 3.44243533, 0.51153012, 4.04687626,
       5.75574639, 3.75289187, 3.06527245, 3.91196554, 0.19529306,
       2.57649289])]",[641.548496723175]
