,problem,layers,optimizer,solutions,parameters,time
0,"{'type': 'maxcut', 'graph': {'directed': False, 'multigraph': False, 'graph': {}, 'nodes': [{'id': 0}, {'id': 1}, {'id': 2}, {'id': 3}, {'id': 4}, {'id': 5}], 'links': [{'weight': 7, 'source': 0, 'target': 1}, {'weight': 6, 'source': 0, 'target': 2}, {'weight': 7, 'source': 0, 'target': 3}, {'weight': 4, 'source': 0, 'target': 4}, {'weight': 4, 'source': 0, 'target': 5}, {'weight': 2, 'source': 1, 'target': 2}, {'weight': 3, 'source': 1, 'target': 3}, {'weight': 8, 'source': 1, 'target': 4}, {'weight': 6, 'source': 1, 'target': 5}, {'weight': 1, 'source': 2, 'target': 3}, {'weight': 3, 'source': 2, 'target': 4}, {'weight': 1, 'source': 2, 'target': 5}, {'weight': 5, 'source': 3, 'target': 4}, {'weight': 3, 'source': 3, 'target': 5}, {'weight': 9, 'source': 4, 'target': 5}]}, 'position': {0: [-0.3530969605659351, 0.23653079210894307], 1: [-0.014831158988742517, -0.5502250464361691], 2: [-1.0, -0.1882379096458032], 3: [0.26073034696767516, 0.7833475704555309], 4: [0.3319078567906819, 0.06165714010134473], 5: [0.7752899157963203, -0.34307254658384684]}, 'solution': ([0, 1, 1, 1, 0, 1], 49.0)}",26,"{'optimizer': 'COBYLA', 'maxiter': 100, 'shots': 1024, 'parameter_strategy': 'RANDOM', 'x0': None, 'backend': <QAOA_Tester.Backend.NoisyEstimatorBackend object at 0x7f25fc32ab90>}","[([1, 1, 1, 1, 1, 1], 0.0)]","[array([ 4.36937859,  5.14128656,  5.63996857,  4.59386986, -0.20379275,
        4.65031774,  3.3595772 ,  0.14899764,  0.05110389,  4.83695944,
        1.40938598,  3.93971325,  3.33173109,  1.54221702,  0.22340779,
        0.03083269,  5.74857262, -0.14295364,  5.87112547,  0.64153344,
        1.58054598,  5.98886836,  0.1154274 ,  0.3714803 ,  5.44964647,
        8.95038095,  0.25212333,  2.18172003,  1.69256211,  0.32739633,
        6.48506826,  6.10071645,  2.64374313,  3.86707728,  2.47516944,
        2.89679807,  3.50138674,  3.90982033,  1.67533648,  3.71511562,
        5.16035871,  4.63016453,  2.41615941,  0.34085864,  3.55740996,
        5.74964658,  0.43254039,  6.21051476,  5.88273746,  6.03336234,
        6.03172665,  3.08142419])]",[626.5636177062988]
