,problem,layers,optimizer,solutions,parameters,time
0,"{'type': 'maxcut', 'graph': {'directed': False, 'multigraph': False, 'graph': {}, 'nodes': [{'id': 0}, {'id': 1}, {'id': 2}, {'id': 3}, {'id': 4}, {'id': 5}], 'links': [{'weight': 7, 'source': 0, 'target': 1}, {'weight': 6, 'source': 0, 'target': 2}, {'weight': 7, 'source': 0, 'target': 3}, {'weight': 4, 'source': 0, 'target': 4}, {'weight': 4, 'source': 0, 'target': 5}, {'weight': 2, 'source': 1, 'target': 2}, {'weight': 3, 'source': 1, 'target': 3}, {'weight': 8, 'source': 1, 'target': 4}, {'weight': 6, 'source': 1, 'target': 5}, {'weight': 1, 'source': 2, 'target': 3}, {'weight': 3, 'source': 2, 'target': 4}, {'weight': 1, 'source': 2, 'target': 5}, {'weight': 5, 'source': 3, 'target': 4}, {'weight': 3, 'source': 3, 'target': 5}, {'weight': 9, 'source': 4, 'target': 5}]}, 'position': {0: [-0.3530969605659351, 0.23653079210894307], 1: [-0.014831158988742517, -0.5502250464361691], 2: [-1.0, -0.1882379096458032], 3: [0.26073034696767516, 0.7833475704555309], 4: [0.3319078567906819, 0.06165714010134473], 5: [0.7752899157963203, -0.34307254658384684]}, 'solution': ([0, 1, 1, 1, 0, 1], 49.0)}",29,"{'optimizer': 'COBYLA', 'maxiter': 100, 'shots': 1024, 'parameter_strategy': 'RANDOM', 'x0': None, 'backend': <QAOA_Tester.Backend.NoisyEstimatorBackend object at 0x7ff0e83ac610>}","[([1, 1, 0, 1, 1, 1], -13.0)]","[array([3.55151792, 2.70093697, 2.20159599, 1.29525466, 1.76713405,
       5.08720627, 0.68864343, 4.751227  , 5.32191952, 5.51806631,
       3.11319317, 1.94930147, 6.13001979, 0.71786286, 2.56092046,
       0.13563599, 3.32199299, 5.18174913, 6.2187753 , 4.26865905,
       4.50089851, 5.41780733, 5.20360473, 0.82302553, 5.68748568,
       0.94018482, 2.49616485, 1.29122534, 1.06890041, 4.70282668,
       3.65804122, 3.79412045, 3.96598774, 0.37752223, 1.22916382,
       5.50634351, 3.63374715, 4.4383807 , 2.87052983, 1.45982019,
       3.7495107 , 6.24253565, 1.37871434, 3.40044401, 5.4164572 ,
       2.07674874, 4.83749984, 0.03037276, 3.8462852 , 3.2203881 ,
       4.25071613, 1.30759474, 3.01583492, 0.62326114, 1.58157098,
       4.78876436, 3.19058575, 3.23604441])]",[674.0371017456055]
