,problem,layers,optimizer,solutions,parameters,time
0,"{'type': 'maxcut', 'graph': {'directed': False, 'multigraph': False, 'graph': {}, 'nodes': [{'id': 0}, {'id': 1}, {'id': 2}, {'id': 3}, {'id': 4}, {'id': 5}], 'links': [{'weight': 7, 'source': 0, 'target': 1}, {'weight': 6, 'source': 0, 'target': 2}, {'weight': 7, 'source': 0, 'target': 3}, {'weight': 4, 'source': 0, 'target': 4}, {'weight': 4, 'source': 0, 'target': 5}, {'weight': 2, 'source': 1, 'target': 2}, {'weight': 3, 'source': 1, 'target': 3}, {'weight': 8, 'source': 1, 'target': 4}, {'weight': 6, 'source': 1, 'target': 5}, {'weight': 1, 'source': 2, 'target': 3}, {'weight': 3, 'source': 2, 'target': 4}, {'weight': 1, 'source': 2, 'target': 5}, {'weight': 5, 'source': 3, 'target': 4}, {'weight': 3, 'source': 3, 'target': 5}, {'weight': 9, 'source': 4, 'target': 5}]}, 'position': {0: [-0.3530969605659351, 0.23653079210894307], 1: [-0.014831158988742517, -0.5502250464361691], 2: [-1.0, -0.1882379096458032], 3: [0.26073034696767516, 0.7833475704555309], 4: [0.3319078567906819, 0.06165714010134473], 5: [0.7752899157963203, -0.34307254658384684]}, 'solution': ([0, 1, 1, 1, 0, 1], 49.0)}",22,"{'optimizer': 'COBYLA', 'maxiter': 100, 'shots': 1024, 'parameter_strategy': 'RANDOM', 'x0': None, 'backend': <QAOA_Tester.Backend.NoisyEstimatorBackend object at 0x7ff23fb5f6a0>}","[([0, 1, 1, 0, 0, 0], -35.0)]","[array([0.36088224, 3.60700143, 1.46867127, 5.4429091 , 5.442739  ,
       2.33933989, 5.68545985, 1.3883734 , 4.89181091, 3.14539995,
       2.08326905, 4.01006447, 1.9319334 , 0.17238859, 4.11616891,
       4.36234815, 4.36598659, 0.50950294, 3.0330009 , 0.92218756,
       2.79894264, 1.9320788 , 5.27077319, 6.11911515, 2.81694671,
       5.37414284, 3.92073858, 1.01882941, 0.59262581, 3.05928138,
       4.39027647, 2.67488571, 4.86656626, 3.35720172, 4.22166888,
       5.31289913, 6.23508882, 3.22632037, 4.22387725, 0.71645034,
       3.54729033, 3.36776228, 3.56738125, 2.27177569])]",[646.7593650817871]
