,problem,layers,optimizer,solutions,parameters,time
0,"{'type': 'maxcut', 'graph': {'directed': False, 'multigraph': False, 'graph': {}, 'nodes': [{'id': 0}, {'id': 1}, {'id': 2}, {'id': 3}, {'id': 4}, {'id': 5}], 'links': [{'weight': 7, 'source': 0, 'target': 1}, {'weight': 6, 'source': 0, 'target': 2}, {'weight': 7, 'source': 0, 'target': 3}, {'weight': 4, 'source': 0, 'target': 4}, {'weight': 4, 'source': 0, 'target': 5}, {'weight': 2, 'source': 1, 'target': 2}, {'weight': 3, 'source': 1, 'target': 3}, {'weight': 8, 'source': 1, 'target': 4}, {'weight': 6, 'source': 1, 'target': 5}, {'weight': 1, 'source': 2, 'target': 3}, {'weight': 3, 'source': 2, 'target': 4}, {'weight': 1, 'source': 2, 'target': 5}, {'weight': 5, 'source': 3, 'target': 4}, {'weight': 3, 'source': 3, 'target': 5}, {'weight': 9, 'source': 4, 'target': 5}]}, 'position': {0: [-0.3530969605659351, 0.23653079210894307], 1: [-0.014831158988742517, -0.5502250464361691], 2: [-1.0, -0.1882379096458032], 3: [0.26073034696767516, 0.7833475704555309], 4: [0.3319078567906819, 0.06165714010134473], 5: [0.7752899157963203, -0.34307254658384684]}, 'solution': ([0, 1, 1, 1, 0, 1], 49.0)}",22,"{'optimizer': 'COBYLA', 'maxiter': 100, 'shots': 1024, 'parameter_strategy': 'RANDOM', 'x0': None, 'backend': <QAOA_Tester.Backend.NoisyEstimatorBackend object at 0x7fc5e26619f0>}","[([0, 1, 0, 0, 1, 1], -32.0)]","[array([1.07849919, 2.27145525, 0.39490524, 0.94113298, 1.2279077 ,
       4.81512206, 1.47486513, 3.74680898, 5.73090322, 4.96970658,
       5.05468582, 5.90902587, 2.54204605, 4.9916681 , 5.18489227,
       4.12933836, 3.14538311, 3.61077519, 0.13832465, 0.27996142,
       1.44411313, 2.17025215, 4.16832252, 1.62449148, 3.55480065,
       2.53019694, 3.81145255, 4.55615063, 0.74287517, 5.09211208,
       4.00932123, 1.95807704, 4.85506974, 4.93772936, 2.81464425,
       1.77596901, 3.15563753, 5.83600861, 3.72767239, 0.48755162,
       0.90313081, 6.25078208, 6.04549154, 3.4449145 ])]",[615.9312176704407]
