,problem,layers,optimizer,solutions,parameters,time
0,"{'type': 'maxcut', 'graph': {'directed': False, 'multigraph': False, 'graph': {}, 'nodes': [{'id': 0}, {'id': 1}, {'id': 2}, {'id': 3}, {'id': 4}, {'id': 5}], 'links': [{'weight': 7, 'source': 0, 'target': 1}, {'weight': 6, 'source': 0, 'target': 2}, {'weight': 7, 'source': 0, 'target': 3}, {'weight': 4, 'source': 0, 'target': 4}, {'weight': 4, 'source': 0, 'target': 5}, {'weight': 2, 'source': 1, 'target': 2}, {'weight': 3, 'source': 1, 'target': 3}, {'weight': 8, 'source': 1, 'target': 4}, {'weight': 6, 'source': 1, 'target': 5}, {'weight': 1, 'source': 2, 'target': 3}, {'weight': 3, 'source': 2, 'target': 4}, {'weight': 1, 'source': 2, 'target': 5}, {'weight': 5, 'source': 3, 'target': 4}, {'weight': 3, 'source': 3, 'target': 5}, {'weight': 9, 'source': 4, 'target': 5}]}, 'position': {0: [-0.3530969605659351, 0.23653079210894307], 1: [-0.014831158988742517, -0.5502250464361691], 2: [-1.0, -0.1882379096458032], 3: [0.26073034696767516, 0.7833475704555309], 4: [0.3319078567906819, 0.06165714010134473], 5: [0.7752899157963203, -0.34307254658384684]}, 'solution': ([0, 1, 1, 1, 0, 1], 49.0)}",24,"{'optimizer': 'COBYLA', 'maxiter': 100, 'shots': 1024, 'parameter_strategy': 'RANDOM', 'x0': None, 'backend': <QAOA_Tester.Backend.NoisyEstimatorBackend object at 0x7f92aed85030>}","[([0, 0, 0, 0, 0, 1], -23.0)]","[array([1.07967054, 3.16056019, 5.54144676, 2.66541482, 6.31510863,
       1.315807  , 3.82769599, 2.70187818, 1.05129075, 6.33288028,
       2.60197867, 1.42498729, 1.60922291, 4.19936968, 3.48980138,
       2.07726887, 1.67613979, 1.29484255, 1.87798513, 5.33976988,
       1.47074988, 5.62062387, 1.57832536, 8.03693385, 3.6172955 ,
       2.06863387, 2.49864671, 2.75834555, 4.66237756, 4.22533952,
       0.52367505, 2.52781592, 4.99445294, 0.26815851, 4.00746874,
       4.71944075, 1.72448489, 2.5365204 , 2.46613396, 3.87084101,
       3.3023633 , 4.53333587, 0.32521365, 4.98608265, 2.02563388,
       4.86230779, 6.07059149, 1.11542991])]",[675.4279417991638]
