,problem,layers,optimizer,solutions,parameters,time
0,"{'type': 'maxcut', 'graph': {'directed': False, 'multigraph': False, 'graph': {}, 'nodes': [{'id': 0}, {'id': 1}, {'id': 2}, {'id': 3}, {'id': 4}, {'id': 5}], 'links': [{'weight': 7, 'source': 0, 'target': 1}, {'weight': 6, 'source': 0, 'target': 2}, {'weight': 7, 'source': 0, 'target': 3}, {'weight': 4, 'source': 0, 'target': 4}, {'weight': 4, 'source': 0, 'target': 5}, {'weight': 2, 'source': 1, 'target': 2}, {'weight': 3, 'source': 1, 'target': 3}, {'weight': 8, 'source': 1, 'target': 4}, {'weight': 6, 'source': 1, 'target': 5}, {'weight': 1, 'source': 2, 'target': 3}, {'weight': 3, 'source': 2, 'target': 4}, {'weight': 1, 'source': 2, 'target': 5}, {'weight': 5, 'source': 3, 'target': 4}, {'weight': 3, 'source': 3, 'target': 5}, {'weight': 9, 'source': 4, 'target': 5}]}, 'position': {0: [-0.3530969605659351, 0.23653079210894307], 1: [-0.014831158988742517, -0.5502250464361691], 2: [-1.0, -0.1882379096458032], 3: [0.26073034696767516, 0.7833475704555309], 4: [0.3319078567906819, 0.06165714010134473], 5: [0.7752899157963203, -0.34307254658384684]}, 'solution': ([0, 1, 1, 1, 0, 1], 49.0)}",26,"{'optimizer': 'COBYLA', 'maxiter': 100, 'shots': 1024, 'parameter_strategy': 'RANDOM', 'x0': None, 'backend': <QAOA_Tester.Backend.NoisyEstimatorBackend object at 0x7fa05e96c670>}","[([1, 0, 1, 0, 0, 1], -42.0)]","[array([4.75533295, 0.69374882, 2.65525683, 5.84602416, 1.04444944,
       4.18348829, 1.60539056, 1.84449803, 3.69015142, 3.17558709,
       5.80551632, 5.97788252, 0.80892477, 1.71859831, 5.74396784,
       1.2911611 , 6.1741365 , 2.55054393, 1.97894134, 5.69136073,
       5.22379034, 1.4088194 , 3.25851507, 0.11710154, 5.79657927,
       1.24888283, 4.24113187, 0.35098381, 1.763568  , 6.00342281,
       4.46350651, 1.50557208, 0.09340844, 3.31428697, 6.10528724,
       4.45946081, 4.22452333, 5.70689777, 2.29134527, 4.21633828,
       5.81433713, 5.02009757, 4.87604828, 5.65442075, 3.43321123,
       0.29579105, 3.50357544, 6.13424449, 0.89640726, 4.32628783,
       1.1961568 , 3.69061145])]",[657.0273985862732]
