,problem,layers,optimizer,solutions,parameters,time
0,"{'type': 'maxcut', 'graph': {'directed': False, 'multigraph': False, 'graph': {}, 'nodes': [{'id': 0}, {'id': 1}, {'id': 2}, {'id': 3}, {'id': 4}, {'id': 5}], 'links': [{'weight': 7, 'source': 0, 'target': 1}, {'weight': 6, 'source': 0, 'target': 2}, {'weight': 7, 'source': 0, 'target': 3}, {'weight': 4, 'source': 0, 'target': 4}, {'weight': 4, 'source': 0, 'target': 5}, {'weight': 2, 'source': 1, 'target': 2}, {'weight': 3, 'source': 1, 'target': 3}, {'weight': 8, 'source': 1, 'target': 4}, {'weight': 6, 'source': 1, 'target': 5}, {'weight': 1, 'source': 2, 'target': 3}, {'weight': 3, 'source': 2, 'target': 4}, {'weight': 1, 'source': 2, 'target': 5}, {'weight': 5, 'source': 3, 'target': 4}, {'weight': 3, 'source': 3, 'target': 5}, {'weight': 9, 'source': 4, 'target': 5}]}, 'position': {0: [-0.3530969605659351, 0.23653079210894307], 1: [-0.014831158988742517, -0.5502250464361691], 2: [-1.0, -0.1882379096458032], 3: [0.26073034696767516, 0.7833475704555309], 4: [0.3319078567906819, 0.06165714010134473], 5: [0.7752899157963203, -0.34307254658384684]}, 'solution': ([0, 1, 1, 1, 0, 1], 49.0)}",25,"{'optimizer': 'COBYLA', 'maxiter': 100, 'shots': 1024, 'parameter_strategy': 'RANDOM', 'x0': None, 'backend': <QAOA_Tester.Backend.NoisyEstimatorBackend object at 0x7f0b82614640>}","[([1, 0, 0, 1, 0, 1], -42.0)]","[array([3.08036778, 1.6828921 , 4.61290207, 4.79730077, 1.05066495,
       1.35442053, 1.71865117, 2.1790944 , 4.23732807, 5.61115708,
       0.3397754 , 5.17665431, 2.45471408, 2.36934117, 2.94431932,
       2.20242854, 1.56894878, 2.42158219, 4.5912165 , 1.15522568,
       5.79683253, 3.14991207, 5.53676674, 5.07423268, 2.473937  ,
       1.88895952, 2.71368599, 4.34602155, 5.7955794 , 6.21587797,
       1.04045892, 4.65019752, 5.31592301, 5.64622122, 2.90357996,
       0.16742071, 3.35872518, 5.70549582, 4.18452517, 5.69942923,
       4.58970966, 2.44557795, 4.12382203, 1.09799613, 4.8168342 ,
       5.50396545, 0.15406156, 1.50421347, 0.37496633, 5.96167609])]",[638.9060559272766]
