,problem,layers,optimizer,solutions,parameters,time
0,"{'type': 'maxcut', 'graph': {'directed': False, 'multigraph': False, 'graph': {}, 'nodes': [{'id': 0}, {'id': 1}, {'id': 2}, {'id': 3}, {'id': 4}, {'id': 5}], 'links': [{'weight': 7, 'source': 0, 'target': 1}, {'weight': 6, 'source': 0, 'target': 2}, {'weight': 7, 'source': 0, 'target': 3}, {'weight': 4, 'source': 0, 'target': 4}, {'weight': 4, 'source': 0, 'target': 5}, {'weight': 2, 'source': 1, 'target': 2}, {'weight': 3, 'source': 1, 'target': 3}, {'weight': 8, 'source': 1, 'target': 4}, {'weight': 6, 'source': 1, 'target': 5}, {'weight': 1, 'source': 2, 'target': 3}, {'weight': 3, 'source': 2, 'target': 4}, {'weight': 1, 'source': 2, 'target': 5}, {'weight': 5, 'source': 3, 'target': 4}, {'weight': 3, 'source': 3, 'target': 5}, {'weight': 9, 'source': 4, 'target': 5}]}, 'position': {0: [-0.3530969605659351, 0.23653079210894307], 1: [-0.014831158988742517, -0.5502250464361691], 2: [-1.0, -0.1882379096458032], 3: [0.26073034696767516, 0.7833475704555309], 4: [0.3319078567906819, 0.06165714010134473], 5: [0.7752899157963203, -0.34307254658384684]}, 'solution': ([0, 1, 1, 1, 0, 1], 49.0)}",26,"{'optimizer': 'COBYLA', 'maxiter': 100, 'shots': 1024, 'parameter_strategy': 'RANDOM', 'x0': None, 'backend': <QAOA_Tester.Backend.NoisyEstimatorBackend object at 0x7fc0c3ca86d0>}","[([0, 0, 1, 0, 1, 0], -36.0)]","[array([1.71934395, 1.08021747, 4.65914606, 5.06487951, 3.53928448,
       3.63449867, 0.3064171 , 1.77414491, 0.42084182, 3.98386032,
       2.92186146, 2.11302716, 0.54581757, 4.9279198 , 2.48321088,
       4.35171874, 1.59440629, 5.68633999, 0.48752357, 5.80963218,
       1.31134405, 6.24518592, 2.70008385, 5.18418493, 1.68921157,
       2.36081389, 2.5684549 , 0.1960701 , 5.10011149, 2.25371617,
       2.77056199, 3.22783845, 1.87237439, 0.65455569, 3.5509102 ,
       5.90988659, 2.13689143, 4.9652689 , 4.99913715, 6.13337404,
       5.84907215, 3.40572889, 3.28839521, 1.18740596, 2.54552151,
       1.53836025, 5.25477563, 3.84359808, 3.53387904, 0.44714043,
       0.96438647, 4.87545651])]",[629.0277848243713]
