,problem,layers,optimizer,solutions,parameters,time
0,"{'type': 'maxcut', 'graph': {'directed': False, 'multigraph': False, 'graph': {}, 'nodes': [{'id': 0}, {'id': 1}, {'id': 2}, {'id': 3}, {'id': 4}, {'id': 5}], 'links': [{'weight': 7, 'source': 0, 'target': 1}, {'weight': 6, 'source': 0, 'target': 2}, {'weight': 7, 'source': 0, 'target': 3}, {'weight': 4, 'source': 0, 'target': 4}, {'weight': 4, 'source': 0, 'target': 5}, {'weight': 2, 'source': 1, 'target': 2}, {'weight': 3, 'source': 1, 'target': 3}, {'weight': 8, 'source': 1, 'target': 4}, {'weight': 6, 'source': 1, 'target': 5}, {'weight': 1, 'source': 2, 'target': 3}, {'weight': 3, 'source': 2, 'target': 4}, {'weight': 1, 'source': 2, 'target': 5}, {'weight': 5, 'source': 3, 'target': 4}, {'weight': 3, 'source': 3, 'target': 5}, {'weight': 9, 'source': 4, 'target': 5}]}, 'position': {0: [-0.3530969605659351, 0.23653079210894307], 1: [-0.014831158988742517, -0.5502250464361691], 2: [-1.0, -0.1882379096458032], 3: [0.26073034696767516, 0.7833475704555309], 4: [0.3319078567906819, 0.06165714010134473], 5: [0.7752899157963203, -0.34307254658384684]}, 'solution': ([0, 1, 1, 1, 0, 1], 49.0)}",25,"{'optimizer': 'COBYLA', 'maxiter': 100, 'shots': 1024, 'parameter_strategy': 'RANDOM', 'x0': None, 'backend': <QAOA_Tester.Backend.NoisyEstimatorBackend object at 0x7fce3a82ce80>}","[([0, 1, 1, 0, 1, 1], -33.0)]","[array([3.26277918, 5.85320104, 2.83660533, 0.37071805, 1.52148476,
       5.12779568, 1.65899729, 0.62622185, 2.5904527 , 2.46292028,
       5.57991654, 3.52431916, 4.97643803, 0.25053917, 2.98896431,
       0.79709929, 5.79250159, 5.57070369, 0.74650157, 4.99038916,
       4.764421  , 5.55222681, 0.83535999, 1.79701007, 5.1398253 ,
       6.18156633, 4.3604581 , 3.9291592 , 3.16723264, 5.75899567,
       4.58058865, 1.60241673, 1.07973255, 2.02448422, 1.80946809,
       3.76622911, 2.77881511, 4.54393657, 1.54154093, 4.59479773,
       0.08270306, 5.36353514, 0.53316261, 6.21989511, 2.17094514,
       4.54581264, 4.68353126, 0.35476157, 1.04387008, 5.8180816 ])]",[642.6955387592316]
