,problem,layers,optimizer,solutions,parameters,time
0,"{'type': 'maxcut', 'graph': {'directed': False, 'multigraph': False, 'graph': {}, 'nodes': [{'id': 0}, {'id': 1}, {'id': 2}, {'id': 3}, {'id': 4}, {'id': 5}], 'links': [{'weight': 7, 'source': 0, 'target': 1}, {'weight': 6, 'source': 0, 'target': 2}, {'weight': 7, 'source': 0, 'target': 3}, {'weight': 4, 'source': 0, 'target': 4}, {'weight': 4, 'source': 0, 'target': 5}, {'weight': 2, 'source': 1, 'target': 2}, {'weight': 3, 'source': 1, 'target': 3}, {'weight': 8, 'source': 1, 'target': 4}, {'weight': 6, 'source': 1, 'target': 5}, {'weight': 1, 'source': 2, 'target': 3}, {'weight': 3, 'source': 2, 'target': 4}, {'weight': 1, 'source': 2, 'target': 5}, {'weight': 5, 'source': 3, 'target': 4}, {'weight': 3, 'source': 3, 'target': 5}, {'weight': 9, 'source': 4, 'target': 5}]}, 'position': {0: [-0.3530969605659351, 0.23653079210894307], 1: [-0.014831158988742517, -0.5502250464361691], 2: [-1.0, -0.1882379096458032], 3: [0.26073034696767516, 0.7833475704555309], 4: [0.3319078567906819, 0.06165714010134473], 5: [0.7752899157963203, -0.34307254658384684]}, 'solution': ([0, 1, 1, 1, 0, 1], 49.0)}",28,"{'optimizer': 'COBYLA', 'maxiter': 100, 'shots': 1024, 'parameter_strategy': 'RANDOM', 'x0': None, 'backend': <QAOA_Tester.Backend.NoisyEstimatorBackend object at 0x7f107589eb30>}","[([1, 0, 0, 0, 0, 0], -28.0)]","[array([3.29784756, 5.89784401, 1.44878974, 0.45596468, 3.02549815,
       1.36130015, 2.82983351, 0.39996736, 4.0318516 , 2.76146568,
       1.12800375, 5.21248687, 4.0000487 , 4.97902609, 4.63708429,
       4.89555573, 5.76010758, 6.06903945, 3.46076815, 6.37487263,
       0.85074852, 4.26994973, 5.38396439, 1.32744465, 4.69335905,
       3.61663368, 1.03334933, 2.09546163, 5.69492191, 3.54828464,
       0.18554551, 3.68609207, 4.40547515, 0.02187391, 4.59992037,
       4.14677869, 2.73729002, 3.73698451, 0.01208205, 3.96956908,
       0.03526182, 1.26869892, 0.38081466, 4.66487262, 3.10614794,
       5.47939631, 1.12224543, 3.48007591, 2.45141265, 5.13422288,
       3.1101889 , 0.69393866, 3.74813899, 2.2088492 , 5.09397426,
       2.36080494])]",[653.2925410270691]
