,problem,layers,optimizer,solutions,parameters,time
0,"{'type': 'maxcut', 'graph': {'directed': False, 'multigraph': False, 'graph': {}, 'nodes': [{'id': 0}, {'id': 1}, {'id': 2}, {'id': 3}, {'id': 4}, {'id': 5}], 'links': [{'weight': 7, 'source': 0, 'target': 1}, {'weight': 6, 'source': 0, 'target': 2}, {'weight': 7, 'source': 0, 'target': 3}, {'weight': 4, 'source': 0, 'target': 4}, {'weight': 4, 'source': 0, 'target': 5}, {'weight': 2, 'source': 1, 'target': 2}, {'weight': 3, 'source': 1, 'target': 3}, {'weight': 8, 'source': 1, 'target': 4}, {'weight': 6, 'source': 1, 'target': 5}, {'weight': 1, 'source': 2, 'target': 3}, {'weight': 3, 'source': 2, 'target': 4}, {'weight': 1, 'source': 2, 'target': 5}, {'weight': 5, 'source': 3, 'target': 4}, {'weight': 3, 'source': 3, 'target': 5}, {'weight': 9, 'source': 4, 'target': 5}]}, 'position': {0: [-0.3530969605659351, 0.23653079210894307], 1: [-0.014831158988742517, -0.5502250464361691], 2: [-1.0, -0.1882379096458032], 3: [0.26073034696767516, 0.7833475704555309], 4: [0.3319078567906819, 0.06165714010134473], 5: [0.7752899157963203, -0.34307254658384684]}, 'solution': ([0, 1, 1, 1, 0, 1], 49.0)}",23,"{'optimizer': 'COBYLA', 'maxiter': 100, 'shots': 1024, 'parameter_strategy': 'RANDOM', 'x0': None, 'backend': <QAOA_Tester.Backend.NoisyEstimatorBackend object at 0x7f290fa83b80>}","[([1, 0, 0, 1, 1, 1], -35.0)]","[array([1.86206676, 4.45559463, 0.40848282, 2.95161549, 3.43390519,
       4.19550643, 2.6089969 , 2.82641051, 1.10990436, 0.98914872,
       4.25205754, 0.34643002, 4.51871071, 4.75911285, 4.36708047,
       5.75529653, 4.69914981, 4.10280977, 0.68201828, 0.90103063,
       4.69462787, 3.20632156, 2.91867147, 1.29080827, 3.14527923,
       4.56216002, 0.1205065 , 1.425133  , 5.75569381, 0.08329948,
       3.77973213, 5.61206028, 5.2633971 , 2.91293629, 0.92493975,
       4.77025373, 0.37772534, 1.48394599, 5.14059325, 4.91275031,
       2.64544619, 0.30868026, 5.91206386, 1.65333116, 2.12816716,
       1.01298127])]",[648.77485704422]
