,problem,layers,optimizer,solutions,parameters,time
0,"{'type': 'maxcut', 'graph': {'directed': False, 'multigraph': False, 'graph': {}, 'nodes': [{'id': 0}, {'id': 1}, {'id': 2}, {'id': 3}, {'id': 4}, {'id': 5}], 'links': [{'weight': 7, 'source': 0, 'target': 1}, {'weight': 6, 'source': 0, 'target': 2}, {'weight': 7, 'source': 0, 'target': 3}, {'weight': 4, 'source': 0, 'target': 4}, {'weight': 4, 'source': 0, 'target': 5}, {'weight': 2, 'source': 1, 'target': 2}, {'weight': 3, 'source': 1, 'target': 3}, {'weight': 8, 'source': 1, 'target': 4}, {'weight': 6, 'source': 1, 'target': 5}, {'weight': 1, 'source': 2, 'target': 3}, {'weight': 3, 'source': 2, 'target': 4}, {'weight': 1, 'source': 2, 'target': 5}, {'weight': 5, 'source': 3, 'target': 4}, {'weight': 3, 'source': 3, 'target': 5}, {'weight': 9, 'source': 4, 'target': 5}]}, 'position': {0: [-0.3530969605659351, 0.23653079210894307], 1: [-0.014831158988742517, -0.5502250464361691], 2: [-1.0, -0.1882379096458032], 3: [0.26073034696767516, 0.7833475704555309], 4: [0.3319078567906819, 0.06165714010134473], 5: [0.7752899157963203, -0.34307254658384684]}, 'solution': ([0, 1, 1, 1, 0, 1], 49.0)}",30,"{'optimizer': 'COBYLA', 'maxiter': 100, 'shots': 1024, 'parameter_strategy': 'RANDOM', 'x0': None, 'backend': <QAOA_Tester.Backend.NoisyEstimatorBackend object at 0x7fb37a170e50>}","[([0, 0, 0, 1, 1, 1], -37.0)]","[array([5.56708816, 1.2081712 , 1.68998081, 4.46520359, 3.4870279 ,
       1.48958728, 4.32131561, 5.38279952, 0.62321118, 4.64879117,
       2.4602652 , 6.23706529, 1.01664725, 3.81199414, 2.16969745,
       3.7405094 , 0.58780767, 2.46621487, 5.94805639, 3.62276431,
       0.38258141, 4.93422365, 3.67895679, 4.81996157, 6.11493901,
       4.24733044, 1.08236249, 6.16746991, 1.34404886, 8.01554301,
       4.71419647, 5.76752925, 3.57705153, 2.32592633, 5.18875502,
       4.25699443, 2.92979649, 5.93915074, 4.25224498, 2.81714061,
       0.30078806, 2.40695088, 0.63508855, 5.77368779, 5.11310387,
       4.28131444, 4.42263831, 4.13418365, 1.60635646, 3.25523578,
       2.16544363, 5.44347184, 4.73727855, 2.80978635, 4.83910569,
       2.69884567, 0.79380469, 1.74922167, 0.09392208, 0.98887191])]",[719.2889738082886]
