,problem,layers,optimizer,solutions,parameters,time
0,"{'type': 'maxcut', 'graph': {'directed': False, 'multigraph': False, 'graph': {}, 'nodes': [{'id': 0}, {'id': 1}, {'id': 2}, {'id': 3}, {'id': 4}, {'id': 5}], 'links': [{'weight': 7, 'source': 0, 'target': 1}, {'weight': 6, 'source': 0, 'target': 2}, {'weight': 7, 'source': 0, 'target': 3}, {'weight': 4, 'source': 0, 'target': 4}, {'weight': 4, 'source': 0, 'target': 5}, {'weight': 2, 'source': 1, 'target': 2}, {'weight': 3, 'source': 1, 'target': 3}, {'weight': 8, 'source': 1, 'target': 4}, {'weight': 6, 'source': 1, 'target': 5}, {'weight': 1, 'source': 2, 'target': 3}, {'weight': 3, 'source': 2, 'target': 4}, {'weight': 1, 'source': 2, 'target': 5}, {'weight': 5, 'source': 3, 'target': 4}, {'weight': 3, 'source': 3, 'target': 5}, {'weight': 9, 'source': 4, 'target': 5}]}, 'position': {0: [-0.3530969605659351, 0.23653079210894307], 1: [-0.014831158988742517, -0.5502250464361691], 2: [-1.0, -0.1882379096458032], 3: [0.26073034696767516, 0.7833475704555309], 4: [0.3319078567906819, 0.06165714010134473], 5: [0.7752899157963203, -0.34307254658384684]}, 'solution': ([0, 1, 1, 1, 0, 1], 49.0)}",30,"{'optimizer': 'COBYLA', 'maxiter': 100, 'shots': 1024, 'parameter_strategy': 'RANDOM', 'x0': None, 'backend': <QAOA_Tester.Backend.NoisyEstimatorBackend object at 0x7f95d08c1a80>}","[([1, 1, 1, 0, 1, 1], -19.0)]","[array([5.83930913, 3.10832686, 2.59487619, 2.54367623, 2.9403806 ,
       1.19043943, 3.08456158, 4.74401778, 3.5287767 , 2.41626904,
       0.8314609 , 5.1508737 , 3.36668352, 6.20290259, 3.63947076,
       2.54715883, 5.07795879, 2.52473654, 2.10016337, 3.93331209,
       0.58947871, 4.65598205, 6.09384191, 6.21644942, 1.61919581,
       3.2564794 , 3.35052381, 1.77522437, 0.92848801, 1.16258363,
       3.68151032, 1.07184651, 0.09086192, 2.47331787, 1.5120512 ,
       0.85962324, 1.46619444, 2.3458688 , 4.96893206, 2.08893153,
       1.6287324 , 0.77178085, 3.70723209, 4.09072189, 6.14742276,
       5.37015314, 3.78393242, 4.40932225, 3.93648012, 3.3610636 ,
       2.84211055, 4.68963322, 0.58470738, 1.80920453, 1.15648048,
       2.17549266, 1.44568234, 4.27070141, 5.01793515, 5.94914469])]",[743.1690645217896]
