,problem,layers,optimizer,solutions,parameters,time
0,"{'type': 'maxcut', 'graph': {'directed': False, 'multigraph': False, 'graph': {}, 'nodes': [{'id': 0}, {'id': 1}, {'id': 2}, {'id': 3}, {'id': 4}, {'id': 5}], 'links': [{'weight': 7, 'source': 0, 'target': 1}, {'weight': 6, 'source': 0, 'target': 2}, {'weight': 7, 'source': 0, 'target': 3}, {'weight': 4, 'source': 0, 'target': 4}, {'weight': 4, 'source': 0, 'target': 5}, {'weight': 2, 'source': 1, 'target': 2}, {'weight': 3, 'source': 1, 'target': 3}, {'weight': 8, 'source': 1, 'target': 4}, {'weight': 6, 'source': 1, 'target': 5}, {'weight': 1, 'source': 2, 'target': 3}, {'weight': 3, 'source': 2, 'target': 4}, {'weight': 1, 'source': 2, 'target': 5}, {'weight': 5, 'source': 3, 'target': 4}, {'weight': 3, 'source': 3, 'target': 5}, {'weight': 9, 'source': 4, 'target': 5}]}, 'position': {0: [-0.3530969605659351, 0.23653079210894307], 1: [-0.014831158988742517, -0.5502250464361691], 2: [-1.0, -0.1882379096458032], 3: [0.26073034696767516, 0.7833475704555309], 4: [0.3319078567906819, 0.06165714010134473], 5: [0.7752899157963203, -0.34307254658384684]}, 'solution': ([0, 1, 1, 1, 0, 1], 49.0)}",24,"{'optimizer': 'COBYLA', 'maxiter': 100, 'shots': 1024, 'parameter_strategy': 'RANDOM', 'x0': None, 'backend': <QAOA_Tester.Backend.NoisyEstimatorBackend object at 0x7f1ee59e9390>}","[([1, 0, 0, 1, 1, 0], -44.0)]","[array([0.51998767, 2.72747304, 4.42608878, 0.54534695, 1.45677394,
       4.15305471, 1.6365011 , 1.4537362 , 1.34653626, 2.79362677,
       1.66191434, 3.60179892, 5.80831371, 0.80258692, 0.4272478 ,
       3.59284839, 4.02997369, 5.32767632, 1.95376274, 0.20476737,
       3.62980306, 6.00002042, 4.07437377, 4.37328598, 0.42227286,
       5.3607601 , 4.96000209, 5.88370245, 5.76784494, 2.6029567 ,
       0.60411169, 5.99889706, 4.95834684, 1.45037157, 6.06458193,
       5.05324302, 2.38584198, 2.18941134, 1.5899375 , 1.32052272,
       5.29714608, 4.97301406, 0.4669454 , 0.28809117, 0.22603003,
       3.67716289, 3.93806918, 0.15357257])]",[642.092919588089]
