,problem,layers,optimizer,solutions,parameters,time
0,"{'type': 'maxcut', 'graph': {'directed': False, 'multigraph': False, 'graph': {}, 'nodes': [{'id': 0}, {'id': 1}, {'id': 2}, {'id': 3}, {'id': 4}, {'id': 5}], 'links': [{'weight': 7, 'source': 0, 'target': 1}, {'weight': 6, 'source': 0, 'target': 2}, {'weight': 7, 'source': 0, 'target': 3}, {'weight': 4, 'source': 0, 'target': 4}, {'weight': 4, 'source': 0, 'target': 5}, {'weight': 2, 'source': 1, 'target': 2}, {'weight': 3, 'source': 1, 'target': 3}, {'weight': 8, 'source': 1, 'target': 4}, {'weight': 6, 'source': 1, 'target': 5}, {'weight': 1, 'source': 2, 'target': 3}, {'weight': 3, 'source': 2, 'target': 4}, {'weight': 1, 'source': 2, 'target': 5}, {'weight': 5, 'source': 3, 'target': 4}, {'weight': 3, 'source': 3, 'target': 5}, {'weight': 9, 'source': 4, 'target': 5}]}, 'position': {0: [-0.3530969605659351, 0.23653079210894307], 1: [-0.014831158988742517, -0.5502250464361691], 2: [-1.0, -0.1882379096458032], 3: [0.26073034696767516, 0.7833475704555309], 4: [0.3319078567906819, 0.06165714010134473], 5: [0.7752899157963203, -0.34307254658384684]}, 'solution': ([0, 1, 1, 1, 0, 1], 49.0)}",25,"{'optimizer': 'COBYLA', 'maxiter': 100, 'shots': 1024, 'parameter_strategy': 'RANDOM', 'x0': None, 'backend': <QAOA_Tester.Backend.NoisyEstimatorBackend object at 0x7f5df82b5570>}","[([1, 0, 0, 0, 0, 1], -43.0)]","[array([2.85904078e+00, 4.14609481e+00, 1.28171198e+00, 3.06597407e+00,
       2.56178349e+00, 4.09061978e+00, 7.00058621e-01, 5.50184916e+00,
       4.72328272e+00, 6.09388512e+00, 5.09296337e+00, 4.26234797e+00,
       4.43324960e+00, 4.31442401e+00, 3.58081133e+00, 5.82958676e+00,
       3.43777106e+00, 5.46129091e+00, 2.56202576e+00, 3.99792829e+00,
       7.20369813e-02, 5.92714012e+00, 1.11550290e+00, 1.34567784e-01,
       6.53614660e+00, 2.34315784e+00, 1.18171544e+00, 4.36052789e+00,
       4.83653662e-01, 1.37687782e+00, 5.35202696e-02, 3.81300327e+00,
       4.69996578e+00, 4.07226543e+00, 1.81354698e+00, 5.20642425e+00,
       2.37353854e+00, 3.43726834e-03, 1.83192368e+00, 5.36913379e+00,
       3.78024076e+00, 1.63358129e+00, 4.45986505e+00, 5.14968466e+00,
       2.99391841e+00, 3.62430842e+00, 1.28858989e+00, 3.19383076e+00,
       4.48711310e+00, 1.06802823e+00])]",[686.6000697612762]
