,problem,layers,optimizer,solutions,parameters,time
0,"{'type': 'maxcut', 'graph': {'directed': False, 'multigraph': False, 'graph': {}, 'nodes': [{'id': 0}, {'id': 1}, {'id': 2}, {'id': 3}, {'id': 4}, {'id': 5}], 'links': [{'weight': 7, 'source': 0, 'target': 1}, {'weight': 6, 'source': 0, 'target': 2}, {'weight': 7, 'source': 0, 'target': 3}, {'weight': 4, 'source': 0, 'target': 4}, {'weight': 4, 'source': 0, 'target': 5}, {'weight': 2, 'source': 1, 'target': 2}, {'weight': 3, 'source': 1, 'target': 3}, {'weight': 8, 'source': 1, 'target': 4}, {'weight': 6, 'source': 1, 'target': 5}, {'weight': 1, 'source': 2, 'target': 3}, {'weight': 3, 'source': 2, 'target': 4}, {'weight': 1, 'source': 2, 'target': 5}, {'weight': 5, 'source': 3, 'target': 4}, {'weight': 3, 'source': 3, 'target': 5}, {'weight': 9, 'source': 4, 'target': 5}]}, 'position': {0: [-0.3530969605659351, 0.23653079210894307], 1: [-0.014831158988742517, -0.5502250464361691], 2: [-1.0, -0.1882379096458032], 3: [0.26073034696767516, 0.7833475704555309], 4: [0.3319078567906819, 0.06165714010134473], 5: [0.7752899157963203, -0.34307254658384684]}, 'solution': ([0, 1, 1, 1, 0, 1], 49.0)}",26,"{'optimizer': 'COBYLA', 'maxiter': 100, 'shots': 1024, 'parameter_strategy': 'RANDOM', 'x0': None, 'backend': <QAOA_Tester.Backend.NoisyEstimatorBackend object at 0x7f351d345420>}","[([1, 0, 1, 1, 0, 1], -39.0)]","[array([0.92958259, 1.29895949, 4.48523471, 1.016103  , 4.61893938,
       3.97564694, 1.40769449, 3.34017769, 0.86256802, 5.81360749,
       4.12051898, 5.70731966, 5.50598286, 1.73432516, 5.12946345,
       0.59559218, 0.59254465, 1.06837643, 2.39774027, 6.09314246,
       2.48826789, 1.07823972, 0.79491637, 4.09483191, 2.27034133,
       3.40017159, 2.81059826, 5.99323019, 5.7550949 , 6.1671052 ,
       0.2978154 , 1.030198  , 1.44831605, 6.19923633, 4.78367221,
       0.952275  , 5.63664342, 3.84528328, 5.07258332, 0.74150314,
       4.85974789, 0.02512486, 6.13559868, 2.80770039, 1.90624286,
       2.50448547, 3.72467281, 5.76808258, 2.68224801, 4.41121905,
       5.25780713, 1.42926808])]",[626.4299709796906]
