,problem,layers,optimizer,solutions,parameters,time
0,"{'type': 'maxcut', 'graph': {'directed': False, 'multigraph': False, 'graph': {}, 'nodes': [{'id': 0}, {'id': 1}, {'id': 2}, {'id': 3}, {'id': 4}, {'id': 5}], 'links': [{'weight': 7, 'source': 0, 'target': 1}, {'weight': 6, 'source': 0, 'target': 2}, {'weight': 7, 'source': 0, 'target': 3}, {'weight': 4, 'source': 0, 'target': 4}, {'weight': 4, 'source': 0, 'target': 5}, {'weight': 2, 'source': 1, 'target': 2}, {'weight': 3, 'source': 1, 'target': 3}, {'weight': 8, 'source': 1, 'target': 4}, {'weight': 6, 'source': 1, 'target': 5}, {'weight': 1, 'source': 2, 'target': 3}, {'weight': 3, 'source': 2, 'target': 4}, {'weight': 1, 'source': 2, 'target': 5}, {'weight': 5, 'source': 3, 'target': 4}, {'weight': 3, 'source': 3, 'target': 5}, {'weight': 9, 'source': 4, 'target': 5}]}, 'position': {0: [-0.3530969605659351, 0.23653079210894307], 1: [-0.014831158988742517, -0.5502250464361691], 2: [-1.0, -0.1882379096458032], 3: [0.26073034696767516, 0.7833475704555309], 4: [0.3319078567906819, 0.06165714010134473], 5: [0.7752899157963203, -0.34307254658384684]}, 'solution': ([0, 1, 1, 1, 0, 1], 49.0)}",26,"{'optimizer': 'COBYLA', 'maxiter': 100, 'shots': 1024, 'parameter_strategy': 'RANDOM', 'x0': None, 'backend': <QAOA_Tester.Backend.NoisyEstimatorBackend object at 0x7fbbbce486d0>}","[([1, 0, 1, 0, 1, 0], -44.0)]","[array([4.87347761e+00, 5.58445821e-01, 1.48682841e+00, 2.42301817e-01,
       1.95752977e+00, 5.79496349e+00, 4.51235138e+00, 6.06610226e+00,
       3.18749900e+00, 2.71223611e-01, 4.95497317e-01, 3.08736828e+00,
       4.23619942e+00, 1.26384486e+00, 2.13073475e+00, 1.00932949e+00,
       5.21518978e+00, 2.14212713e+00, 5.66131037e+00, 2.69877828e+00,
       3.71551819e+00, 2.26133783e+00, 8.21745939e-04, 5.26476622e+00,
       1.32420412e+00, 8.46134423e+00, 4.57292366e+00, 3.69171711e+00,
       3.10312045e+00, 5.30120407e+00, 3.67485130e-02, 5.60626764e-01,
       2.13824289e-01, 3.62767938e+00, 5.47047297e+00, 4.83885154e+00,
       2.60036791e+00, 6.08169314e+00, 1.83541642e+00, 5.55328796e+00,
       1.25143882e+00, 2.11619686e+00, 2.52379118e+00, 3.21178341e+00,
       5.11575936e-01, 5.05267322e+00, 9.03978037e-01, 4.16498723e+00,
       5.25166767e-01, 3.81547507e+00, 5.39574554e+00, 2.88362998e+00])]",[665.3190729618073]
