,problem,layers,optimizer,solutions,parameters,time
0,"{'type': 'maxcut', 'graph': {'directed': False, 'multigraph': False, 'graph': {}, 'nodes': [{'id': 0}, {'id': 1}, {'id': 2}, {'id': 3}, {'id': 4}, {'id': 5}], 'links': [{'weight': 7, 'source': 0, 'target': 1}, {'weight': 6, 'source': 0, 'target': 2}, {'weight': 7, 'source': 0, 'target': 3}, {'weight': 4, 'source': 0, 'target': 4}, {'weight': 4, 'source': 0, 'target': 5}, {'weight': 2, 'source': 1, 'target': 2}, {'weight': 3, 'source': 1, 'target': 3}, {'weight': 8, 'source': 1, 'target': 4}, {'weight': 6, 'source': 1, 'target': 5}, {'weight': 1, 'source': 2, 'target': 3}, {'weight': 3, 'source': 2, 'target': 4}, {'weight': 1, 'source': 2, 'target': 5}, {'weight': 5, 'source': 3, 'target': 4}, {'weight': 3, 'source': 3, 'target': 5}, {'weight': 9, 'source': 4, 'target': 5}]}, 'position': {0: [-0.3530969605659351, 0.23653079210894307], 1: [-0.014831158988742517, -0.5502250464361691], 2: [-1.0, -0.1882379096458032], 3: [0.26073034696767516, 0.7833475704555309], 4: [0.3319078567906819, 0.06165714010134473], 5: [0.7752899157963203, -0.34307254658384684]}, 'solution': ([0, 1, 1, 1, 0, 1], 49.0)}",26,"{'optimizer': 'COBYLA', 'maxiter': 100, 'shots': 1024, 'parameter_strategy': 'RANDOM', 'x0': None, 'backend': <QAOA_Tester.Backend.NoisyEstimatorBackend object at 0x7efed9588550>}","[([0, 0, 0, 0, 1, 0], -29.0)]","[array([2.33056796, 4.47037308, 1.76557839, 0.72406312, 1.10206729,
       4.63336713, 0.47157713, 3.99978468, 3.94788731, 5.13053884,
       2.83529693, 4.6131774 , 2.21944218, 2.44699697, 5.51391506,
       5.13926128, 6.11255449, 2.15767163, 5.12096844, 4.0324112 ,
       2.87061475, 0.13150388, 0.98794401, 0.51330376, 5.49509083,
       4.9632526 , 4.94339924, 0.21184577, 3.45704649, 2.8090291 ,
       2.39768776, 5.75819359, 4.45830364, 2.49642206, 0.18182585,
       4.78851296, 0.69852995, 4.04706485, 2.79378882, 4.09273581,
       2.78102559, 4.632102  , 6.09073234, 5.66555154, 2.05875196,
       4.73178258, 2.62375242, 5.80737475, 1.92707331, 2.98113385,
       2.93083116, 3.71836564])]",[645.2271358966827]
