,problem,layers,optimizer,solutions,parameters,time
0,"{'type': 'maxcut', 'graph': {'directed': False, 'multigraph': False, 'graph': {}, 'nodes': [{'id': 0}, {'id': 1}, {'id': 2}, {'id': 3}, {'id': 4}, {'id': 5}], 'links': [{'weight': 7, 'source': 0, 'target': 1}, {'weight': 6, 'source': 0, 'target': 2}, {'weight': 7, 'source': 0, 'target': 3}, {'weight': 4, 'source': 0, 'target': 4}, {'weight': 4, 'source': 0, 'target': 5}, {'weight': 2, 'source': 1, 'target': 2}, {'weight': 3, 'source': 1, 'target': 3}, {'weight': 8, 'source': 1, 'target': 4}, {'weight': 6, 'source': 1, 'target': 5}, {'weight': 1, 'source': 2, 'target': 3}, {'weight': 3, 'source': 2, 'target': 4}, {'weight': 1, 'source': 2, 'target': 5}, {'weight': 5, 'source': 3, 'target': 4}, {'weight': 3, 'source': 3, 'target': 5}, {'weight': 9, 'source': 4, 'target': 5}]}, 'position': {0: [-0.3530969605659351, 0.23653079210894307], 1: [-0.014831158988742517, -0.5502250464361691], 2: [-1.0, -0.1882379096458032], 3: [0.26073034696767516, 0.7833475704555309], 4: [0.3319078567906819, 0.06165714010134473], 5: [0.7752899157963203, -0.34307254658384684]}, 'solution': ([0, 1, 1, 1, 0, 1], 49.0)}",26,"{'optimizer': 'COBYLA', 'maxiter': 100, 'shots': 1024, 'parameter_strategy': 'RANDOM', 'x0': None, 'backend': <QAOA_Tester.Backend.NoisyEstimatorBackend object at 0x7f4d18f33e20>}","[([1, 1, 1, 1, 1, 0], -23.0)]","[array([4.88147975, 2.58969517, 2.53288485, 1.81502802, 4.19253017,
       4.3259971 , 1.06720619, 0.81090164, 1.67452369, 5.24149451,
       4.81495778, 1.60477762, 0.136782  , 5.37813221, 3.15629873,
       1.0072518 , 4.57096903, 0.83256257, 3.7840631 , 0.43816979,
       1.80115145, 3.52730275, 0.22673591, 1.97135775, 5.47819381,
       2.5206608 , 2.94259193, 0.04307449, 3.62975597, 4.20289216,
       0.74680491, 3.83554941, 5.45223146, 4.55232004, 5.72218373,
       2.5713208 , 2.63516656, 3.64351926, 2.91243861, 4.08677137,
       5.38347563, 5.1456836 , 4.25517503, 5.71869   , 5.25757225,
       5.99141618, 3.31656776, 0.9250066 , 0.34863473, 3.03909007,
       5.35480351, 5.98127546])]",[656.0425536632538]
