,problem,layers,optimizer,solutions,parameters,time
0,"{'type': 'maxcut', 'graph': {'directed': False, 'multigraph': False, 'graph': {}, 'nodes': [{'id': 0}, {'id': 1}, {'id': 2}, {'id': 3}, {'id': 4}, {'id': 5}], 'links': [{'weight': 7, 'source': 0, 'target': 1}, {'weight': 6, 'source': 0, 'target': 2}, {'weight': 7, 'source': 0, 'target': 3}, {'weight': 4, 'source': 0, 'target': 4}, {'weight': 4, 'source': 0, 'target': 5}, {'weight': 2, 'source': 1, 'target': 2}, {'weight': 3, 'source': 1, 'target': 3}, {'weight': 8, 'source': 1, 'target': 4}, {'weight': 6, 'source': 1, 'target': 5}, {'weight': 1, 'source': 2, 'target': 3}, {'weight': 3, 'source': 2, 'target': 4}, {'weight': 1, 'source': 2, 'target': 5}, {'weight': 5, 'source': 3, 'target': 4}, {'weight': 3, 'source': 3, 'target': 5}, {'weight': 9, 'source': 4, 'target': 5}]}, 'position': {0: [-0.3530969605659351, 0.23653079210894307], 1: [-0.014831158988742517, -0.5502250464361691], 2: [-1.0, -0.1882379096458032], 3: [0.26073034696767516, 0.7833475704555309], 4: [0.3319078567906819, 0.06165714010134473], 5: [0.7752899157963203, -0.34307254658384684]}, 'solution': ([0, 1, 1, 1, 0, 1], 49.0)}",26,"{'optimizer': 'COBYLA', 'maxiter': 100, 'shots': 1024, 'parameter_strategy': 'RANDOM', 'x0': None, 'backend': <QAOA_Tester.Backend.NoisyEstimatorBackend object at 0x7f45e0dd9420>}","[([0, 0, 1, 0, 1, 0], -36.0)]","[array([ 3.08270608,  5.4176458 ,  3.94738491,  5.13748103,  0.54548489,
        5.05139181,  3.60914158,  3.28635547,  6.05853103,  3.89847011,
        2.7020685 ,  4.34160421,  2.62136367,  3.49386047,  3.05700321,
        0.87903859,  3.1040816 ,  6.15857833,  0.18816565, -0.0733096 ,
        2.05603408,  3.79777505,  2.43812847,  4.49396196,  5.80707606,
        5.68357737,  6.13451627,  5.99430798,  5.48558564,  2.2679463 ,
        4.82690789,  4.78250422,  0.66592608,  4.192263  ,  2.3229765 ,
        5.06815517,  3.51775592,  4.80700539,  2.16124218,  5.4367822 ,
        3.31282793,  4.62678425,  0.85442709,  4.10561147,  5.04865533,
        0.02944694,  3.54470615,  5.28784476,  3.2664448 ,  1.21383347,
        4.3999459 ,  5.85291651])]",[630.0454521179199]
