,problem,layers,optimizer,solutions,parameters,time
0,"{'type': 'maxcut', 'graph': {'directed': False, 'multigraph': False, 'graph': {}, 'nodes': [{'id': 0}, {'id': 1}, {'id': 2}, {'id': 3}, {'id': 4}, {'id': 5}], 'links': [{'weight': 7, 'source': 0, 'target': 1}, {'weight': 6, 'source': 0, 'target': 2}, {'weight': 7, 'source': 0, 'target': 3}, {'weight': 4, 'source': 0, 'target': 4}, {'weight': 4, 'source': 0, 'target': 5}, {'weight': 2, 'source': 1, 'target': 2}, {'weight': 3, 'source': 1, 'target': 3}, {'weight': 8, 'source': 1, 'target': 4}, {'weight': 6, 'source': 1, 'target': 5}, {'weight': 1, 'source': 2, 'target': 3}, {'weight': 3, 'source': 2, 'target': 4}, {'weight': 1, 'source': 2, 'target': 5}, {'weight': 5, 'source': 3, 'target': 4}, {'weight': 3, 'source': 3, 'target': 5}, {'weight': 9, 'source': 4, 'target': 5}]}, 'position': {0: [-0.3530969605659351, 0.23653079210894307], 1: [-0.014831158988742517, -0.5502250464361691], 2: [-1.0, -0.1882379096458032], 3: [0.26073034696767516, 0.7833475704555309], 4: [0.3319078567906819, 0.06165714010134473], 5: [0.7752899157963203, -0.34307254658384684]}, 'solution': ([0, 1, 1, 1, 0, 1], 49.0)}",30,"{'optimizer': 'COBYLA', 'maxiter': 100, 'shots': 1024, 'parameter_strategy': 'RANDOM', 'x0': None, 'backend': <QAOA_Tester.Backend.NoisyEstimatorBackend object at 0x7f6ff7470670>}","[([0, 1, 0, 1, 0, 0], -39.0)]","[array([0.08311461, 2.69019714, 5.27051928, 5.3739036 , 5.16770747,
       0.08931326, 3.27662409, 1.66168849, 5.24121303, 2.39917444,
       5.30006715, 6.2753261 , 6.18238666, 2.36954256, 0.68385801,
       2.17555858, 0.24846414, 1.85368541, 3.99109375, 5.95308122,
       1.74238463, 1.44610723, 4.71844834, 3.1728441 , 4.46820839,
       3.71382504, 5.80640692, 5.39007819, 5.8141321 , 1.00179629,
       2.63376815, 2.79814173, 5.81957251, 2.50254889, 2.39127359,
       3.21139568, 4.51004898, 5.26672514, 3.18520719, 0.62809909,
       4.03032432, 4.84906477, 2.8740646 , 5.92660887, 1.23345121,
       0.79425542, 4.08569044, 2.21882933, 1.54030293, 1.62022189,
       1.97886501, 3.05618378, 6.05645845, 4.73928644, 0.78165156,
       1.33920619, 2.5138167 , 4.77908129, 5.50160088, 4.00522902])]",[654.8732285499573]
