,problem,layers,optimizer,solutions,parameters,time
0,"{'type': 'maxcut', 'graph': {'directed': False, 'multigraph': False, 'graph': {}, 'nodes': [{'id': 0}, {'id': 1}, {'id': 2}, {'id': 3}, {'id': 4}, {'id': 5}], 'links': [{'weight': 7, 'source': 0, 'target': 1}, {'weight': 6, 'source': 0, 'target': 2}, {'weight': 7, 'source': 0, 'target': 3}, {'weight': 4, 'source': 0, 'target': 4}, {'weight': 4, 'source': 0, 'target': 5}, {'weight': 2, 'source': 1, 'target': 2}, {'weight': 3, 'source': 1, 'target': 3}, {'weight': 8, 'source': 1, 'target': 4}, {'weight': 6, 'source': 1, 'target': 5}, {'weight': 1, 'source': 2, 'target': 3}, {'weight': 3, 'source': 2, 'target': 4}, {'weight': 1, 'source': 2, 'target': 5}, {'weight': 5, 'source': 3, 'target': 4}, {'weight': 3, 'source': 3, 'target': 5}, {'weight': 9, 'source': 4, 'target': 5}]}, 'position': {0: [-0.3530969605659351, 0.23653079210894307], 1: [-0.014831158988742517, -0.5502250464361691], 2: [-1.0, -0.1882379096458032], 3: [0.26073034696767516, 0.7833475704555309], 4: [0.3319078567906819, 0.06165714010134473], 5: [0.7752899157963203, -0.34307254658384684]}, 'solution': ([0, 1, 1, 1, 0, 1], 49.0)}",24,"{'optimizer': 'COBYLA', 'maxiter': 100, 'shots': 1024, 'parameter_strategy': 'RANDOM', 'x0': None, 'backend': <QAOA_Tester.Backend.NoisyEstimatorBackend object at 0x7fdce0bbce50>}","[([1, 1, 0, 0, 0, 0], -40.0)]","[array([5.43186274, 3.33347216, 5.79929417, 5.084114  , 4.72766915,
       6.32301328, 0.6568263 , 1.9362653 , 3.35222931, 4.27912097,
       2.53181639, 0.16195272, 4.76352762, 2.5290439 , 5.05044202,
       2.78595874, 5.20775233, 4.58912255, 1.56699117, 4.60994976,
       4.38536877, 6.0937491 , 1.31606841, 3.17998184, 1.29853928,
       3.70529204, 0.8780153 , 2.21484943, 5.65376362, 3.82346731,
       5.64077554, 5.98964142, 4.296687  , 2.23960075, 3.49836021,
       1.01860257, 0.29820083, 3.11398457, 1.94357571, 3.79957497,
       1.67786513, 0.42860942, 1.68901362, 4.66997064, 5.89158778,
       3.05206487, 4.90073715, 4.13865209])]",[660.8268423080444]
