,problem,layers,optimizer,solutions,parameters,time
0,"{'type': 'maxcut', 'graph': {'directed': False, 'multigraph': False, 'graph': {}, 'nodes': [{'id': 0}, {'id': 1}, {'id': 2}, {'id': 3}, {'id': 4}, {'id': 5}], 'links': [{'weight': 7, 'source': 0, 'target': 1}, {'weight': 6, 'source': 0, 'target': 2}, {'weight': 7, 'source': 0, 'target': 3}, {'weight': 4, 'source': 0, 'target': 4}, {'weight': 4, 'source': 0, 'target': 5}, {'weight': 2, 'source': 1, 'target': 2}, {'weight': 3, 'source': 1, 'target': 3}, {'weight': 8, 'source': 1, 'target': 4}, {'weight': 6, 'source': 1, 'target': 5}, {'weight': 1, 'source': 2, 'target': 3}, {'weight': 3, 'source': 2, 'target': 4}, {'weight': 1, 'source': 2, 'target': 5}, {'weight': 5, 'source': 3, 'target': 4}, {'weight': 3, 'source': 3, 'target': 5}, {'weight': 9, 'source': 4, 'target': 5}]}, 'position': {0: [-0.3530969605659351, 0.23653079210894307], 1: [-0.014831158988742517, -0.5502250464361691], 2: [-1.0, -0.1882379096458032], 3: [0.26073034696767516, 0.7833475704555309], 4: [0.3319078567906819, 0.06165714010134473], 5: [0.7752899157963203, -0.34307254658384684]}, 'solution': ([0, 1, 1, 1, 0, 1], 49.0)}",29,"{'optimizer': 'COBYLA', 'maxiter': 100, 'shots': 1024, 'parameter_strategy': 'RANDOM', 'x0': None, 'backend': <QAOA_Tester.Backend.NoisyEstimatorBackend object at 0x7f047633d480>}","[([0, 0, 0, 1, 0, 1], -36.0)]","[array([1.50923255, 5.81731315, 3.59593196, 3.16655186, 4.53248527,
       0.21861114, 3.62204355, 2.30973965, 4.05989165, 3.77862939,
       3.62046228, 1.38830659, 5.43457968, 5.36819208, 1.67855731,
       0.380773  , 3.78736083, 1.80614088, 1.01221638, 0.84503172,
       6.24497829, 2.86737487, 5.92199862, 0.78586991, 2.85166934,
       1.31154554, 1.29247942, 3.78153586, 4.68570672, 4.13504935,
       5.00816847, 2.05755931, 1.74689167, 1.52772675, 3.50088413,
       5.12496692, 1.28060041, 4.75305179, 5.77471744, 5.57556583,
       1.01063637, 2.3480453 , 3.35225545, 5.58577043, 3.39569048,
       1.19778655, 3.49066644, 3.16138616, 1.30628196, 2.93962868,
       4.87766198, 0.46294655, 2.99777053, 1.97158964, 4.84941002,
       6.04496834, 0.82218496, 3.80164868])]",[647.752215385437]
