,problem,layers,optimizer,solutions,parameters,time
0,"{'type': 'maxcut', 'graph': {'directed': False, 'multigraph': False, 'graph': {}, 'nodes': [{'id': 0}, {'id': 1}, {'id': 2}, {'id': 3}, {'id': 4}, {'id': 5}], 'links': [{'weight': 7, 'source': 0, 'target': 1}, {'weight': 6, 'source': 0, 'target': 2}, {'weight': 7, 'source': 0, 'target': 3}, {'weight': 4, 'source': 0, 'target': 4}, {'weight': 4, 'source': 0, 'target': 5}, {'weight': 2, 'source': 1, 'target': 2}, {'weight': 3, 'source': 1, 'target': 3}, {'weight': 8, 'source': 1, 'target': 4}, {'weight': 6, 'source': 1, 'target': 5}, {'weight': 1, 'source': 2, 'target': 3}, {'weight': 3, 'source': 2, 'target': 4}, {'weight': 1, 'source': 2, 'target': 5}, {'weight': 5, 'source': 3, 'target': 4}, {'weight': 3, 'source': 3, 'target': 5}, {'weight': 9, 'source': 4, 'target': 5}]}, 'position': {0: [-0.3530969605659351, 0.23653079210894307], 1: [-0.014831158988742517, -0.5502250464361691], 2: [-1.0, -0.1882379096458032], 3: [0.26073034696767516, 0.7833475704555309], 4: [0.3319078567906819, 0.06165714010134473], 5: [0.7752899157963203, -0.34307254658384684]}, 'solution': ([0, 1, 1, 1, 0, 1], 49.0)}",24,"{'optimizer': 'COBYLA', 'maxiter': 100, 'shots': 1024, 'parameter_strategy': 'RANDOM', 'x0': None, 'backend': <QAOA_Tester.Backend.NoisyEstimatorBackend object at 0x7f10d247dab0>}","[([0, 0, 0, 1, 0, 0], -19.0)]","[array([1.47873641, 5.29933049, 2.35213668, 5.44349832, 5.84434023,
       3.36369675, 5.2405992 , 3.0520372 , 2.21735511, 5.85673884,
       3.16734752, 5.87207042, 6.00143772, 2.93674701, 2.28127542,
       3.03242411, 4.22995235, 6.12902139, 0.40553814, 2.81412052,
       1.24820747, 2.92075778, 4.08215515, 5.03735572, 5.15056043,
       2.04547253, 4.18023645, 4.19867998, 1.42592227, 3.92272467,
       6.11522337, 1.59765189, 1.0708046 , 3.69262527, 3.42777856,
       6.2814378 , 4.57104801, 1.62609923, 3.61661852, 1.27483813,
       2.58240411, 4.44945659, 5.04604363, 6.0041521 , 4.51346302,
       1.10753901, 0.44784847, 1.58180873])]",[693.8936796188354]
