,problem,layers,optimizer,solutions,parameters,time
0,"{'type': 'maxcut', 'graph': {'directed': False, 'multigraph': False, 'graph': {}, 'nodes': [{'id': 0}, {'id': 1}, {'id': 2}, {'id': 3}, {'id': 4}, {'id': 5}], 'links': [{'weight': 7, 'source': 0, 'target': 1}, {'weight': 6, 'source': 0, 'target': 2}, {'weight': 7, 'source': 0, 'target': 3}, {'weight': 4, 'source': 0, 'target': 4}, {'weight': 4, 'source': 0, 'target': 5}, {'weight': 2, 'source': 1, 'target': 2}, {'weight': 3, 'source': 1, 'target': 3}, {'weight': 8, 'source': 1, 'target': 4}, {'weight': 6, 'source': 1, 'target': 5}, {'weight': 1, 'source': 2, 'target': 3}, {'weight': 3, 'source': 2, 'target': 4}, {'weight': 1, 'source': 2, 'target': 5}, {'weight': 5, 'source': 3, 'target': 4}, {'weight': 3, 'source': 3, 'target': 5}, {'weight': 9, 'source': 4, 'target': 5}]}, 'position': {0: [-0.3530969605659351, 0.23653079210894307], 1: [-0.014831158988742517, -0.5502250464361691], 2: [-1.0, -0.1882379096458032], 3: [0.26073034696767516, 0.7833475704555309], 4: [0.3319078567906819, 0.06165714010134473], 5: [0.7752899157963203, -0.34307254658384684]}, 'solution': ([0, 1, 1, 1, 0, 1], 49.0)}",30,"{'optimizer': 'COBYLA', 'maxiter': 100, 'shots': 1024, 'parameter_strategy': 'RANDOM', 'x0': None, 'backend': <QAOA_Tester.Backend.NoisyEstimatorBackend object at 0x7f0c24e9f5b0>}","[([0, 1, 1, 0, 1, 0], -42.0)]","[array([1.17910704, 5.88526178, 3.59776277, 1.95513738, 3.57465121,
       0.16569147, 3.30288632, 4.14861144, 3.15922773, 2.03685685,
       1.66721341, 2.59114826, 5.99133085, 4.28440573, 0.92740424,
       3.0118432 , 4.99456333, 1.40027958, 2.93646659, 1.54533831,
       4.46594921, 0.63915255, 5.20633928, 2.98745874, 1.18776908,
       5.8535905 , 0.18652326, 5.34924273, 5.14604722, 4.56307699,
       4.09149586, 4.38537443, 0.07299506, 4.15361824, 1.23685763,
       3.32078807, 1.34379923, 2.54935117, 6.03512073, 5.93591627,
       3.02022634, 0.00934428, 0.80080954, 5.82668437, 0.98770506,
       5.92226923, 3.79300117, 1.02051185, 1.80578583, 3.30334731,
       4.94329271, 1.78587505, 1.6200067 , 4.69274369, 0.84161838,
       0.35436206, 0.01691346, 4.19882713, 2.92038815, 3.57777918])]",[761.523521900177]
