,problem,layers,optimizer,solutions,parameters,time
0,"{'type': 'maxcut', 'graph': {'directed': False, 'multigraph': False, 'graph': {}, 'nodes': [{'id': 0}, {'id': 1}, {'id': 2}, {'id': 3}, {'id': 4}, {'id': 5}], 'links': [{'weight': 7, 'source': 0, 'target': 1}, {'weight': 6, 'source': 0, 'target': 2}, {'weight': 7, 'source': 0, 'target': 3}, {'weight': 4, 'source': 0, 'target': 4}, {'weight': 4, 'source': 0, 'target': 5}, {'weight': 2, 'source': 1, 'target': 2}, {'weight': 3, 'source': 1, 'target': 3}, {'weight': 8, 'source': 1, 'target': 4}, {'weight': 6, 'source': 1, 'target': 5}, {'weight': 1, 'source': 2, 'target': 3}, {'weight': 3, 'source': 2, 'target': 4}, {'weight': 1, 'source': 2, 'target': 5}, {'weight': 5, 'source': 3, 'target': 4}, {'weight': 3, 'source': 3, 'target': 5}, {'weight': 9, 'source': 4, 'target': 5}]}, 'position': {0: [-0.3530969605659351, 0.23653079210894307], 1: [-0.014831158988742517, -0.5502250464361691], 2: [-1.0, -0.1882379096458032], 3: [0.26073034696767516, 0.7833475704555309], 4: [0.3319078567906819, 0.06165714010134473], 5: [0.7752899157963203, -0.34307254658384684]}, 'solution': ([0, 1, 1, 1, 0, 1], 49.0)}",22,"{'optimizer': 'COBYLA', 'maxiter': 100, 'shots': 1024, 'parameter_strategy': 'RANDOM', 'x0': None, 'backend': <QAOA_Tester.Backend.NoisyEstimatorBackend object at 0x7f0cc3705a80>}","[([1, 1, 1, 1, 1, 0], -23.0)]","[array([2.39835448, 2.38634676, 2.00329959, 0.90854473, 4.90060908,
       0.43267744, 0.1512906 , 3.5123686 , 4.47483598, 5.62404968,
       1.48779627, 5.95191848, 1.49194684, 4.97883347, 4.93646965,
       1.16406622, 4.75920782, 0.79817379, 5.67738498, 1.95256905,
       4.46133893, 1.92651384, 0.90494636, 0.70395953, 5.92567437,
       2.61784892, 3.91812331, 0.14791112, 2.87544613, 3.76344987,
       5.98587987, 4.37309161, 2.74087841, 2.42322918, 3.36407374,
       4.12328145, 6.25671555, 1.50889439, 2.72958382, 3.01149976,
       0.53000443, 5.8267544 , 0.06920524, 2.39374685])]",[621.3639073371887]
