,problem,layers,optimizer,solutions,parameters,time
0,"{'type': 'maxcut', 'graph': {'directed': False, 'multigraph': False, 'graph': {}, 'nodes': [{'id': 0}, {'id': 1}, {'id': 2}, {'id': 3}, {'id': 4}, {'id': 5}], 'links': [{'weight': 7, 'source': 0, 'target': 1}, {'weight': 6, 'source': 0, 'target': 2}, {'weight': 7, 'source': 0, 'target': 3}, {'weight': 4, 'source': 0, 'target': 4}, {'weight': 4, 'source': 0, 'target': 5}, {'weight': 2, 'source': 1, 'target': 2}, {'weight': 3, 'source': 1, 'target': 3}, {'weight': 8, 'source': 1, 'target': 4}, {'weight': 6, 'source': 1, 'target': 5}, {'weight': 1, 'source': 2, 'target': 3}, {'weight': 3, 'source': 2, 'target': 4}, {'weight': 1, 'source': 2, 'target': 5}, {'weight': 5, 'source': 3, 'target': 4}, {'weight': 3, 'source': 3, 'target': 5}, {'weight': 9, 'source': 4, 'target': 5}]}, 'position': {0: [-0.3530969605659351, 0.23653079210894307], 1: [-0.014831158988742517, -0.5502250464361691], 2: [-1.0, -0.1882379096458032], 3: [0.26073034696767516, 0.7833475704555309], 4: [0.3319078567906819, 0.06165714010134473], 5: [0.7752899157963203, -0.34307254658384684]}, 'solution': ([0, 1, 1, 1, 0, 1], 49.0)}",23,"{'optimizer': 'COBYLA', 'maxiter': 100, 'shots': 1024, 'parameter_strategy': 'RANDOM', 'x0': None, 'backend': <QAOA_Tester.Backend.NoisyEstimatorBackend object at 0x7fcb23154640>}","[([0, 1, 0, 0, 1, 0], -39.0)]","[array([2.09582644, 5.80773743, 3.61697058, 2.6490494 , 4.52594171,
       2.23237385, 1.69326028, 0.43163573, 0.10772445, 0.51277309,
       3.20064203, 1.30544623, 5.65684029, 5.20781688, 3.87579303,
       2.89365234, 1.45895594, 5.61322966, 4.74038888, 2.85962147,
       1.2639566 , 3.1151664 , 0.95494638, 3.62018913, 4.71821279,
       4.15738692, 5.54238883, 3.02506128, 3.90310513, 2.77791062,
       5.01781535, 4.38411672, 3.7056511 , 4.71675059, 5.1719155 ,
       1.98306957, 4.73698014, 5.90713514, 2.98282682, 2.02942777,
       5.19504337, 0.53824658, 5.35237914, 1.83008648, 0.49298826,
       2.98918175])]",[700.5119326114655]
