,problem,layers,optimizer,solutions,parameters,time
0,"{'type': 'maxcut', 'graph': {'directed': False, 'multigraph': False, 'graph': {}, 'nodes': [{'id': 0}, {'id': 1}, {'id': 2}, {'id': 3}, {'id': 4}, {'id': 5}], 'links': [{'weight': 7, 'source': 0, 'target': 1}, {'weight': 6, 'source': 0, 'target': 2}, {'weight': 7, 'source': 0, 'target': 3}, {'weight': 4, 'source': 0, 'target': 4}, {'weight': 4, 'source': 0, 'target': 5}, {'weight': 2, 'source': 1, 'target': 2}, {'weight': 3, 'source': 1, 'target': 3}, {'weight': 8, 'source': 1, 'target': 4}, {'weight': 6, 'source': 1, 'target': 5}, {'weight': 1, 'source': 2, 'target': 3}, {'weight': 3, 'source': 2, 'target': 4}, {'weight': 1, 'source': 2, 'target': 5}, {'weight': 5, 'source': 3, 'target': 4}, {'weight': 3, 'source': 3, 'target': 5}, {'weight': 9, 'source': 4, 'target': 5}]}, 'position': {0: [-0.3530969605659351, 0.23653079210894307], 1: [-0.014831158988742517, -0.5502250464361691], 2: [-1.0, -0.1882379096458032], 3: [0.26073034696767516, 0.7833475704555309], 4: [0.3319078567906819, 0.06165714010134473], 5: [0.7752899157963203, -0.34307254658384684]}, 'solution': ([0, 1, 1, 1, 0, 1], 49.0)}",28,"{'optimizer': 'COBYLA', 'maxiter': 100, 'shots': 1024, 'parameter_strategy': 'RANDOM', 'x0': None, 'backend': <QAOA_Tester.Backend.NoisyEstimatorBackend object at 0x7fbf94dbb700>}","[([1, 0, 1, 1, 0, 1], -39.0)]","[array([2.82157869, 1.64182921, 2.09289316, 6.08915275, 0.5712933 ,
       0.66879341, 4.28853433, 6.19828094, 2.99834192, 4.70012229,
       0.31168048, 0.88493333, 2.32430562, 4.24067609, 2.18671945,
       1.82933305, 5.8737019 , 4.06065163, 1.38317639, 2.68975928,
       3.4440504 , 4.99343749, 4.81223253, 5.57787012, 2.18487563,
       2.87330947, 5.06607916, 1.99367616, 0.42771994, 5.22785528,
       5.65347315, 0.54557285, 5.72535241, 3.06939052, 6.06443202,
       4.62996859, 5.19990909, 3.56170538, 3.83058364, 4.36580881,
       1.55486881, 4.77881643, 1.37086169, 0.33087008, 5.0017153 ,
       3.92512815, 2.842716  , 3.85156103, 1.08027295, 2.77476625,
       2.8287285 , 0.60709349, 2.71884167, 5.53104798, 4.07099127,
       3.94836819])]",[651.810394525528]
