,problem,layers,optimizer,solutions,parameters,time
0,"{'type': 'maxcut', 'graph': {'directed': False, 'multigraph': False, 'graph': {}, 'nodes': [{'id': 0}, {'id': 1}, {'id': 2}, {'id': 3}, {'id': 4}, {'id': 5}], 'links': [{'weight': 7, 'source': 0, 'target': 1}, {'weight': 6, 'source': 0, 'target': 2}, {'weight': 7, 'source': 0, 'target': 3}, {'weight': 4, 'source': 0, 'target': 4}, {'weight': 4, 'source': 0, 'target': 5}, {'weight': 2, 'source': 1, 'target': 2}, {'weight': 3, 'source': 1, 'target': 3}, {'weight': 8, 'source': 1, 'target': 4}, {'weight': 6, 'source': 1, 'target': 5}, {'weight': 1, 'source': 2, 'target': 3}, {'weight': 3, 'source': 2, 'target': 4}, {'weight': 1, 'source': 2, 'target': 5}, {'weight': 5, 'source': 3, 'target': 4}, {'weight': 3, 'source': 3, 'target': 5}, {'weight': 9, 'source': 4, 'target': 5}]}, 'position': {0: [-0.3530969605659351, 0.23653079210894307], 1: [-0.014831158988742517, -0.5502250464361691], 2: [-1.0, -0.1882379096458032], 3: [0.26073034696767516, 0.7833475704555309], 4: [0.3319078567906819, 0.06165714010134473], 5: [0.7752899157963203, -0.34307254658384684]}, 'solution': ([0, 1, 1, 1, 0, 1], 49.0)}",26,"{'optimizer': 'COBYLA', 'maxiter': 100, 'shots': 1024, 'parameter_strategy': 'RANDOM', 'x0': None, 'backend': <QAOA_Tester.Backend.NoisyEstimatorBackend object at 0x7f175c131420>}","[([1, 0, 1, 1, 1, 1], -26.0)]","[array([ 1.28478636,  0.20783914,  4.34775357,  5.89577708,  4.24506158,
        6.13681505,  1.380989  ,  4.84716399, -0.11710893,  4.44620139,
        5.72205947,  4.05254153,  4.6873626 ,  1.92774501,  0.13019546,
        2.16159176,  4.98328932,  2.93904662,  1.18963587,  3.38761653,
        5.2025951 ,  1.67629162,  4.97578308,  4.67934687,  0.73594499,
        4.24279653,  1.79443159,  4.946932  ,  5.98627266,  3.34757405,
        0.95499877,  4.92075021,  5.41857523,  2.33892806,  3.04603246,
        3.66364225,  5.49217298,  1.91482971,  0.18403683,  2.85259302,
        6.21459517,  2.65314652,  1.42836946,  1.48530898,  1.54028629,
        3.2003839 ,  2.43635948,  0.86183595,  1.50822687,  3.8895186 ,
        0.78716128,  5.98939836])]",[622.9791359901428]
