,problem,layers,optimizer,solutions,parameters,time
0,"{'type': 'maxcut', 'graph': {'directed': False, 'multigraph': False, 'graph': {}, 'nodes': [{'id': 0}, {'id': 1}, {'id': 2}, {'id': 3}, {'id': 4}, {'id': 5}], 'links': [{'weight': 7, 'source': 0, 'target': 1}, {'weight': 6, 'source': 0, 'target': 2}, {'weight': 7, 'source': 0, 'target': 3}, {'weight': 4, 'source': 0, 'target': 4}, {'weight': 4, 'source': 0, 'target': 5}, {'weight': 2, 'source': 1, 'target': 2}, {'weight': 3, 'source': 1, 'target': 3}, {'weight': 8, 'source': 1, 'target': 4}, {'weight': 6, 'source': 1, 'target': 5}, {'weight': 1, 'source': 2, 'target': 3}, {'weight': 3, 'source': 2, 'target': 4}, {'weight': 1, 'source': 2, 'target': 5}, {'weight': 5, 'source': 3, 'target': 4}, {'weight': 3, 'source': 3, 'target': 5}, {'weight': 9, 'source': 4, 'target': 5}]}, 'position': {0: [-0.3530969605659351, 0.23653079210894307], 1: [-0.014831158988742517, -0.5502250464361691], 2: [-1.0, -0.1882379096458032], 3: [0.26073034696767516, 0.7833475704555309], 4: [0.3319078567906819, 0.06165714010134473], 5: [0.7752899157963203, -0.34307254658384684]}, 'solution': ([0, 1, 1, 1, 0, 1], 49.0)}",26,"{'optimizer': 'COBYLA', 'maxiter': 100, 'shots': 1024, 'parameter_strategy': 'RANDOM', 'x0': None, 'backend': <QAOA_Tester.Backend.NoisyEstimatorBackend object at 0x7f61b25f5390>}","[([0, 1, 1, 1, 1, 0], -43.0)]","[array([6.12160822, 5.40489126, 3.80261004, 4.04208563, 5.99893991,
       1.95697703, 5.31055851, 3.26111733, 0.0957018 , 0.38493442,
       1.27340756, 1.457273  , 5.78837057, 0.42582548, 4.08885942,
       1.94016673, 1.87739764, 1.92670487, 5.2384566 , 3.09627054,
       6.030134  , 2.39486984, 1.54116465, 4.98487896, 6.1335776 ,
       2.60100922, 0.31620561, 4.07642365, 1.25824186, 1.63584902,
       4.98391828, 3.09296866, 6.05861696, 0.06798307, 3.66381846,
       1.57480955, 1.27155892, 0.46488819, 4.28016987, 6.22034873,
       2.56779181, 5.76262303, 2.12065054, 4.02432152, 1.96764388,
       4.76905413, 5.7898452 , 1.58071071, 1.25753139, 2.6984661 ,
       0.84967579, 0.70004613])]",[632.7347702980042]
