,problem,layers,optimizer,solutions,parameters,time
0,"{'type': 'maxcut', 'graph': {'directed': False, 'multigraph': False, 'graph': {}, 'nodes': [{'id': 0}, {'id': 1}, {'id': 2}, {'id': 3}, {'id': 4}, {'id': 5}], 'links': [{'weight': 7, 'source': 0, 'target': 1}, {'weight': 6, 'source': 0, 'target': 2}, {'weight': 7, 'source': 0, 'target': 3}, {'weight': 4, 'source': 0, 'target': 4}, {'weight': 4, 'source': 0, 'target': 5}, {'weight': 2, 'source': 1, 'target': 2}, {'weight': 3, 'source': 1, 'target': 3}, {'weight': 8, 'source': 1, 'target': 4}, {'weight': 6, 'source': 1, 'target': 5}, {'weight': 1, 'source': 2, 'target': 3}, {'weight': 3, 'source': 2, 'target': 4}, {'weight': 1, 'source': 2, 'target': 5}, {'weight': 5, 'source': 3, 'target': 4}, {'weight': 3, 'source': 3, 'target': 5}, {'weight': 9, 'source': 4, 'target': 5}]}, 'position': {0: [-0.3530969605659351, 0.23653079210894307], 1: [-0.014831158988742517, -0.5502250464361691], 2: [-1.0, -0.1882379096458032], 3: [0.26073034696767516, 0.7833475704555309], 4: [0.3319078567906819, 0.06165714010134473], 5: [0.7752899157963203, -0.34307254658384684]}, 'solution': ([0, 1, 1, 1, 0, 1], 49.0)}",29,"{'optimizer': 'COBYLA', 'maxiter': 100, 'shots': 1024, 'parameter_strategy': 'RANDOM', 'x0': None, 'backend': <QAOA_Tester.Backend.NoisyEstimatorBackend object at 0x7fb0c2e50610>}","[([1, 0, 1, 0, 0, 1], -42.0)]","[array([4.07627577, 5.23539781, 0.19840616, 2.67036455, 5.92567567,
       3.68359645, 4.17319142, 0.99347003, 0.56626577, 5.73500526,
       1.16027925, 4.21245837, 1.09050017, 6.07412762, 3.03559116,
       2.24811369, 4.65765383, 5.36098422, 1.38529522, 3.35434773,
       0.34515095, 3.61031327, 3.21377804, 5.5435212 , 0.25923931,
       6.04342943, 5.89019634, 0.63079943, 5.1077409 , 3.87679211,
       6.02269664, 1.03756828, 4.92019318, 2.55870622, 5.93208515,
       1.46479921, 3.33766249, 3.83483636, 5.98789428, 0.75489881,
       1.15721026, 3.3513619 , 3.08990781, 0.12320583, 5.39491521,
       1.17939734, 5.60223799, 5.84035795, 0.36150178, 1.42094597,
       5.44470297, 5.209789  , 4.35528101, 0.04713501, 4.90667456,
       3.89708466, 6.2163983 , 5.03950523])]",[651.2594027519226]
