,problem,layers,optimizer,solutions,parameters,time
0,"{'type': 'maxcut', 'graph': {'directed': False, 'multigraph': False, 'graph': {}, 'nodes': [{'id': 0}, {'id': 1}, {'id': 2}, {'id': 3}, {'id': 4}, {'id': 5}], 'links': [{'weight': 7, 'source': 0, 'target': 1}, {'weight': 6, 'source': 0, 'target': 2}, {'weight': 7, 'source': 0, 'target': 3}, {'weight': 4, 'source': 0, 'target': 4}, {'weight': 4, 'source': 0, 'target': 5}, {'weight': 2, 'source': 1, 'target': 2}, {'weight': 3, 'source': 1, 'target': 3}, {'weight': 8, 'source': 1, 'target': 4}, {'weight': 6, 'source': 1, 'target': 5}, {'weight': 1, 'source': 2, 'target': 3}, {'weight': 3, 'source': 2, 'target': 4}, {'weight': 1, 'source': 2, 'target': 5}, {'weight': 5, 'source': 3, 'target': 4}, {'weight': 3, 'source': 3, 'target': 5}, {'weight': 9, 'source': 4, 'target': 5}]}, 'position': {0: [-0.3530969605659351, 0.23653079210894307], 1: [-0.014831158988742517, -0.5502250464361691], 2: [-1.0, -0.1882379096458032], 3: [0.26073034696767516, 0.7833475704555309], 4: [0.3319078567906819, 0.06165714010134473], 5: [0.7752899157963203, -0.34307254658384684]}, 'solution': ([0, 1, 1, 1, 0, 1], 49.0)}",26,"{'optimizer': 'COBYLA', 'maxiter': 100, 'shots': 1024, 'parameter_strategy': 'RANDOM', 'x0': None, 'backend': <QAOA_Tester.Backend.NoisyEstimatorBackend object at 0x7ff30bbc9150>}","[([0, 1, 1, 1, 1, 0], -43.0)]","[array([4.76437422, 0.13631582, 4.16926492, 5.49866042, 0.42815991,
       0.67883684, 4.81403139, 5.26137432, 2.69289517, 1.23734107,
       2.77264029, 5.6203531 , 4.77322342, 2.21833878, 3.55479874,
       6.25271936, 0.76778348, 6.21596433, 4.22663358, 2.53625007,
       2.93975587, 4.7114897 , 3.85856816, 2.93017026, 4.10157715,
       1.36738522, 3.93843429, 4.45564529, 4.25061754, 0.35079275,
       6.04570615, 3.49002648, 0.38293094, 0.82012516, 0.4989933 ,
       3.13608227, 2.74352659, 1.53676746, 0.79809492, 1.28541972,
       1.35038677, 4.92037862, 0.72419763, 6.00230125, 5.37114731,
       0.49757667, 4.18457859, 4.93827518, 1.99758864, 1.45204629,
       0.42928286, 4.0913006 ])]",[637.2338116168976]
