,problem,layers,optimizer,solutions,parameters,time
0,"{'type': 'maxcut', 'graph': {'directed': False, 'multigraph': False, 'graph': {}, 'nodes': [{'id': 0}, {'id': 1}, {'id': 2}, {'id': 3}, {'id': 4}, {'id': 5}], 'links': [{'weight': 7, 'source': 0, 'target': 1}, {'weight': 6, 'source': 0, 'target': 2}, {'weight': 7, 'source': 0, 'target': 3}, {'weight': 4, 'source': 0, 'target': 4}, {'weight': 4, 'source': 0, 'target': 5}, {'weight': 2, 'source': 1, 'target': 2}, {'weight': 3, 'source': 1, 'target': 3}, {'weight': 8, 'source': 1, 'target': 4}, {'weight': 6, 'source': 1, 'target': 5}, {'weight': 1, 'source': 2, 'target': 3}, {'weight': 3, 'source': 2, 'target': 4}, {'weight': 1, 'source': 2, 'target': 5}, {'weight': 5, 'source': 3, 'target': 4}, {'weight': 3, 'source': 3, 'target': 5}, {'weight': 9, 'source': 4, 'target': 5}]}, 'position': {0: [-0.3530969605659351, 0.23653079210894307], 1: [-0.014831158988742517, -0.5502250464361691], 2: [-1.0, -0.1882379096458032], 3: [0.26073034696767516, 0.7833475704555309], 4: [0.3319078567906819, 0.06165714010134473], 5: [0.7752899157963203, -0.34307254658384684]}, 'solution': ([0, 1, 1, 1, 0, 1], 49.0)}",22,"{'optimizer': 'COBYLA', 'maxiter': 100, 'shots': 1024, 'parameter_strategy': 'RANDOM', 'x0': None, 'backend': <QAOA_Tester.Backend.NoisyEstimatorBackend object at 0x7f9f962c4670>}","[([0, 0, 0, 0, 0, 0], 0.0)]","[array([0.28466805, 2.59863114, 1.04960692, 2.03988726, 1.56752877,
       3.38309198, 3.45694895, 2.21202311, 0.88330561, 5.11201979,
       5.1077933 , 3.50510875, 3.01856895, 3.92523071, 5.25258858,
       4.1513245 , 0.78281068, 4.0039923 , 5.83044151, 3.55780442,
       4.21563734, 6.27354315, 5.32784612, 4.81648877, 4.8189841 ,
       3.89688472, 0.7991173 , 0.28032893, 3.86914328, 2.90303174,
       1.39826132, 5.79262582, 5.43326113, 3.64921663, 5.34929624,
       0.25319361, 3.6131457 , 4.40262684, 3.25785578, 3.06999071,
       5.52873824, 1.61084371, 5.56122809, 1.525762  ])]",[634.9437947273254]
