,problem,layers,optimizer,solutions,parameters,time
0,"{'type': 'maxcut', 'graph': {'directed': False, 'multigraph': False, 'graph': {}, 'nodes': [{'id': 0}, {'id': 1}, {'id': 2}, {'id': 3}, {'id': 4}, {'id': 5}], 'links': [{'weight': 7, 'source': 0, 'target': 1}, {'weight': 6, 'source': 0, 'target': 2}, {'weight': 7, 'source': 0, 'target': 3}, {'weight': 4, 'source': 0, 'target': 4}, {'weight': 4, 'source': 0, 'target': 5}, {'weight': 2, 'source': 1, 'target': 2}, {'weight': 3, 'source': 1, 'target': 3}, {'weight': 8, 'source': 1, 'target': 4}, {'weight': 6, 'source': 1, 'target': 5}, {'weight': 1, 'source': 2, 'target': 3}, {'weight': 3, 'source': 2, 'target': 4}, {'weight': 1, 'source': 2, 'target': 5}, {'weight': 5, 'source': 3, 'target': 4}, {'weight': 3, 'source': 3, 'target': 5}, {'weight': 9, 'source': 4, 'target': 5}]}, 'position': {0: [-0.3530969605659351, 0.23653079210894307], 1: [-0.014831158988742517, -0.5502250464361691], 2: [-1.0, -0.1882379096458032], 3: [0.26073034696767516, 0.7833475704555309], 4: [0.3319078567906819, 0.06165714010134473], 5: [0.7752899157963203, -0.34307254658384684]}, 'solution': ([0, 1, 1, 1, 0, 1], 49.0)}",29,"{'optimizer': 'COBYLA', 'maxiter': 100, 'shots': 1024, 'parameter_strategy': 'RANDOM', 'x0': None, 'backend': <QAOA_Tester.Backend.NoisyEstimatorBackend object at 0x7f6633048520>}","[([1, 0, 0, 0, 0, 1], -43.0)]","[array([5.96306529, 5.31028194, 3.35397964, 3.60395412, 1.37770948,
       0.47558945, 2.01687784, 5.2159798 , 2.79950411, 0.07773115,
       3.17459999, 2.43083117, 6.04131778, 5.36949058, 5.99626137,
       0.9785681 , 6.13519683, 2.13918958, 3.92581315, 2.04439536,
       6.31110155, 0.90759609, 0.57695058, 1.44215832, 1.68480308,
       0.24848867, 0.10120032, 2.02775544, 7.24461851, 4.92805577,
       1.56780501, 3.77900681, 3.49846475, 5.56594335, 6.19598799,
       4.5421278 , 0.74994197, 0.82413631, 4.21667214, 0.84436995,
       5.32843011, 0.7345185 , 2.12635977, 5.30300927, 2.61415248,
       2.4711527 , 6.15420379, 3.42621495, 4.47722499, 3.29815906,
       4.78575896, 5.73400091, 3.38152031, 0.52601499, 2.91180256,
       0.54622238, 3.74520675, 3.48103696])]",[626.7127130031586]
