,problem,layers,optimizer,solutions,parameters,time
0,"{'type': 'maxcut', 'graph': {'directed': False, 'multigraph': False, 'graph': {}, 'nodes': [{'id': 0}, {'id': 1}, {'id': 2}, {'id': 3}, {'id': 4}, {'id': 5}], 'links': [{'weight': 7, 'source': 0, 'target': 1}, {'weight': 6, 'source': 0, 'target': 2}, {'weight': 7, 'source': 0, 'target': 3}, {'weight': 4, 'source': 0, 'target': 4}, {'weight': 4, 'source': 0, 'target': 5}, {'weight': 2, 'source': 1, 'target': 2}, {'weight': 3, 'source': 1, 'target': 3}, {'weight': 8, 'source': 1, 'target': 4}, {'weight': 6, 'source': 1, 'target': 5}, {'weight': 1, 'source': 2, 'target': 3}, {'weight': 3, 'source': 2, 'target': 4}, {'weight': 1, 'source': 2, 'target': 5}, {'weight': 5, 'source': 3, 'target': 4}, {'weight': 3, 'source': 3, 'target': 5}, {'weight': 9, 'source': 4, 'target': 5}]}, 'position': {0: [-0.3530969605659351, 0.23653079210894307], 1: [-0.014831158988742517, -0.5502250464361691], 2: [-1.0, -0.1882379096458032], 3: [0.26073034696767516, 0.7833475704555309], 4: [0.3319078567906819, 0.06165714010134473], 5: [0.7752899157963203, -0.34307254658384684]}, 'solution': ([0, 1, 1, 1, 0, 1], 49.0)}",28,"{'optimizer': 'COBYLA', 'maxiter': 100, 'shots': 1024, 'parameter_strategy': 'RANDOM', 'x0': None, 'backend': <QAOA_Tester.Backend.NoisyEstimatorBackend object at 0x7f5630f47bb0>}","[([1, 1, 1, 1, 1, 1], 0.0)]","[array([0.98997192, 4.58070394, 5.67795117, 2.11940501, 4.96651501,
       4.83997336, 4.71161916, 2.87764156, 2.93921316, 4.62384247,
       5.06766663, 6.20116407, 4.57459074, 3.00915655, 3.43008503,
       2.91023124, 1.30891614, 3.986669  , 4.44748028, 5.76464397,
       2.62308248, 5.16936714, 2.23227618, 5.39799727, 1.12986267,
       0.25034227, 2.11637567, 3.9425122 , 5.39295941, 1.56770182,
       4.33089864, 4.13407714, 2.10239472, 3.31896876, 0.71958217,
       1.80744758, 2.77309205, 2.30639487, 0.07984763, 1.33398601,
       6.0050559 , 1.68909469, 0.78421763, 1.30514345, 4.56467369,
       4.90467957, 4.56971618, 4.40464161, 3.55662912, 1.38398586,
       2.08767407, 0.29934878, 4.69615326, 4.8670422 , 5.63906051,
       5.32962107])]",[633.472101688385]
