,problem,layers,optimizer,solutions,parameters,time
0,"{'type': 'maxcut', 'graph': {'directed': False, 'multigraph': False, 'graph': {}, 'nodes': [{'id': 0}, {'id': 1}, {'id': 2}, {'id': 3}, {'id': 4}, {'id': 5}], 'links': [{'weight': 7, 'source': 0, 'target': 1}, {'weight': 6, 'source': 0, 'target': 2}, {'weight': 7, 'source': 0, 'target': 3}, {'weight': 4, 'source': 0, 'target': 4}, {'weight': 4, 'source': 0, 'target': 5}, {'weight': 2, 'source': 1, 'target': 2}, {'weight': 3, 'source': 1, 'target': 3}, {'weight': 8, 'source': 1, 'target': 4}, {'weight': 6, 'source': 1, 'target': 5}, {'weight': 1, 'source': 2, 'target': 3}, {'weight': 3, 'source': 2, 'target': 4}, {'weight': 1, 'source': 2, 'target': 5}, {'weight': 5, 'source': 3, 'target': 4}, {'weight': 3, 'source': 3, 'target': 5}, {'weight': 9, 'source': 4, 'target': 5}]}, 'position': {0: [-0.3530969605659351, 0.23653079210894307], 1: [-0.014831158988742517, -0.5502250464361691], 2: [-1.0, -0.1882379096458032], 3: [0.26073034696767516, 0.7833475704555309], 4: [0.3319078567906819, 0.06165714010134473], 5: [0.7752899157963203, -0.34307254658384684]}, 'solution': ([0, 1, 1, 1, 0, 1], 49.0)}",26,"{'optimizer': 'COBYLA', 'maxiter': 100, 'shots': 1024, 'parameter_strategy': 'RANDOM', 'x0': None, 'backend': <QAOA_Tester.Backend.NoisyEstimatorBackend object at 0x7f7bd0dc66b0>}","[([0, 0, 1, 1, 1, 0], -43.0)]","[array([3.17833393, 1.85513035, 0.45696309, 4.93773661, 1.14396164,
       1.92497055, 3.7223875 , 1.10519995, 5.85295607, 0.39653407,
       0.42733859, 0.76914135, 1.55219176, 4.98338671, 1.3212414 ,
       0.46274621, 4.14737765, 1.74277206, 2.41534415, 4.97523841,
       1.29439933, 2.04078191, 5.34626735, 4.87432933, 5.12560632,
       3.9416335 , 1.39122615, 4.2097333 , 6.13821049, 2.58206921,
       4.04972138, 0.08102636, 0.61690921, 4.81161761, 6.01974509,
       3.64858461, 3.98014201, 1.74191928, 2.24725129, 1.63843235,
       3.10027415, 1.83273712, 2.47742085, 5.10662032, 2.65142562,
       1.57293787, 4.56492018, 3.50345721, 1.47257834, 5.21595812,
       1.91523693, 5.97585133])]",[627.7719171047211]
