,problem,layers,optimizer,solutions,parameters,time
0,"{'type': 'maxcut', 'graph': {'directed': False, 'multigraph': False, 'graph': {}, 'nodes': [{'id': 0}, {'id': 1}, {'id': 2}, {'id': 3}, {'id': 4}, {'id': 5}], 'links': [{'weight': 7, 'source': 0, 'target': 1}, {'weight': 6, 'source': 0, 'target': 2}, {'weight': 7, 'source': 0, 'target': 3}, {'weight': 4, 'source': 0, 'target': 4}, {'weight': 4, 'source': 0, 'target': 5}, {'weight': 2, 'source': 1, 'target': 2}, {'weight': 3, 'source': 1, 'target': 3}, {'weight': 8, 'source': 1, 'target': 4}, {'weight': 6, 'source': 1, 'target': 5}, {'weight': 1, 'source': 2, 'target': 3}, {'weight': 3, 'source': 2, 'target': 4}, {'weight': 1, 'source': 2, 'target': 5}, {'weight': 5, 'source': 3, 'target': 4}, {'weight': 3, 'source': 3, 'target': 5}, {'weight': 9, 'source': 4, 'target': 5}]}, 'position': {0: [-0.3530969605659351, 0.23653079210894307], 1: [-0.014831158988742517, -0.5502250464361691], 2: [-1.0, -0.1882379096458032], 3: [0.26073034696767516, 0.7833475704555309], 4: [0.3319078567906819, 0.06165714010134473], 5: [0.7752899157963203, -0.34307254658384684]}, 'solution': ([0, 1, 1, 1, 0, 1], 49.0)}",26,"{'optimizer': 'COBYLA', 'maxiter': 100, 'shots': 1024, 'parameter_strategy': 'RANDOM', 'x0': None, 'backend': <QAOA_Tester.Backend.NoisyEstimatorBackend object at 0x7f94007686a0>}","[([1, 1, 1, 0, 0, 1], -38.0)]","[array([ 2.34800527,  1.28383177,  2.08300333,  0.10473749,  4.51926428,
        3.07821779,  1.44220184,  0.37621712,  2.83863502,  5.95879953,
        4.76004718,  2.02771457,  3.50215979,  1.76251027,  6.07142844,
        5.899708  ,  3.22089192,  3.6533924 ,  1.04393129,  3.11078321,
        3.84355709,  4.58574465, -0.07998204,  4.10553518,  4.79189824,
        2.18158155,  1.55710236,  4.44246104,  3.63173221,  5.70880251,
        2.68032041,  2.29472107,  3.91287724,  3.17824463,  4.23815003,
        2.73152894,  2.5093054 ,  5.44608896,  3.03861131,  0.85894786,
        5.49903537,  3.79263285,  1.99058873,  4.90140575,  1.41106827,
        1.95977446,  4.48733951,  4.16874541,  5.60032026,  1.85880672,
        3.54315957,  0.05626498])]",[659.1436595916748]
