,problem,layers,optimizer,solutions,parameters,time
0,"{'type': 'maxcut', 'graph': {'directed': False, 'multigraph': False, 'graph': {}, 'nodes': [{'id': 0}, {'id': 1}, {'id': 2}, {'id': 3}, {'id': 4}, {'id': 5}], 'links': [{'weight': 7, 'source': 0, 'target': 1}, {'weight': 6, 'source': 0, 'target': 2}, {'weight': 7, 'source': 0, 'target': 3}, {'weight': 4, 'source': 0, 'target': 4}, {'weight': 4, 'source': 0, 'target': 5}, {'weight': 2, 'source': 1, 'target': 2}, {'weight': 3, 'source': 1, 'target': 3}, {'weight': 8, 'source': 1, 'target': 4}, {'weight': 6, 'source': 1, 'target': 5}, {'weight': 1, 'source': 2, 'target': 3}, {'weight': 3, 'source': 2, 'target': 4}, {'weight': 1, 'source': 2, 'target': 5}, {'weight': 5, 'source': 3, 'target': 4}, {'weight': 3, 'source': 3, 'target': 5}, {'weight': 9, 'source': 4, 'target': 5}]}, 'position': {0: [-0.3530969605659351, 0.23653079210894307], 1: [-0.014831158988742517, -0.5502250464361691], 2: [-1.0, -0.1882379096458032], 3: [0.26073034696767516, 0.7833475704555309], 4: [0.3319078567906819, 0.06165714010134473], 5: [0.7752899157963203, -0.34307254658384684]}, 'solution': ([0, 1, 1, 1, 0, 1], 49.0)}",26,"{'optimizer': 'COBYLA', 'maxiter': 100, 'shots': 1024, 'parameter_strategy': 'RANDOM', 'x0': None, 'backend': <QAOA_Tester.Backend.NoisyEstimatorBackend object at 0x7f9428015840>}","[([1, 1, 0, 0, 1, 0], -45.0)]","[array([2.70784094, 3.59856878, 3.86279434, 4.2131235 , 1.57055314,
       5.81274144, 2.41486465, 0.83036693, 4.12538721, 4.63685266,
       3.74170177, 4.63169969, 3.9049726 , 4.34968669, 0.80116352,
       5.89488116, 6.18443355, 1.75469007, 2.71965301, 0.93032821,
       2.58542944, 3.9641281 , 4.57582394, 5.19075347, 2.54116579,
       3.82272991, 3.69314383, 1.92404411, 6.17168603, 3.43294103,
       1.92667509, 1.2453882 , 2.02933325, 4.66539329, 6.03552946,
       0.50043508, 3.70502447, 3.31714183, 0.01787335, 6.15322941,
       1.55654129, 4.81459895, 0.45096251, 1.47485807, 4.81324448,
       1.43845932, 2.88650029, 0.33851096, 4.86782043, 2.02821954,
       3.34889355, 1.98784219])]",[671.1755275726318]
