,problem,layers,optimizer,solutions,parameters,time
0,"{'type': 'maxcut', 'graph': {'directed': False, 'multigraph': False, 'graph': {}, 'nodes': [{'id': 0}, {'id': 1}, {'id': 2}, {'id': 3}, {'id': 4}, {'id': 5}], 'links': [{'weight': 7, 'source': 0, 'target': 1}, {'weight': 6, 'source': 0, 'target': 2}, {'weight': 7, 'source': 0, 'target': 3}, {'weight': 4, 'source': 0, 'target': 4}, {'weight': 4, 'source': 0, 'target': 5}, {'weight': 2, 'source': 1, 'target': 2}, {'weight': 3, 'source': 1, 'target': 3}, {'weight': 8, 'source': 1, 'target': 4}, {'weight': 6, 'source': 1, 'target': 5}, {'weight': 1, 'source': 2, 'target': 3}, {'weight': 3, 'source': 2, 'target': 4}, {'weight': 1, 'source': 2, 'target': 5}, {'weight': 5, 'source': 3, 'target': 4}, {'weight': 3, 'source': 3, 'target': 5}, {'weight': 9, 'source': 4, 'target': 5}]}, 'position': {0: [-0.3530969605659351, 0.23653079210894307], 1: [-0.014831158988742517, -0.5502250464361691], 2: [-1.0, -0.1882379096458032], 3: [0.26073034696767516, 0.7833475704555309], 4: [0.3319078567906819, 0.06165714010134473], 5: [0.7752899157963203, -0.34307254658384684]}, 'solution': ([0, 1, 1, 1, 0, 1], 49.0)}",23,"{'optimizer': 'COBYLA', 'maxiter': 100, 'shots': 1024, 'parameter_strategy': 'RANDOM', 'x0': None, 'backend': <QAOA_Tester.Backend.NoisyEstimatorBackend object at 0x7f7c052c1090>}","[([0, 1, 1, 0, 0, 1], -44.0)]","[array([1.16363767, 2.6859045 , 5.71401064, 5.31254791, 3.82839746,
       5.17326203, 0.63773254, 4.29867853, 5.54691303, 0.65104344,
       1.53209036, 5.9063707 , 3.91267676, 1.79574209, 6.22719777,
       2.92355254, 4.88312782, 6.18642282, 5.35445014, 2.37649909,
       1.25716778, 1.42794219, 0.69211596, 2.36531348, 0.89777159,
       6.00885483, 4.02624929, 1.98975597, 3.68492561, 3.6991938 ,
       0.61500356, 6.12464308, 0.99601667, 0.20089599, 4.22153749,
       3.11089173, 4.82297125, 3.27241965, 4.83368832, 3.903876  ,
       2.4167579 , 6.02200489, 3.39966555, 2.61268542, 3.26765313,
       1.25380824])]",[634.8245458602905]
