,problem,layers,optimizer,solutions,parameters,time
0,"{'type': 'maxcut', 'graph': {'directed': False, 'multigraph': False, 'graph': {}, 'nodes': [{'id': 0}, {'id': 1}, {'id': 2}, {'id': 3}, {'id': 4}, {'id': 5}], 'links': [{'weight': 7, 'source': 0, 'target': 1}, {'weight': 6, 'source': 0, 'target': 2}, {'weight': 7, 'source': 0, 'target': 3}, {'weight': 4, 'source': 0, 'target': 4}, {'weight': 4, 'source': 0, 'target': 5}, {'weight': 2, 'source': 1, 'target': 2}, {'weight': 3, 'source': 1, 'target': 3}, {'weight': 8, 'source': 1, 'target': 4}, {'weight': 6, 'source': 1, 'target': 5}, {'weight': 1, 'source': 2, 'target': 3}, {'weight': 3, 'source': 2, 'target': 4}, {'weight': 1, 'source': 2, 'target': 5}, {'weight': 5, 'source': 3, 'target': 4}, {'weight': 3, 'source': 3, 'target': 5}, {'weight': 9, 'source': 4, 'target': 5}]}, 'position': {0: [-0.3530969605659351, 0.23653079210894307], 1: [-0.014831158988742517, -0.5502250464361691], 2: [-1.0, -0.1882379096458032], 3: [0.26073034696767516, 0.7833475704555309], 4: [0.3319078567906819, 0.06165714010134473], 5: [0.7752899157963203, -0.34307254658384684]}, 'solution': ([0, 1, 1, 1, 0, 1], 49.0)}",22,"{'optimizer': 'COBYLA', 'maxiter': 100, 'shots': 1024, 'parameter_strategy': 'RANDOM', 'x0': None, 'backend': <QAOA_Tester.Backend.NoisyEstimatorBackend object at 0x7f989f21fd30>}","[([0, 1, 0, 1, 1, 1], -29.0)]","[array([3.97749648, 2.11962008, 3.08303809, 0.06074547, 4.29164159,
       5.53570817, 4.10410127, 2.97171636, 5.82343485, 2.60801134,
       4.6553399 , 2.55980009, 2.44726045, 2.1094166 , 0.48411586,
       2.62012955, 0.18827372, 2.23997926, 4.85797533, 2.47908384,
       3.2278811 , 5.21661841, 1.50873199, 3.83473966, 5.81478142,
       1.97362356, 4.6530225 , 5.20005993, 3.80798951, 3.71433585,
       5.91036093, 3.09439835, 4.62333671, 5.74680017, 0.55062616,
       0.47883667, 5.10903473, 3.87661422, 1.82711407, 0.11521145,
       2.88693824, 0.36199407, 4.01908174, 2.573049  ])]",[639.8482880592346]
