,problem,layers,optimizer,solutions,parameters,time
0,"{'type': 'maxcut', 'graph': {'directed': False, 'multigraph': False, 'graph': {}, 'nodes': [{'id': 0}, {'id': 1}, {'id': 2}, {'id': 3}, {'id': 4}, {'id': 5}], 'links': [{'weight': 7, 'source': 0, 'target': 1}, {'weight': 6, 'source': 0, 'target': 2}, {'weight': 7, 'source': 0, 'target': 3}, {'weight': 4, 'source': 0, 'target': 4}, {'weight': 4, 'source': 0, 'target': 5}, {'weight': 2, 'source': 1, 'target': 2}, {'weight': 3, 'source': 1, 'target': 3}, {'weight': 8, 'source': 1, 'target': 4}, {'weight': 6, 'source': 1, 'target': 5}, {'weight': 1, 'source': 2, 'target': 3}, {'weight': 3, 'source': 2, 'target': 4}, {'weight': 1, 'source': 2, 'target': 5}, {'weight': 5, 'source': 3, 'target': 4}, {'weight': 3, 'source': 3, 'target': 5}, {'weight': 9, 'source': 4, 'target': 5}]}, 'position': {0: [-0.3530969605659351, 0.23653079210894307], 1: [-0.014831158988742517, -0.5502250464361691], 2: [-1.0, -0.1882379096458032], 3: [0.26073034696767516, 0.7833475704555309], 4: [0.3319078567906819, 0.06165714010134473], 5: [0.7752899157963203, -0.34307254658384684]}, 'solution': ([0, 1, 1, 1, 0, 1], 49.0)}",29,"{'optimizer': 'COBYLA', 'maxiter': 100, 'shots': 1024, 'parameter_strategy': 'RANDOM', 'x0': None, 'backend': <QAOA_Tester.Backend.NoisyEstimatorBackend object at 0x7f8c22a97e50>}","[([0, 1, 1, 1, 0, 0], -46.0)]","[array([4.15792393, 3.15969577, 1.97432208, 5.39706992, 5.9281857 ,
       0.54770828, 0.2820725 , 0.08564823, 4.10509461, 5.05428859,
       0.11073549, 5.05559221, 5.02922446, 5.64560947, 0.15267461,
       5.00119762, 0.54130867, 0.95607135, 1.45898252, 1.85373589,
       4.71222658, 3.41392728, 0.11495105, 2.80961564, 2.46258993,
       3.5213156 , 1.1502583 , 3.95173033, 5.69803171, 6.06501115,
       3.3756727 , 0.95387951, 1.26117116, 3.31523471, 3.90890849,
       5.66330139, 1.12979724, 2.25161907, 1.63843313, 5.73397367,
       0.94966754, 2.47253624, 4.58669796, 5.18746515, 2.42730527,
       5.20108654, 3.16821713, 1.89600806, 1.18942691, 6.26260909,
       0.22663216, 2.02151911, 6.1931456 , 1.12367517, 0.78197096,
       3.34734767, 1.71626269, 1.28725845])]",[659.4052424430847]
