,problem,layers,optimizer,solutions,parameters,time
0,"{'type': 'maxcut', 'graph': {'directed': False, 'multigraph': False, 'graph': {}, 'nodes': [{'id': 0}, {'id': 1}, {'id': 2}, {'id': 3}, {'id': 4}, {'id': 5}], 'links': [{'weight': 7, 'source': 0, 'target': 1}, {'weight': 6, 'source': 0, 'target': 2}, {'weight': 7, 'source': 0, 'target': 3}, {'weight': 4, 'source': 0, 'target': 4}, {'weight': 4, 'source': 0, 'target': 5}, {'weight': 2, 'source': 1, 'target': 2}, {'weight': 3, 'source': 1, 'target': 3}, {'weight': 8, 'source': 1, 'target': 4}, {'weight': 6, 'source': 1, 'target': 5}, {'weight': 1, 'source': 2, 'target': 3}, {'weight': 3, 'source': 2, 'target': 4}, {'weight': 1, 'source': 2, 'target': 5}, {'weight': 5, 'source': 3, 'target': 4}, {'weight': 3, 'source': 3, 'target': 5}, {'weight': 9, 'source': 4, 'target': 5}]}, 'position': {0: [-0.3530969605659351, 0.23653079210894307], 1: [-0.014831158988742517, -0.5502250464361691], 2: [-1.0, -0.1882379096458032], 3: [0.26073034696767516, 0.7833475704555309], 4: [0.3319078567906819, 0.06165714010134473], 5: [0.7752899157963203, -0.34307254658384684]}, 'solution': ([0, 1, 1, 1, 0, 1], 49.0)}",29,"{'optimizer': 'COBYLA', 'maxiter': 100, 'shots': 1024, 'parameter_strategy': 'RANDOM', 'x0': None, 'backend': <QAOA_Tester.Backend.NoisyEstimatorBackend object at 0x7fcb34f4ada0>}","[([1, 0, 1, 0, 1, 1], -39.0)]","[array([2.59448939, 0.53434156, 1.5386154 , 2.34891948, 1.68356784,
       1.70003729, 5.20727514, 0.61252651, 2.5051921 , 3.86765359,
       0.04187712, 1.88489323, 3.73412712, 3.45245526, 4.74570775,
       5.0327586 , 0.75991183, 0.95143239, 0.98678826, 1.50064399,
       1.59832914, 0.98705074, 2.68994889, 4.85439086, 4.96716391,
       1.85538881, 6.20719984, 1.39281387, 3.41466405, 0.2239872 ,
       4.37819688, 3.68572909, 6.01268623, 3.86987495, 0.09060197,
       3.53890343, 4.57651701, 3.07840441, 5.4036766 , 0.46488985,
       4.24301415, 3.0908328 , 5.85955426, 1.68915609, 1.00876955,
       1.38275973, 2.6012846 , 0.36574698, 2.12862059, 4.82346301,
       4.38677493, 1.38997337, 0.30100063, 1.79266629, 4.47067286,
       0.78895398, 0.89600473, 2.78629064])]",[653.7536506652832]
