,problem,layers,optimizer,solutions,parameters,time
0,"{'type': 'maxcut', 'graph': {'directed': False, 'multigraph': False, 'graph': {}, 'nodes': [{'id': 0}, {'id': 1}, {'id': 2}, {'id': 3}, {'id': 4}, {'id': 5}], 'links': [{'weight': 7, 'source': 0, 'target': 1}, {'weight': 6, 'source': 0, 'target': 2}, {'weight': 7, 'source': 0, 'target': 3}, {'weight': 4, 'source': 0, 'target': 4}, {'weight': 4, 'source': 0, 'target': 5}, {'weight': 2, 'source': 1, 'target': 2}, {'weight': 3, 'source': 1, 'target': 3}, {'weight': 8, 'source': 1, 'target': 4}, {'weight': 6, 'source': 1, 'target': 5}, {'weight': 1, 'source': 2, 'target': 3}, {'weight': 3, 'source': 2, 'target': 4}, {'weight': 1, 'source': 2, 'target': 5}, {'weight': 5, 'source': 3, 'target': 4}, {'weight': 3, 'source': 3, 'target': 5}, {'weight': 9, 'source': 4, 'target': 5}]}, 'position': {0: [-0.3530969605659351, 0.23653079210894307], 1: [-0.014831158988742517, -0.5502250464361691], 2: [-1.0, -0.1882379096458032], 3: [0.26073034696767516, 0.7833475704555309], 4: [0.3319078567906819, 0.06165714010134473], 5: [0.7752899157963203, -0.34307254658384684]}, 'solution': ([0, 1, 1, 1, 0, 1], 49.0)}",26,"{'optimizer': 'COBYLA', 'maxiter': 100, 'shots': 1024, 'parameter_strategy': 'RANDOM', 'x0': None, 'backend': <QAOA_Tester.Backend.NoisyEstimatorBackend object at 0x7fc1e3f73e20>}","[([1, 1, 0, 1, 1, 1], -13.0)]","[array([3.68169609, 3.98316286, 1.8932558 , 0.94337296, 5.0502735 ,
       3.8587333 , 4.64050208, 3.23810922, 3.51264399, 1.18269582,
       0.85784818, 2.07830579, 4.22372967, 6.11458013, 3.74841427,
       1.27463832, 3.23681261, 5.40941408, 3.88234867, 2.78967102,
       2.83504926, 0.5614189 , 0.24870335, 5.32225127, 4.8990605 ,
       6.4829695 , 3.28398616, 5.44547208, 3.93880047, 2.42588812,
       5.4930793 , 0.81684431, 0.8426622 , 2.20346779, 1.86114301,
       6.1061327 , 1.42168004, 4.2260872 , 2.28656024, 4.55815155,
       1.89946374, 4.71066832, 1.65739488, 5.46754548, 3.36098308,
       3.64213785, 3.39419411, 5.67476941, 5.74444206, 5.68433527,
       3.28018057, 2.50096035])]",[634.6148490905762]
