,problem,layers,optimizer,solutions,parameters,time
0,"{'type': 'maxcut', 'graph': {'directed': False, 'multigraph': False, 'graph': {}, 'nodes': [{'id': 0}, {'id': 1}, {'id': 2}, {'id': 3}, {'id': 4}, {'id': 5}], 'links': [{'weight': 7, 'source': 0, 'target': 1}, {'weight': 6, 'source': 0, 'target': 2}, {'weight': 7, 'source': 0, 'target': 3}, {'weight': 4, 'source': 0, 'target': 4}, {'weight': 4, 'source': 0, 'target': 5}, {'weight': 2, 'source': 1, 'target': 2}, {'weight': 3, 'source': 1, 'target': 3}, {'weight': 8, 'source': 1, 'target': 4}, {'weight': 6, 'source': 1, 'target': 5}, {'weight': 1, 'source': 2, 'target': 3}, {'weight': 3, 'source': 2, 'target': 4}, {'weight': 1, 'source': 2, 'target': 5}, {'weight': 5, 'source': 3, 'target': 4}, {'weight': 3, 'source': 3, 'target': 5}, {'weight': 9, 'source': 4, 'target': 5}]}, 'position': {0: [-0.3530969605659351, 0.23653079210894307], 1: [-0.014831158988742517, -0.5502250464361691], 2: [-1.0, -0.1882379096458032], 3: [0.26073034696767516, 0.7833475704555309], 4: [0.3319078567906819, 0.06165714010134473], 5: [0.7752899157963203, -0.34307254658384684]}, 'solution': ([0, 1, 1, 1, 0, 1], 49.0)}",26,"{'optimizer': 'COBYLA', 'maxiter': 100, 'shots': 1024, 'parameter_strategy': 'RANDOM', 'x0': None, 'backend': <QAOA_Tester.Backend.NoisyEstimatorBackend object at 0x7fa5392f4670>}","[([1, 1, 1, 1, 0, 1], -29.0)]","[array([3.0534857 , 1.49799442, 0.62104927, 4.697908  , 4.86567682,
       3.75598272, 0.54024003, 1.15855598, 0.01705473, 6.11591965,
       2.25058768, 5.09954529, 1.16599923, 0.81474708, 6.06750632,
       2.6806361 , 3.08014496, 2.54641906, 2.77104364, 0.01941236,
       5.35478604, 1.43485269, 4.77840121, 0.58324835, 0.78790012,
       1.95030283, 3.62498862, 0.02910248, 3.1691258 , 3.64998621,
       1.64975315, 5.5580889 , 1.6630594 , 4.68821941, 5.0555654 ,
       2.68081362, 3.98953598, 4.92477595, 3.42334181, 1.01919656,
       0.87823838, 3.52324616, 0.57756749, 3.55194669, 2.18836058,
       0.18387809, 4.44201836, 2.18749738, 0.65166029, 2.44093271,
       4.14917505, 1.11327769])]",[630.2027931213379]
