,problem,layers,optimizer,solutions,parameters,time
0,"{'type': 'maxcut', 'graph': {'directed': False, 'multigraph': False, 'graph': {}, 'nodes': [{'id': 0}, {'id': 1}, {'id': 2}, {'id': 3}, {'id': 4}, {'id': 5}], 'links': [{'weight': 7, 'source': 0, 'target': 1}, {'weight': 6, 'source': 0, 'target': 2}, {'weight': 7, 'source': 0, 'target': 3}, {'weight': 4, 'source': 0, 'target': 4}, {'weight': 4, 'source': 0, 'target': 5}, {'weight': 2, 'source': 1, 'target': 2}, {'weight': 3, 'source': 1, 'target': 3}, {'weight': 8, 'source': 1, 'target': 4}, {'weight': 6, 'source': 1, 'target': 5}, {'weight': 1, 'source': 2, 'target': 3}, {'weight': 3, 'source': 2, 'target': 4}, {'weight': 1, 'source': 2, 'target': 5}, {'weight': 5, 'source': 3, 'target': 4}, {'weight': 3, 'source': 3, 'target': 5}, {'weight': 9, 'source': 4, 'target': 5}]}, 'position': {0: [-0.3530969605659351, 0.23653079210894307], 1: [-0.014831158988742517, -0.5502250464361691], 2: [-1.0, -0.1882379096458032], 3: [0.26073034696767516, 0.7833475704555309], 4: [0.3319078567906819, 0.06165714010134473], 5: [0.7752899157963203, -0.34307254658384684]}, 'solution': ([0, 1, 1, 1, 0, 1], 49.0)}",22,"{'optimizer': 'COBYLA', 'maxiter': 100, 'shots': 1024, 'parameter_strategy': 'RANDOM', 'x0': None, 'backend': <QAOA_Tester.Backend.NoisyEstimatorBackend object at 0x7f2a1ccd3f10>}","[([0, 0, 0, 1, 1, 0], -38.0)]","[array([2.54871226, 2.458298  , 0.2308096 , 6.09343939, 3.09236173,
       0.8138308 , 2.92517134, 0.46484613, 1.18114889, 0.41911181,
       3.47804868, 6.12522271, 2.05334224, 4.35698955, 6.23272848,
       2.24432951, 4.18021699, 4.19671459, 1.59193371, 5.29657181,
       2.81903908, 1.038565  , 1.54978371, 5.36981501, 5.36573374,
       2.9978755 , 5.84148597, 3.49767321, 3.45359403, 1.15459873,
       5.56287831, 5.5608238 , 0.62657583, 1.91874338, 5.25072953,
       4.00492365, 1.93419306, 3.80517767, 2.05143805, 0.53125527,
       4.79224545, 4.49964861, 5.04174276, 4.6814054 ])]",[657.9821951389313]
