,problem,layers,optimizer,solutions,parameters,time
0,"{'type': 'maxcut', 'graph': {'directed': False, 'multigraph': False, 'graph': {}, 'nodes': [{'id': 0}, {'id': 1}, {'id': 2}, {'id': 3}, {'id': 4}, {'id': 5}], 'links': [{'weight': 7, 'source': 0, 'target': 1}, {'weight': 6, 'source': 0, 'target': 2}, {'weight': 7, 'source': 0, 'target': 3}, {'weight': 4, 'source': 0, 'target': 4}, {'weight': 4, 'source': 0, 'target': 5}, {'weight': 2, 'source': 1, 'target': 2}, {'weight': 3, 'source': 1, 'target': 3}, {'weight': 8, 'source': 1, 'target': 4}, {'weight': 6, 'source': 1, 'target': 5}, {'weight': 1, 'source': 2, 'target': 3}, {'weight': 3, 'source': 2, 'target': 4}, {'weight': 1, 'source': 2, 'target': 5}, {'weight': 5, 'source': 3, 'target': 4}, {'weight': 3, 'source': 3, 'target': 5}, {'weight': 9, 'source': 4, 'target': 5}]}, 'position': {0: [-0.3530969605659351, 0.23653079210894307], 1: [-0.014831158988742517, -0.5502250464361691], 2: [-1.0, -0.1882379096458032], 3: [0.26073034696767516, 0.7833475704555309], 4: [0.3319078567906819, 0.06165714010134473], 5: [0.7752899157963203, -0.34307254658384684]}, 'solution': ([0, 1, 1, 1, 0, 1], 49.0)}",23,"{'optimizer': 'COBYLA', 'maxiter': 100, 'shots': 1024, 'parameter_strategy': 'RANDOM', 'x0': None, 'backend': <QAOA_Tester.Backend.NoisyEstimatorBackend object at 0x7f1026587d30>}","[([0, 1, 1, 1, 0, 0], -46.0)]","[array([5.66410675, 3.45809816, 5.18553136, 0.62267055, 4.26538759,
       0.90191708, 0.83244671, 2.053116  , 3.40454855, 1.92223594,
       3.97529615, 0.27389758, 5.57351955, 5.07774826, 3.80611513,
       3.15617312, 5.39724657, 5.87128595, 2.62123254, 3.86980165,
       6.08696537, 5.96585056, 0.65963905, 3.81858754, 4.12804019,
       3.57679028, 5.74353496, 0.51203154, 5.96341638, 0.25288295,
       1.90048329, 1.17181084, 1.53742424, 1.95758242, 1.17573176,
       0.59242519, 5.46030451, 0.86763688, 1.5563248 , 1.16046498,
       2.95052118, 2.39610064, 2.00584485, 4.43641699, 3.31172699,
       5.04008437])]",[623.5867612361908]
