,problem,layers,optimizer,solutions,parameters,time
0,"{'type': 'maxcut', 'graph': {'directed': False, 'multigraph': False, 'graph': {}, 'nodes': [{'id': 0}, {'id': 1}, {'id': 2}, {'id': 3}, {'id': 4}, {'id': 5}], 'links': [{'weight': 7, 'source': 0, 'target': 1}, {'weight': 6, 'source': 0, 'target': 2}, {'weight': 7, 'source': 0, 'target': 3}, {'weight': 4, 'source': 0, 'target': 4}, {'weight': 4, 'source': 0, 'target': 5}, {'weight': 2, 'source': 1, 'target': 2}, {'weight': 3, 'source': 1, 'target': 3}, {'weight': 8, 'source': 1, 'target': 4}, {'weight': 6, 'source': 1, 'target': 5}, {'weight': 1, 'source': 2, 'target': 3}, {'weight': 3, 'source': 2, 'target': 4}, {'weight': 1, 'source': 2, 'target': 5}, {'weight': 5, 'source': 3, 'target': 4}, {'weight': 3, 'source': 3, 'target': 5}, {'weight': 9, 'source': 4, 'target': 5}]}, 'position': {0: [-0.3530969605659351, 0.23653079210894307], 1: [-0.014831158988742517, -0.5502250464361691], 2: [-1.0, -0.1882379096458032], 3: [0.26073034696767516, 0.7833475704555309], 4: [0.3319078567906819, 0.06165714010134473], 5: [0.7752899157963203, -0.34307254658384684]}, 'solution': ([0, 1, 1, 1, 0, 1], 49.0)}",26,"{'optimizer': 'COBYLA', 'maxiter': 100, 'shots': 1024, 'parameter_strategy': 'RANDOM', 'x0': None, 'backend': <QAOA_Tester.Backend.NoisyEstimatorBackend object at 0x7f5d2394a290>}","[([1, 0, 1, 0, 0, 0], -29.0)]","[array([1.79596506, 4.25973669, 3.02109975, 2.19015017, 0.1682699 ,
       0.17374539, 1.66300038, 4.67797262, 0.73891749, 5.12270417,
       1.52140361, 5.9665548 , 3.23295594, 1.67589313, 1.25859069,
       0.92683327, 3.77938769, 4.87806132, 3.48838296, 5.39842803,
       5.57698722, 5.3679241 , 6.32831572, 0.63406572, 0.50778651,
       5.08184115, 3.2174286 , 1.29056835, 3.31245967, 1.55891928,
       6.25091405, 6.27369694, 5.70798384, 1.82579495, 1.21899026,
       4.65917869, 3.66449778, 2.15204683, 1.54688785, 5.454371  ,
       1.05995726, 0.90074272, 1.18313191, 2.22097924, 1.06391324,
       5.72760699, 3.72171177, 3.31359453, 6.07570808, 3.63554256,
       3.35060292, 4.85671807])]",[621.5005881786346]
