,problem,layers,optimizer,solutions,parameters,time
0,"{'type': 'maxcut', 'graph': {'directed': False, 'multigraph': False, 'graph': {}, 'nodes': [{'id': 0}, {'id': 1}, {'id': 2}, {'id': 3}, {'id': 4}, {'id': 5}], 'links': [{'weight': 7, 'source': 0, 'target': 1}, {'weight': 6, 'source': 0, 'target': 2}, {'weight': 7, 'source': 0, 'target': 3}, {'weight': 4, 'source': 0, 'target': 4}, {'weight': 4, 'source': 0, 'target': 5}, {'weight': 2, 'source': 1, 'target': 2}, {'weight': 3, 'source': 1, 'target': 3}, {'weight': 8, 'source': 1, 'target': 4}, {'weight': 6, 'source': 1, 'target': 5}, {'weight': 1, 'source': 2, 'target': 3}, {'weight': 3, 'source': 2, 'target': 4}, {'weight': 1, 'source': 2, 'target': 5}, {'weight': 5, 'source': 3, 'target': 4}, {'weight': 3, 'source': 3, 'target': 5}, {'weight': 9, 'source': 4, 'target': 5}]}, 'position': {0: [-0.3530969605659351, 0.23653079210894307], 1: [-0.014831158988742517, -0.5502250464361691], 2: [-1.0, -0.1882379096458032], 3: [0.26073034696767516, 0.7833475704555309], 4: [0.3319078567906819, 0.06165714010134473], 5: [0.7752899157963203, -0.34307254658384684]}, 'solution': ([0, 1, 1, 1, 0, 1], 49.0)}",24,"{'optimizer': 'COBYLA', 'maxiter': 100, 'shots': 1024, 'parameter_strategy': 'RANDOM', 'x0': None, 'backend': <QAOA_Tester.Backend.NoisyEstimatorBackend object at 0x7f742e7dbeb0>}","[([1, 1, 1, 0, 0, 0], -37.0)]","[array([2.14210657, 3.37096188, 2.77725749, 0.23123779, 0.72582722,
       0.2929542 , 2.49559899, 5.04023406, 1.78420006, 1.36599365,
       3.50791656, 3.524641  , 0.91052049, 2.28849231, 4.50377565,
       1.4408133 , 3.82341672, 5.43601457, 5.54209112, 0.55691832,
       2.20849102, 0.84757816, 5.20914637, 3.12227017, 5.69644946,
       3.11723113, 1.82658361, 4.55193951, 4.72866232, 3.66797822,
       3.52656374, 0.75861524, 4.92986423, 5.47582301, 0.17663985,
       3.87125157, 0.20957897, 4.25511157, 2.57841703, 3.6586235 ,
       0.16529964, 3.31696752, 5.52021815, 3.07016687, 0.86347814,
       2.28543113, 2.714442  , 3.88667925])]",[630.1484344005585]
