,problem,layers,optimizer,solutions,parameters,time
0,"{'type': 'maxcut', 'graph': {'directed': False, 'multigraph': False, 'graph': {}, 'nodes': [{'id': 0}, {'id': 1}, {'id': 2}, {'id': 3}, {'id': 4}, {'id': 5}], 'links': [{'weight': 7, 'source': 0, 'target': 1}, {'weight': 6, 'source': 0, 'target': 2}, {'weight': 7, 'source': 0, 'target': 3}, {'weight': 4, 'source': 0, 'target': 4}, {'weight': 4, 'source': 0, 'target': 5}, {'weight': 2, 'source': 1, 'target': 2}, {'weight': 3, 'source': 1, 'target': 3}, {'weight': 8, 'source': 1, 'target': 4}, {'weight': 6, 'source': 1, 'target': 5}, {'weight': 1, 'source': 2, 'target': 3}, {'weight': 3, 'source': 2, 'target': 4}, {'weight': 1, 'source': 2, 'target': 5}, {'weight': 5, 'source': 3, 'target': 4}, {'weight': 3, 'source': 3, 'target': 5}, {'weight': 9, 'source': 4, 'target': 5}]}, 'position': {0: [-0.3530969605659351, 0.23653079210894307], 1: [-0.014831158988742517, -0.5502250464361691], 2: [-1.0, -0.1882379096458032], 3: [0.26073034696767516, 0.7833475704555309], 4: [0.3319078567906819, 0.06165714010134473], 5: [0.7752899157963203, -0.34307254658384684]}, 'solution': ([0, 1, 1, 1, 0, 1], 49.0)}",28,"{'optimizer': 'COBYLA', 'maxiter': 100, 'shots': 1024, 'parameter_strategy': 'RANDOM', 'x0': None, 'backend': <QAOA_Tester.Backend.NoisyEstimatorBackend object at 0x7fd25019e080>}","[([0, 1, 1, 1, 1, 1], -28.0)]","[array([2.56640731, 1.02151068, 0.96421503, 5.4011886 , 5.84655822,
       6.09266008, 2.52829823, 5.73205102, 3.19594089, 0.1402256 ,
       1.84120103, 5.40395943, 3.87463701, 1.87858613, 2.65582207,
       2.62312008, 2.70328719, 2.72924175, 2.37099771, 4.76547069,
       2.78925459, 2.06090411, 6.24346793, 4.79012233, 4.11473725,
       1.40775412, 3.89009575, 7.64668885, 3.5317005 , 2.39678728,
       0.27910723, 2.23313239, 1.90440685, 4.41503682, 1.26377534,
       5.42697886, 3.93852375, 0.35445049, 2.41478922, 4.21737867,
       0.00980754, 2.51432261, 5.84488041, 5.28543675, 5.89945695,
       0.25542735, 0.81714868, 0.92950704, 2.21441436, 6.09326741,
       1.86300068, 1.31513974, 1.95914421, 0.20001371, 1.65451682,
       5.32541548])]",[639.6260142326355]
