,problem,layers,optimizer,solutions,parameters,time
0,"{'type': 'maxcut', 'graph': {'directed': False, 'multigraph': False, 'graph': {}, 'nodes': [{'id': 0}, {'id': 1}, {'id': 2}, {'id': 3}, {'id': 4}, {'id': 5}], 'links': [{'weight': 7, 'source': 0, 'target': 1}, {'weight': 6, 'source': 0, 'target': 2}, {'weight': 7, 'source': 0, 'target': 3}, {'weight': 4, 'source': 0, 'target': 4}, {'weight': 4, 'source': 0, 'target': 5}, {'weight': 2, 'source': 1, 'target': 2}, {'weight': 3, 'source': 1, 'target': 3}, {'weight': 8, 'source': 1, 'target': 4}, {'weight': 6, 'source': 1, 'target': 5}, {'weight': 1, 'source': 2, 'target': 3}, {'weight': 3, 'source': 2, 'target': 4}, {'weight': 1, 'source': 2, 'target': 5}, {'weight': 5, 'source': 3, 'target': 4}, {'weight': 3, 'source': 3, 'target': 5}, {'weight': 9, 'source': 4, 'target': 5}]}, 'position': {0: [-0.3530969605659351, 0.23653079210894307], 1: [-0.014831158988742517, -0.5502250464361691], 2: [-1.0, -0.1882379096458032], 3: [0.26073034696767516, 0.7833475704555309], 4: [0.3319078567906819, 0.06165714010134473], 5: [0.7752899157963203, -0.34307254658384684]}, 'solution': ([0, 1, 1, 1, 0, 1], 49.0)}",25,"{'optimizer': 'COBYLA', 'maxiter': 100, 'shots': 1024, 'parameter_strategy': 'RANDOM', 'x0': None, 'backend': <QAOA_Tester.Backend.NoisyEstimatorBackend object at 0x7f7ba07a9180>}","[([0, 0, 1, 0, 1, 0], -36.0)]","[array([5.85605248, 3.76093173, 3.07465102, 6.22911911, 4.72292635,
       0.57561166, 1.75540161, 4.91927913, 4.78220116, 2.55238589,
       0.80957494, 1.05824508, 4.41234365, 3.62434145, 0.98102203,
       3.43487854, 1.41953622, 2.9624468 , 1.43811223, 3.93156689,
       0.11481654, 3.34720662, 4.97295889, 6.04980182, 5.38015403,
       0.88158905, 3.76207195, 0.52879742, 1.95357648, 0.70907457,
       3.30710747, 5.48410237, 2.89928669, 2.12501851, 5.8152259 ,
       5.58376649, 2.8496819 , 4.07029734, 1.12649322, 1.39727149,
       0.36165614, 0.7240021 , 0.51886994, 2.90389486, 3.26333487,
       2.12794412, 6.25426854, 1.72611109, 0.9761598 , 5.56691341])]",[641.7731690406799]
