,problem,layers,optimizer,solutions,parameters,time
0,"{'type': 'maxcut', 'graph': {'directed': False, 'multigraph': False, 'graph': {}, 'nodes': [{'id': 0}, {'id': 1}, {'id': 2}, {'id': 3}, {'id': 4}, {'id': 5}], 'links': [{'weight': 7, 'source': 0, 'target': 1}, {'weight': 6, 'source': 0, 'target': 2}, {'weight': 7, 'source': 0, 'target': 3}, {'weight': 4, 'source': 0, 'target': 4}, {'weight': 4, 'source': 0, 'target': 5}, {'weight': 2, 'source': 1, 'target': 2}, {'weight': 3, 'source': 1, 'target': 3}, {'weight': 8, 'source': 1, 'target': 4}, {'weight': 6, 'source': 1, 'target': 5}, {'weight': 1, 'source': 2, 'target': 3}, {'weight': 3, 'source': 2, 'target': 4}, {'weight': 1, 'source': 2, 'target': 5}, {'weight': 5, 'source': 3, 'target': 4}, {'weight': 3, 'source': 3, 'target': 5}, {'weight': 9, 'source': 4, 'target': 5}]}, 'position': {0: [-0.3530969605659351, 0.23653079210894307], 1: [-0.014831158988742517, -0.5502250464361691], 2: [-1.0, -0.1882379096458032], 3: [0.26073034696767516, 0.7833475704555309], 4: [0.3319078567906819, 0.06165714010134473], 5: [0.7752899157963203, -0.34307254658384684]}, 'solution': ([0, 1, 1, 1, 0, 1], 49.0)}",24,"{'optimizer': 'COBYLA', 'maxiter': 100, 'shots': 1024, 'parameter_strategy': 'RANDOM', 'x0': None, 'backend': <QAOA_Tester.Backend.NoisyEstimatorBackend object at 0x7f2b26da3f40>}","[([0, 0, 1, 1, 1, 0], -43.0)]","[array([4.84804806, 2.54836729, 5.49351576, 2.62844264, 0.37419085,
       3.72527324, 3.37510711, 2.56639518, 3.55665966, 2.98883455,
       4.968114  , 2.28229158, 1.2137352 , 5.73756846, 4.03264055,
       6.08593422, 5.79641373, 1.88926036, 2.45545548, 0.75842687,
       2.66255014, 0.44821525, 5.10973359, 5.60727285, 6.1425593 ,
       1.35977722, 3.37469054, 0.30424426, 3.30905424, 0.69986042,
       0.73432976, 4.3527029 , 4.73077574, 4.08885349, 5.60240735,
       3.87543692, 0.01198808, 2.48920617, 3.5416229 , 1.67159879,
       2.70283482, 2.11186304, 5.48988498, 4.54104142, 3.74713374,
       0.93843322, 2.13418825, 1.83850078])]",[615.833123922348]
