,problem,layers,optimizer,solutions,parameters,time
0,"{'type': 'maxcut', 'graph': {'directed': False, 'multigraph': False, 'graph': {}, 'nodes': [{'id': 0}, {'id': 1}, {'id': 2}, {'id': 3}, {'id': 4}, {'id': 5}], 'links': [{'weight': 7, 'source': 0, 'target': 1}, {'weight': 6, 'source': 0, 'target': 2}, {'weight': 7, 'source': 0, 'target': 3}, {'weight': 4, 'source': 0, 'target': 4}, {'weight': 4, 'source': 0, 'target': 5}, {'weight': 2, 'source': 1, 'target': 2}, {'weight': 3, 'source': 1, 'target': 3}, {'weight': 8, 'source': 1, 'target': 4}, {'weight': 6, 'source': 1, 'target': 5}, {'weight': 1, 'source': 2, 'target': 3}, {'weight': 3, 'source': 2, 'target': 4}, {'weight': 1, 'source': 2, 'target': 5}, {'weight': 5, 'source': 3, 'target': 4}, {'weight': 3, 'source': 3, 'target': 5}, {'weight': 9, 'source': 4, 'target': 5}]}, 'position': {0: [-0.3530969605659351, 0.23653079210894307], 1: [-0.014831158988742517, -0.5502250464361691], 2: [-1.0, -0.1882379096458032], 3: [0.26073034696767516, 0.7833475704555309], 4: [0.3319078567906819, 0.06165714010134473], 5: [0.7752899157963203, -0.34307254658384684]}, 'solution': ([0, 1, 1, 1, 0, 1], 49.0)}",27,"{'optimizer': 'COBYLA', 'maxiter': 100, 'shots': 1024, 'parameter_strategy': 'RANDOM', 'x0': None, 'backend': <QAOA_Tester.Backend.NoisyEstimatorBackend object at 0x7f66586055a0>}","[([0, 0, 1, 0, 0, 1], -34.0)]","[array([ 1.5379664 ,  1.48972996,  4.48738942,  4.29686366,  6.24213127,
        3.59916227,  6.19271171, -0.09816111,  5.36393754,  5.05964559,
        6.02815789,  3.56067947,  0.49466284,  5.41660482,  6.19610961,
        0.53204845,  2.64255957,  4.3235394 ,  5.51511272,  5.40817737,
        4.46933372,  3.93814235,  3.2213185 ,  0.60661292,  1.05178885,
        5.62838249,  7.09365156,  2.15087942,  5.11640111,  3.45055421,
        1.77265027,  3.16859914,  2.09761055,  5.24632772,  2.25134577,
        1.70643439,  2.7928707 ,  0.29672564,  0.68671177,  4.68298319,
        4.33774983,  2.10069502,  3.00706894,  0.27900878,  4.91671524,
        2.68764372,  1.71071355,  3.90757194,  4.17291239,  2.33025445,
        5.38495871,  4.71402111,  2.12917393,  0.56605227])]",[655.3037333488464]
