,problem,layers,optimizer,solutions,parameters,time
0,"{'type': 'maxcut', 'graph': {'directed': False, 'multigraph': False, 'graph': {}, 'nodes': [{'id': 0}, {'id': 1}, {'id': 2}, {'id': 3}, {'id': 4}, {'id': 5}], 'links': [{'weight': 7, 'source': 0, 'target': 1}, {'weight': 6, 'source': 0, 'target': 2}, {'weight': 7, 'source': 0, 'target': 3}, {'weight': 4, 'source': 0, 'target': 4}, {'weight': 4, 'source': 0, 'target': 5}, {'weight': 2, 'source': 1, 'target': 2}, {'weight': 3, 'source': 1, 'target': 3}, {'weight': 8, 'source': 1, 'target': 4}, {'weight': 6, 'source': 1, 'target': 5}, {'weight': 1, 'source': 2, 'target': 3}, {'weight': 3, 'source': 2, 'target': 4}, {'weight': 1, 'source': 2, 'target': 5}, {'weight': 5, 'source': 3, 'target': 4}, {'weight': 3, 'source': 3, 'target': 5}, {'weight': 9, 'source': 4, 'target': 5}]}, 'position': {0: [-0.3530969605659351, 0.23653079210894307], 1: [-0.014831158988742517, -0.5502250464361691], 2: [-1.0, -0.1882379096458032], 3: [0.26073034696767516, 0.7833475704555309], 4: [0.3319078567906819, 0.06165714010134473], 5: [0.7752899157963203, -0.34307254658384684]}, 'solution': ([0, 1, 1, 1, 0, 1], 49.0)}",22,"{'optimizer': 'COBYLA', 'maxiter': 100, 'shots': 1024, 'parameter_strategy': 'RANDOM', 'x0': None, 'backend': <QAOA_Tester.Backend.NoisyEstimatorBackend object at 0x7f51f8084610>}","[([0, 0, 1, 0, 0, 1], -34.0)]","[array([2.69204713, 5.85542266, 0.07512486, 3.59689184, 4.41478876,
       0.49266668, 4.40235425, 3.22257302, 0.69037011, 0.88057773,
       5.21485982, 2.38955856, 3.69292488, 2.31969609, 5.45779619,
       1.54514448, 5.7084846 , 5.05616665, 5.85966463, 3.69961059,
       1.33769376, 4.40962826, 2.26054254, 3.91741095, 1.41324064,
       1.41323156, 1.9860263 , 1.52881474, 5.15031774, 4.95184787,
       1.34248266, 2.83103033, 6.45775436, 0.43002935, 1.18048737,
       3.92111694, 1.24936252, 1.43060666, 4.71166233, 3.39317221,
       4.86416733, 4.98933286, 5.5326178 , 4.84620826])]",[639.7856667041779]
