,problem,layers,optimizer,solutions,parameters,time
0,"{'type': 'maxcut', 'graph': {'directed': False, 'multigraph': False, 'graph': {}, 'nodes': [{'id': 0}, {'id': 1}, {'id': 2}, {'id': 3}, {'id': 4}, {'id': 5}], 'links': [{'weight': 7, 'source': 0, 'target': 1}, {'weight': 6, 'source': 0, 'target': 2}, {'weight': 7, 'source': 0, 'target': 3}, {'weight': 4, 'source': 0, 'target': 4}, {'weight': 4, 'source': 0, 'target': 5}, {'weight': 2, 'source': 1, 'target': 2}, {'weight': 3, 'source': 1, 'target': 3}, {'weight': 8, 'source': 1, 'target': 4}, {'weight': 6, 'source': 1, 'target': 5}, {'weight': 1, 'source': 2, 'target': 3}, {'weight': 3, 'source': 2, 'target': 4}, {'weight': 1, 'source': 2, 'target': 5}, {'weight': 5, 'source': 3, 'target': 4}, {'weight': 3, 'source': 3, 'target': 5}, {'weight': 9, 'source': 4, 'target': 5}]}, 'position': {0: [-0.3530969605659351, 0.23653079210894307], 1: [-0.014831158988742517, -0.5502250464361691], 2: [-1.0, -0.1882379096458032], 3: [0.26073034696767516, 0.7833475704555309], 4: [0.3319078567906819, 0.06165714010134473], 5: [0.7752899157963203, -0.34307254658384684]}, 'solution': ([0, 1, 1, 1, 0, 1], 49.0)}",29,"{'optimizer': 'COBYLA', 'maxiter': 100, 'shots': 1024, 'parameter_strategy': 'RANDOM', 'x0': None, 'backend': <QAOA_Tester.Backend.NoisyEstimatorBackend object at 0x7f87f2b8fc40>}","[([1, 1, 1, 1, 1, 0], -23.0)]","[array([4.0384215 , 3.08602043, 4.53859616, 1.53813845, 3.97317339,
       5.06327427, 3.00434943, 0.16422632, 4.70904759, 6.02520528,
       0.26106933, 1.60923464, 4.87868694, 0.42665793, 1.61879124,
       0.02523232, 1.62690772, 3.04609337, 5.69061853, 4.65393644,
       4.35655387, 2.82294634, 2.81052239, 3.26573879, 0.22300859,
       2.74640343, 5.48088571, 0.12292541, 3.61596313, 1.65882246,
       2.61310339, 0.93334728, 1.25771654, 3.42485107, 0.86835619,
       3.67939761, 1.75088562, 5.93640148, 4.07340804, 2.85134078,
       1.26464761, 0.12488822, 4.1293981 , 1.72782755, 5.79277484,
       5.95342698, 4.34462348, 1.70502264, 5.12953862, 5.21401097,
       3.42554186, 2.53099896, 6.09215472, 2.81667723, 0.90096617,
       0.60797066, 2.06666754, 6.10351997])]",[658.6486163139343]
