,problem,layers,optimizer,solutions,parameters,time
0,"{'type': 'maxcut', 'graph': {'directed': False, 'multigraph': False, 'graph': {}, 'nodes': [{'id': 0}, {'id': 1}, {'id': 2}, {'id': 3}, {'id': 4}, {'id': 5}], 'links': [{'weight': 7, 'source': 0, 'target': 1}, {'weight': 6, 'source': 0, 'target': 2}, {'weight': 7, 'source': 0, 'target': 3}, {'weight': 4, 'source': 0, 'target': 4}, {'weight': 4, 'source': 0, 'target': 5}, {'weight': 2, 'source': 1, 'target': 2}, {'weight': 3, 'source': 1, 'target': 3}, {'weight': 8, 'source': 1, 'target': 4}, {'weight': 6, 'source': 1, 'target': 5}, {'weight': 1, 'source': 2, 'target': 3}, {'weight': 3, 'source': 2, 'target': 4}, {'weight': 1, 'source': 2, 'target': 5}, {'weight': 5, 'source': 3, 'target': 4}, {'weight': 3, 'source': 3, 'target': 5}, {'weight': 9, 'source': 4, 'target': 5}]}, 'position': {0: [-0.3530969605659351, 0.23653079210894307], 1: [-0.014831158988742517, -0.5502250464361691], 2: [-1.0, -0.1882379096458032], 3: [0.26073034696767516, 0.7833475704555309], 4: [0.3319078567906819, 0.06165714010134473], 5: [0.7752899157963203, -0.34307254658384684]}, 'solution': ([0, 1, 1, 1, 0, 1], 49.0)}",30,"{'optimizer': 'COBYLA', 'maxiter': 100, 'shots': 1024, 'parameter_strategy': 'RANDOM', 'x0': None, 'backend': <QAOA_Tester.Backend.NoisyEstimatorBackend object at 0x7f241e03a440>}","[([1, 0, 1, 0, 0, 1], -42.0)]","[array([2.28737747, 5.28965299, 0.47911972, 4.70651531, 5.10413561,
       1.54070475, 0.81880747, 5.3380281 , 5.24224202, 4.43463042,
       0.33477096, 5.56867793, 3.47259043, 1.40526779, 2.14865571,
       4.5210688 , 0.24706346, 6.211694  , 3.90469078, 4.54648675,
       1.75558118, 5.69052231, 0.86914398, 3.38509874, 1.52117509,
       2.2174116 , 5.30242356, 2.88828217, 0.92702475, 1.19003674,
       4.7324941 , 5.39680242, 3.96334374, 6.05632697, 4.68629224,
       4.33337235, 3.18770078, 1.25337721, 5.65618622, 2.81945229,
       4.20614767, 2.95246485, 1.48646412, 2.16601549, 0.23290496,
       0.43120377, 4.07746338, 5.26484442, 4.18434291, 0.94703424,
       2.77458953, 4.63326787, 1.66842499, 3.50775007, 5.71929242,
       4.15823857, 1.74322399, 2.02174619, 3.39762214, 2.04392656])]",[704.8078353404999]
