,problem,layers,optimizer,solutions,parameters,time
0,"{'type': 'maxcut', 'graph': {'directed': False, 'multigraph': False, 'graph': {}, 'nodes': [{'id': 0}, {'id': 1}, {'id': 2}, {'id': 3}, {'id': 4}, {'id': 5}], 'links': [{'weight': 7, 'source': 0, 'target': 1}, {'weight': 6, 'source': 0, 'target': 2}, {'weight': 7, 'source': 0, 'target': 3}, {'weight': 4, 'source': 0, 'target': 4}, {'weight': 4, 'source': 0, 'target': 5}, {'weight': 2, 'source': 1, 'target': 2}, {'weight': 3, 'source': 1, 'target': 3}, {'weight': 8, 'source': 1, 'target': 4}, {'weight': 6, 'source': 1, 'target': 5}, {'weight': 1, 'source': 2, 'target': 3}, {'weight': 3, 'source': 2, 'target': 4}, {'weight': 1, 'source': 2, 'target': 5}, {'weight': 5, 'source': 3, 'target': 4}, {'weight': 3, 'source': 3, 'target': 5}, {'weight': 9, 'source': 4, 'target': 5}]}, 'position': {0: [-0.3530969605659351, 0.23653079210894307], 1: [-0.014831158988742517, -0.5502250464361691], 2: [-1.0, -0.1882379096458032], 3: [0.26073034696767516, 0.7833475704555309], 4: [0.3319078567906819, 0.06165714010134473], 5: [0.7752899157963203, -0.34307254658384684]}, 'solution': ([0, 1, 1, 1, 0, 1], 49.0)}",23,"{'optimizer': 'COBYLA', 'maxiter': 100, 'shots': 1024, 'parameter_strategy': 'RANDOM', 'x0': None, 'backend': <QAOA_Tester.Backend.NoisyEstimatorBackend object at 0x7fba3d1b0d60>}","[([1, 1, 1, 1, 0, 1], -29.0)]","[array([3.65219744, 3.88020758, 3.15760498, 5.38498475, 2.18484648,
       1.47647586, 2.12027256, 4.3421343 , 6.29800261, 0.30063559,
       0.10566366, 4.81332801, 0.87962389, 1.11715581, 0.36065375,
       1.62927863, 2.16883495, 5.30882819, 4.27280109, 4.24337979,
       1.60063926, 1.58612968, 0.12343123, 5.04589468, 1.98191935,
       0.37857048, 3.73764583, 1.19284117, 6.19987802, 0.47439272,
       2.06417926, 2.78469887, 3.46852701, 1.13355463, 2.13677858,
       5.53836464, 2.87311299, 1.90741584, 0.13994999, 3.83918763,
       5.4959552 , 2.78048735, 2.11986326, 4.22694455, 2.1155066 ,
       4.04294896])]",[684.2105848789215]
