,problem,layers,optimizer,solutions,parameters,time
0,"{'type': 'maxcut', 'graph': {'directed': False, 'multigraph': False, 'graph': {}, 'nodes': [{'id': 0}, {'id': 1}, {'id': 2}, {'id': 3}, {'id': 4}, {'id': 5}], 'links': [{'weight': 7, 'source': 0, 'target': 1}, {'weight': 6, 'source': 0, 'target': 2}, {'weight': 7, 'source': 0, 'target': 3}, {'weight': 4, 'source': 0, 'target': 4}, {'weight': 4, 'source': 0, 'target': 5}, {'weight': 2, 'source': 1, 'target': 2}, {'weight': 3, 'source': 1, 'target': 3}, {'weight': 8, 'source': 1, 'target': 4}, {'weight': 6, 'source': 1, 'target': 5}, {'weight': 1, 'source': 2, 'target': 3}, {'weight': 3, 'source': 2, 'target': 4}, {'weight': 1, 'source': 2, 'target': 5}, {'weight': 5, 'source': 3, 'target': 4}, {'weight': 3, 'source': 3, 'target': 5}, {'weight': 9, 'source': 4, 'target': 5}]}, 'position': {0: [-0.3530969605659351, 0.23653079210894307], 1: [-0.014831158988742517, -0.5502250464361691], 2: [-1.0, -0.1882379096458032], 3: [0.26073034696767516, 0.7833475704555309], 4: [0.3319078567906819, 0.06165714010134473], 5: [0.7752899157963203, -0.34307254658384684]}, 'solution': ([0, 1, 1, 1, 0, 1], 49.0)}",21,"{'optimizer': 'COBYLA', 'maxiter': 100, 'shots': 1024, 'parameter_strategy': 'RANDOM', 'x0': None, 'backend': <QAOA_Tester.Backend.NoisyEstimatorBackend object at 0x7f01fb040e20>}","[([1, 0, 1, 0, 1, 0], -44.0)]","[array([ 1.38250587e+00,  5.83121790e+00,  3.84460145e+00,  4.02168578e+00,
        5.08772484e+00,  7.08503985e-01,  5.72186738e+00,  3.53492104e+00,
        3.88612931e+00,  1.95063543e+00,  2.16617104e+00,  3.01989379e+00,
        4.74202915e+00,  5.98858843e+00,  4.15016980e-03,  4.24204708e+00,
        2.37736443e+00,  2.54187864e+00, -1.42566927e-01,  1.33770774e+00,
        5.06826747e+00,  1.54440190e+00,  2.60025514e+00,  5.23222279e+00,
        6.18124138e+00,  4.19512787e-01,  4.33027916e+00,  5.73190405e-01,
        8.32766230e-01,  4.45763447e-01,  2.33426674e+00,  1.61603903e+00,
        1.69720294e+00,  1.07137419e+00,  2.91884509e+00,  2.01545709e+00,
        2.16446621e+00,  4.24313945e+00,  5.09389937e-01,  9.93403756e-01,
        2.13738679e+00,  4.74717449e+00])]",[612.4550638198853]
