,problem,layers,optimizer,solutions,parameters,time
0,"{'type': 'maxcut', 'graph': {'directed': False, 'multigraph': False, 'graph': {}, 'nodes': [{'id': 0}, {'id': 1}, {'id': 2}, {'id': 3}, {'id': 4}, {'id': 5}], 'links': [{'weight': 7, 'source': 0, 'target': 1}, {'weight': 6, 'source': 0, 'target': 2}, {'weight': 7, 'source': 0, 'target': 3}, {'weight': 4, 'source': 0, 'target': 4}, {'weight': 4, 'source': 0, 'target': 5}, {'weight': 2, 'source': 1, 'target': 2}, {'weight': 3, 'source': 1, 'target': 3}, {'weight': 8, 'source': 1, 'target': 4}, {'weight': 6, 'source': 1, 'target': 5}, {'weight': 1, 'source': 2, 'target': 3}, {'weight': 3, 'source': 2, 'target': 4}, {'weight': 1, 'source': 2, 'target': 5}, {'weight': 5, 'source': 3, 'target': 4}, {'weight': 3, 'source': 3, 'target': 5}, {'weight': 9, 'source': 4, 'target': 5}]}, 'position': {0: [-0.3530969605659351, 0.23653079210894307], 1: [-0.014831158988742517, -0.5502250464361691], 2: [-1.0, -0.1882379096458032], 3: [0.26073034696767516, 0.7833475704555309], 4: [0.3319078567906819, 0.06165714010134473], 5: [0.7752899157963203, -0.34307254658384684]}, 'solution': ([0, 1, 1, 1, 0, 1], 49.0)}",27,"{'optimizer': 'COBYLA', 'maxiter': 100, 'shots': 1024, 'parameter_strategy': 'RANDOM', 'x0': None, 'backend': <QAOA_Tester.Backend.NoisyEstimatorBackend object at 0x7fd6cb611990>}","[([1, 0, 1, 0, 0, 1], -42.0)]","[array([2.90877969, 4.83428848, 4.30965765, 1.84864212, 0.18765394,
       3.65692397, 0.21411631, 3.56073987, 0.25741596, 2.76345671,
       4.6554404 , 2.68533676, 2.57522718, 0.41961039, 5.852514  ,
       4.25995966, 2.10903102, 0.48131836, 0.50493905, 6.26745547,
       2.65574187, 6.11137582, 2.3022911 , 0.42497701, 5.12572354,
       5.11135537, 4.67702835, 3.95408165, 1.05109461, 0.38158412,
       1.93634603, 4.12787733, 2.7720647 , 4.34447145, 2.80922894,
       2.57241253, 1.44328551, 1.39349135, 5.49649492, 2.74177281,
       4.13900322, 3.27865785, 4.49688176, 0.43319119, 4.73378391,
       3.33174374, 1.04177581, 3.66902378, 5.57695211, 6.05775329,
       2.95627445, 4.05903028, 5.91186691, 4.54005131])]",[640.7657706737518]
