,problem,layers,optimizer,solutions,parameters,time
0,"{'type': 'maxcut', 'graph': {'directed': False, 'multigraph': False, 'graph': {}, 'nodes': [{'id': 0}, {'id': 1}, {'id': 2}, {'id': 3}, {'id': 4}, {'id': 5}], 'links': [{'weight': 7, 'source': 0, 'target': 1}, {'weight': 6, 'source': 0, 'target': 2}, {'weight': 7, 'source': 0, 'target': 3}, {'weight': 4, 'source': 0, 'target': 4}, {'weight': 4, 'source': 0, 'target': 5}, {'weight': 2, 'source': 1, 'target': 2}, {'weight': 3, 'source': 1, 'target': 3}, {'weight': 8, 'source': 1, 'target': 4}, {'weight': 6, 'source': 1, 'target': 5}, {'weight': 1, 'source': 2, 'target': 3}, {'weight': 3, 'source': 2, 'target': 4}, {'weight': 1, 'source': 2, 'target': 5}, {'weight': 5, 'source': 3, 'target': 4}, {'weight': 3, 'source': 3, 'target': 5}, {'weight': 9, 'source': 4, 'target': 5}]}, 'position': {0: [-0.3530969605659351, 0.23653079210894307], 1: [-0.014831158988742517, -0.5502250464361691], 2: [-1.0, -0.1882379096458032], 3: [0.26073034696767516, 0.7833475704555309], 4: [0.3319078567906819, 0.06165714010134473], 5: [0.7752899157963203, -0.34307254658384684]}, 'solution': ([0, 1, 1, 1, 0, 1], 49.0)}",30,"{'optimizer': 'COBYLA', 'maxiter': 100, 'shots': 1024, 'parameter_strategy': 'RANDOM', 'x0': None, 'backend': <QAOA_Tester.Backend.NoisyEstimatorBackend object at 0x7f03c73ce680>}","[([0, 0, 0, 0, 0, 0], 0.0)]","[array([6.04839195, 3.14971527, 1.61764911, 5.04658208, 5.13551721,
       4.02492695, 2.48600385, 0.6790207 , 3.83487482, 4.62974472,
       2.56369565, 0.52471529, 4.70308733, 2.15273363, 3.71322018,
       2.70639035, 3.22911544, 4.27037774, 0.19007881, 0.50457716,
       1.85687608, 0.7333132 , 5.22110388, 3.39580797, 3.55832526,
       2.55918097, 5.97189043, 1.38083367, 6.12042039, 2.12599925,
       0.27876462, 0.71937788, 0.8164198 , 3.87658934, 0.34345625,
       4.99353552, 3.7723521 , 3.28327855, 2.41921258, 0.50244731,
       6.37775973, 4.77462005, 6.06388777, 2.30288846, 5.33605952,
       4.84208344, 5.7669361 , 4.32565664, 1.10221707, 0.25276164,
       4.23049368, 4.41866764, 5.72539201, 1.80658416, 4.05416051,
       5.79244179, 6.21312689, 0.51624422, 1.91325379, 2.76997099])]",[658.2001130580902]
