,problem,layers,optimizer,solutions,parameters,time
0,"{'type': 'maxcut', 'graph': {'directed': False, 'multigraph': False, 'graph': {}, 'nodes': [{'id': 0}, {'id': 1}, {'id': 2}, {'id': 3}, {'id': 4}, {'id': 5}], 'links': [{'weight': 7, 'source': 0, 'target': 1}, {'weight': 6, 'source': 0, 'target': 2}, {'weight': 7, 'source': 0, 'target': 3}, {'weight': 4, 'source': 0, 'target': 4}, {'weight': 4, 'source': 0, 'target': 5}, {'weight': 2, 'source': 1, 'target': 2}, {'weight': 3, 'source': 1, 'target': 3}, {'weight': 8, 'source': 1, 'target': 4}, {'weight': 6, 'source': 1, 'target': 5}, {'weight': 1, 'source': 2, 'target': 3}, {'weight': 3, 'source': 2, 'target': 4}, {'weight': 1, 'source': 2, 'target': 5}, {'weight': 5, 'source': 3, 'target': 4}, {'weight': 3, 'source': 3, 'target': 5}, {'weight': 9, 'source': 4, 'target': 5}]}, 'position': {0: [-0.3530969605659351, 0.23653079210894307], 1: [-0.014831158988742517, -0.5502250464361691], 2: [-1.0, -0.1882379096458032], 3: [0.26073034696767516, 0.7833475704555309], 4: [0.3319078567906819, 0.06165714010134473], 5: [0.7752899157963203, -0.34307254658384684]}, 'solution': ([0, 1, 1, 1, 0, 1], 49.0)}",27,"{'optimizer': 'COBYLA', 'maxiter': 100, 'shots': 1024, 'parameter_strategy': 'RANDOM', 'x0': None, 'backend': <QAOA_Tester.Backend.NoisyEstimatorBackend object at 0x7f0e58ce1030>}","[([1, 1, 1, 0, 1, 0], -36.0)]","[array([0.27903234, 2.66371582, 5.27944726, 4.82055702, 4.38756016,
       0.12290369, 0.17931856, 0.53840141, 5.84964321, 5.81128767,
       5.38099937, 5.55282347, 6.22007925, 3.10583926, 5.91404639,
       4.44261704, 2.46958587, 0.83859203, 3.48874589, 5.18814611,
       1.26380448, 5.05448026, 3.23454566, 4.59422181, 3.44718574,
       2.84973418, 1.43486458, 4.20385739, 4.54976806, 3.178035  ,
       6.21616863, 4.82345655, 2.13057427, 0.41140589, 4.63974891,
       2.03446863, 4.22689182, 2.08678087, 4.11769088, 5.38181062,
       3.49819648, 0.44434067, 0.61880787, 2.73297518, 3.96042308,
       4.02832153, 4.79504786, 4.42545573, 0.70495667, 0.53878139,
       6.17476496, 0.84942509, 2.74755183, 2.16119532])]",[625.3837885856628]
