,problem,layers,optimizer,solutions,parameters,time
0,"{'type': 'maxcut', 'graph': {'directed': False, 'multigraph': False, 'graph': {}, 'nodes': [{'id': 0}, {'id': 1}, {'id': 2}, {'id': 3}, {'id': 4}, {'id': 5}], 'links': [{'weight': 7, 'source': 0, 'target': 1}, {'weight': 6, 'source': 0, 'target': 2}, {'weight': 7, 'source': 0, 'target': 3}, {'weight': 4, 'source': 0, 'target': 4}, {'weight': 4, 'source': 0, 'target': 5}, {'weight': 2, 'source': 1, 'target': 2}, {'weight': 3, 'source': 1, 'target': 3}, {'weight': 8, 'source': 1, 'target': 4}, {'weight': 6, 'source': 1, 'target': 5}, {'weight': 1, 'source': 2, 'target': 3}, {'weight': 3, 'source': 2, 'target': 4}, {'weight': 1, 'source': 2, 'target': 5}, {'weight': 5, 'source': 3, 'target': 4}, {'weight': 3, 'source': 3, 'target': 5}, {'weight': 9, 'source': 4, 'target': 5}]}, 'position': {0: [-0.3530969605659351, 0.23653079210894307], 1: [-0.014831158988742517, -0.5502250464361691], 2: [-1.0, -0.1882379096458032], 3: [0.26073034696767516, 0.7833475704555309], 4: [0.3319078567906819, 0.06165714010134473], 5: [0.7752899157963203, -0.34307254658384684]}, 'solution': ([0, 1, 1, 1, 0, 1], 49.0)}",30,"{'optimizer': 'COBYLA', 'maxiter': 100, 'shots': 1024, 'parameter_strategy': 'RANDOM', 'x0': None, 'backend': <QAOA_Tester.Backend.NoisyEstimatorBackend object at 0x7f6c18ba5120>}","[([1, 1, 0, 1, 0, 1], -36.0)]","[array([ 3.71487176,  0.48073021,  3.2200921 ,  1.11728706,  5.49571435,
        4.21830707,  4.20188283,  0.40442996,  6.23485496,  0.84049701,
        1.93248778,  2.97747879,  4.67825876,  1.77668351,  1.00824376,
        3.72001465,  4.92975912,  1.3844269 ,  0.45486197,  6.23312467,
        5.48771113,  0.73822935,  2.61776946,  3.95076039,  1.69462487,
        4.41069115,  2.38994249,  6.33632842,  0.99423544,  5.49587795,
        4.82823126,  2.29590081,  0.03214823,  1.07248769,  3.77821841,
        5.88684004,  1.57126906,  3.38607482,  2.59616888,  0.31378103,
        1.62462464,  4.13657405,  4.29528886,  1.07065926,  2.9711981 ,
        1.60901471,  0.65291705,  4.03645375,  1.97265861,  1.64485947,
        5.47185045,  0.8856248 ,  1.20382171,  3.30627081,  3.02305966,
        4.72622297,  0.45836528, -0.07461916,  2.69007549,  1.09726262])]",[695.6711916923523]
