,problem,layers,optimizer,solutions,parameters,time
0,"{'type': 'maxcut', 'graph': {'directed': False, 'multigraph': False, 'graph': {}, 'nodes': [{'id': 0}, {'id': 1}, {'id': 2}, {'id': 3}, {'id': 4}, {'id': 5}], 'links': [{'weight': 7, 'source': 0, 'target': 1}, {'weight': 6, 'source': 0, 'target': 2}, {'weight': 7, 'source': 0, 'target': 3}, {'weight': 4, 'source': 0, 'target': 4}, {'weight': 4, 'source': 0, 'target': 5}, {'weight': 2, 'source': 1, 'target': 2}, {'weight': 3, 'source': 1, 'target': 3}, {'weight': 8, 'source': 1, 'target': 4}, {'weight': 6, 'source': 1, 'target': 5}, {'weight': 1, 'source': 2, 'target': 3}, {'weight': 3, 'source': 2, 'target': 4}, {'weight': 1, 'source': 2, 'target': 5}, {'weight': 5, 'source': 3, 'target': 4}, {'weight': 3, 'source': 3, 'target': 5}, {'weight': 9, 'source': 4, 'target': 5}]}, 'position': {0: [-0.3530969605659351, 0.23653079210894307], 1: [-0.014831158988742517, -0.5502250464361691], 2: [-1.0, -0.1882379096458032], 3: [0.26073034696767516, 0.7833475704555309], 4: [0.3319078567906819, 0.06165714010134473], 5: [0.7752899157963203, -0.34307254658384684]}, 'solution': ([0, 1, 1, 1, 0, 1], 49.0)}",28,"{'optimizer': 'COBYLA', 'maxiter': 100, 'shots': 1024, 'parameter_strategy': 'RANDOM', 'x0': None, 'backend': <QAOA_Tester.Backend.NoisyEstimatorBackend object at 0x7f2fc09156c0>}","[([0, 0, 0, 1, 0, 0], -19.0)]","[array([1.76076116, 6.11135352, 3.34520063, 3.463088  , 5.54486481,
       0.4310796 , 1.04506682, 4.82287114, 4.69387525, 0.65783273,
       3.71651478, 4.18859082, 5.99113903, 4.41687325, 1.5230369 ,
       0.83005491, 3.82082264, 3.65979394, 4.33887753, 3.57555732,
       3.78709421, 1.67620268, 5.61339328, 0.87029252, 0.28959187,
       3.88021505, 1.84266102, 3.88370651, 0.21186029, 5.01221084,
       2.27716304, 3.81005537, 1.64618363, 0.17878035, 2.50630181,
       4.69617999, 6.1567811 , 4.4182573 , 0.74113901, 0.60977999,
       4.00668933, 2.57826723, 3.81399114, 2.16113348, 3.06896597,
       2.99527526, 2.73626956, 6.155291  , 5.15680115, 5.35572682,
       1.85699777, 4.1713344 , 1.38854599, 5.64714361, 0.19813885,
       0.24434404])]",[666.7598187923431]
