,problem,layers,optimizer,solutions,parameters,time
0,"{'type': 'maxcut', 'graph': {'directed': False, 'multigraph': False, 'graph': {}, 'nodes': [{'id': 0}, {'id': 1}, {'id': 2}, {'id': 3}, {'id': 4}, {'id': 5}], 'links': [{'weight': 7, 'source': 0, 'target': 1}, {'weight': 6, 'source': 0, 'target': 2}, {'weight': 7, 'source': 0, 'target': 3}, {'weight': 4, 'source': 0, 'target': 4}, {'weight': 4, 'source': 0, 'target': 5}, {'weight': 2, 'source': 1, 'target': 2}, {'weight': 3, 'source': 1, 'target': 3}, {'weight': 8, 'source': 1, 'target': 4}, {'weight': 6, 'source': 1, 'target': 5}, {'weight': 1, 'source': 2, 'target': 3}, {'weight': 3, 'source': 2, 'target': 4}, {'weight': 1, 'source': 2, 'target': 5}, {'weight': 5, 'source': 3, 'target': 4}, {'weight': 3, 'source': 3, 'target': 5}, {'weight': 9, 'source': 4, 'target': 5}]}, 'position': {0: [-0.3530969605659351, 0.23653079210894307], 1: [-0.014831158988742517, -0.5502250464361691], 2: [-1.0, -0.1882379096458032], 3: [0.26073034696767516, 0.7833475704555309], 4: [0.3319078567906819, 0.06165714010134473], 5: [0.7752899157963203, -0.34307254658384684]}, 'solution': ([0, 1, 1, 1, 0, 1], 49.0)}",24,"{'optimizer': 'COBYLA', 'maxiter': 100, 'shots': 1024, 'parameter_strategy': 'RANDOM', 'x0': None, 'backend': <QAOA_Tester.Backend.NoisyEstimatorBackend object at 0x7f702e6ae020>}","[([1, 1, 1, 1, 0, 1], -29.0)]","[array([0.76105104, 0.10653089, 5.75928361, 1.70518109, 4.98744434,
       0.07888846, 1.71482727, 1.40836404, 2.06734737, 4.69247019,
       0.44934732, 4.96028384, 2.08795018, 2.9545099 , 0.4951899 ,
       1.84067271, 2.39456329, 1.37142709, 0.86140528, 2.1187819 ,
       3.86199006, 3.74635988, 1.54817512, 4.08839136, 3.74392004,
       3.69653588, 0.2405002 , 5.69899422, 1.12078676, 2.87932693,
       5.67930873, 2.80678661, 5.78542328, 0.64404686, 4.94061165,
       2.4184409 , 1.532189  , 4.74688667, 1.76923586, 5.706616  ,
       3.50656251, 0.85675636, 3.20614992, 3.43123328, 0.14885073,
       5.80749892, 6.111774  , 4.75771464])]",[644.4593796730042]
