,problem,layers,optimizer,solutions,parameters,time
0,"{'type': 'maxcut', 'graph': {'directed': False, 'multigraph': False, 'graph': {}, 'nodes': [{'id': 0}, {'id': 1}, {'id': 2}, {'id': 3}, {'id': 4}, {'id': 5}], 'links': [{'weight': 7, 'source': 0, 'target': 1}, {'weight': 6, 'source': 0, 'target': 2}, {'weight': 7, 'source': 0, 'target': 3}, {'weight': 4, 'source': 0, 'target': 4}, {'weight': 4, 'source': 0, 'target': 5}, {'weight': 2, 'source': 1, 'target': 2}, {'weight': 3, 'source': 1, 'target': 3}, {'weight': 8, 'source': 1, 'target': 4}, {'weight': 6, 'source': 1, 'target': 5}, {'weight': 1, 'source': 2, 'target': 3}, {'weight': 3, 'source': 2, 'target': 4}, {'weight': 1, 'source': 2, 'target': 5}, {'weight': 5, 'source': 3, 'target': 4}, {'weight': 3, 'source': 3, 'target': 5}, {'weight': 9, 'source': 4, 'target': 5}]}, 'position': {0: [-0.3530969605659351, 0.23653079210894307], 1: [-0.014831158988742517, -0.5502250464361691], 2: [-1.0, -0.1882379096458032], 3: [0.26073034696767516, 0.7833475704555309], 4: [0.3319078567906819, 0.06165714010134473], 5: [0.7752899157963203, -0.34307254658384684]}, 'solution': ([0, 1, 1, 1, 0, 1], 49.0)}",24,"{'optimizer': 'COBYLA', 'maxiter': 100, 'shots': 1024, 'parameter_strategy': 'RANDOM', 'x0': None, 'backend': <QAOA_Tester.Backend.NoisyEstimatorBackend object at 0x7f6282e6e410>}","[([1, 1, 1, 0, 1, 1], -19.0)]","[array([0.39408032, 0.69242508, 5.19177892, 4.3629426 , 3.97310661,
       5.71113476, 6.20302574, 3.93962573, 2.88029736, 4.53679814,
       1.94316189, 4.99150354, 0.23288065, 4.9628925 , 0.60098527,
       2.66378402, 1.34359825, 4.53979653, 5.2759419 , 0.8990864 ,
       0.33081275, 2.07953116, 1.23258546, 8.05799656, 3.56361747,
       5.66050553, 4.25725021, 5.33877286, 0.77872564, 4.35968536,
       1.48525425, 6.36164691, 0.43181642, 1.36520582, 5.02697134,
       6.09661446, 6.401818  , 4.59012271, 0.8803627 , 3.18084811,
       0.9091369 , 2.09131063, 3.06213737, 4.78062528, 1.76609859,
       6.17659899, 5.4139172 , 3.1212864 ])]",[626.9284045696259]
