,problem,layers,optimizer,solutions,parameters,time
0,"{'type': 'maxcut', 'graph': {'directed': False, 'multigraph': False, 'graph': {}, 'nodes': [{'id': 0}, {'id': 1}, {'id': 2}, {'id': 3}, {'id': 4}, {'id': 5}], 'links': [{'weight': 7, 'source': 0, 'target': 1}, {'weight': 6, 'source': 0, 'target': 2}, {'weight': 7, 'source': 0, 'target': 3}, {'weight': 4, 'source': 0, 'target': 4}, {'weight': 4, 'source': 0, 'target': 5}, {'weight': 2, 'source': 1, 'target': 2}, {'weight': 3, 'source': 1, 'target': 3}, {'weight': 8, 'source': 1, 'target': 4}, {'weight': 6, 'source': 1, 'target': 5}, {'weight': 1, 'source': 2, 'target': 3}, {'weight': 3, 'source': 2, 'target': 4}, {'weight': 1, 'source': 2, 'target': 5}, {'weight': 5, 'source': 3, 'target': 4}, {'weight': 3, 'source': 3, 'target': 5}, {'weight': 9, 'source': 4, 'target': 5}]}, 'position': {0: [-0.3530969605659351, 0.23653079210894307], 1: [-0.014831158988742517, -0.5502250464361691], 2: [-1.0, -0.1882379096458032], 3: [0.26073034696767516, 0.7833475704555309], 4: [0.3319078567906819, 0.06165714010134473], 5: [0.7752899157963203, -0.34307254658384684]}, 'solution': ([0, 1, 1, 1, 0, 1], 49.0)}",25,"{'optimizer': 'COBYLA', 'maxiter': 100, 'shots': 1024, 'parameter_strategy': 'RANDOM', 'x0': None, 'backend': <QAOA_Tester.Backend.NoisyEstimatorBackend object at 0x7f068b224610>}","[([1, 1, 0, 0, 0, 0], -40.0)]","[array([0.68702025, 5.05441085, 1.68138469, 3.10596631, 6.21512347,
       3.78252795, 5.9855805 , 5.21990522, 3.46396724, 4.7638178 ,
       5.52888189, 5.92215183, 5.32169775, 1.91351726, 0.97815339,
       5.30786419, 2.60814362, 3.85774928, 4.16906466, 5.30794008,
       0.75770929, 5.15580263, 1.61985875, 1.25735796, 4.5507945 ,
       5.3377505 , 1.13201422, 4.65616198, 2.08176713, 5.81744926,
       2.31463423, 2.07706895, 5.20904651, 1.6434218 , 5.34699978,
       3.48826928, 4.9203562 , 5.51279369, 0.06183683, 2.36887956,
       5.40539596, 2.7942857 , 3.27715992, 5.99866293, 0.93542181,
       1.78552562, 5.30643605, 1.45037168, 5.87866811, 5.12449842])]",[646.5313470363617]
