,problem,layers,optimizer,solutions,parameters,time
0,"{'type': 'maxcut', 'graph': {'directed': False, 'multigraph': False, 'graph': {}, 'nodes': [{'id': 0}, {'id': 1}, {'id': 2}, {'id': 3}, {'id': 4}, {'id': 5}], 'links': [{'weight': 7, 'source': 0, 'target': 1}, {'weight': 6, 'source': 0, 'target': 2}, {'weight': 7, 'source': 0, 'target': 3}, {'weight': 4, 'source': 0, 'target': 4}, {'weight': 4, 'source': 0, 'target': 5}, {'weight': 2, 'source': 1, 'target': 2}, {'weight': 3, 'source': 1, 'target': 3}, {'weight': 8, 'source': 1, 'target': 4}, {'weight': 6, 'source': 1, 'target': 5}, {'weight': 1, 'source': 2, 'target': 3}, {'weight': 3, 'source': 2, 'target': 4}, {'weight': 1, 'source': 2, 'target': 5}, {'weight': 5, 'source': 3, 'target': 4}, {'weight': 3, 'source': 3, 'target': 5}, {'weight': 9, 'source': 4, 'target': 5}]}, 'position': {0: [-0.3530969605659351, 0.23653079210894307], 1: [-0.014831158988742517, -0.5502250464361691], 2: [-1.0, -0.1882379096458032], 3: [0.26073034696767516, 0.7833475704555309], 4: [0.3319078567906819, 0.06165714010134473], 5: [0.7752899157963203, -0.34307254658384684]}, 'solution': ([0, 1, 1, 1, 0, 1], 49.0)}",27,"{'optimizer': 'COBYLA', 'maxiter': 100, 'shots': 1024, 'parameter_strategy': 'RANDOM', 'x0': None, 'backend': <QAOA_Tester.Backend.NoisyEstimatorBackend object at 0x7fad69761150>}","[([1, 1, 1, 0, 0, 0], -37.0)]","[array([2.03454337, 4.82732023, 5.36575216, 3.43266898, 2.59514321,
       2.41870097, 6.13565808, 6.28024228, 6.17777742, 1.9820809 ,
       3.84151312, 5.68127795, 3.71385118, 5.27818398, 5.71334928,
       3.24238894, 2.41761188, 1.27884155, 5.13069043, 4.89057757,
       5.98157119, 2.23657771, 4.00599741, 1.99900424, 1.44592053,
       0.51181432, 3.08059499, 0.8790534 , 5.4246928 , 2.1081823 ,
       4.31919566, 3.86836644, 3.54095681, 0.98292915, 3.35668935,
       3.17605717, 1.75550519, 0.78924669, 0.83527537, 1.89062164,
       2.13026863, 3.41681492, 5.74922972, 4.20735703, 5.70204027,
       1.0130311 , 4.47764962, 5.31539933, 5.72126198, 0.33623342,
       4.2587471 , 4.14920747, 3.93175267, 6.20649289])]",[665.3464312553406]
