,problem,layers,optimizer,solutions,parameters,time
0,"{'type': 'maxcut', 'graph': {'directed': False, 'multigraph': False, 'graph': {}, 'nodes': [{'id': 0}, {'id': 1}, {'id': 2}, {'id': 3}, {'id': 4}, {'id': 5}], 'links': [{'weight': 7, 'source': 0, 'target': 1}, {'weight': 6, 'source': 0, 'target': 2}, {'weight': 7, 'source': 0, 'target': 3}, {'weight': 4, 'source': 0, 'target': 4}, {'weight': 4, 'source': 0, 'target': 5}, {'weight': 2, 'source': 1, 'target': 2}, {'weight': 3, 'source': 1, 'target': 3}, {'weight': 8, 'source': 1, 'target': 4}, {'weight': 6, 'source': 1, 'target': 5}, {'weight': 1, 'source': 2, 'target': 3}, {'weight': 3, 'source': 2, 'target': 4}, {'weight': 1, 'source': 2, 'target': 5}, {'weight': 5, 'source': 3, 'target': 4}, {'weight': 3, 'source': 3, 'target': 5}, {'weight': 9, 'source': 4, 'target': 5}]}, 'position': {0: [-0.3530969605659351, 0.23653079210894307], 1: [-0.014831158988742517, -0.5502250464361691], 2: [-1.0, -0.1882379096458032], 3: [0.26073034696767516, 0.7833475704555309], 4: [0.3319078567906819, 0.06165714010134473], 5: [0.7752899157963203, -0.34307254658384684]}, 'solution': ([0, 1, 1, 1, 0, 1], 49.0)}",24,"{'optimizer': 'COBYLA', 'maxiter': 100, 'shots': 1024, 'parameter_strategy': 'RANDOM', 'x0': None, 'backend': <QAOA_Tester.Backend.NoisyEstimatorBackend object at 0x7fdb06959720>}","[([0, 0, 0, 1, 0, 0], -19.0)]","[array([5.43001498, 2.42672617, 4.59495429, 0.77801125, 0.64480611,
       2.37151442, 2.30805015, 0.8790897 , 3.93671232, 4.98454995,
       4.95756367, 0.58976591, 4.26083474, 1.88984746, 4.58702081,
       1.6556413 , 1.89594707, 1.42793508, 5.26291564, 1.82154047,
       1.78787111, 4.31728659, 0.70609398, 7.08502319, 5.55156127,
       2.49192583, 5.69290594, 2.71438611, 3.77822008, 1.14302221,
       1.03180676, 1.66940916, 0.01363402, 6.14306942, 6.13802059,
       2.28494441, 4.20873346, 0.06268229, 1.05694949, 2.06196682,
       1.09891322, 2.91386454, 1.57743517, 2.01391973, 3.15781054,
       2.0991975 , 1.3194229 , 0.84012511])]",[626.8947012424469]
