,problem,layers,optimizer,solutions,parameters,time
0,"{'type': 'maxcut', 'graph': {'directed': False, 'multigraph': False, 'graph': {}, 'nodes': [{'id': 0}, {'id': 1}, {'id': 2}, {'id': 3}, {'id': 4}, {'id': 5}], 'links': [{'weight': 7, 'source': 0, 'target': 1}, {'weight': 6, 'source': 0, 'target': 2}, {'weight': 7, 'source': 0, 'target': 3}, {'weight': 4, 'source': 0, 'target': 4}, {'weight': 4, 'source': 0, 'target': 5}, {'weight': 2, 'source': 1, 'target': 2}, {'weight': 3, 'source': 1, 'target': 3}, {'weight': 8, 'source': 1, 'target': 4}, {'weight': 6, 'source': 1, 'target': 5}, {'weight': 1, 'source': 2, 'target': 3}, {'weight': 3, 'source': 2, 'target': 4}, {'weight': 1, 'source': 2, 'target': 5}, {'weight': 5, 'source': 3, 'target': 4}, {'weight': 3, 'source': 3, 'target': 5}, {'weight': 9, 'source': 4, 'target': 5}]}, 'position': {0: [-0.3530969605659351, 0.23653079210894307], 1: [-0.014831158988742517, -0.5502250464361691], 2: [-1.0, -0.1882379096458032], 3: [0.26073034696767516, 0.7833475704555309], 4: [0.3319078567906819, 0.06165714010134473], 5: [0.7752899157963203, -0.34307254658384684]}, 'solution': ([0, 1, 1, 1, 0, 1], 49.0)}",23,"{'optimizer': 'COBYLA', 'maxiter': 100, 'shots': 1024, 'parameter_strategy': 'RANDOM', 'x0': None, 'backend': <QAOA_Tester.Backend.NoisyEstimatorBackend object at 0x7f84f2459060>}","[([0, 0, 0, 0, 1, 1], -34.0)]","[array([3.34515307, 2.03571375, 2.76487514, 0.60330851, 0.32640162,
       3.10294056, 0.92870466, 1.01139957, 3.86998488, 5.72973071,
       2.59894582, 4.71642333, 5.99857893, 6.34340272, 6.16072437,
       4.4232926 , 3.36585153, 2.61035917, 4.24682971, 2.98545133,
       0.85138566, 5.21835418, 2.89968409, 1.96318168, 4.27137108,
       2.50005027, 1.18093079, 1.45835881, 2.51716279, 3.98863931,
       4.19831197, 5.06369602, 3.45676753, 6.25280893, 0.48228015,
       4.64860308, 4.36094198, 4.07311963, 2.86252689, 4.34373124,
       0.97551286, 2.09100848, 5.48029281, 4.37678026, 5.50462665,
       2.64342036])]",[656.2977831363678]
