,problem,layers,optimizer,solutions,parameters,time
0,"{'type': 'maxcut', 'graph': {'directed': False, 'multigraph': False, 'graph': {}, 'nodes': [{'id': 0}, {'id': 1}, {'id': 2}, {'id': 3}, {'id': 4}, {'id': 5}], 'links': [{'weight': 7, 'source': 0, 'target': 1}, {'weight': 6, 'source': 0, 'target': 2}, {'weight': 7, 'source': 0, 'target': 3}, {'weight': 4, 'source': 0, 'target': 4}, {'weight': 4, 'source': 0, 'target': 5}, {'weight': 2, 'source': 1, 'target': 2}, {'weight': 3, 'source': 1, 'target': 3}, {'weight': 8, 'source': 1, 'target': 4}, {'weight': 6, 'source': 1, 'target': 5}, {'weight': 1, 'source': 2, 'target': 3}, {'weight': 3, 'source': 2, 'target': 4}, {'weight': 1, 'source': 2, 'target': 5}, {'weight': 5, 'source': 3, 'target': 4}, {'weight': 3, 'source': 3, 'target': 5}, {'weight': 9, 'source': 4, 'target': 5}]}, 'position': {0: [-0.3530969605659351, 0.23653079210894307], 1: [-0.014831158988742517, -0.5502250464361691], 2: [-1.0, -0.1882379096458032], 3: [0.26073034696767516, 0.7833475704555309], 4: [0.3319078567906819, 0.06165714010134473], 5: [0.7752899157963203, -0.34307254658384684]}, 'solution': ([0, 1, 1, 1, 0, 1], 49.0)}",24,"{'optimizer': 'COBYLA', 'maxiter': 100, 'shots': 1024, 'parameter_strategy': 'RANDOM', 'x0': None, 'backend': <QAOA_Tester.Backend.NoisyEstimatorBackend object at 0x7eff27433c70>}","[([1, 0, 0, 0, 1, 1], -46.0)]","[array([4.37844868, 3.89501943, 2.4628573 , 5.3712996 , 5.67196008,
       0.87005733, 6.39865357, 6.26881806, 0.54797785, 2.50861832,
       5.41020405, 1.70392534, 1.88776862, 4.2501806 , 0.22189458,
       2.0839303 , 0.37545024, 2.43140768, 2.96622507, 4.51917858,
       5.95027293, 5.35400767, 0.99052648, 6.62622773, 5.87912736,
       3.04472189, 5.43833769, 3.91258816, 1.46014553, 3.23609293,
       1.32972407, 5.95870651, 4.87270206, 3.82276982, 2.34243319,
       1.44387463, 6.2820214 , 5.56986516, 4.92014599, 5.03025125,
       5.81581206, 5.79526018, 5.0751789 , 4.98385311, 0.31774995,
       6.24497966, 0.61808766, 5.07233881])]",[634.0265641212463]
