,problem,layers,optimizer,solutions,parameters,time
0,"{'type': 'maxcut', 'graph': {'directed': False, 'multigraph': False, 'graph': {}, 'nodes': [{'id': 0}, {'id': 1}, {'id': 2}, {'id': 3}, {'id': 4}, {'id': 5}], 'links': [{'weight': 7, 'source': 0, 'target': 1}, {'weight': 6, 'source': 0, 'target': 2}, {'weight': 7, 'source': 0, 'target': 3}, {'weight': 4, 'source': 0, 'target': 4}, {'weight': 4, 'source': 0, 'target': 5}, {'weight': 2, 'source': 1, 'target': 2}, {'weight': 3, 'source': 1, 'target': 3}, {'weight': 8, 'source': 1, 'target': 4}, {'weight': 6, 'source': 1, 'target': 5}, {'weight': 1, 'source': 2, 'target': 3}, {'weight': 3, 'source': 2, 'target': 4}, {'weight': 1, 'source': 2, 'target': 5}, {'weight': 5, 'source': 3, 'target': 4}, {'weight': 3, 'source': 3, 'target': 5}, {'weight': 9, 'source': 4, 'target': 5}]}, 'position': {0: [-0.3530969605659351, 0.23653079210894307], 1: [-0.014831158988742517, -0.5502250464361691], 2: [-1.0, -0.1882379096458032], 3: [0.26073034696767516, 0.7833475704555309], 4: [0.3319078567906819, 0.06165714010134473], 5: [0.7752899157963203, -0.34307254658384684]}, 'solution': ([0, 1, 1, 1, 0, 1], 49.0)}",22,"{'optimizer': 'COBYLA', 'maxiter': 100, 'shots': 1024, 'parameter_strategy': 'RANDOM', 'x0': None, 'backend': <QAOA_Tester.Backend.NoisyEstimatorBackend object at 0x7f6c574ac610>}","[([1, 1, 1, 0, 0, 1], -38.0)]","[array([5.56989411, 6.02692602, 3.86877482, 1.58796619, 0.90923662,
       0.76202679, 4.16388142, 0.56799898, 4.93155456, 4.88270446,
       4.13182461, 6.22837931, 0.59338073, 2.80280488, 4.17431233,
       5.62797609, 3.6132842 , 6.13782764, 0.65560385, 5.97927117,
       4.19427196, 6.72519656, 2.16259945, 3.8470039 , 3.45315682,
       6.0966286 , 1.22575317, 5.46867617, 2.3126172 , 4.53603388,
       5.17159986, 3.54986367, 0.83507981, 3.02702307, 5.69336156,
       0.30188371, 1.18008767, 0.30917665, 5.03031769, 4.1700342 ,
       5.00047926, 5.05746868, 2.85168913, 0.04712506])]",[623.4060635566711]
