,problem,layers,optimizer,solutions,parameters,time
0,"{'type': 'maxcut', 'graph': {'directed': False, 'multigraph': False, 'graph': {}, 'nodes': [{'id': 0}, {'id': 1}, {'id': 2}, {'id': 3}, {'id': 4}, {'id': 5}], 'links': [{'weight': 7, 'source': 0, 'target': 1}, {'weight': 6, 'source': 0, 'target': 2}, {'weight': 7, 'source': 0, 'target': 3}, {'weight': 4, 'source': 0, 'target': 4}, {'weight': 4, 'source': 0, 'target': 5}, {'weight': 2, 'source': 1, 'target': 2}, {'weight': 3, 'source': 1, 'target': 3}, {'weight': 8, 'source': 1, 'target': 4}, {'weight': 6, 'source': 1, 'target': 5}, {'weight': 1, 'source': 2, 'target': 3}, {'weight': 3, 'source': 2, 'target': 4}, {'weight': 1, 'source': 2, 'target': 5}, {'weight': 5, 'source': 3, 'target': 4}, {'weight': 3, 'source': 3, 'target': 5}, {'weight': 9, 'source': 4, 'target': 5}]}, 'position': {0: [-0.3530969605659351, 0.23653079210894307], 1: [-0.014831158988742517, -0.5502250464361691], 2: [-1.0, -0.1882379096458032], 3: [0.26073034696767516, 0.7833475704555309], 4: [0.3319078567906819, 0.06165714010134473], 5: [0.7752899157963203, -0.34307254658384684]}, 'solution': ([0, 1, 1, 1, 0, 1], 49.0)}",25,"{'optimizer': 'COBYLA', 'maxiter': 100, 'shots': 1024, 'parameter_strategy': 'RANDOM', 'x0': None, 'backend': <QAOA_Tester.Backend.NoisyEstimatorBackend object at 0x7fc7ad93feb0>}","[([1, 1, 1, 0, 0, 1], -38.0)]","[array([ 1.17575606,  2.59326831,  3.6798812 ,  0.08291516,  3.2722772 ,
        6.21220452,  4.90306197,  1.21850277,  2.59519806,  4.42403403,
        5.87771493,  3.96448299,  0.73410362,  4.21549229, -0.13052661,
        3.41183704,  3.66985356,  3.40482509,  5.89791911,  4.37149869,
        0.67048968,  0.50300592,  4.50721703,  5.98122049,  2.30170364,
        0.2952567 ,  5.26118467,  5.86236459,  5.44944958,  4.62504328,
        0.57260149,  1.905442  ,  0.33889525,  1.32333851,  3.81233462,
        2.75472994,  5.90409993,  4.0133656 ,  6.09508377,  3.03188192,
        5.14764937,  4.3379461 ,  0.29095208,  2.00798749,  0.35073226,
        0.23839132,  4.68135458,  4.96773335,  4.45538102,  0.14900371])]",[623.8522374629974]
