,problem,layers,optimizer,solutions,parameters,time
0,"{'type': 'maxcut', 'graph': {'directed': False, 'multigraph': False, 'graph': {}, 'nodes': [{'id': 0}, {'id': 1}, {'id': 2}, {'id': 3}, {'id': 4}, {'id': 5}], 'links': [{'weight': 7, 'source': 0, 'target': 1}, {'weight': 6, 'source': 0, 'target': 2}, {'weight': 7, 'source': 0, 'target': 3}, {'weight': 4, 'source': 0, 'target': 4}, {'weight': 4, 'source': 0, 'target': 5}, {'weight': 2, 'source': 1, 'target': 2}, {'weight': 3, 'source': 1, 'target': 3}, {'weight': 8, 'source': 1, 'target': 4}, {'weight': 6, 'source': 1, 'target': 5}, {'weight': 1, 'source': 2, 'target': 3}, {'weight': 3, 'source': 2, 'target': 4}, {'weight': 1, 'source': 2, 'target': 5}, {'weight': 5, 'source': 3, 'target': 4}, {'weight': 3, 'source': 3, 'target': 5}, {'weight': 9, 'source': 4, 'target': 5}]}, 'position': {0: [-0.3530969605659351, 0.23653079210894307], 1: [-0.014831158988742517, -0.5502250464361691], 2: [-1.0, -0.1882379096458032], 3: [0.26073034696767516, 0.7833475704555309], 4: [0.3319078567906819, 0.06165714010134473], 5: [0.7752899157963203, -0.34307254658384684]}, 'solution': ([0, 1, 1, 1, 0, 1], 49.0)}",26,"{'optimizer': 'COBYLA', 'maxiter': 100, 'shots': 1024, 'parameter_strategy': 'RANDOM', 'x0': None, 'backend': <QAOA_Tester.Backend.NoisyEstimatorBackend object at 0x7f71fcb8be80>}","[([1, 1, 0, 0, 1, 1], -30.0)]","[array([1.72163314, 0.17578254, 2.64939978, 2.96831893, 6.15570031,
       4.06072699, 0.30204419, 3.00840553, 3.92164997, 2.07268056,
       1.13132143, 0.82921135, 5.13742043, 1.87090978, 5.36695935,
       5.81977378, 0.59996149, 2.68949329, 3.00005734, 0.07132986,
       1.01593141, 5.36627604, 1.01448289, 4.82568735, 4.9660506 ,
       5.05330482, 0.70733122, 3.8459996 , 1.19029218, 0.12833747,
       0.84422311, 1.70207145, 1.53083867, 0.47300034, 1.89948584,
       3.57978023, 1.00571923, 4.03705155, 3.77522096, 6.03042347,
       1.097284  , 4.09776831, 5.98257035, 5.84025337, 3.25414117,
       2.65570387, 1.60563756, 1.86419828, 5.53872835, 4.27883808,
       2.80819703, 1.1699835 ])]",[686.8778233528137]
