,problem,layers,optimizer,solutions,parameters,time
0,"{'type': 'maxcut', 'graph': {'directed': False, 'multigraph': False, 'graph': {}, 'nodes': [{'id': 0}, {'id': 1}, {'id': 2}, {'id': 3}, {'id': 4}, {'id': 5}], 'links': [{'weight': 7, 'source': 0, 'target': 1}, {'weight': 6, 'source': 0, 'target': 2}, {'weight': 7, 'source': 0, 'target': 3}, {'weight': 4, 'source': 0, 'target': 4}, {'weight': 4, 'source': 0, 'target': 5}, {'weight': 2, 'source': 1, 'target': 2}, {'weight': 3, 'source': 1, 'target': 3}, {'weight': 8, 'source': 1, 'target': 4}, {'weight': 6, 'source': 1, 'target': 5}, {'weight': 1, 'source': 2, 'target': 3}, {'weight': 3, 'source': 2, 'target': 4}, {'weight': 1, 'source': 2, 'target': 5}, {'weight': 5, 'source': 3, 'target': 4}, {'weight': 3, 'source': 3, 'target': 5}, {'weight': 9, 'source': 4, 'target': 5}]}, 'position': {0: [-0.3530969605659351, 0.23653079210894307], 1: [-0.014831158988742517, -0.5502250464361691], 2: [-1.0, -0.1882379096458032], 3: [0.26073034696767516, 0.7833475704555309], 4: [0.3319078567906819, 0.06165714010134473], 5: [0.7752899157963203, -0.34307254658384684]}, 'solution': ([0, 1, 1, 1, 0, 1], 49.0)}",30,"{'optimizer': 'COBYLA', 'maxiter': 100, 'shots': 1024, 'parameter_strategy': 'RANDOM', 'x0': None, 'backend': <QAOA_Tester.Backend.NoisyEstimatorBackend object at 0x7fb39d897c70>}","[([1, 0, 1, 0, 1, 1], -39.0)]","[array([ 2.51623482,  3.36311613,  5.26447956,  6.03331693,  5.1786476 ,
        1.29943244,  2.14528333,  3.8225104 ,  1.54380332,  0.06579597,
        4.57081357,  2.06699947,  2.25999408,  6.14968789,  2.3262256 ,
        0.29938954, -0.03742874,  3.18891045,  3.29248229,  5.03055453,
        5.27122327,  4.0853646 ,  3.22170439,  5.60645402,  3.30124523,
        3.03404512,  0.22648397,  0.32653612,  0.65932942,  5.2157025 ,
        4.21595633,  2.38542355,  3.50782379,  0.50215114,  1.97666681,
        5.40238777,  5.05741364,  2.35846037,  5.6569476 ,  0.9141756 ,
        0.8462121 ,  4.82734167,  1.58076956,  1.28229355,  1.04725702,
        0.47151168,  3.67850144,  4.78992172,  1.87600469,  3.83711695,
        4.58603014,  0.65147388,  0.31273636,  5.10471457,  4.88990507,
        1.82287862,  1.33906117,  0.45338058,  5.52115172,  5.21823991])]",[729.1179769039154]
