,problem,layers,optimizer,solutions,parameters,time
0,"{'type': 'maxcut', 'graph': {'directed': False, 'multigraph': False, 'graph': {}, 'nodes': [{'id': 0}, {'id': 1}, {'id': 2}, {'id': 3}, {'id': 4}, {'id': 5}], 'links': [{'weight': 7, 'source': 0, 'target': 1}, {'weight': 6, 'source': 0, 'target': 2}, {'weight': 7, 'source': 0, 'target': 3}, {'weight': 4, 'source': 0, 'target': 4}, {'weight': 4, 'source': 0, 'target': 5}, {'weight': 2, 'source': 1, 'target': 2}, {'weight': 3, 'source': 1, 'target': 3}, {'weight': 8, 'source': 1, 'target': 4}, {'weight': 6, 'source': 1, 'target': 5}, {'weight': 1, 'source': 2, 'target': 3}, {'weight': 3, 'source': 2, 'target': 4}, {'weight': 1, 'source': 2, 'target': 5}, {'weight': 5, 'source': 3, 'target': 4}, {'weight': 3, 'source': 3, 'target': 5}, {'weight': 9, 'source': 4, 'target': 5}]}, 'position': {0: [-0.3530969605659351, 0.23653079210894307], 1: [-0.014831158988742517, -0.5502250464361691], 2: [-1.0, -0.1882379096458032], 3: [0.26073034696767516, 0.7833475704555309], 4: [0.3319078567906819, 0.06165714010134473], 5: [0.7752899157963203, -0.34307254658384684]}, 'solution': ([0, 1, 1, 1, 0, 1], 49.0)}",22,"{'optimizer': 'COBYLA', 'maxiter': 100, 'shots': 1024, 'parameter_strategy': 'RANDOM', 'x0': None, 'backend': <QAOA_Tester.Backend.NoisyEstimatorBackend object at 0x7ff06bc81ff0>}","[([0, 0, 0, 1, 0, 1], -36.0)]","[array([5.0108699 , 2.36341837, 5.87492897, 5.79011228, 5.5941711 ,
       6.02652827, 3.1227878 , 3.49508624, 1.58688832, 3.05784132,
       0.62221374, 2.53437196, 3.80900962, 3.24318265, 1.66369546,
       6.13078532, 3.64889209, 2.25314033, 2.61726636, 5.44847326,
       6.04648755, 0.34147064, 3.2547879 , 2.02493646, 5.28149695,
       0.56891204, 0.2075034 , 1.7826326 , 1.36151949, 1.77375179,
       3.15536977, 2.31977945, 2.05048464, 3.30691759, 0.07764713,
       5.05982931, 4.03158818, 3.60095478, 4.53877616, 4.35438832,
       3.68300937, 0.4887816 , 0.03414899, 2.30780242])]",[625.1457953453064]
