,problem,layers,optimizer,solutions,parameters,time
0,"{'type': 'maxcut', 'graph': {'directed': False, 'multigraph': False, 'graph': {}, 'nodes': [{'id': 0}, {'id': 1}, {'id': 2}, {'id': 3}, {'id': 4}, {'id': 5}], 'links': [{'weight': 7, 'source': 0, 'target': 1}, {'weight': 6, 'source': 0, 'target': 2}, {'weight': 7, 'source': 0, 'target': 3}, {'weight': 4, 'source': 0, 'target': 4}, {'weight': 4, 'source': 0, 'target': 5}, {'weight': 2, 'source': 1, 'target': 2}, {'weight': 3, 'source': 1, 'target': 3}, {'weight': 8, 'source': 1, 'target': 4}, {'weight': 6, 'source': 1, 'target': 5}, {'weight': 1, 'source': 2, 'target': 3}, {'weight': 3, 'source': 2, 'target': 4}, {'weight': 1, 'source': 2, 'target': 5}, {'weight': 5, 'source': 3, 'target': 4}, {'weight': 3, 'source': 3, 'target': 5}, {'weight': 9, 'source': 4, 'target': 5}]}, 'position': {0: [-0.3530969605659351, 0.23653079210894307], 1: [-0.014831158988742517, -0.5502250464361691], 2: [-1.0, -0.1882379096458032], 3: [0.26073034696767516, 0.7833475704555309], 4: [0.3319078567906819, 0.06165714010134473], 5: [0.7752899157963203, -0.34307254658384684]}, 'solution': ([0, 1, 1, 1, 0, 1], 49.0)}",28,"{'optimizer': 'COBYLA', 'maxiter': 100, 'shots': 1024, 'parameter_strategy': 'RANDOM', 'x0': None, 'backend': <QAOA_Tester.Backend.NoisyEstimatorBackend object at 0x7f776529c6d0>}","[([1, 1, 0, 1, 0, 0], -39.0)]","[array([ 5.39505963,  1.36698125,  0.14064154,  3.9234547 ,  4.47767057,
        2.37966289,  4.49670241,  1.40607142,  0.29006636,  1.96053423,
        0.83049686,  4.63716129,  1.71200877,  3.03159087, -0.03218811,
        0.97988087,  1.21301059,  0.74371247,  2.4214703 ,  1.77077189,
        4.17589615,  1.43162338,  0.16438548,  5.21974478,  2.87463353,
        5.74809253,  1.77370719,  1.94585525,  0.66632003,  4.17735731,
        5.79607413,  1.51036955,  2.92998121,  5.98278898,  2.38852884,
        5.30445837,  1.31836199,  1.75421162,  1.9719811 ,  5.54403161,
        1.47465534,  3.43337222,  0.61444758,  5.65897567,  4.24346473,
        2.18588154,  4.07091983,  2.49933454,  2.63903455,  5.36579047,
        0.5185791 ,  5.31317646,  2.09731268,  0.86207319,  0.40618597,
        1.81055269])]",[632.7116167545319]
