,problem,layers,optimizer,solutions,parameters,time
0,"{'type': 'maxcut', 'graph': {'directed': False, 'multigraph': False, 'graph': {}, 'nodes': [{'id': 0}, {'id': 1}, {'id': 2}, {'id': 3}, {'id': 4}, {'id': 5}], 'links': [{'weight': 7, 'source': 0, 'target': 1}, {'weight': 6, 'source': 0, 'target': 2}, {'weight': 7, 'source': 0, 'target': 3}, {'weight': 4, 'source': 0, 'target': 4}, {'weight': 4, 'source': 0, 'target': 5}, {'weight': 2, 'source': 1, 'target': 2}, {'weight': 3, 'source': 1, 'target': 3}, {'weight': 8, 'source': 1, 'target': 4}, {'weight': 6, 'source': 1, 'target': 5}, {'weight': 1, 'source': 2, 'target': 3}, {'weight': 3, 'source': 2, 'target': 4}, {'weight': 1, 'source': 2, 'target': 5}, {'weight': 5, 'source': 3, 'target': 4}, {'weight': 3, 'source': 3, 'target': 5}, {'weight': 9, 'source': 4, 'target': 5}]}, 'position': {0: [-0.3530969605659351, 0.23653079210894307], 1: [-0.014831158988742517, -0.5502250464361691], 2: [-1.0, -0.1882379096458032], 3: [0.26073034696767516, 0.7833475704555309], 4: [0.3319078567906819, 0.06165714010134473], 5: [0.7752899157963203, -0.34307254658384684]}, 'solution': ([0, 1, 1, 1, 0, 1], 49.0)}",29,"{'optimizer': 'COBYLA', 'maxiter': 100, 'shots': 1024, 'parameter_strategy': 'RANDOM', 'x0': None, 'backend': <QAOA_Tester.Backend.NoisyEstimatorBackend object at 0x7f770fc91120>}","[([1, 0, 1, 0, 0, 1], -42.0)]","[array([5.29333575, 6.27794866, 4.85637283, 0.97694355, 3.55734926,
       4.71782817, 4.54104497, 3.03321766, 1.58730872, 1.78113229,
       3.66228652, 4.52901202, 3.83494038, 2.60138296, 1.8874937 ,
       3.65700861, 1.87890459, 3.02133222, 2.36932788, 0.0991485 ,
       1.79532993, 2.77712859, 1.37976182, 1.48182988, 0.72970895,
       0.48590093, 4.35725795, 1.44428571, 3.23965286, 1.08143362,
       2.9602856 , 2.17244052, 4.49843358, 1.22452089, 2.97442846,
       3.16425843, 1.60427734, 2.00573654, 5.31832555, 5.01781056,
       0.5538152 , 0.07310827, 4.69102885, 3.25412074, 3.86606329,
       2.02844809, 4.61811186, 2.84795169, 3.45721924, 3.9633049 ,
       4.79987374, 5.94803474, 5.75219416, 6.27354388, 4.04740948,
       6.02650105, 2.87978105, 4.10036527])]",[643.0347104072571]
