,problem,layers,optimizer,solutions,parameters,time
0,"{'type': 'maxcut', 'graph': {'directed': False, 'multigraph': False, 'graph': {}, 'nodes': [{'id': 0}, {'id': 1}, {'id': 2}, {'id': 3}, {'id': 4}, {'id': 5}], 'links': [{'weight': 7, 'source': 0, 'target': 1}, {'weight': 6, 'source': 0, 'target': 2}, {'weight': 7, 'source': 0, 'target': 3}, {'weight': 4, 'source': 0, 'target': 4}, {'weight': 4, 'source': 0, 'target': 5}, {'weight': 2, 'source': 1, 'target': 2}, {'weight': 3, 'source': 1, 'target': 3}, {'weight': 8, 'source': 1, 'target': 4}, {'weight': 6, 'source': 1, 'target': 5}, {'weight': 1, 'source': 2, 'target': 3}, {'weight': 3, 'source': 2, 'target': 4}, {'weight': 1, 'source': 2, 'target': 5}, {'weight': 5, 'source': 3, 'target': 4}, {'weight': 3, 'source': 3, 'target': 5}, {'weight': 9, 'source': 4, 'target': 5}]}, 'position': {0: [-0.3530969605659351, 0.23653079210894307], 1: [-0.014831158988742517, -0.5502250464361691], 2: [-1.0, -0.1882379096458032], 3: [0.26073034696767516, 0.7833475704555309], 4: [0.3319078567906819, 0.06165714010134473], 5: [0.7752899157963203, -0.34307254658384684]}, 'solution': ([0, 1, 1, 1, 0, 1], 49.0)}",25,"{'optimizer': 'COBYLA', 'maxiter': 100, 'shots': 1024, 'parameter_strategy': 'RANDOM', 'x0': None, 'backend': <QAOA_Tester.Backend.NoisyEstimatorBackend object at 0x7f03183c0640>}","[([1, 1, 1, 1, 0, 1], -29.0)]","[array([ 2.90510529e+00,  4.37859098e+00,  2.45515031e+00,  5.78100488e+00,
        3.35095246e+00,  5.18526321e+00,  4.22291221e-01,  7.63524496e-02,
        3.79717181e+00,  5.13686842e+00,  5.74383374e+00,  1.52818354e+00,
        2.96437152e+00,  5.69351355e+00,  3.03150900e+00, -3.22075927e-03,
        1.58526494e+00,  4.54926073e+00,  2.82751170e+00,  2.58882103e+00,
        5.56272053e+00,  1.12774127e+00,  4.85056762e+00,  5.12465613e+00,
        4.48237033e+00,  2.51741199e+00,  4.38023439e-02,  3.87255362e+00,
        1.55158038e-02,  9.23365484e-01,  7.91134538e-01,  2.21389055e+00,
        2.48298854e+00,  5.98871984e+00,  5.87542366e+00,  3.67576361e+00,
        5.10923229e+00,  1.35826355e+00,  9.31047150e-01,  3.57456218e+00,
        1.79278265e+00,  1.61527570e+00,  5.05372419e+00,  2.69174251e+00,
        5.16161790e+00,  2.98108942e+00,  3.96252453e+00,  1.62719959e+00,
        2.84145041e+00,  3.11963881e+00])]",[658.4589688777924]
