,problem,layers,optimizer,solutions,parameters,time
0,"{'type': 'maxcut', 'graph': {'directed': False, 'multigraph': False, 'graph': {}, 'nodes': [{'id': 0}, {'id': 1}, {'id': 2}, {'id': 3}, {'id': 4}, {'id': 5}], 'links': [{'weight': 7, 'source': 0, 'target': 1}, {'weight': 6, 'source': 0, 'target': 2}, {'weight': 7, 'source': 0, 'target': 3}, {'weight': 4, 'source': 0, 'target': 4}, {'weight': 4, 'source': 0, 'target': 5}, {'weight': 2, 'source': 1, 'target': 2}, {'weight': 3, 'source': 1, 'target': 3}, {'weight': 8, 'source': 1, 'target': 4}, {'weight': 6, 'source': 1, 'target': 5}, {'weight': 1, 'source': 2, 'target': 3}, {'weight': 3, 'source': 2, 'target': 4}, {'weight': 1, 'source': 2, 'target': 5}, {'weight': 5, 'source': 3, 'target': 4}, {'weight': 3, 'source': 3, 'target': 5}, {'weight': 9, 'source': 4, 'target': 5}]}, 'position': {0: [-0.3530969605659351, 0.23653079210894307], 1: [-0.014831158988742517, -0.5502250464361691], 2: [-1.0, -0.1882379096458032], 3: [0.26073034696767516, 0.7833475704555309], 4: [0.3319078567906819, 0.06165714010134473], 5: [0.7752899157963203, -0.34307254658384684]}, 'solution': ([0, 1, 1, 1, 0, 1], 49.0)}",23,"{'optimizer': 'COBYLA', 'maxiter': 100, 'shots': 1024, 'parameter_strategy': 'RANDOM', 'x0': None, 'backend': <QAOA_Tester.Backend.NoisyEstimatorBackend object at 0x7fd06a44bd30>}","[([0, 1, 1, 1, 1, 1], -28.0)]","[array([ 5.75303986,  1.71952783,  3.56980416,  2.77054079,  5.28013369,
        0.75719449,  3.53872032,  0.18472005,  5.98354592,  5.03287291,
        2.77829805,  0.25465042,  5.15267317,  0.16334478,  2.24554048,
        4.88216918,  1.18726093,  4.4648676 ,  4.43970417,  3.14092537,
        2.32402784,  1.97932493,  4.55937314,  1.14698051,  4.94815736,
        5.50508117,  5.80379578,  0.98348227, -0.02543266,  1.82695731,
        3.53243293,  0.73280283,  3.98275933,  2.94094781,  5.26784314,
        0.68562328,  2.1197134 ,  1.25408865,  6.02747586,  5.26000576,
        3.32873637,  4.59037826,  5.1537852 ,  3.76729709,  3.56184075,
        0.88434518])]",[645.6389334201813]
