,problem,layers,optimizer,solutions,parameters,time
0,"{'type': 'maxcut', 'graph': {'directed': False, 'multigraph': False, 'graph': {}, 'nodes': [{'id': 0}, {'id': 1}, {'id': 2}, {'id': 3}, {'id': 4}, {'id': 5}], 'links': [{'weight': 7, 'source': 0, 'target': 1}, {'weight': 6, 'source': 0, 'target': 2}, {'weight': 7, 'source': 0, 'target': 3}, {'weight': 4, 'source': 0, 'target': 4}, {'weight': 4, 'source': 0, 'target': 5}, {'weight': 2, 'source': 1, 'target': 2}, {'weight': 3, 'source': 1, 'target': 3}, {'weight': 8, 'source': 1, 'target': 4}, {'weight': 6, 'source': 1, 'target': 5}, {'weight': 1, 'source': 2, 'target': 3}, {'weight': 3, 'source': 2, 'target': 4}, {'weight': 1, 'source': 2, 'target': 5}, {'weight': 5, 'source': 3, 'target': 4}, {'weight': 3, 'source': 3, 'target': 5}, {'weight': 9, 'source': 4, 'target': 5}]}, 'position': {0: [-0.3530969605659351, 0.23653079210894307], 1: [-0.014831158988742517, -0.5502250464361691], 2: [-1.0, -0.1882379096458032], 3: [0.26073034696767516, 0.7833475704555309], 4: [0.3319078567906819, 0.06165714010134473], 5: [0.7752899157963203, -0.34307254658384684]}, 'solution': ([0, 1, 1, 1, 0, 1], 49.0)}",23,"{'optimizer': 'COBYLA', 'maxiter': 100, 'shots': 1024, 'parameter_strategy': 'RANDOM', 'x0': None, 'backend': <QAOA_Tester.Backend.NoisyEstimatorBackend object at 0x7f279ccb5090>}","[([1, 1, 1, 1, 1, 0], -23.0)]","[array([1.74625994, 5.31933443, 4.173509  , 5.00127709, 4.70604745,
       4.641138  , 5.22350791, 1.20188133, 2.29248472, 1.91290375,
       5.07367062, 2.42919923, 0.92237996, 0.69872443, 3.67993751,
       1.05338398, 1.70009619, 0.07166016, 5.03132826, 5.69290973,
       5.24151559, 3.03745615, 4.38099067, 3.22846059, 1.76606256,
       1.61671363, 2.80622357, 6.24103486, 4.89017386, 5.30248532,
       3.58856257, 4.87924195, 2.06910246, 0.43303683, 4.62019785,
       1.91577458, 5.58915076, 4.12008465, 1.19740026, 5.77203434,
       2.31201729, 0.70366964, 2.90218458, 2.51016444, 4.31122783,
       1.65342295])]",[623.2033884525299]
