,problem,layers,optimizer,solutions,parameters,time
0,"{'type': 'maxcut', 'graph': {'directed': False, 'multigraph': False, 'graph': {}, 'nodes': [{'id': 0}, {'id': 1}, {'id': 2}, {'id': 3}, {'id': 4}, {'id': 5}], 'links': [{'weight': 7, 'source': 0, 'target': 1}, {'weight': 6, 'source': 0, 'target': 2}, {'weight': 7, 'source': 0, 'target': 3}, {'weight': 4, 'source': 0, 'target': 4}, {'weight': 4, 'source': 0, 'target': 5}, {'weight': 2, 'source': 1, 'target': 2}, {'weight': 3, 'source': 1, 'target': 3}, {'weight': 8, 'source': 1, 'target': 4}, {'weight': 6, 'source': 1, 'target': 5}, {'weight': 1, 'source': 2, 'target': 3}, {'weight': 3, 'source': 2, 'target': 4}, {'weight': 1, 'source': 2, 'target': 5}, {'weight': 5, 'source': 3, 'target': 4}, {'weight': 3, 'source': 3, 'target': 5}, {'weight': 9, 'source': 4, 'target': 5}]}, 'position': {0: [-0.3530969605659351, 0.23653079210894307], 1: [-0.014831158988742517, -0.5502250464361691], 2: [-1.0, -0.1882379096458032], 3: [0.26073034696767516, 0.7833475704555309], 4: [0.3319078567906819, 0.06165714010134473], 5: [0.7752899157963203, -0.34307254658384684]}, 'solution': ([0, 1, 1, 1, 0, 1], 49.0)}",23,"{'optimizer': 'COBYLA', 'maxiter': 100, 'shots': 1024, 'parameter_strategy': 'RANDOM', 'x0': None, 'backend': <QAOA_Tester.Backend.NoisyEstimatorBackend object at 0x7f487647a6b0>}","[([1, 0, 1, 0, 0, 1], -42.0)]","[array([0.90217878, 1.94061021, 4.54392638, 1.8138054 , 3.9214048 ,
       5.37589465, 2.45893042, 0.66778641, 5.99847858, 0.86709818,
       5.64659556, 0.88457847, 5.96096989, 4.84819738, 4.80231898,
       5.11922141, 5.10959399, 1.26689186, 1.15871984, 2.543096  ,
       4.25007668, 2.8040677 , 3.72206186, 0.73591712, 4.82100264,
       4.13851268, 5.67905246, 1.9492033 , 0.5926129 , 3.02488257,
       0.29941911, 0.74981571, 0.29560332, 0.06380097, 5.84942535,
       4.9000383 , 6.02943338, 5.33950211, 4.87852421, 0.27552739,
       3.5089409 , 1.78658988, 5.19557779, 2.03684587, 4.0426818 ,
       6.11443598])]",[631.3465132713318]
