,problem,layers,optimizer,solutions,parameters,time
0,"{'type': 'maxcut', 'graph': {'directed': False, 'multigraph': False, 'graph': {}, 'nodes': [{'id': 0}, {'id': 1}, {'id': 2}, {'id': 3}, {'id': 4}, {'id': 5}], 'links': [{'weight': 7, 'source': 0, 'target': 1}, {'weight': 6, 'source': 0, 'target': 2}, {'weight': 7, 'source': 0, 'target': 3}, {'weight': 4, 'source': 0, 'target': 4}, {'weight': 4, 'source': 0, 'target': 5}, {'weight': 2, 'source': 1, 'target': 2}, {'weight': 3, 'source': 1, 'target': 3}, {'weight': 8, 'source': 1, 'target': 4}, {'weight': 6, 'source': 1, 'target': 5}, {'weight': 1, 'source': 2, 'target': 3}, {'weight': 3, 'source': 2, 'target': 4}, {'weight': 1, 'source': 2, 'target': 5}, {'weight': 5, 'source': 3, 'target': 4}, {'weight': 3, 'source': 3, 'target': 5}, {'weight': 9, 'source': 4, 'target': 5}]}, 'position': {0: [-0.3530969605659351, 0.23653079210894307], 1: [-0.014831158988742517, -0.5502250464361691], 2: [-1.0, -0.1882379096458032], 3: [0.26073034696767516, 0.7833475704555309], 4: [0.3319078567906819, 0.06165714010134473], 5: [0.7752899157963203, -0.34307254658384684]}, 'solution': ([0, 1, 1, 1, 0, 1], 49.0)}",24,"{'optimizer': 'COBYLA', 'maxiter': 100, 'shots': 1024, 'parameter_strategy': 'RANDOM', 'x0': None, 'backend': <QAOA_Tester.Backend.NoisyEstimatorBackend object at 0x7f92112e8130>}","[([0, 1, 1, 0, 0, 0], -35.0)]","[array([1.97344753, 1.83222216, 3.18175587, 4.11715102, 1.00871945,
       4.62986573, 2.87574201, 0.64450756, 0.48817522, 4.92042518,
       6.1501084 , 3.86039211, 0.19744248, 4.84503593, 0.5753672 ,
       1.20942072, 3.31219295, 5.03134004, 5.86468674, 1.66028847,
       5.49966341, 5.08579454, 6.23596799, 4.41333677, 3.80064385,
       1.36150082, 5.2619741 , 2.30372901, 4.1780892 , 5.69957974,
       3.28671691, 5.84374194, 3.56606302, 2.29206654, 1.55548171,
       3.45491274, 3.413845  , 1.09798103, 3.20670447, 5.89479961,
       2.67380102, 4.58086933, 1.06601874, 0.43859728, 4.96599673,
       1.37173065, 1.43014264, 1.18014058])]",[682.6550006866455]
