,problem,layers,optimizer,solutions,parameters,time
0,"{'type': 'maxcut', 'graph': {'directed': False, 'multigraph': False, 'graph': {}, 'nodes': [{'id': 0}, {'id': 1}, {'id': 2}, {'id': 3}, {'id': 4}, {'id': 5}], 'links': [{'weight': 7, 'source': 0, 'target': 1}, {'weight': 6, 'source': 0, 'target': 2}, {'weight': 7, 'source': 0, 'target': 3}, {'weight': 4, 'source': 0, 'target': 4}, {'weight': 4, 'source': 0, 'target': 5}, {'weight': 2, 'source': 1, 'target': 2}, {'weight': 3, 'source': 1, 'target': 3}, {'weight': 8, 'source': 1, 'target': 4}, {'weight': 6, 'source': 1, 'target': 5}, {'weight': 1, 'source': 2, 'target': 3}, {'weight': 3, 'source': 2, 'target': 4}, {'weight': 1, 'source': 2, 'target': 5}, {'weight': 5, 'source': 3, 'target': 4}, {'weight': 3, 'source': 3, 'target': 5}, {'weight': 9, 'source': 4, 'target': 5}]}, 'position': {0: [-0.3530969605659351, 0.23653079210894307], 1: [-0.014831158988742517, -0.5502250464361691], 2: [-1.0, -0.1882379096458032], 3: [0.26073034696767516, 0.7833475704555309], 4: [0.3319078567906819, 0.06165714010134473], 5: [0.7752899157963203, -0.34307254658384684]}, 'solution': ([0, 1, 1, 1, 0, 1], 49.0)}",27,"{'optimizer': 'COBYLA', 'maxiter': 100, 'shots': 1024, 'parameter_strategy': 'RANDOM', 'x0': None, 'backend': <QAOA_Tester.Backend.NoisyEstimatorBackend object at 0x7fb93240d420>}","[([1, 0, 0, 1, 0, 0], -33.0)]","[array([3.43987276, 3.73344989, 4.15198716, 2.59965111, 2.49718495,
       0.0216531 , 4.33126536, 3.5722209 , 0.66706849, 0.44082725,
       3.40495945, 4.28060182, 5.29604946, 1.871005  , 4.96957253,
       1.83192281, 2.05718302, 5.34364268, 5.18525433, 3.07195704,
       5.18861616, 5.05904045, 4.78882341, 4.8621898 , 3.7047287 ,
       0.80663134, 2.18802181, 0.76726692, 2.56954657, 3.00366335,
       5.2888319 , 4.48495961, 1.05480528, 6.22704263, 5.4305218 ,
       2.24947643, 1.33501172, 5.32757347, 5.58527949, 2.81991814,
       5.10226712, 3.20408843, 1.50586973, 4.45337553, 0.15293747,
       0.52919002, 2.52626888, 5.59607105, 4.31616357, 4.88381598,
       3.79106596, 1.97807422, 1.70980356, 0.87426284])]",[630.222412109375]
