,problem,layers,optimizer,solutions,parameters,time
0,"{'type': 'maxcut', 'graph': {'directed': False, 'multigraph': False, 'graph': {}, 'nodes': [{'id': 0}, {'id': 1}, {'id': 2}, {'id': 3}, {'id': 4}, {'id': 5}], 'links': [{'weight': 7, 'source': 0, 'target': 1}, {'weight': 6, 'source': 0, 'target': 2}, {'weight': 7, 'source': 0, 'target': 3}, {'weight': 4, 'source': 0, 'target': 4}, {'weight': 4, 'source': 0, 'target': 5}, {'weight': 2, 'source': 1, 'target': 2}, {'weight': 3, 'source': 1, 'target': 3}, {'weight': 8, 'source': 1, 'target': 4}, {'weight': 6, 'source': 1, 'target': 5}, {'weight': 1, 'source': 2, 'target': 3}, {'weight': 3, 'source': 2, 'target': 4}, {'weight': 1, 'source': 2, 'target': 5}, {'weight': 5, 'source': 3, 'target': 4}, {'weight': 3, 'source': 3, 'target': 5}, {'weight': 9, 'source': 4, 'target': 5}]}, 'position': {0: [-0.3530969605659351, 0.23653079210894307], 1: [-0.014831158988742517, -0.5502250464361691], 2: [-1.0, -0.1882379096458032], 3: [0.26073034696767516, 0.7833475704555309], 4: [0.3319078567906819, 0.06165714010134473], 5: [0.7752899157963203, -0.34307254658384684]}, 'solution': ([0, 1, 1, 1, 0, 1], 49.0)}",24,"{'optimizer': 'COBYLA', 'maxiter': 100, 'shots': 1024, 'parameter_strategy': 'RANDOM', 'x0': None, 'backend': <QAOA_Tester.Backend.NoisyEstimatorBackend object at 0x7f94290f8610>}","[([0, 0, 0, 1, 0, 1], -36.0)]","[array([5.98821553, 0.14578948, 5.70268323, 5.60823182, 3.85100741,
       1.16603003, 1.16751716, 0.29309329, 6.25245069, 4.66669522,
       2.52777099, 1.28535459, 1.07125629, 5.30957285, 4.91887363,
       3.64809923, 4.19467939, 2.88680615, 1.57039423, 3.55666109,
       1.2944394 , 3.60033886, 6.24185793, 5.32360141, 4.01238104,
       4.43877563, 4.44337228, 1.63080983, 0.05936343, 0.38502096,
       5.99568009, 1.37584353, 4.02278475, 3.30050452, 1.10873855,
       0.75699102, 6.18709883, 6.28130655, 0.55410602, 4.69672271,
       1.50673955, 1.64947765, 3.22423913, 6.15669129, 0.4246154 ,
       3.67196588, 5.93584653, 3.34630155])]",[679.4724154472351]
