,problem,layers,optimizer,solutions,parameters,time
0,"{'type': 'maxcut', 'graph': {'directed': False, 'multigraph': False, 'graph': {}, 'nodes': [{'id': 0}, {'id': 1}, {'id': 2}, {'id': 3}, {'id': 4}, {'id': 5}], 'links': [{'weight': 7, 'source': 0, 'target': 1}, {'weight': 6, 'source': 0, 'target': 2}, {'weight': 7, 'source': 0, 'target': 3}, {'weight': 4, 'source': 0, 'target': 4}, {'weight': 4, 'source': 0, 'target': 5}, {'weight': 2, 'source': 1, 'target': 2}, {'weight': 3, 'source': 1, 'target': 3}, {'weight': 8, 'source': 1, 'target': 4}, {'weight': 6, 'source': 1, 'target': 5}, {'weight': 1, 'source': 2, 'target': 3}, {'weight': 3, 'source': 2, 'target': 4}, {'weight': 1, 'source': 2, 'target': 5}, {'weight': 5, 'source': 3, 'target': 4}, {'weight': 3, 'source': 3, 'target': 5}, {'weight': 9, 'source': 4, 'target': 5}]}, 'position': {0: [-0.3530969605659351, 0.23653079210894307], 1: [-0.014831158988742517, -0.5502250464361691], 2: [-1.0, -0.1882379096458032], 3: [0.26073034696767516, 0.7833475704555309], 4: [0.3319078567906819, 0.06165714010134473], 5: [0.7752899157963203, -0.34307254658384684]}, 'solution': ([0, 1, 1, 1, 0, 1], 49.0)}",30,"{'optimizer': 'COBYLA', 'maxiter': 100, 'shots': 1024, 'parameter_strategy': 'RANDOM', 'x0': None, 'backend': <QAOA_Tester.Backend.NoisyEstimatorBackend object at 0x7f2f8b1a60e0>}","[([0, 1, 0, 1, 0, 1], -44.0)]","[array([3.01823297e-01, 7.87756633e-01, 3.98975983e-03, 3.47715157e-01,
       3.00237999e+00, 6.05907161e+00, 2.65898219e+00, 3.84703443e-01,
       1.94354626e+00, 4.37360162e+00, 3.00739545e+00, 3.64464983e+00,
       2.82090094e+00, 1.10802817e+00, 3.40445807e+00, 3.51917652e+00,
       3.38254467e+00, 3.84953283e+00, 3.97173062e+00, 3.18893218e+00,
       5.05519406e+00, 6.54550592e-02, 1.91971325e+00, 4.41439940e-01,
       3.38431185e+00, 4.39195665e-01, 1.48234638e+00, 9.34418045e-01,
       2.52590961e+00, 4.58872210e+00, 3.42821739e+00, 5.62458965e+00,
       5.14955956e-01, 1.02197358e+00, 6.08337882e+00, 3.56779054e+00,
       4.27859525e-01, 2.77841406e+00, 2.76961136e+00, 2.88846717e-01,
       2.19236624e+00, 1.10444134e+00, 1.66288669e+00, 5.19920050e+00,
       1.00521707e+00, 4.55816782e+00, 3.88254816e+00, 1.22859625e+00,
       2.17467573e-01, 2.94568654e+00, 3.04747698e-01, 5.04137495e+00,
       4.67914728e+00, 4.70309376e+00, 6.07698363e+00, 3.02277818e+00,
       3.25506972e+00, 1.55067279e+00, 4.26638238e+00, 4.43435787e+00])]",[676.8817262649536]
