,problem,layers,optimizer,solutions,parameters,time
0,"{'type': 'maxcut', 'graph': {'directed': False, 'multigraph': False, 'graph': {}, 'nodes': [{'id': 0}, {'id': 1}, {'id': 2}, {'id': 3}, {'id': 4}, {'id': 5}], 'links': [{'weight': 7, 'source': 0, 'target': 1}, {'weight': 6, 'source': 0, 'target': 2}, {'weight': 7, 'source': 0, 'target': 3}, {'weight': 4, 'source': 0, 'target': 4}, {'weight': 4, 'source': 0, 'target': 5}, {'weight': 2, 'source': 1, 'target': 2}, {'weight': 3, 'source': 1, 'target': 3}, {'weight': 8, 'source': 1, 'target': 4}, {'weight': 6, 'source': 1, 'target': 5}, {'weight': 1, 'source': 2, 'target': 3}, {'weight': 3, 'source': 2, 'target': 4}, {'weight': 1, 'source': 2, 'target': 5}, {'weight': 5, 'source': 3, 'target': 4}, {'weight': 3, 'source': 3, 'target': 5}, {'weight': 9, 'source': 4, 'target': 5}]}, 'position': {0: [-0.3530969605659351, 0.23653079210894307], 1: [-0.014831158988742517, -0.5502250464361691], 2: [-1.0, -0.1882379096458032], 3: [0.26073034696767516, 0.7833475704555309], 4: [0.3319078567906819, 0.06165714010134473], 5: [0.7752899157963203, -0.34307254658384684]}, 'solution': ([0, 1, 1, 1, 0, 1], 49.0)}",25,"{'optimizer': 'COBYLA', 'maxiter': 100, 'shots': 1024, 'parameter_strategy': 'RANDOM', 'x0': None, 'backend': <QAOA_Tester.Backend.NoisyEstimatorBackend object at 0x7fa7ffbde350>}","[([0, 0, 0, 0, 1, 1], -34.0)]","[array([ 6.72518514,  0.38090942,  0.66893183,  2.29236614,  4.99903717,
        4.06392074,  3.78788245,  4.04127561,  4.41704004,  4.67862627,
        1.10719391,  5.25947611,  5.45592868,  5.13363151,  3.74444333,
        4.71040657,  4.33602003,  2.77200981,  4.78029601,  3.51267102,
        2.86812713,  1.41812949,  5.80710077,  6.26315967,  7.11227553,
        3.44156781,  4.4330386 ,  1.69062644,  3.95788128,  3.39395217,
        6.06880207,  0.94374486,  1.34993386,  2.9023596 ,  2.46235148,
        0.37580898,  5.26839636,  5.65166048, -0.040472  ,  3.06931515,
        4.34518609,  3.30721833,  2.91130251,  0.51191526,  5.79603268,
        0.35352074,  0.90672678,  0.91142545,  0.4218334 ,  1.65030642])]",[677.9780611991882]
