,problem,layers,optimizer,solutions,parameters,time
0,"{'type': 'maxcut', 'graph': {'directed': False, 'multigraph': False, 'graph': {}, 'nodes': [{'id': 0}, {'id': 1}, {'id': 2}, {'id': 3}, {'id': 4}, {'id': 5}], 'links': [{'weight': 7, 'source': 0, 'target': 1}, {'weight': 6, 'source': 0, 'target': 2}, {'weight': 7, 'source': 0, 'target': 3}, {'weight': 4, 'source': 0, 'target': 4}, {'weight': 4, 'source': 0, 'target': 5}, {'weight': 2, 'source': 1, 'target': 2}, {'weight': 3, 'source': 1, 'target': 3}, {'weight': 8, 'source': 1, 'target': 4}, {'weight': 6, 'source': 1, 'target': 5}, {'weight': 1, 'source': 2, 'target': 3}, {'weight': 3, 'source': 2, 'target': 4}, {'weight': 1, 'source': 2, 'target': 5}, {'weight': 5, 'source': 3, 'target': 4}, {'weight': 3, 'source': 3, 'target': 5}, {'weight': 9, 'source': 4, 'target': 5}]}, 'position': {0: [-0.3530969605659351, 0.23653079210894307], 1: [-0.014831158988742517, -0.5502250464361691], 2: [-1.0, -0.1882379096458032], 3: [0.26073034696767516, 0.7833475704555309], 4: [0.3319078567906819, 0.06165714010134473], 5: [0.7752899157963203, -0.34307254658384684]}, 'solution': ([0, 1, 1, 1, 0, 1], 49.0)}",24,"{'optimizer': 'COBYLA', 'maxiter': 100, 'shots': 1024, 'parameter_strategy': 'RANDOM', 'x0': None, 'backend': <QAOA_Tester.Backend.NoisyEstimatorBackend object at 0x7f4ccfa58640>}","[([0, 0, 0, 0, 1, 1], -34.0)]","[array([3.9203638 , 0.29332887, 5.35081027, 2.77372558, 1.55253856,
       6.24492669, 2.47092178, 2.06176492, 2.73028296, 0.06499516,
       3.89334701, 0.47676143, 3.48696694, 2.71193125, 3.79839666,
       5.94286821, 0.02296672, 1.03587237, 1.67482385, 4.88043364,
       1.51063073, 3.9253098 , 1.52542639, 5.29486778, 2.34366174,
       4.56210489, 2.71483237, 2.12487748, 0.92404149, 3.48218645,
       0.92313333, 2.44932177, 0.5299013 , 3.77049313, 0.88583219,
       4.36600799, 5.6786053 , 4.19685574, 3.33636841, 2.88995717,
       1.89467692, 0.57220056, 4.91806305, 2.87736897, 4.028757  ,
       1.1473026 , 3.89116363, 3.92952588])]",[637.9439401626587]
