,problem,layers,optimizer,solutions,parameters,time
0,"{'type': 'maxcut', 'graph': {'directed': False, 'multigraph': False, 'graph': {}, 'nodes': [{'id': 0}, {'id': 1}, {'id': 2}, {'id': 3}, {'id': 4}, {'id': 5}], 'links': [{'weight': 7, 'source': 0, 'target': 1}, {'weight': 6, 'source': 0, 'target': 2}, {'weight': 7, 'source': 0, 'target': 3}, {'weight': 4, 'source': 0, 'target': 4}, {'weight': 4, 'source': 0, 'target': 5}, {'weight': 2, 'source': 1, 'target': 2}, {'weight': 3, 'source': 1, 'target': 3}, {'weight': 8, 'source': 1, 'target': 4}, {'weight': 6, 'source': 1, 'target': 5}, {'weight': 1, 'source': 2, 'target': 3}, {'weight': 3, 'source': 2, 'target': 4}, {'weight': 1, 'source': 2, 'target': 5}, {'weight': 5, 'source': 3, 'target': 4}, {'weight': 3, 'source': 3, 'target': 5}, {'weight': 9, 'source': 4, 'target': 5}]}, 'position': {0: [-0.3530969605659351, 0.23653079210894307], 1: [-0.014831158988742517, -0.5502250464361691], 2: [-1.0, -0.1882379096458032], 3: [0.26073034696767516, 0.7833475704555309], 4: [0.3319078567906819, 0.06165714010134473], 5: [0.7752899157963203, -0.34307254658384684]}, 'solution': ([0, 1, 1, 1, 0, 1], 49.0)}",23,"{'optimizer': 'COBYLA', 'maxiter': 100, 'shots': 1024, 'parameter_strategy': 'RANDOM', 'x0': None, 'backend': <QAOA_Tester.Backend.NoisyEstimatorBackend object at 0x7f3801a21150>}","[([0, 1, 1, 0, 1, 1], -33.0)]","[array([2.09235137, 2.80399977, 4.21602452, 4.31715536, 1.92345795,
       0.47901423, 1.79515167, 3.1346085 , 4.58416336, 1.51836447,
       4.7778841 , 5.64374296, 4.78986706, 3.06356277, 0.80385754,
       5.95493894, 4.46825832, 3.59307193, 3.55864665, 4.24079363,
       1.61695101, 3.43259411, 1.24380589, 2.01012642, 1.56753053,
       0.19761508, 1.73111134, 1.95091827, 1.89247925, 4.44659618,
       4.99417072, 1.34672979, 2.71334275, 4.61907316, 0.14332321,
       1.46157322, 4.18610121, 2.75503496, 0.64511464, 3.89260837,
       5.76568863, 0.67026946, 6.00120934, 2.90934198, 3.14956807,
       1.41808829])]",[672.9401805400848]
