,problem,layers,optimizer,solutions,parameters,time
0,"{'type': 'maxcut', 'graph': {'directed': False, 'multigraph': False, 'graph': {}, 'nodes': [{'id': 0}, {'id': 1}, {'id': 2}, {'id': 3}, {'id': 4}, {'id': 5}], 'links': [{'weight': 7, 'source': 0, 'target': 1}, {'weight': 6, 'source': 0, 'target': 2}, {'weight': 7, 'source': 0, 'target': 3}, {'weight': 4, 'source': 0, 'target': 4}, {'weight': 4, 'source': 0, 'target': 5}, {'weight': 2, 'source': 1, 'target': 2}, {'weight': 3, 'source': 1, 'target': 3}, {'weight': 8, 'source': 1, 'target': 4}, {'weight': 6, 'source': 1, 'target': 5}, {'weight': 1, 'source': 2, 'target': 3}, {'weight': 3, 'source': 2, 'target': 4}, {'weight': 1, 'source': 2, 'target': 5}, {'weight': 5, 'source': 3, 'target': 4}, {'weight': 3, 'source': 3, 'target': 5}, {'weight': 9, 'source': 4, 'target': 5}]}, 'position': {0: [-0.3530969605659351, 0.23653079210894307], 1: [-0.014831158988742517, -0.5502250464361691], 2: [-1.0, -0.1882379096458032], 3: [0.26073034696767516, 0.7833475704555309], 4: [0.3319078567906819, 0.06165714010134473], 5: [0.7752899157963203, -0.34307254658384684]}, 'solution': ([0, 1, 1, 1, 0, 1], 49.0)}",22,"{'optimizer': 'COBYLA', 'maxiter': 100, 'shots': 1024, 'parameter_strategy': 'RANDOM', 'x0': None, 'backend': <QAOA_Tester.Backend.NoisyEstimatorBackend object at 0x7f40f583d570>}","[([0, 1, 0, 1, 1, 0], -42.0)]","[array([0.17146843, 4.29014373, 5.78448242, 0.13216796, 3.82406366,
       4.23989112, 1.65324089, 5.83935245, 3.91059446, 6.01828097,
       4.81648924, 5.87118593, 5.47458242, 4.35129142, 3.64334709,
       3.07911327, 3.49304094, 2.26062354, 2.25876348, 1.94757232,
       3.79436251, 6.40325566, 1.99042961, 5.10570326, 4.95133434,
       1.79764286, 3.80413033, 3.75698833, 6.05244052, 4.22993118,
       0.89892037, 1.59873543, 4.7248871 , 2.31204476, 4.47720061,
       4.71205088, 2.39757519, 3.77434784, 5.22812981, 5.38061785,
       6.27559979, 1.06205017, 0.63852949, 1.30643599])]",[671.6815218925476]
