,problem,layers,optimizer,solutions,parameters,time
0,"{'type': 'maxcut', 'graph': {'directed': False, 'multigraph': False, 'graph': {}, 'nodes': [{'id': 0}, {'id': 1}, {'id': 2}, {'id': 3}, {'id': 4}, {'id': 5}], 'links': [{'weight': 7, 'source': 0, 'target': 1}, {'weight': 6, 'source': 0, 'target': 2}, {'weight': 7, 'source': 0, 'target': 3}, {'weight': 4, 'source': 0, 'target': 4}, {'weight': 4, 'source': 0, 'target': 5}, {'weight': 2, 'source': 1, 'target': 2}, {'weight': 3, 'source': 1, 'target': 3}, {'weight': 8, 'source': 1, 'target': 4}, {'weight': 6, 'source': 1, 'target': 5}, {'weight': 1, 'source': 2, 'target': 3}, {'weight': 3, 'source': 2, 'target': 4}, {'weight': 1, 'source': 2, 'target': 5}, {'weight': 5, 'source': 3, 'target': 4}, {'weight': 3, 'source': 3, 'target': 5}, {'weight': 9, 'source': 4, 'target': 5}]}, 'position': {0: [-0.3530969605659351, 0.23653079210894307], 1: [-0.014831158988742517, -0.5502250464361691], 2: [-1.0, -0.1882379096458032], 3: [0.26073034696767516, 0.7833475704555309], 4: [0.3319078567906819, 0.06165714010134473], 5: [0.7752899157963203, -0.34307254658384684]}, 'solution': ([0, 1, 1, 1, 0, 1], 49.0)}",29,"{'optimizer': 'COBYLA', 'maxiter': 100, 'shots': 1024, 'parameter_strategy': 'RANDOM', 'x0': None, 'backend': <QAOA_Tester.Backend.NoisyEstimatorBackend object at 0x7fdd9198bd30>}","[([0, 1, 1, 0, 1, 0], -42.0)]","[array([1.47607768, 4.10530992, 5.94221685, 4.34407003, 3.04340937,
       4.06635138, 0.32891535, 5.1085233 , 5.90762889, 0.78762118,
       6.23457453, 0.90516107, 3.77000308, 3.31767343, 0.35557177,
       0.51836158, 0.55455739, 5.1117437 , 2.49944271, 0.41864488,
       4.86088768, 4.47871728, 0.97356019, 1.81183732, 2.73110829,
       1.01670508, 5.6602864 , 2.72345908, 1.4760123 , 2.17394315,
       5.97785394, 4.54449103, 3.8305161 , 0.19036757, 1.71808346,
       4.13432767, 5.27141268, 5.99509942, 0.07275446, 1.84673181,
       0.29423526, 3.80058739, 2.26634154, 0.88599426, 4.89286452,
       4.70450659, 4.21859681, 0.22185711, 3.37996555, 4.02813189,
       5.47640168, 5.96042369, 5.47784243, 3.91800382, 0.43120981,
       0.31148818, 3.7185699 , 2.8427351 ])]",[677.305004119873]
