,problem,layers,optimizer,solutions,parameters,time
0,"{'type': 'maxcut', 'graph': {'directed': False, 'multigraph': False, 'graph': {}, 'nodes': [{'id': 0}, {'id': 1}, {'id': 2}, {'id': 3}, {'id': 4}, {'id': 5}], 'links': [{'weight': 7, 'source': 0, 'target': 1}, {'weight': 6, 'source': 0, 'target': 2}, {'weight': 7, 'source': 0, 'target': 3}, {'weight': 4, 'source': 0, 'target': 4}, {'weight': 4, 'source': 0, 'target': 5}, {'weight': 2, 'source': 1, 'target': 2}, {'weight': 3, 'source': 1, 'target': 3}, {'weight': 8, 'source': 1, 'target': 4}, {'weight': 6, 'source': 1, 'target': 5}, {'weight': 1, 'source': 2, 'target': 3}, {'weight': 3, 'source': 2, 'target': 4}, {'weight': 1, 'source': 2, 'target': 5}, {'weight': 5, 'source': 3, 'target': 4}, {'weight': 3, 'source': 3, 'target': 5}, {'weight': 9, 'source': 4, 'target': 5}]}, 'position': {0: [-0.3530969605659351, 0.23653079210894307], 1: [-0.014831158988742517, -0.5502250464361691], 2: [-1.0, -0.1882379096458032], 3: [0.26073034696767516, 0.7833475704555309], 4: [0.3319078567906819, 0.06165714010134473], 5: [0.7752899157963203, -0.34307254658384684]}, 'solution': ([0, 1, 1, 1, 0, 1], 49.0)}",28,"{'optimizer': 'COBYLA', 'maxiter': 100, 'shots': 1024, 'parameter_strategy': 'RANDOM', 'x0': None, 'backend': <QAOA_Tester.Backend.NoisyEstimatorBackend object at 0x7f7b0c1b60e0>}","[([0, 1, 0, 0, 0, 0], -26.0)]","[array([4.78065553, 5.82076932, 4.20725625, 0.81895091, 2.44315268,
       1.78936093, 2.23701063, 2.1497585 , 5.54511782, 4.46429547,
       2.07536213, 5.90702297, 2.41920948, 4.11590366, 3.97462862,
       2.94454908, 2.29800459, 0.94548714, 1.15297538, 0.64618872,
       3.61302566, 1.46171584, 1.26256474, 3.78431024, 2.69958986,
       3.17481284, 5.90103083, 5.654738  , 6.20164625, 3.65937159,
       1.05726921, 4.27536471, 0.40439032, 4.50241643, 0.89909858,
       1.64191101, 3.38219879, 1.88714685, 5.97451527, 4.437607  ,
       5.3497888 , 4.79175671, 2.37770702, 2.73608204, 3.07058278,
       5.07435343, 5.90593198, 3.73056034, 2.1631711 , 1.31410275,
       5.61745972, 0.42889157, 2.91509928, 5.50113864, 5.80848269,
       0.15178096])]",[653.0473928451538]
