,problem,layers,optimizer,solutions,parameters,time
0,"{'type': 'maxcut', 'graph': {'directed': False, 'multigraph': False, 'graph': {}, 'nodes': [{'id': 0}, {'id': 1}, {'id': 2}, {'id': 3}, {'id': 4}, {'id': 5}], 'links': [{'weight': 7, 'source': 0, 'target': 1}, {'weight': 6, 'source': 0, 'target': 2}, {'weight': 7, 'source': 0, 'target': 3}, {'weight': 4, 'source': 0, 'target': 4}, {'weight': 4, 'source': 0, 'target': 5}, {'weight': 2, 'source': 1, 'target': 2}, {'weight': 3, 'source': 1, 'target': 3}, {'weight': 8, 'source': 1, 'target': 4}, {'weight': 6, 'source': 1, 'target': 5}, {'weight': 1, 'source': 2, 'target': 3}, {'weight': 3, 'source': 2, 'target': 4}, {'weight': 1, 'source': 2, 'target': 5}, {'weight': 5, 'source': 3, 'target': 4}, {'weight': 3, 'source': 3, 'target': 5}, {'weight': 9, 'source': 4, 'target': 5}]}, 'position': {0: [-0.3530969605659351, 0.23653079210894307], 1: [-0.014831158988742517, -0.5502250464361691], 2: [-1.0, -0.1882379096458032], 3: [0.26073034696767516, 0.7833475704555309], 4: [0.3319078567906819, 0.06165714010134473], 5: [0.7752899157963203, -0.34307254658384684]}, 'solution': ([0, 1, 1, 1, 0, 1], 49.0)}",25,"{'optimizer': 'COBYLA', 'maxiter': 100, 'shots': 1024, 'parameter_strategy': 'RANDOM', 'x0': None, 'backend': <QAOA_Tester.Backend.NoisyEstimatorBackend object at 0x7f048e765150>}","[([0, 0, 1, 0, 0, 1], -34.0)]","[array([6.02472875, 5.01873674, 1.21008658, 2.22643833, 3.96419728,
       3.5902682 , 4.47461875, 3.00247504, 6.01858643, 5.97762243,
       2.17051968, 4.07470463, 1.63889735, 1.77152398, 3.0115118 ,
       5.86497129, 2.28984786, 2.28705795, 6.02902753, 5.00308081,
       0.63125983, 1.23610434, 0.08440707, 2.75399758, 1.26505473,
       4.77402416, 4.26528225, 0.77858158, 5.77178942, 1.64708702,
       3.55385891, 5.19573834, 4.9473251 , 5.17245521, 4.09693945,
       4.68190116, 4.56612089, 4.80018786, 0.82520918, 3.66621923,
       3.57641476, 0.68276021, 4.13150731, 4.35999537, 2.94191074,
       3.63236899, 2.08958281, 5.0239596 , 0.13059274, 3.24981861])]",[670.2520835399628]
