,problem,layers,optimizer,solutions,parameters,time
0,"{'type': 'maxcut', 'graph': {'directed': False, 'multigraph': False, 'graph': {}, 'nodes': [{'id': 0}, {'id': 1}, {'id': 2}, {'id': 3}, {'id': 4}, {'id': 5}], 'links': [{'weight': 7, 'source': 0, 'target': 1}, {'weight': 6, 'source': 0, 'target': 2}, {'weight': 7, 'source': 0, 'target': 3}, {'weight': 4, 'source': 0, 'target': 4}, {'weight': 4, 'source': 0, 'target': 5}, {'weight': 2, 'source': 1, 'target': 2}, {'weight': 3, 'source': 1, 'target': 3}, {'weight': 8, 'source': 1, 'target': 4}, {'weight': 6, 'source': 1, 'target': 5}, {'weight': 1, 'source': 2, 'target': 3}, {'weight': 3, 'source': 2, 'target': 4}, {'weight': 1, 'source': 2, 'target': 5}, {'weight': 5, 'source': 3, 'target': 4}, {'weight': 3, 'source': 3, 'target': 5}, {'weight': 9, 'source': 4, 'target': 5}]}, 'position': {0: [-0.3530969605659351, 0.23653079210894307], 1: [-0.014831158988742517, -0.5502250464361691], 2: [-1.0, -0.1882379096458032], 3: [0.26073034696767516, 0.7833475704555309], 4: [0.3319078567906819, 0.06165714010134473], 5: [0.7752899157963203, -0.34307254658384684]}, 'solution': ([0, 1, 1, 1, 0, 1], 49.0)}",24,"{'optimizer': 'COBYLA', 'maxiter': 100, 'shots': 1024, 'parameter_strategy': 'RANDOM', 'x0': None, 'backend': <QAOA_Tester.Backend.NoisyEstimatorBackend object at 0x7f77a9c88670>}","[([0, 1, 1, 0, 1, 0], -42.0)]","[array([5.29743541, 2.25837865, 0.9942459 , 1.68859013, 2.74472344,
       3.4198783 , 6.07788201, 4.30625188, 4.46521275, 1.10490219,
       3.20486815, 3.07900704, 0.63523556, 6.00897591, 1.76454434,
       5.24440308, 2.07689361, 2.24581489, 2.51473537, 3.1532419 ,
       1.87113186, 5.61948967, 2.77740303, 3.83981735, 4.06668328,
       4.3818608 , 2.33210664, 4.82693194, 4.85754213, 3.02788119,
       1.75487049, 1.03104075, 2.82357602, 2.38033628, 4.50240259,
       2.25482778, 4.45932401, 5.10389483, 3.64157283, 6.04532726,
       5.91509323, 5.44650497, 1.34317613, 1.9162835 , 0.40358466,
       1.35730318, 0.185399  , 3.57244004])]",[684.2697567939758]
