,problem,layers,optimizer,solutions,parameters,time
0,"{'type': 'maxcut', 'graph': {'directed': False, 'multigraph': False, 'graph': {}, 'nodes': [{'id': 0}, {'id': 1}, {'id': 2}, {'id': 3}, {'id': 4}, {'id': 5}], 'links': [{'weight': 7, 'source': 0, 'target': 1}, {'weight': 6, 'source': 0, 'target': 2}, {'weight': 7, 'source': 0, 'target': 3}, {'weight': 4, 'source': 0, 'target': 4}, {'weight': 4, 'source': 0, 'target': 5}, {'weight': 2, 'source': 1, 'target': 2}, {'weight': 3, 'source': 1, 'target': 3}, {'weight': 8, 'source': 1, 'target': 4}, {'weight': 6, 'source': 1, 'target': 5}, {'weight': 1, 'source': 2, 'target': 3}, {'weight': 3, 'source': 2, 'target': 4}, {'weight': 1, 'source': 2, 'target': 5}, {'weight': 5, 'source': 3, 'target': 4}, {'weight': 3, 'source': 3, 'target': 5}, {'weight': 9, 'source': 4, 'target': 5}]}, 'position': {0: [-0.3530969605659351, 0.23653079210894307], 1: [-0.014831158988742517, -0.5502250464361691], 2: [-1.0, -0.1882379096458032], 3: [0.26073034696767516, 0.7833475704555309], 4: [0.3319078567906819, 0.06165714010134473], 5: [0.7752899157963203, -0.34307254658384684]}, 'solution': ([0, 1, 1, 1, 0, 1], 49.0)}",28,"{'optimizer': 'COBYLA', 'maxiter': 100, 'shots': 1024, 'parameter_strategy': 'RANDOM', 'x0': None, 'backend': <QAOA_Tester.Backend.NoisyEstimatorBackend object at 0x7f0344219a80>}","[([0, 0, 1, 0, 0, 0], -13.0)]","[array([3.16208161, 2.861791  , 4.44155289, 1.55954375, 4.73368373,
       2.44199522, 3.52121772, 0.00700013, 5.01121935, 1.78769093,
       0.14888986, 0.6008058 , 6.1380428 , 2.3717157 , 2.04589238,
       3.48491967, 1.97899172, 0.6766131 , 1.15945489, 1.96146168,
       1.24431959, 0.72369996, 6.05327105, 1.31895199, 2.99667953,
       2.12571541, 0.92103011, 4.55437725, 4.68216822, 2.02447924,
       5.6998398 , 3.71789682, 4.52490047, 5.50755984, 1.66453309,
       1.63645021, 1.79368504, 3.95261465, 3.13815968, 2.40730304,
       4.91394287, 4.23778371, 5.38642688, 1.09818132, 3.08826417,
       1.92297185, 4.33986733, 6.03942967, 1.71143113, 5.05112916,
       1.67194335, 4.74327077, 4.55269911, 3.42584393, 3.53987128,
       1.84491494])]",[626.304680109024]
