,problem,layers,optimizer,solutions,parameters,time
0,"{'type': 'maxcut', 'graph': {'directed': False, 'multigraph': False, 'graph': {}, 'nodes': [{'id': 0}, {'id': 1}, {'id': 2}, {'id': 3}, {'id': 4}, {'id': 5}], 'links': [{'weight': 7, 'source': 0, 'target': 1}, {'weight': 6, 'source': 0, 'target': 2}, {'weight': 7, 'source': 0, 'target': 3}, {'weight': 4, 'source': 0, 'target': 4}, {'weight': 4, 'source': 0, 'target': 5}, {'weight': 2, 'source': 1, 'target': 2}, {'weight': 3, 'source': 1, 'target': 3}, {'weight': 8, 'source': 1, 'target': 4}, {'weight': 6, 'source': 1, 'target': 5}, {'weight': 1, 'source': 2, 'target': 3}, {'weight': 3, 'source': 2, 'target': 4}, {'weight': 1, 'source': 2, 'target': 5}, {'weight': 5, 'source': 3, 'target': 4}, {'weight': 3, 'source': 3, 'target': 5}, {'weight': 9, 'source': 4, 'target': 5}]}, 'position': {0: [-0.3530969605659351, 0.23653079210894307], 1: [-0.014831158988742517, -0.5502250464361691], 2: [-1.0, -0.1882379096458032], 3: [0.26073034696767516, 0.7833475704555309], 4: [0.3319078567906819, 0.06165714010134473], 5: [0.7752899157963203, -0.34307254658384684]}, 'solution': ([0, 1, 1, 1, 0, 1], 49.0)}",28,"{'optimizer': 'COBYLA', 'maxiter': 100, 'shots': 1024, 'parameter_strategy': 'RANDOM', 'x0': None, 'backend': <QAOA_Tester.Backend.NoisyEstimatorBackend object at 0x7f3428c83df0>}","[([0, 1, 0, 0, 1, 1], -32.0)]","[array([3.84809123, 5.58909796, 1.55380857, 5.20510926, 2.90616624,
       2.6027758 , 4.83634414, 1.24981754, 4.60359283, 2.24771316,
       5.42691113, 4.57118474, 3.63953347, 6.2113481 , 6.21650083,
       5.20856478, 1.25974865, 2.30846842, 0.82298091, 5.77730016,
       0.93857425, 3.36792498, 1.45406823, 4.80420122, 5.2803782 ,
       5.47411395, 2.55878833, 1.17878284, 5.14283211, 2.2771977 ,
       1.97333226, 2.52683462, 5.45157122, 1.4353737 , 4.50114893,
       0.15927758, 3.37968937, 2.33009134, 1.36044277, 2.89649555,
       3.74107389, 5.59725517, 5.92937647, 3.67248165, 2.25466612,
       4.21503275, 6.15775658, 2.27342456, 2.05981831, 2.66220877,
       5.45064673, 2.85565068, 4.43749419, 6.18453132, 1.7605524 ,
       0.29476777])]",[647.220630645752]
