,problem,layers,optimizer,solutions,parameters,time
0,"{'type': 'maxcut', 'graph': {'directed': False, 'multigraph': False, 'graph': {}, 'nodes': [{'id': 0}, {'id': 1}, {'id': 2}, {'id': 3}, {'id': 4}, {'id': 5}], 'links': [{'weight': 7, 'source': 0, 'target': 1}, {'weight': 6, 'source': 0, 'target': 2}, {'weight': 7, 'source': 0, 'target': 3}, {'weight': 4, 'source': 0, 'target': 4}, {'weight': 4, 'source': 0, 'target': 5}, {'weight': 2, 'source': 1, 'target': 2}, {'weight': 3, 'source': 1, 'target': 3}, {'weight': 8, 'source': 1, 'target': 4}, {'weight': 6, 'source': 1, 'target': 5}, {'weight': 1, 'source': 2, 'target': 3}, {'weight': 3, 'source': 2, 'target': 4}, {'weight': 1, 'source': 2, 'target': 5}, {'weight': 5, 'source': 3, 'target': 4}, {'weight': 3, 'source': 3, 'target': 5}, {'weight': 9, 'source': 4, 'target': 5}]}, 'position': {0: [-0.3530969605659351, 0.23653079210894307], 1: [-0.014831158988742517, -0.5502250464361691], 2: [-1.0, -0.1882379096458032], 3: [0.26073034696767516, 0.7833475704555309], 4: [0.3319078567906819, 0.06165714010134473], 5: [0.7752899157963203, -0.34307254658384684]}, 'solution': ([0, 1, 1, 1, 0, 1], 49.0)}",28,"{'optimizer': 'COBYLA', 'maxiter': 100, 'shots': 1024, 'parameter_strategy': 'RANDOM', 'x0': None, 'backend': <QAOA_Tester.Backend.NoisyEstimatorBackend object at 0x7fd2f6f3c670>}","[([1, 1, 1, 0, 1, 1], -19.0)]","[array([6.1243809 , 1.13069173, 0.20582812, 5.45483862, 2.3402129 ,
       3.50524112, 4.10086985, 0.02158434, 4.51766424, 6.09923759,
       3.63997578, 6.05006538, 5.70979338, 3.61477171, 3.26252611,
       4.98118739, 0.98108801, 4.38990062, 4.44611056, 1.86965204,
       2.90846347, 2.30153437, 3.41695082, 5.69540255, 4.13449392,
       4.948104  , 5.55534134, 7.0673976 , 3.34774806, 4.91211763,
       1.21532124, 0.38968161, 5.11136043, 3.4479661 , 1.53637529,
       4.23855347, 3.24417131, 0.28708362, 5.44940152, 6.10263872,
       5.39874106, 0.47468382, 5.04536609, 1.91327225, 3.73936672,
       5.67326812, 5.12463839, 0.18494957, 0.95030713, 2.83441125,
       3.92279617, 4.22496951, 3.47400995, 4.72281899, 4.07811516,
       1.60378794])]",[641.2102761268616]
