,problem,layers,optimizer,solutions,parameters,time
0,"{'type': 'maxcut', 'graph': {'directed': False, 'multigraph': False, 'graph': {}, 'nodes': [{'id': 0}, {'id': 1}, {'id': 2}, {'id': 3}, {'id': 4}, {'id': 5}], 'links': [{'weight': 7, 'source': 0, 'target': 1}, {'weight': 6, 'source': 0, 'target': 2}, {'weight': 7, 'source': 0, 'target': 3}, {'weight': 4, 'source': 0, 'target': 4}, {'weight': 4, 'source': 0, 'target': 5}, {'weight': 2, 'source': 1, 'target': 2}, {'weight': 3, 'source': 1, 'target': 3}, {'weight': 8, 'source': 1, 'target': 4}, {'weight': 6, 'source': 1, 'target': 5}, {'weight': 1, 'source': 2, 'target': 3}, {'weight': 3, 'source': 2, 'target': 4}, {'weight': 1, 'source': 2, 'target': 5}, {'weight': 5, 'source': 3, 'target': 4}, {'weight': 3, 'source': 3, 'target': 5}, {'weight': 9, 'source': 4, 'target': 5}]}, 'position': {0: [-0.3530969605659351, 0.23653079210894307], 1: [-0.014831158988742517, -0.5502250464361691], 2: [-1.0, -0.1882379096458032], 3: [0.26073034696767516, 0.7833475704555309], 4: [0.3319078567906819, 0.06165714010134473], 5: [0.7752899157963203, -0.34307254658384684]}, 'solution': ([0, 1, 1, 1, 0, 1], 49.0)}",29,"{'optimizer': 'COBYLA', 'maxiter': 100, 'shots': 1024, 'parameter_strategy': 'RANDOM', 'x0': None, 'backend': <QAOA_Tester.Backend.NoisyEstimatorBackend object at 0x7f0c2acb11b0>}","[([1, 1, 0, 1, 0, 0], -39.0)]","[array([3.48017639, 2.10258991, 1.77169995, 0.36478859, 0.09075383,
       1.63362668, 0.55777979, 2.04448678, 3.57295657, 0.0397784 ,
       5.49753682, 4.77256662, 5.57377142, 4.67147482, 4.04068521,
       5.75903513, 6.14029924, 1.87279354, 5.2794129 , 0.55657572,
       2.2907938 , 5.69745944, 1.02579535, 5.03294565, 2.58553871,
       4.78865358, 0.18129642, 3.77336261, 8.24692883, 0.72462324,
       0.27732194, 0.40479582, 6.076335  , 5.93726229, 2.42692638,
       1.26913216, 0.12303381, 3.48770456, 3.87327092, 2.29555785,
       4.32672338, 4.37223877, 2.56104524, 3.96358254, 2.15837539,
       5.26485049, 3.80451483, 0.36388703, 5.59018413, 0.06134247,
       5.27746336, 5.14923336, 2.09085667, 4.03456444, 2.69685645,
       4.60238901, 5.76112697, 3.81658644])]",[638.673483133316]
