,problem,layers,optimizer,solutions,parameters,time
0,"{'type': 'maxcut', 'graph': {'directed': False, 'multigraph': False, 'graph': {}, 'nodes': [{'id': 0}, {'id': 1}, {'id': 2}, {'id': 3}, {'id': 4}, {'id': 5}], 'links': [{'weight': 7, 'source': 0, 'target': 1}, {'weight': 6, 'source': 0, 'target': 2}, {'weight': 7, 'source': 0, 'target': 3}, {'weight': 4, 'source': 0, 'target': 4}, {'weight': 4, 'source': 0, 'target': 5}, {'weight': 2, 'source': 1, 'target': 2}, {'weight': 3, 'source': 1, 'target': 3}, {'weight': 8, 'source': 1, 'target': 4}, {'weight': 6, 'source': 1, 'target': 5}, {'weight': 1, 'source': 2, 'target': 3}, {'weight': 3, 'source': 2, 'target': 4}, {'weight': 1, 'source': 2, 'target': 5}, {'weight': 5, 'source': 3, 'target': 4}, {'weight': 3, 'source': 3, 'target': 5}, {'weight': 9, 'source': 4, 'target': 5}]}, 'position': {0: [-0.3530969605659351, 0.23653079210894307], 1: [-0.014831158988742517, -0.5502250464361691], 2: [-1.0, -0.1882379096458032], 3: [0.26073034696767516, 0.7833475704555309], 4: [0.3319078567906819, 0.06165714010134473], 5: [0.7752899157963203, -0.34307254658384684]}, 'solution': ([0, 1, 1, 1, 0, 1], 49.0)}",28,"{'optimizer': 'COBYLA', 'maxiter': 100, 'shots': 1024, 'parameter_strategy': 'RANDOM', 'x0': None, 'backend': <QAOA_Tester.Backend.NoisyEstimatorBackend object at 0x7f57fa9a3f10>}","[([1, 1, 1, 1, 1, 0], -23.0)]","[array([4.88169166, 0.37258533, 3.68937067, 0.892743  , 2.08682282,
       3.19538442, 1.55493791, 5.37839845, 4.31048239, 0.02502172,
       2.74156819, 4.76676901, 4.41482728, 3.13349425, 5.80052644,
       0.01645696, 1.40317465, 3.6391543 , 3.95513193, 2.17660627,
       4.39082656, 5.41853381, 2.83201078, 0.61666877, 0.89220765,
       1.95561491, 0.40091967, 0.95794545, 2.06003276, 5.97533493,
       4.29750186, 2.46374894, 1.83614887, 1.72003897, 1.63230136,
       4.77062976, 1.48812481, 2.87615412, 3.03345313, 5.08581656,
       4.58117334, 5.98060133, 5.31315308, 5.93966649, 6.01327751,
       5.93862187, 2.17174096, 0.9146821 , 6.03461819, 4.67672837,
       0.64860476, 4.62601265, 3.49195805, 1.49033873, 3.88977591,
       3.44516251])]",[633.8663840293884]
