,problem,layers,optimizer,solutions,parameters,time
0,"{'type': 'maxcut', 'graph': {'directed': False, 'multigraph': False, 'graph': {}, 'nodes': [{'id': 0}, {'id': 1}, {'id': 2}, {'id': 3}, {'id': 4}, {'id': 5}], 'links': [{'weight': 7, 'source': 0, 'target': 1}, {'weight': 6, 'source': 0, 'target': 2}, {'weight': 7, 'source': 0, 'target': 3}, {'weight': 4, 'source': 0, 'target': 4}, {'weight': 4, 'source': 0, 'target': 5}, {'weight': 2, 'source': 1, 'target': 2}, {'weight': 3, 'source': 1, 'target': 3}, {'weight': 8, 'source': 1, 'target': 4}, {'weight': 6, 'source': 1, 'target': 5}, {'weight': 1, 'source': 2, 'target': 3}, {'weight': 3, 'source': 2, 'target': 4}, {'weight': 1, 'source': 2, 'target': 5}, {'weight': 5, 'source': 3, 'target': 4}, {'weight': 3, 'source': 3, 'target': 5}, {'weight': 9, 'source': 4, 'target': 5}]}, 'position': {0: [-0.3530969605659351, 0.23653079210894307], 1: [-0.014831158988742517, -0.5502250464361691], 2: [-1.0, -0.1882379096458032], 3: [0.26073034696767516, 0.7833475704555309], 4: [0.3319078567906819, 0.06165714010134473], 5: [0.7752899157963203, -0.34307254658384684]}, 'solution': ([0, 1, 1, 1, 0, 1], 49.0)}",23,"{'optimizer': 'COBYLA', 'maxiter': 100, 'shots': 1024, 'parameter_strategy': 'RANDOM', 'x0': None, 'backend': <QAOA_Tester.Backend.NoisyEstimatorBackend object at 0x7f99e0a8dc30>}","[([0, 0, 0, 1, 0, 0], -19.0)]","[array([5.97756915, 2.59902735, 1.07416755, 3.09775055, 5.7938695 ,
       1.87117444, 3.888961  , 5.60844105, 1.50759765, 3.99398521,
       1.23867854, 2.99359097, 1.86779948, 3.2835796 , 3.616462  ,
       3.91222697, 3.28765674, 0.66944274, 0.30694889, 2.79707888,
       0.00905069, 3.55665668, 5.30755383, 0.90713359, 1.56823118,
       2.55673704, 2.45592553, 3.01561932, 2.35499468, 1.32124786,
       4.93743338, 3.37704566, 0.5953287 , 1.6309151 , 2.31220196,
       3.37470758, 0.90359641, 2.83401812, 3.4212135 , 1.1233933 ,
       0.68606898, 1.08194746, 5.82751926, 0.67824889, 5.45180478,
       4.24700506])]",[620.9577660560608]
