,problem,layers,optimizer,solutions,parameters,time
0,"{'type': 'maxcut', 'graph': {'directed': False, 'multigraph': False, 'graph': {}, 'nodes': [{'id': 0}, {'id': 1}, {'id': 2}, {'id': 3}, {'id': 4}, {'id': 5}], 'links': [{'weight': 7, 'source': 0, 'target': 1}, {'weight': 6, 'source': 0, 'target': 2}, {'weight': 7, 'source': 0, 'target': 3}, {'weight': 4, 'source': 0, 'target': 4}, {'weight': 4, 'source': 0, 'target': 5}, {'weight': 2, 'source': 1, 'target': 2}, {'weight': 3, 'source': 1, 'target': 3}, {'weight': 8, 'source': 1, 'target': 4}, {'weight': 6, 'source': 1, 'target': 5}, {'weight': 1, 'source': 2, 'target': 3}, {'weight': 3, 'source': 2, 'target': 4}, {'weight': 1, 'source': 2, 'target': 5}, {'weight': 5, 'source': 3, 'target': 4}, {'weight': 3, 'source': 3, 'target': 5}, {'weight': 9, 'source': 4, 'target': 5}]}, 'position': {0: [-0.3530969605659351, 0.23653079210894307], 1: [-0.014831158988742517, -0.5502250464361691], 2: [-1.0, -0.1882379096458032], 3: [0.26073034696767516, 0.7833475704555309], 4: [0.3319078567906819, 0.06165714010134473], 5: [0.7752899157963203, -0.34307254658384684]}, 'solution': ([0, 1, 1, 1, 0, 1], 49.0)}",30,"{'optimizer': 'COBYLA', 'maxiter': 100, 'shots': 1024, 'parameter_strategy': 'RANDOM', 'x0': None, 'backend': <QAOA_Tester.Backend.NoisyEstimatorBackend object at 0x7f4da3cd5ae0>}","[([0, 1, 0, 0, 1, 1], -32.0)]","[array([3.43129383, 5.6357047 , 1.76335163, 4.72902012, 4.2594518 ,
       3.93063339, 3.8179143 , 4.86721493, 3.57683345, 2.4545042 ,
       3.52731518, 4.72835995, 3.48870917, 1.40021511, 3.20230345,
       5.19488975, 4.36090121, 5.26271997, 4.39044303, 4.15252408,
       4.30140823, 3.77078187, 1.74860222, 5.01321208, 5.53985865,
       6.20175988, 5.95978166, 5.98346085, 6.17304822, 3.8272923 ,
       3.11024293, 3.57610727, 1.04922435, 3.55483254, 4.08362014,
       3.33584409, 5.57107821, 3.17203285, 0.82222287, 0.27228155,
       5.91169381, 1.99852929, 5.82779063, 3.13277753, 4.83093086,
       4.54807998, 5.34446603, 2.57297973, 5.05558605, 2.20680874,
       5.01518191, 1.11121879, 5.11339202, 4.44949801, 5.40369563,
       4.48319192, 0.9102304 , 0.67844335, 5.82182082, 6.1421767 ])]",[710.9871664047241]
