,problem,layers,optimizer,solutions,parameters,time
0,"{'type': 'maxcut', 'graph': {'directed': False, 'multigraph': False, 'graph': {}, 'nodes': [{'id': 0}, {'id': 1}, {'id': 2}, {'id': 3}, {'id': 4}, {'id': 5}], 'links': [{'weight': 7, 'source': 0, 'target': 1}, {'weight': 6, 'source': 0, 'target': 2}, {'weight': 7, 'source': 0, 'target': 3}, {'weight': 4, 'source': 0, 'target': 4}, {'weight': 4, 'source': 0, 'target': 5}, {'weight': 2, 'source': 1, 'target': 2}, {'weight': 3, 'source': 1, 'target': 3}, {'weight': 8, 'source': 1, 'target': 4}, {'weight': 6, 'source': 1, 'target': 5}, {'weight': 1, 'source': 2, 'target': 3}, {'weight': 3, 'source': 2, 'target': 4}, {'weight': 1, 'source': 2, 'target': 5}, {'weight': 5, 'source': 3, 'target': 4}, {'weight': 3, 'source': 3, 'target': 5}, {'weight': 9, 'source': 4, 'target': 5}]}, 'position': {0: [-0.3530969605659351, 0.23653079210894307], 1: [-0.014831158988742517, -0.5502250464361691], 2: [-1.0, -0.1882379096458032], 3: [0.26073034696767516, 0.7833475704555309], 4: [0.3319078567906819, 0.06165714010134473], 5: [0.7752899157963203, -0.34307254658384684]}, 'solution': ([0, 1, 1, 1, 0, 1], 49.0)}",28,"{'optimizer': 'COBYLA', 'maxiter': 100, 'shots': 1024, 'parameter_strategy': 'RANDOM', 'x0': None, 'backend': <QAOA_Tester.Backend.NoisyEstimatorBackend object at 0x7f8beb69dc30>}","[([1, 0, 1, 1, 0, 1], -39.0)]","[array([1.89409755, 1.80346266, 3.4381554 , 1.9433786 , 2.29780378,
       2.88193367, 6.20454522, 3.08348517, 5.42722537, 1.56776999,
       6.01988101, 3.47256649, 1.90483537, 0.99172762, 0.14861329,
       1.16972544, 2.47007332, 1.72168814, 4.19263247, 1.99571111,
       0.42212606, 1.96125249, 4.83836054, 0.5810017 , 2.51064098,
       3.82409941, 4.47702554, 0.30077211, 5.31594506, 4.08703513,
       3.40290088, 1.0869108 , 1.30977086, 3.8713971 , 4.98018006,
       0.8272785 , 2.75459292, 2.72584025, 3.45190253, 5.76332664,
       1.26133934, 2.01396632, 0.4138818 , 0.75812679, 1.53392944,
       1.73780645, 0.72405267, 2.94278919, 1.16456486, 4.08650422,
       0.66691715, 2.39871129, 1.88197846, 4.94698797, 0.08242896,
       6.1933837 ])]",[648.192937374115]
