,problem,layers,optimizer,solutions,parameters,time
0,"{'type': 'maxcut', 'graph': {'directed': False, 'multigraph': False, 'graph': {}, 'nodes': [{'id': 0}, {'id': 1}, {'id': 2}, {'id': 3}, {'id': 4}, {'id': 5}], 'links': [{'weight': 7, 'source': 0, 'target': 1}, {'weight': 6, 'source': 0, 'target': 2}, {'weight': 7, 'source': 0, 'target': 3}, {'weight': 4, 'source': 0, 'target': 4}, {'weight': 4, 'source': 0, 'target': 5}, {'weight': 2, 'source': 1, 'target': 2}, {'weight': 3, 'source': 1, 'target': 3}, {'weight': 8, 'source': 1, 'target': 4}, {'weight': 6, 'source': 1, 'target': 5}, {'weight': 1, 'source': 2, 'target': 3}, {'weight': 3, 'source': 2, 'target': 4}, {'weight': 1, 'source': 2, 'target': 5}, {'weight': 5, 'source': 3, 'target': 4}, {'weight': 3, 'source': 3, 'target': 5}, {'weight': 9, 'source': 4, 'target': 5}]}, 'position': {0: [-0.3530969605659351, 0.23653079210894307], 1: [-0.014831158988742517, -0.5502250464361691], 2: [-1.0, -0.1882379096458032], 3: [0.26073034696767516, 0.7833475704555309], 4: [0.3319078567906819, 0.06165714010134473], 5: [0.7752899157963203, -0.34307254658384684]}, 'solution': ([0, 1, 1, 1, 0, 1], 49.0)}",27,"{'optimizer': 'COBYLA', 'maxiter': 100, 'shots': 1024, 'parameter_strategy': 'RANDOM', 'x0': None, 'backend': <QAOA_Tester.Backend.NoisyEstimatorBackend object at 0x7fb922674e20>}","[([1, 0, 0, 1, 1, 1], -35.0)]","[array([5.44912467, 2.93679635, 3.65883343, 5.96863756, 3.41941266,
       3.24692567, 4.42910449, 2.30455534, 3.49512951, 4.95650353,
       1.0330684 , 3.08486149, 2.50242643, 2.20144651, 4.4496484 ,
       4.91414638, 1.31098097, 1.75203366, 0.47307837, 1.00179543,
       5.24113155, 2.31260766, 1.30262191, 0.6674457 , 2.91327106,
       5.06935237, 2.10516425, 0.08843187, 1.34813644, 3.01635231,
       0.23761116, 0.11224953, 2.75455518, 5.65396482, 6.007326  ,
       4.02334286, 4.70019294, 0.40140409, 0.89220797, 2.54573667,
       4.37813859, 2.8515489 , 5.10689726, 1.26414774, 0.09835681,
       4.68102991, 0.21418803, 0.16685993, 2.16810168, 5.70367968,
       4.37309915, 0.05705152, 4.99319932, 1.15734934])]",[622.5957307815552]
