,problem,layers,optimizer,solutions,parameters,time
0,"{'type': 'maxcut', 'graph': {'directed': False, 'multigraph': False, 'graph': {}, 'nodes': [{'id': 0}, {'id': 1}, {'id': 2}, {'id': 3}, {'id': 4}, {'id': 5}], 'links': [{'weight': 7, 'source': 0, 'target': 1}, {'weight': 6, 'source': 0, 'target': 2}, {'weight': 7, 'source': 0, 'target': 3}, {'weight': 4, 'source': 0, 'target': 4}, {'weight': 4, 'source': 0, 'target': 5}, {'weight': 2, 'source': 1, 'target': 2}, {'weight': 3, 'source': 1, 'target': 3}, {'weight': 8, 'source': 1, 'target': 4}, {'weight': 6, 'source': 1, 'target': 5}, {'weight': 1, 'source': 2, 'target': 3}, {'weight': 3, 'source': 2, 'target': 4}, {'weight': 1, 'source': 2, 'target': 5}, {'weight': 5, 'source': 3, 'target': 4}, {'weight': 3, 'source': 3, 'target': 5}, {'weight': 9, 'source': 4, 'target': 5}]}, 'position': {0: [-0.3530969605659351, 0.23653079210894307], 1: [-0.014831158988742517, -0.5502250464361691], 2: [-1.0, -0.1882379096458032], 3: [0.26073034696767516, 0.7833475704555309], 4: [0.3319078567906819, 0.06165714010134473], 5: [0.7752899157963203, -0.34307254658384684]}, 'solution': ([0, 1, 1, 1, 0, 1], 49.0)}",23,"{'optimizer': 'COBYLA', 'maxiter': 100, 'shots': 1024, 'parameter_strategy': 'RANDOM', 'x0': None, 'backend': <QAOA_Tester.Backend.NoisyEstimatorBackend object at 0x7f3f807c0610>}","[([1, 1, 1, 0, 1, 0], -36.0)]","[array([6.26629125, 1.23854907, 3.84998214, 2.32547093, 5.30778897,
       4.35263721, 0.44377815, 0.54238621, 4.25317918, 0.73732236,
       3.89248209, 2.28660711, 1.4929666 , 2.05627637, 0.53023494,
       4.04469474, 1.01165608, 4.71519659, 3.47740537, 3.08458264,
       2.14223995, 2.35501057, 4.47386438, 0.46299079, 2.53853184,
       2.5943677 , 5.95827099, 2.2040906 , 3.41764193, 5.52911938,
       6.24279806, 3.93422684, 6.28216033, 2.24431354, 2.00278199,
       1.59838491, 4.47089956, 2.00122338, 1.15180165, 5.4690919 ,
       1.7014511 , 3.55499197, 1.9847376 , 3.21803209, 0.97304241,
       0.45801188])]",[637.8809196949005]
