,problem,layers,optimizer,solutions,parameters,time
0,"{'type': 'maxcut', 'graph': {'directed': False, 'multigraph': False, 'graph': {}, 'nodes': [{'id': 0}, {'id': 1}, {'id': 2}, {'id': 3}, {'id': 4}, {'id': 5}], 'links': [{'weight': 7, 'source': 0, 'target': 1}, {'weight': 6, 'source': 0, 'target': 2}, {'weight': 7, 'source': 0, 'target': 3}, {'weight': 4, 'source': 0, 'target': 4}, {'weight': 4, 'source': 0, 'target': 5}, {'weight': 2, 'source': 1, 'target': 2}, {'weight': 3, 'source': 1, 'target': 3}, {'weight': 8, 'source': 1, 'target': 4}, {'weight': 6, 'source': 1, 'target': 5}, {'weight': 1, 'source': 2, 'target': 3}, {'weight': 3, 'source': 2, 'target': 4}, {'weight': 1, 'source': 2, 'target': 5}, {'weight': 5, 'source': 3, 'target': 4}, {'weight': 3, 'source': 3, 'target': 5}, {'weight': 9, 'source': 4, 'target': 5}]}, 'position': {0: [-0.3530969605659351, 0.23653079210894307], 1: [-0.014831158988742517, -0.5502250464361691], 2: [-1.0, -0.1882379096458032], 3: [0.26073034696767516, 0.7833475704555309], 4: [0.3319078567906819, 0.06165714010134473], 5: [0.7752899157963203, -0.34307254658384684]}, 'solution': ([0, 1, 1, 1, 0, 1], 49.0)}",24,"{'optimizer': 'COBYLA', 'maxiter': 100, 'shots': 1024, 'parameter_strategy': 'RANDOM', 'x0': None, 'backend': <QAOA_Tester.Backend.NoisyEstimatorBackend object at 0x7f553b5396f0>}","[([0, 1, 1, 1, 1, 0], -43.0)]","[array([6.11207021, 5.74582133, 4.8534937 , 2.82324673, 3.04294466,
       2.73104112, 1.65669758, 1.40681777, 6.00293929, 1.94212097,
       0.52183603, 3.17890559, 2.71035073, 2.73711633, 1.62446727,
       1.68725512, 5.18648443, 3.09715302, 5.00948003, 4.54656435,
       2.39411986, 1.3570425 , 0.37237946, 5.29001677, 0.97163286,
       3.24880671, 2.20919283, 5.82258572, 4.12853265, 0.45175622,
       4.4033449 , 4.49460233, 1.81216725, 2.53176622, 0.52724688,
       0.16600645, 6.10833227, 1.40754219, 2.09366583, 1.52810263,
       5.82582835, 4.62078464, 1.38990227, 6.10803813, 3.00951843,
       1.64866237, 0.11438115, 5.73887813])]",[665.0016510486603]
