,problem,layers,optimizer,solutions,parameters,time
0,"{'type': 'maxcut', 'graph': {'directed': False, 'multigraph': False, 'graph': {}, 'nodes': [{'id': 0}, {'id': 1}, {'id': 2}, {'id': 3}, {'id': 4}, {'id': 5}], 'links': [{'weight': 7, 'source': 0, 'target': 1}, {'weight': 6, 'source': 0, 'target': 2}, {'weight': 7, 'source': 0, 'target': 3}, {'weight': 4, 'source': 0, 'target': 4}, {'weight': 4, 'source': 0, 'target': 5}, {'weight': 2, 'source': 1, 'target': 2}, {'weight': 3, 'source': 1, 'target': 3}, {'weight': 8, 'source': 1, 'target': 4}, {'weight': 6, 'source': 1, 'target': 5}, {'weight': 1, 'source': 2, 'target': 3}, {'weight': 3, 'source': 2, 'target': 4}, {'weight': 1, 'source': 2, 'target': 5}, {'weight': 5, 'source': 3, 'target': 4}, {'weight': 3, 'source': 3, 'target': 5}, {'weight': 9, 'source': 4, 'target': 5}]}, 'position': {0: [-0.3530969605659351, 0.23653079210894307], 1: [-0.014831158988742517, -0.5502250464361691], 2: [-1.0, -0.1882379096458032], 3: [0.26073034696767516, 0.7833475704555309], 4: [0.3319078567906819, 0.06165714010134473], 5: [0.7752899157963203, -0.34307254658384684]}, 'solution': ([0, 1, 1, 1, 0, 1], 49.0)}",29,"{'optimizer': 'COBYLA', 'maxiter': 100, 'shots': 1024, 'parameter_strategy': 'RANDOM', 'x0': None, 'backend': <QAOA_Tester.Backend.NoisyEstimatorBackend object at 0x7f566c6623e0>}","[([1, 1, 0, 1, 1, 1], -13.0)]","[array([3.27287005, 4.65948193, 1.10301832, 4.3140565 , 2.65167725,
       2.095948  , 5.81189264, 2.93127169, 1.06639818, 4.71638789,
       2.43069354, 2.07123362, 0.97074202, 3.7355929 , 2.06793286,
       3.95035501, 2.08397614, 1.8470734 , 1.34048373, 1.5762799 ,
       4.2048649 , 5.88463462, 3.66855554, 0.11786403, 1.55572871,
       1.87611871, 2.42907066, 5.36649299, 1.57788691, 1.78068411,
       3.26249062, 4.3077577 , 1.31632149, 3.70705356, 4.89725404,
       0.58130994, 4.92632471, 2.56992841, 5.17933413, 4.61019576,
       3.43046527, 3.54232563, 3.73511581, 1.44358662, 5.55096204,
       0.29860485, 4.69908935, 3.19039805, 1.79079768, 5.3897785 ,
       6.21234804, 4.90335173, 0.25316308, 2.09393534, 1.14345193,
       0.31524361, 0.75501906, 4.21202953])]",[684.4566857814789]
