,problem,layers,optimizer,solutions,parameters,time
0,"{'type': 'maxcut', 'graph': {'directed': False, 'multigraph': False, 'graph': {}, 'nodes': [{'id': 0}, {'id': 1}, {'id': 2}, {'id': 3}, {'id': 4}, {'id': 5}], 'links': [{'weight': 7, 'source': 0, 'target': 1}, {'weight': 6, 'source': 0, 'target': 2}, {'weight': 7, 'source': 0, 'target': 3}, {'weight': 4, 'source': 0, 'target': 4}, {'weight': 4, 'source': 0, 'target': 5}, {'weight': 2, 'source': 1, 'target': 2}, {'weight': 3, 'source': 1, 'target': 3}, {'weight': 8, 'source': 1, 'target': 4}, {'weight': 6, 'source': 1, 'target': 5}, {'weight': 1, 'source': 2, 'target': 3}, {'weight': 3, 'source': 2, 'target': 4}, {'weight': 1, 'source': 2, 'target': 5}, {'weight': 5, 'source': 3, 'target': 4}, {'weight': 3, 'source': 3, 'target': 5}, {'weight': 9, 'source': 4, 'target': 5}]}, 'position': {0: [-0.3530969605659351, 0.23653079210894307], 1: [-0.014831158988742517, -0.5502250464361691], 2: [-1.0, -0.1882379096458032], 3: [0.26073034696767516, 0.7833475704555309], 4: [0.3319078567906819, 0.06165714010134473], 5: [0.7752899157963203, -0.34307254658384684]}, 'solution': ([0, 1, 1, 1, 0, 1], 49.0)}",27,"{'optimizer': 'COBYLA', 'maxiter': 100, 'shots': 1024, 'parameter_strategy': 'RANDOM', 'x0': None, 'backend': <QAOA_Tester.Backend.NoisyEstimatorBackend object at 0x7f14f879b040>}","[([0, 0, 1, 1, 1, 1], -40.0)]","[array([5.39026556, 4.69336077, 5.36461089, 1.05910599, 2.02910419,
       0.70371647, 5.75530923, 0.32267475, 1.78575707, 4.05730123,
       5.92321011, 4.31555147, 4.40096749, 3.16432072, 6.26682307,
       2.77547781, 2.64776978, 3.20699453, 5.5871758 , 1.8950565 ,
       3.126226  , 2.71029778, 2.05576671, 2.14479145, 2.99389204,
       2.8251417 , 1.72285053, 0.09694762, 1.77533245, 5.98499669,
       3.01066323, 5.5777723 , 5.58959022, 4.64635309, 5.09816894,
       1.67517037, 3.35263554, 5.49428938, 0.89442297, 2.47691494,
       0.28414919, 1.08370409, 0.4596756 , 4.50934423, 1.70376635,
       1.56063059, 5.65670565, 3.3766332 , 5.04056276, 2.09447178,
       1.24300301, 6.26766122, 1.11229029, 5.74912574])]",[653.5705926418304]
