,problem,layers,optimizer,solutions,parameters,time
0,"{'type': 'maxcut', 'graph': {'directed': False, 'multigraph': False, 'graph': {}, 'nodes': [{'id': 0}, {'id': 1}, {'id': 2}, {'id': 3}, {'id': 4}, {'id': 5}], 'links': [{'weight': 7, 'source': 0, 'target': 1}, {'weight': 6, 'source': 0, 'target': 2}, {'weight': 7, 'source': 0, 'target': 3}, {'weight': 4, 'source': 0, 'target': 4}, {'weight': 4, 'source': 0, 'target': 5}, {'weight': 2, 'source': 1, 'target': 2}, {'weight': 3, 'source': 1, 'target': 3}, {'weight': 8, 'source': 1, 'target': 4}, {'weight': 6, 'source': 1, 'target': 5}, {'weight': 1, 'source': 2, 'target': 3}, {'weight': 3, 'source': 2, 'target': 4}, {'weight': 1, 'source': 2, 'target': 5}, {'weight': 5, 'source': 3, 'target': 4}, {'weight': 3, 'source': 3, 'target': 5}, {'weight': 9, 'source': 4, 'target': 5}]}, 'position': {0: [-0.3530969605659351, 0.23653079210894307], 1: [-0.014831158988742517, -0.5502250464361691], 2: [-1.0, -0.1882379096458032], 3: [0.26073034696767516, 0.7833475704555309], 4: [0.3319078567906819, 0.06165714010134473], 5: [0.7752899157963203, -0.34307254658384684]}, 'solution': ([0, 1, 1, 1, 0, 1], 49.0)}",23,"{'optimizer': 'COBYLA', 'maxiter': 100, 'shots': 1024, 'parameter_strategy': 'RANDOM', 'x0': None, 'backend': <QAOA_Tester.Backend.NoisyEstimatorBackend object at 0x7fc7c8a85420>}","[([0, 1, 1, 0, 0, 0], -35.0)]","[array([4.03026986, 3.10108447, 5.94562838, 0.66000326, 4.29056822,
       1.08285135, 4.92862003, 4.02126246, 2.75235339, 4.89057943,
       3.40167085, 4.73542768, 3.71891244, 6.17350776, 5.78467827,
       5.15760932, 0.56483704, 1.76596674, 1.20328431, 5.86768437,
       0.28186634, 1.21797516, 3.01639689, 5.25317063, 4.37908332,
       3.97354804, 4.09083998, 3.78192767, 5.54737935, 4.48926274,
       4.68788922, 2.2989808 , 5.47499073, 2.48768497, 0.13903382,
       2.87187577, 3.63512971, 2.67537975, 5.33460768, 6.01206479,
       4.1155886 , 5.03756446, 1.04272505, 0.89600252, 1.04670147,
       5.99245044])]",[636.0497980117798]
