,problem,layers,optimizer,solutions,parameters,time
0,"{'type': 'maxcut', 'graph': {'directed': False, 'multigraph': False, 'graph': {}, 'nodes': [{'id': 0}, {'id': 1}, {'id': 2}, {'id': 3}, {'id': 4}, {'id': 5}], 'links': [{'weight': 7, 'source': 0, 'target': 1}, {'weight': 6, 'source': 0, 'target': 2}, {'weight': 7, 'source': 0, 'target': 3}, {'weight': 4, 'source': 0, 'target': 4}, {'weight': 4, 'source': 0, 'target': 5}, {'weight': 2, 'source': 1, 'target': 2}, {'weight': 3, 'source': 1, 'target': 3}, {'weight': 8, 'source': 1, 'target': 4}, {'weight': 6, 'source': 1, 'target': 5}, {'weight': 1, 'source': 2, 'target': 3}, {'weight': 3, 'source': 2, 'target': 4}, {'weight': 1, 'source': 2, 'target': 5}, {'weight': 5, 'source': 3, 'target': 4}, {'weight': 3, 'source': 3, 'target': 5}, {'weight': 9, 'source': 4, 'target': 5}]}, 'position': {0: [-0.3530969605659351, 0.23653079210894307], 1: [-0.014831158988742517, -0.5502250464361691], 2: [-1.0, -0.1882379096458032], 3: [0.26073034696767516, 0.7833475704555309], 4: [0.3319078567906819, 0.06165714010134473], 5: [0.7752899157963203, -0.34307254658384684]}, 'solution': ([0, 1, 1, 1, 0, 1], 49.0)}",26,"{'optimizer': 'COBYLA', 'maxiter': 100, 'shots': 1024, 'parameter_strategy': 'RANDOM', 'x0': None, 'backend': <QAOA_Tester.Backend.NoisyEstimatorBackend object at 0x7fdf85f91420>}","[([1, 1, 0, 1, 0, 0], -39.0)]","[array([ 2.73372768,  2.06647029,  1.11212895,  4.31254778,  5.26853185,
        0.82344338,  5.44398854,  1.16630303,  2.32080949,  2.99058584,
        0.97816772,  5.69201169,  4.88006444,  1.59619795,  3.77762014,
        2.82845322,  1.68633388,  2.82525876,  4.06126156,  2.96420905,
        4.88215252,  1.97270238,  1.32331573,  2.42613619,  5.08701048,
        4.89290365,  0.96513888,  1.59254712,  5.14810428,  0.92675204,
        3.66730991,  0.63879518,  4.47045017,  2.5809822 ,  1.3917714 ,
        3.93087263,  4.40495422,  4.05376497,  3.12887566,  2.3249599 ,
        5.29332376,  5.52467037,  3.83695804,  3.24152497,  5.38770912,
        5.30688583,  0.04926881,  3.42991414, -0.01444566,  1.96239259,
        0.7348553 ,  1.83227837])]",[666.5681598186493]
