,problem,layers,optimizer,solutions,parameters,time
0,"{'type': 'maxcut', 'graph': {'directed': False, 'multigraph': False, 'graph': {}, 'nodes': [{'id': 0}, {'id': 1}, {'id': 2}, {'id': 3}, {'id': 4}, {'id': 5}], 'links': [{'weight': 7, 'source': 0, 'target': 1}, {'weight': 6, 'source': 0, 'target': 2}, {'weight': 7, 'source': 0, 'target': 3}, {'weight': 4, 'source': 0, 'target': 4}, {'weight': 4, 'source': 0, 'target': 5}, {'weight': 2, 'source': 1, 'target': 2}, {'weight': 3, 'source': 1, 'target': 3}, {'weight': 8, 'source': 1, 'target': 4}, {'weight': 6, 'source': 1, 'target': 5}, {'weight': 1, 'source': 2, 'target': 3}, {'weight': 3, 'source': 2, 'target': 4}, {'weight': 1, 'source': 2, 'target': 5}, {'weight': 5, 'source': 3, 'target': 4}, {'weight': 3, 'source': 3, 'target': 5}, {'weight': 9, 'source': 4, 'target': 5}]}, 'position': {0: [-0.3530969605659351, 0.23653079210894307], 1: [-0.014831158988742517, -0.5502250464361691], 2: [-1.0, -0.1882379096458032], 3: [0.26073034696767516, 0.7833475704555309], 4: [0.3319078567906819, 0.06165714010134473], 5: [0.7752899157963203, -0.34307254658384684]}, 'solution': ([0, 1, 1, 1, 0, 1], 49.0)}",29,"{'optimizer': 'COBYLA', 'maxiter': 100, 'shots': 1024, 'parameter_strategy': 'RANDOM', 'x0': None, 'backend': <QAOA_Tester.Backend.NoisyEstimatorBackend object at 0x7ff2c198d720>}","[([0, 1, 0, 1, 0, 1], -44.0)]","[array([1.25806741, 4.00619841, 4.37792288, 2.24125409, 0.45355567,
       5.20995702, 0.52827426, 2.43747389, 1.08331553, 4.50688718,
       2.65470084, 5.22367815, 2.9458718 , 0.94172463, 4.41335476,
       4.58697716, 4.72704601, 5.0200172 , 1.6412165 , 2.81335605,
       0.93937721, 1.87024574, 4.50443976, 1.21228885, 5.36644422,
       5.93095405, 3.33244877, 1.5765414 , 2.28934361, 4.21123446,
       4.47007962, 5.76425504, 0.76994914, 0.94933044, 5.19329561,
       1.6514333 , 1.13788666, 0.83945165, 2.79356217, 3.82650733,
       4.58541894, 4.81576005, 1.68743734, 5.82703722, 2.6515632 ,
       0.96631811, 1.4783081 , 3.55077073, 3.43613558, 6.16937158,
       0.81218858, 1.86252732, 0.81585241, 2.19111663, 5.18756475,
       5.45261985, 2.96994771, 3.36195708])]",[668.6931464672089]
