,problem,layers,optimizer,solutions,parameters,time
0,"{'type': 'maxcut', 'graph': {'directed': False, 'multigraph': False, 'graph': {}, 'nodes': [{'id': 0}, {'id': 1}, {'id': 2}, {'id': 3}, {'id': 4}, {'id': 5}], 'links': [{'weight': 7, 'source': 0, 'target': 1}, {'weight': 6, 'source': 0, 'target': 2}, {'weight': 7, 'source': 0, 'target': 3}, {'weight': 4, 'source': 0, 'target': 4}, {'weight': 4, 'source': 0, 'target': 5}, {'weight': 2, 'source': 1, 'target': 2}, {'weight': 3, 'source': 1, 'target': 3}, {'weight': 8, 'source': 1, 'target': 4}, {'weight': 6, 'source': 1, 'target': 5}, {'weight': 1, 'source': 2, 'target': 3}, {'weight': 3, 'source': 2, 'target': 4}, {'weight': 1, 'source': 2, 'target': 5}, {'weight': 5, 'source': 3, 'target': 4}, {'weight': 3, 'source': 3, 'target': 5}, {'weight': 9, 'source': 4, 'target': 5}]}, 'position': {0: [-0.3530969605659351, 0.23653079210894307], 1: [-0.014831158988742517, -0.5502250464361691], 2: [-1.0, -0.1882379096458032], 3: [0.26073034696767516, 0.7833475704555309], 4: [0.3319078567906819, 0.06165714010134473], 5: [0.7752899157963203, -0.34307254658384684]}, 'solution': ([0, 1, 1, 1, 0, 1], 49.0)}",22,"{'optimizer': 'COBYLA', 'maxiter': 100, 'shots': 1024, 'parameter_strategy': 'RANDOM', 'x0': None, 'backend': <QAOA_Tester.Backend.NoisyEstimatorBackend object at 0x7ff6e2920610>}","[([1, 0, 0, 0, 1, 1], -46.0)]","[array([2.85229272, 0.97476284, 0.67833551, 1.28499258, 1.91651391,
       3.79229575, 0.6492592 , 0.77083823, 2.96608   , 2.23620259,
       0.07116589, 1.56489692, 1.96520821, 0.29904431, 5.3110375 ,
       3.63442935, 0.98799176, 4.66360888, 5.94967798, 3.04500007,
       3.0837957 , 1.06467609, 2.73898214, 5.79395932, 5.6376728 ,
       4.79901226, 0.37025485, 4.09695393, 1.82286523, 2.50444473,
       0.91114963, 1.3797153 , 5.0388114 , 4.2866007 , 2.80307039,
       1.14268967, 1.83669005, 0.91358355, 1.85907946, 3.00049011,
       0.1727296 , 3.97050605, 1.83640331, 0.06953742])]",[643.0574870109558]
