,problem,layers,optimizer,solutions,parameters,time
0,"{'type': 'maxcut', 'graph': {'directed': False, 'multigraph': False, 'graph': {}, 'nodes': [{'id': 0}, {'id': 1}, {'id': 2}, {'id': 3}, {'id': 4}, {'id': 5}], 'links': [{'weight': 7, 'source': 0, 'target': 1}, {'weight': 6, 'source': 0, 'target': 2}, {'weight': 7, 'source': 0, 'target': 3}, {'weight': 4, 'source': 0, 'target': 4}, {'weight': 4, 'source': 0, 'target': 5}, {'weight': 2, 'source': 1, 'target': 2}, {'weight': 3, 'source': 1, 'target': 3}, {'weight': 8, 'source': 1, 'target': 4}, {'weight': 6, 'source': 1, 'target': 5}, {'weight': 1, 'source': 2, 'target': 3}, {'weight': 3, 'source': 2, 'target': 4}, {'weight': 1, 'source': 2, 'target': 5}, {'weight': 5, 'source': 3, 'target': 4}, {'weight': 3, 'source': 3, 'target': 5}, {'weight': 9, 'source': 4, 'target': 5}]}, 'position': {0: [-0.3530969605659351, 0.23653079210894307], 1: [-0.014831158988742517, -0.5502250464361691], 2: [-1.0, -0.1882379096458032], 3: [0.26073034696767516, 0.7833475704555309], 4: [0.3319078567906819, 0.06165714010134473], 5: [0.7752899157963203, -0.34307254658384684]}, 'solution': ([0, 1, 1, 1, 0, 1], 49.0)}",26,"{'optimizer': 'COBYLA', 'maxiter': 100, 'shots': 1024, 'parameter_strategy': 'RANDOM', 'x0': None, 'backend': <QAOA_Tester.Backend.NoisyEstimatorBackend object at 0x7f352648de40>}","[([0, 1, 0, 1, 0, 1], -44.0)]","[array([5.87152932, 6.14908793, 5.25543709, 6.17313779, 3.08416699,
       1.39414326, 0.42215163, 5.83239138, 3.36804531, 0.80382241,
       3.2764015 , 4.80258991, 0.16415818, 6.08913047, 4.16157145,
       3.92980325, 3.03901152, 0.70146997, 2.58623523, 2.31874391,
       4.22611243, 4.95663957, 0.27067556, 0.82592225, 1.82837467,
       0.83138789, 3.47239489, 1.57423703, 0.64439299, 0.65571068,
       1.74706604, 5.78247371, 4.68545881, 5.92156924, 2.7902443 ,
       4.78107369, 2.24922849, 1.07184532, 0.55624332, 2.17713273,
       0.95254094, 0.10585876, 4.7736312 , 2.64945589, 2.81687137,
       1.85043974, 4.3590964 , 2.67928629, 1.37981543, 2.92693817,
       1.74480426, 0.72601016])]",[621.2263615131378]
