,problem,layers,optimizer,solutions,parameters,time
0,"{'type': 'maxcut', 'graph': {'directed': False, 'multigraph': False, 'graph': {}, 'nodes': [{'id': 0}, {'id': 1}, {'id': 2}, {'id': 3}, {'id': 4}, {'id': 5}], 'links': [{'weight': 7, 'source': 0, 'target': 1}, {'weight': 6, 'source': 0, 'target': 2}, {'weight': 7, 'source': 0, 'target': 3}, {'weight': 4, 'source': 0, 'target': 4}, {'weight': 4, 'source': 0, 'target': 5}, {'weight': 2, 'source': 1, 'target': 2}, {'weight': 3, 'source': 1, 'target': 3}, {'weight': 8, 'source': 1, 'target': 4}, {'weight': 6, 'source': 1, 'target': 5}, {'weight': 1, 'source': 2, 'target': 3}, {'weight': 3, 'source': 2, 'target': 4}, {'weight': 1, 'source': 2, 'target': 5}, {'weight': 5, 'source': 3, 'target': 4}, {'weight': 3, 'source': 3, 'target': 5}, {'weight': 9, 'source': 4, 'target': 5}]}, 'position': {0: [-0.3530969605659351, 0.23653079210894307], 1: [-0.014831158988742517, -0.5502250464361691], 2: [-1.0, -0.1882379096458032], 3: [0.26073034696767516, 0.7833475704555309], 4: [0.3319078567906819, 0.06165714010134473], 5: [0.7752899157963203, -0.34307254658384684]}, 'solution': ([0, 1, 1, 1, 0, 1], 49.0)}",22,"{'optimizer': 'COBYLA', 'maxiter': 100, 'shots': 1024, 'parameter_strategy': 'RANDOM', 'x0': None, 'backend': <QAOA_Tester.Backend.NoisyEstimatorBackend object at 0x7ff33f338f70>}","[([1, 1, 1, 0, 0, 1], -38.0)]","[array([5.63921805, 0.99774815, 1.37690948, 2.93134998, 3.44144401,
       4.40548951, 1.11809174, 5.83271406, 3.72728757, 6.12319778,
       1.34457717, 4.3086946 , 1.00804018, 2.47799308, 2.39052728,
       6.20911675, 1.04753164, 4.04790235, 2.95071594, 5.6912431 ,
       3.97004789, 8.21028031, 3.0676959 , 5.30811351, 4.30489493,
       3.14729941, 1.67350175, 4.85206282, 3.227279  , 1.60696079,
       0.25006194, 6.05709532, 5.80166226, 0.13303512, 1.15148997,
       4.14698781, 6.06851506, 2.22573622, 0.62735063, 6.00685693,
       1.46981606, 1.32545904, 3.43078282, 4.95547193])]",[649.9827036857605]
