,problem,layers,optimizer,solutions,parameters,time
0,"{'type': 'maxcut', 'graph': {'directed': False, 'multigraph': False, 'graph': {}, 'nodes': [{'id': 0}, {'id': 1}, {'id': 2}, {'id': 3}, {'id': 4}, {'id': 5}], 'links': [{'weight': 7, 'source': 0, 'target': 1}, {'weight': 6, 'source': 0, 'target': 2}, {'weight': 7, 'source': 0, 'target': 3}, {'weight': 4, 'source': 0, 'target': 4}, {'weight': 4, 'source': 0, 'target': 5}, {'weight': 2, 'source': 1, 'target': 2}, {'weight': 3, 'source': 1, 'target': 3}, {'weight': 8, 'source': 1, 'target': 4}, {'weight': 6, 'source': 1, 'target': 5}, {'weight': 1, 'source': 2, 'target': 3}, {'weight': 3, 'source': 2, 'target': 4}, {'weight': 1, 'source': 2, 'target': 5}, {'weight': 5, 'source': 3, 'target': 4}, {'weight': 3, 'source': 3, 'target': 5}, {'weight': 9, 'source': 4, 'target': 5}]}, 'position': {0: [-0.3530969605659351, 0.23653079210894307], 1: [-0.014831158988742517, -0.5502250464361691], 2: [-1.0, -0.1882379096458032], 3: [0.26073034696767516, 0.7833475704555309], 4: [0.3319078567906819, 0.06165714010134473], 5: [0.7752899157963203, -0.34307254658384684]}, 'solution': ([0, 1, 1, 1, 0, 1], 49.0)}",27,"{'optimizer': 'COBYLA', 'maxiter': 100, 'shots': 1024, 'parameter_strategy': 'RANDOM', 'x0': None, 'backend': <QAOA_Tester.Backend.NoisyEstimatorBackend object at 0x7fbe2b0253f0>}","[([1, 1, 0, 1, 1, 1], -13.0)]","[array([3.50859222, 3.20878986, 0.76166737, 4.74175976, 2.97732047,
       1.01882812, 5.69858718, 0.48678573, 1.74415562, 0.10365057,
       0.24173374, 4.39015767, 0.22830161, 5.6304114 , 3.91689771,
       5.03386352, 2.96743966, 3.13177989, 1.7041765 , 3.31460814,
       1.05324082, 1.67971393, 0.03840195, 4.26305489, 5.34337678,
       0.64262739, 3.31003663, 0.47243105, 4.59439235, 0.79722616,
       2.20538916, 1.38507683, 2.43675908, 3.58521585, 2.35426784,
       1.19341127, 2.76882578, 2.33036388, 0.49120951, 5.81103155,
       1.48733741, 5.95356875, 6.10248175, 4.87729356, 4.66425488,
       2.40931465, 2.26922337, 5.94074095, 1.78744969, 4.71824284,
       2.41662173, 3.48207937, 5.77759494, 5.87501654])]",[645.9832277297974]
