,problem,layers,optimizer,solutions,parameters,time
0,"{'type': 'maxcut', 'graph': {'directed': False, 'multigraph': False, 'graph': {}, 'nodes': [{'id': 0}, {'id': 1}, {'id': 2}, {'id': 3}, {'id': 4}, {'id': 5}], 'links': [{'weight': 7, 'source': 0, 'target': 1}, {'weight': 6, 'source': 0, 'target': 2}, {'weight': 7, 'source': 0, 'target': 3}, {'weight': 4, 'source': 0, 'target': 4}, {'weight': 4, 'source': 0, 'target': 5}, {'weight': 2, 'source': 1, 'target': 2}, {'weight': 3, 'source': 1, 'target': 3}, {'weight': 8, 'source': 1, 'target': 4}, {'weight': 6, 'source': 1, 'target': 5}, {'weight': 1, 'source': 2, 'target': 3}, {'weight': 3, 'source': 2, 'target': 4}, {'weight': 1, 'source': 2, 'target': 5}, {'weight': 5, 'source': 3, 'target': 4}, {'weight': 3, 'source': 3, 'target': 5}, {'weight': 9, 'source': 4, 'target': 5}]}, 'position': {0: [-0.3530969605659351, 0.23653079210894307], 1: [-0.014831158988742517, -0.5502250464361691], 2: [-1.0, -0.1882379096458032], 3: [0.26073034696767516, 0.7833475704555309], 4: [0.3319078567906819, 0.06165714010134473], 5: [0.7752899157963203, -0.34307254658384684]}, 'solution': ([0, 1, 1, 1, 0, 1], 49.0)}",27,"{'optimizer': 'COBYLA', 'maxiter': 100, 'shots': 1024, 'parameter_strategy': 'RANDOM', 'x0': None, 'backend': <QAOA_Tester.Backend.NoisyEstimatorBackend object at 0x7f6b7a8a9720>}","[([1, 0, 0, 1, 1, 0], -44.0)]","[array([3.11990122, 0.80814946, 4.48710695, 1.03108277, 3.6183088 ,
       1.12717791, 1.99626312, 1.00375645, 3.7428357 , 5.5316294 ,
       3.33449587, 0.37460383, 1.79924228, 1.68691272, 1.2597689 ,
       5.72132698, 3.34621385, 3.2215725 , 3.44503827, 1.68387324,
       6.01152896, 0.92151291, 6.21211306, 0.6211443 , 4.57558324,
       2.77632672, 4.34681865, 5.27702506, 0.15526434, 4.66979556,
       4.80528883, 3.5072665 , 3.45963426, 6.04926508, 3.16799323,
       6.13066716, 3.78649888, 2.37228706, 1.46993074, 6.03049656,
       4.52662134, 0.19919407, 5.20440655, 5.40469619, 3.55046199,
       5.32164341, 2.95295661, 1.1165694 , 3.11490783, 5.23191573,
       5.19770232, 0.91431378, 2.09562157, 2.85272249])]",[678.8090624809265]
