,problem,layers,optimizer,solutions,parameters,time
0,"{'type': 'maxcut', 'graph': {'directed': False, 'multigraph': False, 'graph': {}, 'nodes': [{'id': 0}, {'id': 1}, {'id': 2}, {'id': 3}, {'id': 4}, {'id': 5}], 'links': [{'weight': 7, 'source': 0, 'target': 1}, {'weight': 6, 'source': 0, 'target': 2}, {'weight': 7, 'source': 0, 'target': 3}, {'weight': 4, 'source': 0, 'target': 4}, {'weight': 4, 'source': 0, 'target': 5}, {'weight': 2, 'source': 1, 'target': 2}, {'weight': 3, 'source': 1, 'target': 3}, {'weight': 8, 'source': 1, 'target': 4}, {'weight': 6, 'source': 1, 'target': 5}, {'weight': 1, 'source': 2, 'target': 3}, {'weight': 3, 'source': 2, 'target': 4}, {'weight': 1, 'source': 2, 'target': 5}, {'weight': 5, 'source': 3, 'target': 4}, {'weight': 3, 'source': 3, 'target': 5}, {'weight': 9, 'source': 4, 'target': 5}]}, 'position': {0: [-0.3530969605659351, 0.23653079210894307], 1: [-0.014831158988742517, -0.5502250464361691], 2: [-1.0, -0.1882379096458032], 3: [0.26073034696767516, 0.7833475704555309], 4: [0.3319078567906819, 0.06165714010134473], 5: [0.7752899157963203, -0.34307254658384684]}, 'solution': ([0, 1, 1, 1, 0, 1], 49.0)}",25,"{'optimizer': 'COBYLA', 'maxiter': 100, 'shots': 1024, 'parameter_strategy': 'RANDOM', 'x0': None, 'backend': <QAOA_Tester.Backend.NoisyEstimatorBackend object at 0x7f39f0fd5a80>}","[([1, 1, 0, 1, 1, 0], -34.0)]","[array([0.09760042, 6.16390168, 2.90220453, 1.54731929, 5.23142316,
       3.41537373, 3.39471044, 1.34753598, 0.95675512, 0.60829206,
       1.68697645, 1.71016202, 2.30884005, 1.31932747, 2.95157901,
       4.10167877, 3.12278866, 5.03086578, 4.33549858, 2.08013724,
       1.91376212, 4.35857523, 0.0529596 , 1.41402255, 1.39319752,
       1.12450873, 2.44765588, 1.78853205, 3.6919731 , 4.90662649,
       0.95864594, 5.98669891, 3.41416889, 2.27050798, 2.13219236,
       1.3209885 , 5.59986029, 3.54102722, 0.34466551, 2.8257807 ,
       5.22756368, 5.17827773, 4.9763121 , 1.86373935, 1.18865277,
       4.74477868, 4.42785982, 2.87588316, 0.02304002, 5.26724467])]",[629.2778611183167]
