,problem,layers,optimizer,solutions,parameters,time
0,"{'type': 'maxcut', 'graph': {'directed': False, 'multigraph': False, 'graph': {}, 'nodes': [{'id': 0}, {'id': 1}, {'id': 2}, {'id': 3}, {'id': 4}, {'id': 5}], 'links': [{'weight': 7, 'source': 0, 'target': 1}, {'weight': 6, 'source': 0, 'target': 2}, {'weight': 7, 'source': 0, 'target': 3}, {'weight': 4, 'source': 0, 'target': 4}, {'weight': 4, 'source': 0, 'target': 5}, {'weight': 2, 'source': 1, 'target': 2}, {'weight': 3, 'source': 1, 'target': 3}, {'weight': 8, 'source': 1, 'target': 4}, {'weight': 6, 'source': 1, 'target': 5}, {'weight': 1, 'source': 2, 'target': 3}, {'weight': 3, 'source': 2, 'target': 4}, {'weight': 1, 'source': 2, 'target': 5}, {'weight': 5, 'source': 3, 'target': 4}, {'weight': 3, 'source': 3, 'target': 5}, {'weight': 9, 'source': 4, 'target': 5}]}, 'position': {0: [-0.3530969605659351, 0.23653079210894307], 1: [-0.014831158988742517, -0.5502250464361691], 2: [-1.0, -0.1882379096458032], 3: [0.26073034696767516, 0.7833475704555309], 4: [0.3319078567906819, 0.06165714010134473], 5: [0.7752899157963203, -0.34307254658384684]}, 'solution': ([0, 1, 1, 1, 0, 1], 49.0)}",28,"{'optimizer': 'COBYLA', 'maxiter': 100, 'shots': 1024, 'parameter_strategy': 'RANDOM', 'x0': None, 'backend': <QAOA_Tester.Backend.NoisyEstimatorBackend object at 0x7f335eb07ee0>}","[([0, 1, 1, 1, 0, 1], -49.0)]","[array([2.30881932, 0.74666957, 0.0768315 , 1.02439805, 2.59096876,
       2.96790838, 0.23469814, 4.84330098, 0.55392657, 0.75572878,
       3.39866683, 6.23126079, 3.59580692, 0.25442626, 3.04521266,
       1.30694227, 0.55450754, 0.9710106 , 5.5440574 , 3.08113042,
       0.1843029 , 2.417461  , 2.58281557, 2.45413904, 6.06468467,
       2.78644047, 5.28006417, 4.66410832, 0.66380034, 3.19132614,
       5.83564825, 1.47760067, 1.7525686 , 4.3075152 , 1.9822766 ,
       5.07955038, 3.15583572, 1.35056434, 0.25950158, 1.06911343,
       2.41103524, 4.53379128, 5.78282284, 2.90308188, 4.12970605,
       1.70374952, 5.30519032, 5.60000066, 4.03312324, 4.3664469 ,
       5.7860746 , 4.29561048, 5.36476627, 2.03516706, 0.63075003,
       0.1500687 ])]",[647.1921508312225]
