,problem,layers,optimizer,solutions,parameters,time
0,"{'type': 'maxcut', 'graph': {'directed': False, 'multigraph': False, 'graph': {}, 'nodes': [{'id': 0}, {'id': 1}, {'id': 2}, {'id': 3}, {'id': 4}, {'id': 5}], 'links': [{'weight': 7, 'source': 0, 'target': 1}, {'weight': 6, 'source': 0, 'target': 2}, {'weight': 7, 'source': 0, 'target': 3}, {'weight': 4, 'source': 0, 'target': 4}, {'weight': 4, 'source': 0, 'target': 5}, {'weight': 2, 'source': 1, 'target': 2}, {'weight': 3, 'source': 1, 'target': 3}, {'weight': 8, 'source': 1, 'target': 4}, {'weight': 6, 'source': 1, 'target': 5}, {'weight': 1, 'source': 2, 'target': 3}, {'weight': 3, 'source': 2, 'target': 4}, {'weight': 1, 'source': 2, 'target': 5}, {'weight': 5, 'source': 3, 'target': 4}, {'weight': 3, 'source': 3, 'target': 5}, {'weight': 9, 'source': 4, 'target': 5}]}, 'position': {0: [-0.3530969605659351, 0.23653079210894307], 1: [-0.014831158988742517, -0.5502250464361691], 2: [-1.0, -0.1882379096458032], 3: [0.26073034696767516, 0.7833475704555309], 4: [0.3319078567906819, 0.06165714010134473], 5: [0.7752899157963203, -0.34307254658384684]}, 'solution': ([0, 1, 1, 1, 0, 1], 49.0)}",28,"{'optimizer': 'COBYLA', 'maxiter': 100, 'shots': 1024, 'parameter_strategy': 'RANDOM', 'x0': None, 'backend': <QAOA_Tester.Backend.NoisyEstimatorBackend object at 0x7f031606d2a0>}","[([1, 1, 1, 0, 1, 1], -19.0)]","[array([-0.04054336,  6.25225108,  2.61741737,  5.90966184,  4.55555685,
        5.45200868,  4.62116394,  6.10419063,  0.19733609,  0.86180125,
        6.36600742,  1.17180974,  0.41619478,  4.85379024,  5.64226644,
        1.3977736 ,  2.83857518,  3.42444295,  3.43298104,  4.63647319,
        1.59215226,  2.91118117,  0.20913057,  5.89433789,  6.10334833,
        2.68657059,  5.93424388,  3.5677042 ,  0.93010516,  3.31112264,
        1.58360213,  4.60715886,  0.81493484,  6.15794186,  1.18289819,
        1.53452019,  4.4909129 ,  0.03907269,  3.69270707,  3.9210613 ,
        5.3130351 ,  3.10378416,  4.08725628,  5.29597102,  0.05829422,
        5.06625007,  4.31220627,  3.66995934,  3.17530135,  3.15682941,
        1.58311708,  0.72499246,  5.31842209,  6.14369122,  3.99772633,
        1.11596785])]",[670.5257611274719]
