,problem,layers,optimizer,solutions,parameters,time
0,"{'type': 'maxcut', 'graph': {'directed': False, 'multigraph': False, 'graph': {}, 'nodes': [{'id': 0}, {'id': 1}, {'id': 2}, {'id': 3}, {'id': 4}, {'id': 5}], 'links': [{'weight': 7, 'source': 0, 'target': 1}, {'weight': 6, 'source': 0, 'target': 2}, {'weight': 7, 'source': 0, 'target': 3}, {'weight': 4, 'source': 0, 'target': 4}, {'weight': 4, 'source': 0, 'target': 5}, {'weight': 2, 'source': 1, 'target': 2}, {'weight': 3, 'source': 1, 'target': 3}, {'weight': 8, 'source': 1, 'target': 4}, {'weight': 6, 'source': 1, 'target': 5}, {'weight': 1, 'source': 2, 'target': 3}, {'weight': 3, 'source': 2, 'target': 4}, {'weight': 1, 'source': 2, 'target': 5}, {'weight': 5, 'source': 3, 'target': 4}, {'weight': 3, 'source': 3, 'target': 5}, {'weight': 9, 'source': 4, 'target': 5}]}, 'position': {0: [-0.3530969605659351, 0.23653079210894307], 1: [-0.014831158988742517, -0.5502250464361691], 2: [-1.0, -0.1882379096458032], 3: [0.26073034696767516, 0.7833475704555309], 4: [0.3319078567906819, 0.06165714010134473], 5: [0.7752899157963203, -0.34307254658384684]}, 'solution': ([0, 1, 1, 1, 0, 1], 49.0)}",26,"{'optimizer': 'COBYLA', 'maxiter': 100, 'shots': 1024, 'parameter_strategy': 'RANDOM', 'x0': None, 'backend': <QAOA_Tester.Backend.NoisyEstimatorBackend object at 0x7fd077ac9150>}","[([0, 0, 1, 0, 0, 0], -13.0)]","[array([6.16786918e+00, 1.06237920e+00, 2.56855851e+00, 2.15877716e+00,
       3.02908945e+00, 1.51734851e+00, 5.20679867e+00, 3.40625131e+00,
       4.35604239e+00, 6.26225899e+00, 4.90068854e+00, 3.40214062e+00,
       2.50462319e+00, 3.12302534e+00, 2.28496407e-01, 5.63163552e+00,
       3.28995619e+00, 3.84416098e-01, 1.69450361e+00, 2.98012547e+00,
       1.69721459e+00, 4.52731667e-01, 3.33359464e+00, 3.13189426e+00,
       4.01870248e+00, 2.04704554e+00, 2.59883142e-01, 4.22503571e+00,
       3.78959667e+00, 6.85323177e-01, 7.72803646e-01, 4.93536522e+00,
       4.54094007e+00, 9.15012991e-01, 3.23121572e+00, 1.16357743e+00,
       5.24685529e+00, 5.67873874e+00, 8.33520557e-01, 1.61739511e+00,
       4.19839644e+00, 5.68564931e+00, 1.15249335e+00, 1.35109854e+00,
       9.89253480e-01, 4.97970866e-03, 4.18946649e+00, 2.98801394e+00,
       1.26527214e+00, 3.43410705e+00, 2.61629781e+00, 6.73685743e+00])]",[637.7829957008362]
