,problem,layers,optimizer,solutions,parameters,time
0,"{'type': 'maxcut', 'graph': {'directed': False, 'multigraph': False, 'graph': {}, 'nodes': [{'id': 0}, {'id': 1}, {'id': 2}, {'id': 3}, {'id': 4}, {'id': 5}], 'links': [{'weight': 7, 'source': 0, 'target': 1}, {'weight': 6, 'source': 0, 'target': 2}, {'weight': 7, 'source': 0, 'target': 3}, {'weight': 4, 'source': 0, 'target': 4}, {'weight': 4, 'source': 0, 'target': 5}, {'weight': 2, 'source': 1, 'target': 2}, {'weight': 3, 'source': 1, 'target': 3}, {'weight': 8, 'source': 1, 'target': 4}, {'weight': 6, 'source': 1, 'target': 5}, {'weight': 1, 'source': 2, 'target': 3}, {'weight': 3, 'source': 2, 'target': 4}, {'weight': 1, 'source': 2, 'target': 5}, {'weight': 5, 'source': 3, 'target': 4}, {'weight': 3, 'source': 3, 'target': 5}, {'weight': 9, 'source': 4, 'target': 5}]}, 'position': {0: [-0.3530969605659351, 0.23653079210894307], 1: [-0.014831158988742517, -0.5502250464361691], 2: [-1.0, -0.1882379096458032], 3: [0.26073034696767516, 0.7833475704555309], 4: [0.3319078567906819, 0.06165714010134473], 5: [0.7752899157963203, -0.34307254658384684]}, 'solution': ([0, 1, 1, 1, 0, 1], 49.0)}",23,"{'optimizer': 'COBYLA', 'maxiter': 100, 'shots': 1024, 'parameter_strategy': 'RANDOM', 'x0': None, 'backend': <QAOA_Tester.Backend.NoisyEstimatorBackend object at 0x7fdb9eda3d90>}","[([0, 1, 1, 0, 1, 1], -33.0)]","[array([1.19248494, 1.67306934, 3.06877844, 3.8761208 , 2.47708094,
       1.19797695, 0.93506401, 1.94093667, 3.53146099, 5.73317446,
       0.38539447, 0.44300361, 5.05318806, 4.25362942, 2.84325147,
       0.38930482, 2.93356504, 3.23603113, 1.56552774, 1.48045753,
       3.44196671, 2.09249279, 5.63847587, 1.71197306, 4.66322582,
       5.93325634, 4.57670595, 1.03679935, 1.54417579, 3.3608615 ,
       0.59694306, 0.69921939, 0.87622983, 5.68682666, 6.04227719,
       2.83219994, 3.66754369, 5.66225332, 5.27768211, 1.76095424,
       4.70023601, 1.8076374 , 1.39645686, 3.53722772, 3.79116829,
       5.14157928])]",[673.0496006011963]
