,problem,layers,optimizer,solutions,parameters,time
0,"{'type': 'maxcut', 'graph': {'directed': False, 'multigraph': False, 'graph': {}, 'nodes': [{'id': 0}, {'id': 1}, {'id': 2}, {'id': 3}, {'id': 4}, {'id': 5}], 'links': [{'weight': 7, 'source': 0, 'target': 1}, {'weight': 6, 'source': 0, 'target': 2}, {'weight': 7, 'source': 0, 'target': 3}, {'weight': 4, 'source': 0, 'target': 4}, {'weight': 4, 'source': 0, 'target': 5}, {'weight': 2, 'source': 1, 'target': 2}, {'weight': 3, 'source': 1, 'target': 3}, {'weight': 8, 'source': 1, 'target': 4}, {'weight': 6, 'source': 1, 'target': 5}, {'weight': 1, 'source': 2, 'target': 3}, {'weight': 3, 'source': 2, 'target': 4}, {'weight': 1, 'source': 2, 'target': 5}, {'weight': 5, 'source': 3, 'target': 4}, {'weight': 3, 'source': 3, 'target': 5}, {'weight': 9, 'source': 4, 'target': 5}]}, 'position': {0: [-0.3530969605659351, 0.23653079210894307], 1: [-0.014831158988742517, -0.5502250464361691], 2: [-1.0, -0.1882379096458032], 3: [0.26073034696767516, 0.7833475704555309], 4: [0.3319078567906819, 0.06165714010134473], 5: [0.7752899157963203, -0.34307254658384684]}, 'solution': ([0, 1, 1, 1, 0, 1], 49.0)}",30,"{'optimizer': 'COBYLA', 'maxiter': 100, 'shots': 1024, 'parameter_strategy': 'RANDOM', 'x0': None, 'backend': <QAOA_Tester.Backend.NoisyEstimatorBackend object at 0x7fc3d9755630>}","[([1, 1, 0, 1, 0, 1], -36.0)]","[array([0.23347482, 2.87893335, 6.04164644, 4.86476882, 4.75513948,
       0.73063795, 5.05172264, 3.46828124, 0.86043176, 4.40840427,
       5.85512497, 5.64187709, 4.98615766, 3.72823896, 5.25602333,
       3.36624601, 2.90368955, 2.47314719, 3.5696907 , 5.33062737,
       3.25906207, 4.45438801, 1.15406761, 5.77581883, 3.94815228,
       1.68404718, 0.85071626, 2.24262544, 4.16686818, 2.90416533,
       3.42689578, 0.73324997, 1.03163285, 5.27593492, 5.26365016,
       2.77672104, 3.40094806, 3.83209912, 1.1194253 , 1.5793661 ,
       3.20715859, 5.38197072, 5.18927286, 4.43022405, 0.47528579,
       3.46932882, 1.50256448, 3.82571488, 0.9521394 , 2.62423093,
       3.31790071, 1.64906028, 6.13314446, 0.95631323, 3.77846801,
       4.74030412, 3.98260917, 3.32091256, 3.48395842, 3.91286201])]",[665.8736886978149]
