,problem,layers,optimizer,solutions,parameters,time
0,"{'type': 'maxcut', 'graph': {'directed': False, 'multigraph': False, 'graph': {}, 'nodes': [{'id': 0}, {'id': 1}, {'id': 2}, {'id': 3}, {'id': 4}, {'id': 5}], 'links': [{'weight': 7, 'source': 0, 'target': 1}, {'weight': 6, 'source': 0, 'target': 2}, {'weight': 7, 'source': 0, 'target': 3}, {'weight': 4, 'source': 0, 'target': 4}, {'weight': 4, 'source': 0, 'target': 5}, {'weight': 2, 'source': 1, 'target': 2}, {'weight': 3, 'source': 1, 'target': 3}, {'weight': 8, 'source': 1, 'target': 4}, {'weight': 6, 'source': 1, 'target': 5}, {'weight': 1, 'source': 2, 'target': 3}, {'weight': 3, 'source': 2, 'target': 4}, {'weight': 1, 'source': 2, 'target': 5}, {'weight': 5, 'source': 3, 'target': 4}, {'weight': 3, 'source': 3, 'target': 5}, {'weight': 9, 'source': 4, 'target': 5}]}, 'position': {0: [-0.3530969605659351, 0.23653079210894307], 1: [-0.014831158988742517, -0.5502250464361691], 2: [-1.0, -0.1882379096458032], 3: [0.26073034696767516, 0.7833475704555309], 4: [0.3319078567906819, 0.06165714010134473], 5: [0.7752899157963203, -0.34307254658384684]}, 'solution': ([0, 1, 1, 1, 0, 1], 49.0)}",22,"{'optimizer': 'COBYLA', 'maxiter': 100, 'shots': 1024, 'parameter_strategy': 'RANDOM', 'x0': None, 'backend': <QAOA_Tester.Backend.NoisyEstimatorBackend object at 0x7fa68ce5ff10>}","[([1, 0, 0, 1, 1, 1], -35.0)]","[array([2.40856947, 3.52327839, 2.1186787 , 6.11898718, 0.79379264,
       5.15290554, 5.0660744 , 4.0475762 , 3.81972919, 2.81318285,
       2.58831571, 5.55829485, 0.53099982, 2.92644954, 3.96872059,
       0.53737085, 0.79827244, 4.67075521, 0.19044881, 3.66455184,
       2.31832283, 6.04014943, 6.13910374, 4.2216192 , 3.51303153,
       5.73753065, 0.48716073, 4.3092462 , 0.34956348, 2.72636321,
       2.93454301, 1.66532855, 6.2375068 , 0.83528825, 1.65329349,
       2.73586259, 0.53387042, 3.89348181, 2.36139117, 4.85764338,
       5.98024117, 5.49716744, 1.99704911, 3.1924045 ])]",[662.9917159080505]
