,problem,layers,optimizer,solutions,parameters,time
0,"{'type': 'maxcut', 'graph': {'directed': False, 'multigraph': False, 'graph': {}, 'nodes': [{'id': 0}, {'id': 1}, {'id': 2}, {'id': 3}, {'id': 4}, {'id': 5}], 'links': [{'weight': 7, 'source': 0, 'target': 1}, {'weight': 6, 'source': 0, 'target': 2}, {'weight': 7, 'source': 0, 'target': 3}, {'weight': 4, 'source': 0, 'target': 4}, {'weight': 4, 'source': 0, 'target': 5}, {'weight': 2, 'source': 1, 'target': 2}, {'weight': 3, 'source': 1, 'target': 3}, {'weight': 8, 'source': 1, 'target': 4}, {'weight': 6, 'source': 1, 'target': 5}, {'weight': 1, 'source': 2, 'target': 3}, {'weight': 3, 'source': 2, 'target': 4}, {'weight': 1, 'source': 2, 'target': 5}, {'weight': 5, 'source': 3, 'target': 4}, {'weight': 3, 'source': 3, 'target': 5}, {'weight': 9, 'source': 4, 'target': 5}]}, 'position': {0: [-0.3530969605659351, 0.23653079210894307], 1: [-0.014831158988742517, -0.5502250464361691], 2: [-1.0, -0.1882379096458032], 3: [0.26073034696767516, 0.7833475704555309], 4: [0.3319078567906819, 0.06165714010134473], 5: [0.7752899157963203, -0.34307254658384684]}, 'solution': ([0, 1, 1, 1, 0, 1], 49.0)}",28,"{'optimizer': 'COBYLA', 'maxiter': 100, 'shots': 1024, 'parameter_strategy': 'RANDOM', 'x0': None, 'backend': <QAOA_Tester.Backend.NoisyEstimatorBackend object at 0x7fac026bfb80>}","[([0, 1, 1, 1, 1, 1], -28.0)]","[array([3.41767027, 0.09886749, 6.23846568, 5.54359583, 1.54130039,
       3.41159375, 5.83689119, 1.23833563, 6.36685941, 0.62116696,
       2.29369687, 6.11701753, 0.74735029, 5.2370891 , 4.02206977,
       0.51979546, 4.9043611 , 2.78808328, 0.83098515, 5.62157221,
       1.29968451, 6.10709236, 0.31467653, 3.19418957, 4.84946336,
       3.64116119, 1.93585614, 4.48013177, 4.21808215, 3.99610756,
       2.11630437, 5.01828787, 1.08305998, 3.33756541, 3.91374779,
       2.48632809, 3.90204579, 6.27144319, 0.63928199, 1.58598902,
       5.41386878, 4.17950191, 0.21031688, 3.98551175, 3.44021678,
       3.52056367, 4.44050154, 5.58323631, 0.84128847, 1.27952787,
       1.0503608 , 5.04184241, 0.22240325, 2.78487703, 1.18718463,
       2.0275889 ])]",[650.5388796329498]
