,problem,layers,optimizer,solutions,parameters,time
0,"{'type': 'maxcut', 'graph': {'directed': False, 'multigraph': False, 'graph': {}, 'nodes': [{'id': 0}, {'id': 1}, {'id': 2}, {'id': 3}, {'id': 4}, {'id': 5}], 'links': [{'weight': 7, 'source': 0, 'target': 1}, {'weight': 6, 'source': 0, 'target': 2}, {'weight': 7, 'source': 0, 'target': 3}, {'weight': 4, 'source': 0, 'target': 4}, {'weight': 4, 'source': 0, 'target': 5}, {'weight': 2, 'source': 1, 'target': 2}, {'weight': 3, 'source': 1, 'target': 3}, {'weight': 8, 'source': 1, 'target': 4}, {'weight': 6, 'source': 1, 'target': 5}, {'weight': 1, 'source': 2, 'target': 3}, {'weight': 3, 'source': 2, 'target': 4}, {'weight': 1, 'source': 2, 'target': 5}, {'weight': 5, 'source': 3, 'target': 4}, {'weight': 3, 'source': 3, 'target': 5}, {'weight': 9, 'source': 4, 'target': 5}]}, 'position': {0: [-0.3530969605659351, 0.23653079210894307], 1: [-0.014831158988742517, -0.5502250464361691], 2: [-1.0, -0.1882379096458032], 3: [0.26073034696767516, 0.7833475704555309], 4: [0.3319078567906819, 0.06165714010134473], 5: [0.7752899157963203, -0.34307254658384684]}, 'solution': ([0, 1, 1, 1, 0, 1], 49.0)}",23,"{'optimizer': 'COBYLA', 'maxiter': 100, 'shots': 1024, 'parameter_strategy': 'RANDOM', 'x0': None, 'backend': <QAOA_Tester.Backend.NoisyEstimatorBackend object at 0x7f219ae06260>}","[([0, 0, 1, 0, 1, 0], -36.0)]","[array([4.26757375, 1.09898643, 3.82528443, 5.0447238 , 5.02649281,
       5.69146439, 0.90210013, 1.52156626, 4.3127178 , 4.57819153,
       2.50018276, 2.89389686, 3.96520883, 4.80836751, 3.39381244,
       3.84838261, 3.71628519, 2.16765969, 4.83441321, 2.55208718,
       5.89239183, 3.68969271, 5.78214783, 5.21729983, 4.86753827,
       5.66782701, 6.1165307 , 2.64120285, 3.65493985, 5.12139927,
       4.89535173, 6.07059659, 5.97452894, 4.31656953, 5.49294153,
       5.54927817, 4.14592788, 5.07591314, 1.99647557, 2.35465131,
       1.1404451 , 5.48224748, 5.14845069, 4.27768289, 5.34557845,
       4.578755  ])]",[619.4250047206879]
