,problem,layers,optimizer,solutions,parameters,time
0,"{'type': 'maxcut', 'graph': {'directed': False, 'multigraph': False, 'graph': {}, 'nodes': [{'id': 0}, {'id': 1}, {'id': 2}, {'id': 3}, {'id': 4}, {'id': 5}], 'links': [{'weight': 7, 'source': 0, 'target': 1}, {'weight': 6, 'source': 0, 'target': 2}, {'weight': 7, 'source': 0, 'target': 3}, {'weight': 4, 'source': 0, 'target': 4}, {'weight': 4, 'source': 0, 'target': 5}, {'weight': 2, 'source': 1, 'target': 2}, {'weight': 3, 'source': 1, 'target': 3}, {'weight': 8, 'source': 1, 'target': 4}, {'weight': 6, 'source': 1, 'target': 5}, {'weight': 1, 'source': 2, 'target': 3}, {'weight': 3, 'source': 2, 'target': 4}, {'weight': 1, 'source': 2, 'target': 5}, {'weight': 5, 'source': 3, 'target': 4}, {'weight': 3, 'source': 3, 'target': 5}, {'weight': 9, 'source': 4, 'target': 5}]}, 'position': {0: [-0.3530969605659351, 0.23653079210894307], 1: [-0.014831158988742517, -0.5502250464361691], 2: [-1.0, -0.1882379096458032], 3: [0.26073034696767516, 0.7833475704555309], 4: [0.3319078567906819, 0.06165714010134473], 5: [0.7752899157963203, -0.34307254658384684]}, 'solution': ([0, 1, 1, 1, 0, 1], 49.0)}",22,"{'optimizer': 'COBYLA', 'maxiter': 100, 'shots': 1024, 'parameter_strategy': 'RANDOM', 'x0': None, 'backend': <QAOA_Tester.Backend.NoisyEstimatorBackend object at 0x7fa35f314190>}","[([0, 0, 0, 1, 1, 1], -37.0)]","[array([1.1445033 , 2.58340569, 1.05575735, 4.43042953, 3.81900271,
       1.61993222, 5.51985233, 1.78231979, 3.20377578, 0.64112198,
       2.71572899, 5.9430928 , 3.71009568, 4.28952236, 0.06903223,
       2.9493122 , 1.01314037, 5.51808872, 3.38546539, 1.60297553,
       5.7543505 , 5.53609079, 5.13511023, 1.54590451, 3.53513733,
       0.47219668, 0.3615997 , 2.25265138, 3.65834105, 5.09887854,
       2.1810893 , 4.99695377, 1.59943986, 4.57706669, 1.31724822,
       1.69522961, 3.48027419, 4.98464434, 0.56250377, 6.17664954,
       3.13131392, 6.20258868, 3.82909456, 0.64755801])]",[664.9727320671082]
