,problem,layers,optimizer,solutions,parameters,time
0,"{'type': 'maxcut', 'graph': {'directed': False, 'multigraph': False, 'graph': {}, 'nodes': [{'id': 0}, {'id': 1}, {'id': 2}, {'id': 3}, {'id': 4}, {'id': 5}], 'links': [{'weight': 7, 'source': 0, 'target': 1}, {'weight': 6, 'source': 0, 'target': 2}, {'weight': 7, 'source': 0, 'target': 3}, {'weight': 4, 'source': 0, 'target': 4}, {'weight': 4, 'source': 0, 'target': 5}, {'weight': 2, 'source': 1, 'target': 2}, {'weight': 3, 'source': 1, 'target': 3}, {'weight': 8, 'source': 1, 'target': 4}, {'weight': 6, 'source': 1, 'target': 5}, {'weight': 1, 'source': 2, 'target': 3}, {'weight': 3, 'source': 2, 'target': 4}, {'weight': 1, 'source': 2, 'target': 5}, {'weight': 5, 'source': 3, 'target': 4}, {'weight': 3, 'source': 3, 'target': 5}, {'weight': 9, 'source': 4, 'target': 5}]}, 'position': {0: [-0.3530969605659351, 0.23653079210894307], 1: [-0.014831158988742517, -0.5502250464361691], 2: [-1.0, -0.1882379096458032], 3: [0.26073034696767516, 0.7833475704555309], 4: [0.3319078567906819, 0.06165714010134473], 5: [0.7752899157963203, -0.34307254658384684]}, 'solution': ([0, 1, 1, 1, 0, 1], 49.0)}",28,"{'optimizer': 'COBYLA', 'maxiter': 100, 'shots': 1024, 'parameter_strategy': 'RANDOM', 'x0': None, 'backend': <QAOA_Tester.Backend.NoisyEstimatorBackend object at 0x7feed913c640>}","[([1, 1, 1, 0, 1, 1], -19.0)]","[array([2.57742835, 0.38420251, 5.43594001, 5.40271021, 1.9847236 ,
       3.02820813, 0.54630674, 1.26182933, 5.09362858, 3.11282439,
       3.0030457 , 1.95086731, 0.3338755 , 1.90735181, 3.01513928,
       4.33700412, 1.92958495, 5.48280227, 0.474995  , 5.19339502,
       0.28521024, 2.14196229, 3.11527393, 4.39201275, 1.00872308,
       3.69679707, 2.23030485, 2.81284658, 2.08662898, 5.9692871 ,
       0.31059542, 0.04956319, 2.31138972, 1.07188973, 0.76195539,
       5.40191083, 1.5629561 , 5.29659729, 0.88481722, 3.00345378,
       4.02336526, 0.75898703, 2.29714293, 1.91793871, 5.41024644,
       0.33769578, 1.38406857, 2.77783703, 0.47377476, 5.00171647,
       3.0045158 , 0.08188346, 0.62182931, 0.44665459, 4.99458762,
       2.19097497])]",[649.3251488208771]
