,problem,layers,optimizer,solutions,parameters,time
0,"{'type': 'knapsack', 'items': [{'weight': 19, 'profit': 63, 'color': 'green'}, {'weight': 15, 'profit': 59, 'color': 'orange'}, {'weight': 10, 'profit': 55, 'color': 'yellow'}], 'constraint': 22}",19,"{'optimizer': 'COBYLA', 'maxiter': 100, 'shots': 1024, 'parameter_strategy': 'RANDOM', 'x0': None, 'backend': <QAOA_Tester.Backend.NoisyEstimatorBackend object at 0x7fd5cd7a7f40>}","[([1, 1, 1, 1, 0, 0, 0, 0], 93985.0)]","[array([ 4.28286468,  0.70996091,  5.2101026 ,  3.01563872, -0.03400818,
        5.15612644,  2.33192229,  1.18601265,  0.07194992,  3.61064141,
        1.14049351,  5.04882158,  2.83395779,  3.7767354 ,  2.83533152,
        0.67757038,  0.061366  ,  2.49619378,  5.66895619,  5.26225241,
        1.44377982,  5.31572304,  4.11883274,  1.73334488,  2.03770728,
        5.87840305,  2.8014879 ,  3.9305953 ,  1.26794171,  2.70952659,
        0.12097185,  0.78642203,  5.24622406,  5.78226506,  5.64207316,
        4.31207269,  3.46060841,  4.78527232])]",[649.1624624729156]
