,problem,layers,optimizer,solutions,parameters,time
0,"{'type': 'knapsack', 'items': [{'weight': 19, 'profit': 63, 'color': 'green'}, {'weight': 15, 'profit': 59, 'color': 'orange'}, {'weight': 10, 'profit': 55, 'color': 'yellow'}], 'constraint': 22}",20,"{'optimizer': 'COBYLA', 'maxiter': 100, 'shots': 1024, 'parameter_strategy': 'RANDOM', 'x0': None, 'backend': <QAOA_Tester.Backend.NoisyEstimatorBackend object at 0x7f1620fe3fd0>}","[([0, 1, 0, 0, 1, 1, 1, 0], 8663.0)]","[array([-0.13119295,  0.94898788,  5.64484284,  5.4233158 ,  0.58365091,
        5.90331236,  3.87814926,  1.33329136,  0.59149658,  2.50889954,
        4.58884569,  2.17344664,  4.82666411,  3.02748848,  3.22858924,
        4.42302091,  2.32521745,  5.81050939,  2.94884185,  3.78290127,
        0.32695147,  2.63896202,  6.19900424,  1.78589878,  4.96799911,
        4.99792052,  0.84894954,  0.59137499,  1.18180716,  4.0879057 ,
        0.73790204,  0.21203548,  2.3309279 ,  1.77071971,  3.8782377 ,
        3.51608859,  4.65604405,  4.24659637,  5.21116034,  5.21884552])]",[637.6557896137238]
