,problem,layers,optimizer,solutions,parameters,time
0,"{'type': 'knapsack', 'items': [{'weight': 19, 'profit': 63, 'color': 'green'}, {'weight': 15, 'profit': 59, 'color': 'orange'}, {'weight': 10, 'profit': 55, 'color': 'yellow'}], 'constraint': 22}",26,"{'optimizer': 'COBYLA', 'maxiter': 100, 'shots': 1024, 'parameter_strategy': 'RANDOM', 'x0': None, 'backend': <QAOA_Tester.Backend.NoisyEstimatorBackend object at 0x7faa25a72050>}","[([1, 0, 1, 1, 0, 0, 1, 0], 45450.0)]","[array([ 5.55494924,  3.97005138,  0.29414657,  0.26837462,  1.23886971,
        4.6813987 ,  1.27774311,  4.56969544,  3.46472249,  3.49754582,
        3.04408799,  4.1304466 ,  3.73652065,  1.78556618,  1.79638663,
        4.15627086,  2.98912145,  4.11415429,  0.72844   , -0.00686608,
        6.25355662,  5.18535869,  1.15208259,  5.77299847,  4.3013966 ,
        4.88340608,  4.23814741,  4.45472028,  4.08312257,  3.42604392,
        6.16576097,  3.69493659,  5.77155581,  5.65670869,  3.40414169,
        0.23468618,  4.84323896,  0.64442571,  0.55568639,  5.81147659,
        4.50375176,  1.36582101,  0.74748909,  0.32014376,  0.35248243,
        2.26194366,  4.53458606,  1.59953888,  4.67375506,  4.9965343 ,
        2.30504966,  5.55526814])]",[736.553056716919]
