,problem,layers,optimizer,solutions,parameters,time
0,"{'type': 'knapsack', 'items': [{'weight': 19, 'profit': 63, 'color': 'green'}, {'weight': 15, 'profit': 59, 'color': 'orange'}, {'weight': 10, 'profit': 55, 'color': 'yellow'}], 'constraint': 22}",25,"{'optimizer': 'COBYLA', 'maxiter': 100, 'shots': 1024, 'parameter_strategy': 'RANDOM', 'x0': None, 'backend': <QAOA_Tester.Backend.NoisyEstimatorBackend object at 0x7f9c43667fa0>}","[([1, 0, 1, 0, 0, 0, 1, 0], 39932.0)]","[array([4.92764767, 2.0422043 , 6.29468987, 4.95170511, 3.11616145,
       2.45279438, 5.34703868, 5.740547  , 1.72423922, 2.73847079,
       0.54294317, 3.89317736, 3.38752426, 2.50752575, 2.32899136,
       1.64113108, 6.19478034, 3.98094998, 2.14341322, 3.49865191,
       0.90134725, 0.44047423, 3.79825081, 4.62053324, 3.30715431,
       5.76202009, 4.14959234, 4.18987514, 3.28685307, 2.55713892,
       0.54040194, 1.32955889, 5.21874395, 0.2390607 , 3.7607863 ,
       3.46192449, 4.07558758, 5.04872352, 5.91751648, 5.32524966,
       5.31349114, 1.668612  , 1.62886283, 1.60168587, 0.02230666,
       5.04984984, 1.96855094, 5.82892848, 3.49849675, 0.8141131 ])]",[710.4892663955688]
