,problem,layers,optimizer,solutions,parameters,time
0,"{'type': 'knapsack', 'items': [{'weight': 19, 'profit': 63, 'color': 'green'}, {'weight': 15, 'profit': 59, 'color': 'orange'}, {'weight': 10, 'profit': 55, 'color': 'yellow'}], 'constraint': 22}",23,"{'optimizer': 'COBYLA', 'maxiter': 100, 'shots': 1024, 'parameter_strategy': 'RANDOM', 'x0': None, 'backend': <QAOA_Tester.Backend.NoisyEstimatorBackend object at 0x7f99bdab6650>}","[([0, 1, 0, 1, 1, 1, 0, 1], 8663.0)]","[array([2.51905736, 0.09912606, 2.2805179 , 4.06226702, 3.17717301,
       5.12324268, 4.77692124, 2.45589335, 1.53965861, 5.50278372,
       4.22702089, 6.07875218, 2.13997827, 4.05843561, 6.07340568,
       6.10979746, 5.83925924, 2.64400135, 1.30535003, 0.84540665,
       1.31108997, 3.51035772, 4.5528156 , 3.68759225, 6.08730347,
       3.11678525, 2.50045809, 0.05675481, 0.48247652, 6.12563938,
       3.94684995, 0.81817719, 5.99383463, 1.72220533, 1.48287227,
       3.75023467, 3.98402771, 0.84513774, 6.00282124, 6.25939782,
       3.75510486, 2.04554984, 4.58968347, 4.91710818, 5.27023604,
       1.88430041])]",[690.0965306758881]
