,problem,layers,optimizer,solutions,parameters,time
0,"{'type': 'knapsack', 'items': [{'weight': 19, 'profit': 63, 'color': 'green'}, {'weight': 15, 'profit': 59, 'color': 'orange'}, {'weight': 10, 'profit': 55, 'color': 'yellow'}], 'constraint': 22}",30,"{'optimizer': 'COBYLA', 'maxiter': 100, 'shots': 1024, 'parameter_strategy': 'RANDOM', 'x0': None, 'backend': <QAOA_Tester.Backend.NoisyEstimatorBackend object at 0x7f43893b6d70>}","[([1, 1, 1, 1, 0, 1, 1, 1], 313815.0)]","[array([1.33972808, 1.20553584, 1.8283348 , 5.72255214, 5.50448847,
       3.09610946, 0.21971744, 4.30391913, 4.03077392, 0.41536643,
       2.06035929, 0.85682316, 0.96770169, 0.83859118, 1.65694145,
       2.19133369, 4.56744367, 5.83368164, 3.97836635, 0.29967311,
       1.41274028, 0.78630197, 4.36260764, 6.05199564, 2.13424645,
       3.14247681, 0.52699426, 2.04667024, 4.00152367, 6.40413119,
       3.76223162, 4.49977702, 1.95217229, 4.45758486, 5.20139271,
       2.94186125, 4.63989206, 0.1746629 , 5.06388994, 5.22237079,
       3.84628474, 5.21165637, 0.40138137, 0.44259786, 5.64072639,
       0.66123394, 1.79220449, 5.37435232, 2.21764788, 3.07223551,
       4.23445669, 5.21848035, 5.64875504, 5.96000363, 5.06747201,
       1.02573409, 2.13054205, 3.50107861, 3.74280558, 2.59563577])]",[749.9196670055389]
