,problem,layers,optimizer,solutions,parameters,time
0,"{'type': 'knapsack', 'items': [{'weight': 19, 'profit': 63, 'color': 'green'}, {'weight': 15, 'profit': 59, 'color': 'orange'}, {'weight': 10, 'profit': 55, 'color': 'yellow'}], 'constraint': 22}",19,"{'optimizer': 'COBYLA', 'maxiter': 100, 'shots': 1024, 'parameter_strategy': 'RANDOM', 'x0': None, 'backend': <QAOA_Tester.Backend.NoisyEstimatorBackend object at 0x7f9aec7664a0>}","[([0, 1, 1, 1, 0, 1, 0, 0], 11278.0)]","[array([3.77899563, 3.29506071, 3.49651001, 2.59280497, 2.79137301,
       3.55044501, 0.34312284, 3.67825938, 5.49707629, 5.78358466,
       5.01728897, 1.12017533, 5.72531575, 0.11223435, 5.05024036,
       4.85623581, 1.19509869, 4.17370943, 4.50161909, 2.38903602,
       3.53964537, 3.41035476, 0.0250442 , 3.80417064, 0.43565607,
       0.20592477, 0.02582072, 0.9347859 , 4.93239128, 4.45688002,
       5.17615981, 5.7345573 , 0.94712517, 4.32333551, 4.26275266,
       3.21990446, 0.8401333 , 0.25715253])]",[699.3582179546356]
