,problem,layers,optimizer,solutions,parameters,time
0,"{'type': 'knapsack', 'items': [{'weight': 19, 'profit': 63, 'color': 'green'}, {'weight': 15, 'profit': 59, 'color': 'orange'}, {'weight': 10, 'profit': 55, 'color': 'yellow'}], 'constraint': 22}",21,"{'optimizer': 'COBYLA', 'maxiter': 100, 'shots': 1024, 'parameter_strategy': 'RANDOM', 'x0': None, 'backend': <QAOA_Tester.Backend.NoisyEstimatorBackend object at 0x7f208d57eb60>}","[([0, 1, 1, 1, 0, 0, 0, 0], 2734.0)]","[array([ 2.46624787,  4.51705642,  4.36974267,  2.22723729,  2.27487634,
        4.50899346,  3.33177917,  0.74505106,  1.11694429,  0.42874145,
        6.06166367,  1.39443252,  2.04433483,  1.507309  ,  2.5465827 ,
        2.35117563,  2.42610693,  3.95921636,  5.3611731 ,  0.436387  ,
       -0.54097457,  1.17922182,  0.16057495,  2.57224623,  0.96271619,
        0.93943118,  3.10827746,  1.56049987,  0.6730801 ,  2.19272932,
        5.34016966,  4.86676871,  3.76088785,  4.29049519,  6.02266699,
        1.35122702,  0.1864711 ,  5.4752114 ,  2.98583702,  3.72366739,
        5.94465039,  2.61010802])]",[674.6166024208069]
