,problem,layers,optimizer,solutions,parameters,time
0,"{'type': 'knapsack', 'items': [{'weight': 19, 'profit': 63, 'color': 'green'}, {'weight': 15, 'profit': 59, 'color': 'orange'}, {'weight': 10, 'profit': 55, 'color': 'yellow'}], 'constraint': 22}",23,"{'optimizer': 'COBYLA', 'maxiter': 100, 'shots': 1024, 'parameter_strategy': 'RANDOM', 'x0': None, 'backend': <QAOA_Tester.Backend.NoisyEstimatorBackend object at 0x7f5ae0c17eb0>}","[([0, 1, 0, 0, 1, 1, 1, 0], 8663.0)]","[array([ 0.02306273, -0.29281775,  1.11632326,  5.2788246 ,  5.93141219,
        4.56080365,  6.28220924,  0.18856864,  4.83484822,  4.34444638,
        2.80156126, -0.23335318,  2.56399518,  5.91856789,  0.043272  ,
        4.90819788,  1.7893907 ,  0.85023725,  3.98371702,  1.75765542,
        1.68304343,  2.01566022,  4.00434027,  3.16184561,  4.04990078,
        1.90740704,  0.58664498,  3.66293834,  1.49665093,  5.37572614,
        5.95344996,  1.00834018,  6.40195223,  3.57680537,  3.77670746,
        0.23553021,  4.61763914,  2.59577734,  4.62918926,  0.90748071,
        2.67618317,  2.7698306 ,  1.77643796,  5.6756852 ,  0.93928128,
        3.24508264])]",[702.6866414546967]
