,problem,layers,optimizer,solutions,parameters,time
0,"{'type': 'knapsack', 'items': [{'weight': 19, 'profit': 63, 'color': 'green'}, {'weight': 15, 'profit': 59, 'color': 'orange'}, {'weight': 10, 'profit': 55, 'color': 'yellow'}], 'constraint': 22}",21,"{'optimizer': 'COBYLA', 'maxiter': 100, 'shots': 1024, 'parameter_strategy': 'RANDOM', 'x0': None, 'backend': <QAOA_Tester.Backend.NoisyEstimatorBackend object at 0x7f6788023d60>}","[([0, 1, 1, 0, 1, 0, 0, 0], 4336.0)]","[array([5.93160521, 4.54959599, 2.54499579, 3.83096836, 0.28719051,
       3.01180884, 1.95031161, 3.97220879, 3.61760777, 0.30810336,
       2.79367552, 0.45104842, 3.2348909 , 3.15614188, 1.53561886,
       0.94906118, 4.18676062, 1.89934939, 3.82478227, 2.5725269 ,
       1.45889775, 2.12074932, 4.00269256, 2.36350519, 4.63431502,
       0.64544331, 1.90512497, 2.3579312 , 2.28428276, 5.61974874,
       1.04977795, 4.99664937, 5.91393977, 2.98979068, 2.93305915,
       4.15122457, 6.19714413, 2.86145337, 3.65154583, 5.1332019 ,
       1.40076338, 3.12927097])]",[658.1088712215424]
