,problem,layers,optimizer,solutions,parameters,time
0,"{'type': 'knapsack', 'items': [{'weight': 19, 'profit': 63, 'color': 'green'}, {'weight': 15, 'profit': 59, 'color': 'orange'}, {'weight': 10, 'profit': 55, 'color': 'yellow'}], 'constraint': 22}",24,"{'optimizer': 'COBYLA', 'maxiter': 100, 'shots': 1024, 'parameter_strategy': 'RANDOM', 'x0': None, 'backend': <QAOA_Tester.Backend.NoisyEstimatorBackend object at 0x7f0d3d3c7e80>}","[([1, 1, 1, 1, 1, 1, 1, 0], 243505.0)]","[array([ 4.05025983,  1.61203191,  1.40876045,  4.0803035 ,  2.00334636,
        3.58810625,  5.07619193,  2.96416968,  4.13032527,  6.22509361,
        5.83523539,  0.06421309,  4.3547737 ,  1.84735355,  3.0928922 ,
        4.64326014,  5.92177948,  0.39280544,  1.82438284,  1.61293017,
        1.00704729,  0.64565536,  2.83777775, -0.00748967,  6.17452134,
        4.29353207,  0.20699951,  4.73870727,  3.44070593,  0.92426837,
        5.99209891,  5.82831228,  1.86747908,  0.48228608,  4.40414822,
        2.59935095,  0.64040017,  5.090316  ,  3.12139191,  5.99279289,
        3.75301582,  0.01293049,  3.33926556,  3.90979029,  5.85575815,
        1.69779728,  5.81029646,  5.63623231])]",[674.612279176712]
