,problem,layers,optimizer,solutions,parameters,time
0,"{'type': 'knapsack', 'items': [{'weight': 19, 'profit': 63, 'color': 'green'}, {'weight': 15, 'profit': 59, 'color': 'orange'}, {'weight': 10, 'profit': 55, 'color': 'yellow'}], 'constraint': 22}",24,"{'optimizer': 'COBYLA', 'maxiter': 100, 'shots': 1024, 'parameter_strategy': 'RANDOM', 'x0': None, 'backend': <QAOA_Tester.Backend.NoisyEstimatorBackend object at 0x7f86cce8bee0>}","[([1, 0, 1, 1, 0, 1, 1, 1], 129644.0)]","[array([3.24191108, 2.35824803, 0.73722735, 4.46050159, 2.13008544,
       6.38213329, 1.40307233, 4.95888157, 1.09107425, 1.47385113,
       6.27898784, 6.05799248, 1.80312427, 3.41550528, 0.65923706,
       0.73689147, 4.51637813, 1.41401851, 6.00846164, 4.2309324 ,
       0.57135498, 6.20615356, 1.46283951, 2.2960248 , 0.61871268,
       2.65251947, 0.63034655, 3.21526265, 0.19837059, 4.80988142,
       6.16820581, 3.04279468, 0.89208391, 2.45702154, 1.47309369,
       6.32664235, 3.1912413 , 3.08621668, 0.43679105, 2.40289695,
       1.74310938, 5.49333269, 5.54671024, 5.86928151, 2.34391156,
       4.46740378, 2.02250376, 5.42031815])]",[684.3830440044403]
