,problem,layers,optimizer,solutions,parameters,time
0,"{'type': 'knapsack', 'items': [{'weight': 19, 'profit': 63, 'color': 'green'}, {'weight': 15, 'profit': 59, 'color': 'orange'}, {'weight': 10, 'profit': 55, 'color': 'yellow'}], 'constraint': 22}",30,"{'optimizer': 'COBYLA', 'maxiter': 100, 'shots': 1024, 'parameter_strategy': 'RANDOM', 'x0': None, 'backend': <QAOA_Tester.Backend.NoisyEstimatorBackend object at 0x7f5ab4264760>}","[([1, 0, 1, 1, 0, 0, 1, 0], 45450.0)]","[array([ 1.70565903,  4.2676529 ,  3.97727387,  2.26788825,  2.90733089,
        5.29906277,  3.50457157,  5.7011823 ,  2.96689902,  3.48471356,
        2.61675173,  6.1535697 ,  4.59652691,  1.12228663,  6.24366303,
        1.88492527,  5.95983775,  1.453275  ,  6.01255321,  2.30985091,
       -0.01221562,  5.76536942,  5.66603505,  4.35829502,  2.16477564,
        0.98268525,  1.28404294,  6.13203001,  6.21130187,  6.43913828,
        0.85825477,  2.38657978,  6.17177927,  0.22423738,  0.71985738,
        5.41681024,  3.8931038 ,  0.50825873,  3.78478418,  3.3584545 ,
        4.72463277,  4.34098543,  3.16637718,  1.85059282,  6.23727197,
        5.25015932,  2.74885794,  3.73915118,  5.72897199,  1.32728676,
        2.4447556 ,  3.70279818,  0.93291693,  0.03637902,  0.4616257 ,
        4.65474154,  0.06285129,  0.75936329,  3.50662555,  2.82043076])]",[788.7111377716064]
