,problem,layers,optimizer,solutions,parameters,time
0,"{'type': 'knapsack', 'items': [{'weight': 11, 'profit': 50, 'color': 'red'}, {'weight': 3, 'profit': 24, 'color': 'blue'}, {'weight': 15, 'profit': 18, 'color': 'orange'}, {'weight': 10, 'profit': 56, 'color': 'grey'}, {'weight': 2, 'profit': 63, 'color': 'green'}], 'constraint': 21}",20,"{'optimizer': 'COBYLA', 'maxiter': 100, 'shots': 1024, 'parameter_strategy': 'RANDOM', 'x0': None, 'backend': <QAOA_Tester.Backend.NoisyEstimatorBackend object at 0x7ff0b99b8370>}","[([0, 1, 1, 0, 0, 1, 0, 1, 0, 0], 806.0)]","[array([4.11541858, 5.51647509, 5.17414416, 4.08978314, 3.641542  ,
       1.82093784, 6.05117822, 3.1605038 , 1.18711111, 0.43722905,
       4.70613483, 2.00948436, 0.28334403, 1.89260717, 5.72783616,
       5.17551252, 2.52450471, 4.27859606, 3.33181678, 2.463272  ,
       3.30929334, 1.12435533, 3.37559274, 5.12422789, 0.43302482,
       4.00113535, 3.09670962, 4.13939846, 6.16740234, 1.18441137,
       3.86823067, 0.58679612, 1.60123345, 0.22236476, 5.68953188,
       3.57490588, 3.70071238, 0.5648793 , 1.63118485, 3.40226107])]",[4548.625927448273]
