,problem,layers,optimizer,solutions,parameters,time
0,"{'type': 'knapsack', 'items': [{'weight': 11, 'profit': 50, 'color': 'red'}, {'weight': 3, 'profit': 24, 'color': 'blue'}, {'weight': 15, 'profit': 18, 'color': 'orange'}, {'weight': 10, 'profit': 56, 'color': 'grey'}, {'weight': 2, 'profit': 63, 'color': 'green'}], 'constraint': 21}",27,"{'optimizer': 'COBYLA', 'maxiter': 100, 'shots': 1024, 'parameter_strategy': 'RANDOM', 'x0': None, 'backend': <QAOA_Tester.Backend.NoisyEstimatorBackend object at 0x7f3be294f160>}","[([1, 0, 0, 0, 1, 1, 0, 0, 0, 0], 10275.0)]","[array([3.81246297, 3.5220284 , 3.92174708, 2.83026182, 5.94112721,
       5.49846605, 2.21830191, 3.19201719, 5.36973887, 4.49563211,
       1.23785384, 0.25234457, 3.8814181 , 2.16586722, 4.68440966,
       4.34107556, 0.51030582, 0.64029965, 2.87568422, 5.76392813,
       2.90368185, 4.32120807, 0.88233646, 2.93106454, 1.10617368,
       4.75498123, 3.08373895, 6.17750209, 5.32644044, 3.01436038,
       2.85559963, 2.52500955, 2.382256  , 5.69610092, 1.91120249,
       2.26509154, 4.82314731, 2.80359184, 4.61918971, 0.22981656,
       4.3219275 , 0.90378159, 1.44172124, 5.30941354, 0.67957649,
       0.42780654, 3.99007435, 2.65295602, 3.33933718, 0.08025255,
       1.48683031, 6.17805523, 1.78526041, 1.79283712])]",[5237.354159116745]
