,problem,layers,optimizer,solutions,parameters,time
0,"{'type': 'knapsack', 'items': [{'weight': 11, 'profit': 50, 'color': 'red'}, {'weight': 3, 'profit': 24, 'color': 'blue'}, {'weight': 15, 'profit': 18, 'color': 'orange'}, {'weight': 10, 'profit': 56, 'color': 'grey'}, {'weight': 2, 'profit': 63, 'color': 'green'}], 'constraint': 21}",21,"{'optimizer': 'COBYLA', 'maxiter': 100, 'shots': 1024, 'parameter_strategy': 'RANDOM', 'x0': None, 'backend': <QAOA_Tester.Backend.NoisyEstimatorBackend object at 0x7eff3f71b160>}","[([0, 0, 1, 1, 1, 1, 0, 1, 0, 1], 61131.0)]","[array([ 0.49686257, -0.02495656,  2.38189828,  2.70642194,  0.68109972,
        4.1455017 ,  5.04198594,  3.17826472,  1.6378224 ,  5.17938295,
        0.64196293,  2.38259585,  5.75650567,  4.13565424,  0.4937476 ,
        4.80399157,  4.45671991,  4.8478975 ,  5.67049073,  2.62218413,
        6.41931217,  3.82798206,  4.84443235,  5.17161003,  5.53073544,
        0.6568695 ,  2.49511036,  1.7211116 ,  5.48525589,  2.14868609,
        2.70979002,  0.21421266,  4.47187177,  3.7440375 ,  3.53761934,
        5.38048306,  0.26790749,  5.00878093,  2.54426165,  4.24618983,
        0.56989122, -0.15213013])]",[4434.227627515793]
