,problem,layers,optimizer,solutions,parameters,time
0,"{'type': 'knapsack', 'items': [{'weight': 11, 'profit': 50, 'color': 'red'}, {'weight': 3, 'profit': 24, 'color': 'blue'}, {'weight': 15, 'profit': 18, 'color': 'orange'}, {'weight': 10, 'profit': 56, 'color': 'grey'}, {'weight': 2, 'profit': 63, 'color': 'green'}], 'constraint': 21}",27,"{'optimizer': 'COBYLA', 'maxiter': 100, 'shots': 1024, 'parameter_strategy': 'RANDOM', 'x0': None, 'backend': <QAOA_Tester.Backend.NoisyEstimatorBackend object at 0x7ff99b7603a0>}","[([1, 0, 0, 1, 0, 1, 1, 1, 0, 0], 10282.0)]","[array([1.36032055, 3.24922753, 0.81924918, 2.69845973, 1.94667657,
       3.67388619, 6.3565433 , 1.27765013, 0.71439554, 1.08078686,
       4.65520304, 1.27566881, 4.02628628, 1.04328971, 1.32051839,
       3.1176662 , 1.65297218, 4.87196353, 2.51325768, 0.62058348,
       1.58148308, 2.08457859, 3.52115904, 3.65939568, 5.73085442,
       5.94049454, 3.28395553, 4.85842789, 3.28714743, 4.30135969,
       2.38194662, 5.06421555, 0.25168174, 4.73606595, 0.89655078,
       0.98882054, 2.38582309, 5.15742568, 1.64596509, 5.92141275,
       2.01087496, 1.23827257, 0.20040737, 1.13110228, 3.60647327,
       4.84865067, 4.46147502, 1.05100818, 5.23986606, 2.32728548,
       0.49758103, 1.7849013 , 2.63764368, 3.47742862])]",[5401.546196937561]
