,problem,layers,optimizer,solutions,parameters,time
0,"{'type': 'knapsack', 'items': [{'weight': 11, 'profit': 50, 'color': 'red'}, {'weight': 3, 'profit': 24, 'color': 'blue'}, {'weight': 15, 'profit': 18, 'color': 'orange'}, {'weight': 10, 'profit': 56, 'color': 'grey'}, {'weight': 2, 'profit': 63, 'color': 'green'}], 'constraint': 21}",29,"{'optimizer': 'COBYLA', 'maxiter': 100, 'shots': 1024, 'parameter_strategy': 'RANDOM', 'x0': None, 'backend': <QAOA_Tester.Backend.NoisyEstimatorBackend object at 0x7f617c3a8dc0>}","[([1, 0, 1, 0, 0, 1, 0, 1, 0, 1], 54204.0)]","[array([1.14555605, 2.96897216, 2.32371914, 3.16484068, 3.5092383 ,
       4.9925232 , 3.0677646 , 5.23347313, 1.46366196, 1.7665776 ,
       5.69484042, 5.45961534, 0.11151811, 2.55139081, 0.15242368,
       4.64919899, 1.23726575, 3.13455523, 2.38103232, 2.77915615,
       3.92107221, 1.69974767, 6.21049493, 2.99215398, 2.23515381,
       5.33766551, 1.8146582 , 1.99827455, 6.32045196, 5.23151032,
       3.26227402, 3.42382875, 4.07613768, 5.43673935, 2.34906087,
       1.56684826, 0.50947902, 3.64357076, 1.68321178, 5.35698828,
       3.22626902, 2.53131264, 4.84909972, 3.91691505, 2.29308895,
       5.43958265, 4.9717671 , 4.72213097, 2.25966952, 5.24149325,
       3.16897211, 5.37985767, 0.29091726, 4.92697261, 4.23744193,
       3.09625986, 6.06015313, 2.87729053])]",[5873.299163579941]
