,problem,layers,optimizer,solutions,parameters,time
0,"{'type': 'knapsack', 'items': [{'weight': 11, 'profit': 50, 'color': 'red'}, {'weight': 3, 'profit': 24, 'color': 'blue'}, {'weight': 15, 'profit': 18, 'color': 'orange'}, {'weight': 10, 'profit': 56, 'color': 'grey'}, {'weight': 2, 'profit': 63, 'color': 'green'}], 'constraint': 21}",24,"{'optimizer': 'COBYLA', 'maxiter': 100, 'shots': 1024, 'parameter_strategy': 'RANDOM', 'x0': None, 'backend': <QAOA_Tester.Backend.NoisyEstimatorBackend object at 0x7f9edbed7370>}","[([1, 1, 1, 0, 0, 0, 1, 0, 0, 0], 21108.0)]","[array([1.31557626, 0.59746996, 5.31097678, 2.96072318, 4.34245907,
       6.08653787, 0.21338733, 1.9185343 , 5.70514468, 2.28162822,
       4.7387579 , 3.48957643, 1.18019566, 4.38320269, 0.41980054,
       4.18579067, 2.53414819, 5.05601857, 4.67405908, 0.51034498,
       0.7849922 , 5.09085886, 1.98927358, 4.8039999 , 0.33781803,
       1.76566404, 4.26711264, 2.727263  , 4.98004549, 0.56288828,
       6.20152789, 0.75790358, 2.00510715, 5.01601385, 3.03446459,
       3.847213  , 4.09774875, 0.69342215, 4.80760572, 0.97591633,
       0.51744223, 3.74206632, 3.69059317, 0.1352338 , 0.15821122,
       5.55567823, 1.90289862, 1.24176559])]",[5217.920063972473]
