,problem,layers,optimizer,solutions,parameters,time
0,"{'type': 'knapsack', 'items': [{'weight': 11, 'profit': 50, 'color': 'red'}, {'weight': 3, 'profit': 24, 'color': 'blue'}, {'weight': 15, 'profit': 18, 'color': 'orange'}, {'weight': 10, 'profit': 56, 'color': 'grey'}, {'weight': 2, 'profit': 63, 'color': 'green'}], 'constraint': 21}",30,"{'optimizer': 'COBYLA', 'maxiter': 100, 'shots': 1024, 'parameter_strategy': 'RANDOM', 'x0': None, 'backend': <QAOA_Tester.Backend.NoisyEstimatorBackend object at 0x7fc4b3011720>}","[([1, 1, 1, 1, 1, 1, 1, 1, 0, 0], 154337.0)]","[array([0.01008127, 1.10453387, 6.22338304, 3.48161943, 1.03799302,
       5.08625634, 5.68854994, 1.41595384, 1.01342322, 1.31813317,
       4.17385442, 5.00238554, 0.81436036, 2.75964592, 0.17310632,
       4.52813912, 1.72817416, 1.12164748, 1.59483891, 5.99604419,
       6.17487596, 0.94585268, 3.94409653, 4.86050301, 0.64774047,
       5.65941299, 3.96462552, 5.82721968, 4.709806  , 5.89606594,
       1.45989936, 6.12544917, 2.8110895 , 3.40796323, 0.76824952,
       1.02957777, 1.93434101, 1.25121942, 5.23439835, 4.09496779,
       0.72767805, 2.86107537, 4.65385065, 0.97630356, 0.93283012,
       0.79276238, 2.34610181, 4.66898802, 5.01621527, 3.77457205,
       2.63733804, 6.27036278, 4.26164561, 3.15446708, 2.65972596,
       4.53776446, 3.904386  , 1.94789466, 6.06625952, 1.14347083])]",[6231.652262926102]
