,problem,layers,optimizer,solutions,parameters,time
0,"{'type': 'knapsack', 'items': [{'weight': 11, 'profit': 50, 'color': 'red'}, {'weight': 3, 'profit': 24, 'color': 'blue'}, {'weight': 15, 'profit': 18, 'color': 'orange'}, {'weight': 10, 'profit': 56, 'color': 'grey'}, {'weight': 2, 'profit': 63, 'color': 'green'}], 'constraint': 21}",29,"{'optimizer': 'COBYLA', 'maxiter': 100, 'shots': 1024, 'parameter_strategy': 'RANDOM', 'x0': None, 'backend': <QAOA_Tester.Backend.NoisyEstimatorBackend object at 0x7ff2a4fb4df0>}","[([1, 0, 1, 0, 0, 0, 0, 1, 1, 0], 61200.0)]","[array([1.36258561, 2.14669872, 4.24231698, 2.48693077, 5.80370175,
       3.47152817, 3.77531475, 0.12589598, 2.49041569, 0.5231395 ,
       0.80706187, 4.23542675, 0.54011942, 5.17231678, 3.56748235,
       5.1768531 , 1.38649528, 5.12801336, 0.14794445, 3.67398201,
       2.37140101, 6.10563691, 3.12224832, 3.15801253, 3.73744594,
       1.12504346, 5.81450661, 1.96964215, 2.05429097, 2.05606148,
       1.07232617, 4.89679352, 3.92901477, 2.19035556, 4.89757606,
       0.24499673, 4.08534564, 1.43717888, 4.5636128 , 0.25186432,
       1.42810408, 2.59786413, 0.91403308, 3.44819355, 5.16682515,
       4.92682948, 3.11620962, 2.30427314, 4.94802235, 6.25431558,
       2.27147266, 2.82077866, 2.52101008, 2.30340055, 1.42467055,
       0.83569414, 1.92228477, 2.44041918])]",[5966.251382112503]
