,problem,layers,optimizer,solutions,parameters,time
0,"{'type': 'knapsack', 'items': [{'weight': 11, 'profit': 50, 'color': 'red'}, {'weight': 3, 'profit': 24, 'color': 'blue'}, {'weight': 15, 'profit': 18, 'color': 'orange'}, {'weight': 10, 'profit': 56, 'color': 'grey'}, {'weight': 2, 'profit': 63, 'color': 'green'}], 'constraint': 21}",28,"{'optimizer': 'COBYLA', 'maxiter': 100, 'shots': 1024, 'parameter_strategy': 'RANDOM', 'x0': None, 'backend': <QAOA_Tester.Backend.NoisyEstimatorBackend object at 0x7f7e3a85d000>}","[([1, 0, 0, 0, 0, 1, 1, 1, 0, 0], 1858.0)]","[array([2.51876998, 0.28593978, 5.92437342, 1.33274917, 1.37886582,
       3.03928321, 3.97485476, 4.477329  , 1.86151065, 4.14051171,
       2.24908361, 3.5442733 , 2.10851548, 5.30958678, 5.56671105,
       5.33910854, 2.03907833, 0.46734851, 3.59293352, 2.0326344 ,
       1.69685283, 4.83738645, 3.21812041, 1.78157013, 3.77400616,
       2.57003167, 4.80411259, 6.76770909, 4.55792596, 2.58948967,
       2.07906336, 1.78477344, 2.77007829, 3.4357438 , 0.53831811,
       6.07460805, 2.70819614, 0.59329763, 3.73568789, 4.66818279,
       1.6995759 , 4.53612864, 2.19622953, 0.25558578, 4.85679536,
       4.3267008 , 5.7615464 , 2.34838661, 5.43812425, 4.28573027,
       3.31749005, 1.02438212, 0.53797739, 1.74640013, 5.21774032,
       1.67267561])]",[5776.084189653397]
