,problem,layers,optimizer,solutions,parameters,time
0,"{'type': 'knapsack', 'items': [{'weight': 11, 'profit': 50, 'color': 'red'}, {'weight': 3, 'profit': 24, 'color': 'blue'}, {'weight': 15, 'profit': 18, 'color': 'orange'}, {'weight': 10, 'profit': 56, 'color': 'grey'}, {'weight': 2, 'profit': 63, 'color': 'green'}], 'constraint': 21}",20,"{'optimizer': 'COBYLA', 'maxiter': 100, 'shots': 1024, 'parameter_strategy': 'RANDOM', 'x0': None, 'backend': <QAOA_Tester.Backend.NoisyEstimatorBackend object at 0x7f4f003c91b0>}","[([0, 1, 0, 0, 1, 1, 0, 0, 1, 1], 125.0)]","[array([0.7777445 , 1.4967182 , 0.66595741, 1.527484  , 4.73212765,
       1.86650822, 2.14269148, 4.79071383, 1.24282016, 1.00662007,
       2.7946379 , 6.08699227, 1.94137384, 6.22987521, 0.57196776,
       1.73886012, 1.3070654 , 2.73441144, 2.38002575, 3.09463326,
       3.0050945 , 2.14984472, 1.05546245, 2.94125449, 4.52625948,
       0.19919227, 3.48905579, 0.69858526, 0.1738498 , 2.02695719,
       5.209324  , 4.48706676, 1.10943552, 4.46257948, 0.30667457,
       5.44698164, 4.72443469, 4.91300308, 0.2878434 , 2.96750644])]",[4466.644502401352]
