,problem,layers,optimizer,solutions,parameters,time
0,"{'type': 'knapsack', 'items': [{'weight': 11, 'profit': 50, 'color': 'red'}, {'weight': 3, 'profit': 24, 'color': 'blue'}, {'weight': 15, 'profit': 18, 'color': 'orange'}, {'weight': 10, 'profit': 56, 'color': 'grey'}, {'weight': 2, 'profit': 63, 'color': 'green'}], 'constraint': 21}",21,"{'optimizer': 'COBYLA', 'maxiter': 100, 'shots': 1024, 'parameter_strategy': 'RANDOM', 'x0': None, 'backend': <QAOA_Tester.Backend.NoisyEstimatorBackend object at 0x7f50e32ce7d0>}","[([0, 1, 0, 1, 1, 1, 1, 1, 1, 0], 17029.0)]","[array([3.16440333, 4.35264331, 4.05912226, 1.84570195, 2.15727519,
       1.50553092, 2.98884505, 2.21806052, 4.12958929, 5.39903442,
       0.56303563, 2.55010474, 4.90767315, 2.84526527, 5.57350613,
       4.48410389, 3.874786  , 3.35354031, 2.73821341, 5.06575872,
       3.60434019, 2.0483968 , 4.75767177, 1.41188095, 3.98407939,
       3.9889488 , 2.77911489, 5.81771508, 0.50688992, 5.77495517,
       3.88882546, 2.58968567, 1.1756243 , 0.25767593, 4.86293623,
       0.28806747, 2.18396925, 3.97836254, 4.49970017, 4.94905163,
       3.85800648, 2.86884514])]",[4768.18489408493]
