,problem,layers,optimizer,solutions,parameters,time
0,"{'type': 'knapsack', 'items': [{'weight': 11, 'profit': 50, 'color': 'red'}, {'weight': 3, 'profit': 24, 'color': 'blue'}, {'weight': 15, 'profit': 18, 'color': 'orange'}, {'weight': 10, 'profit': 56, 'color': 'grey'}, {'weight': 2, 'profit': 63, 'color': 'green'}], 'constraint': 21}",23,"{'optimizer': 'COBYLA', 'maxiter': 100, 'shots': 1024, 'parameter_strategy': 'RANDOM', 'x0': None, 'backend': <QAOA_Tester.Backend.NoisyEstimatorBackend object at 0x7f88e17410f0>}","[([0, 1, 0, 1, 1, 0, 0, 1, 0, 1], 3249.0)]","[array([ 4.19793397,  3.4667839 ,  2.72997866,  0.12123519,  4.71853974,
        0.16144072, -0.17142842, -0.24366715,  0.92376663,  5.55665582,
        1.48777131,  4.4057865 ,  4.22017451,  4.79481335,  4.53171454,
        2.15091304,  4.0723054 ,  5.67607587,  2.35571558,  5.00198271,
        2.23463873,  0.89583849,  4.08213098,  0.86469376,  4.81529514,
        3.48710976,  2.75739986,  4.75909136,  5.59493132,  0.2984441 ,
        3.81339556,  5.22447354,  3.79297863,  4.34624185,  5.75614576,
        2.03517225,  4.91201876,  3.71007839,  3.62606891,  3.86302755,
        1.23958261,  2.42661909,  1.17805645,  3.87328605,  1.61719942,
        0.89021968])]",[5018.817664146423]
