,problem,layers,optimizer,solutions,parameters,time
0,"{'type': 'knapsack', 'items': [{'weight': 11, 'profit': 50, 'color': 'red'}, {'weight': 3, 'profit': 24, 'color': 'blue'}, {'weight': 15, 'profit': 18, 'color': 'orange'}, {'weight': 10, 'profit': 56, 'color': 'grey'}, {'weight': 2, 'profit': 63, 'color': 'green'}], 'constraint': 21}",30,"{'optimizer': 'COBYLA', 'maxiter': 100, 'shots': 1024, 'parameter_strategy': 'RANDOM', 'x0': None, 'backend': <QAOA_Tester.Backend.NoisyEstimatorBackend object at 0x7fbaefb5b3a0>}","[([0, 0, 1, 1, 1, 0, 1, 1, 1, 0], 84663.0)]","[array([5.93748355, 3.13258713, 3.53574196, 5.40589578, 2.74182018,
       2.19601319, 0.14899994, 5.85936688, 3.73233904, 4.02814874,
       4.99071719, 5.65897045, 4.96959353, 3.23345915, 5.24958461,
       6.27873497, 1.87769648, 1.10882421, 5.76900959, 1.82500283,
       5.94111465, 4.19871269, 5.19500658, 2.6835636 , 0.96052508,
       1.19433629, 1.5058308 , 1.03274445, 4.1930802 , 5.62724585,
       2.42584625, 2.10769346, 0.43407816, 5.58867909, 5.10276656,
       2.75928775, 5.42384549, 2.13647826, 4.8284693 , 0.77888105,
       0.62790697, 3.58805016, 0.35684663, 2.86691116, 3.49173429,
       0.24392632, 0.30102791, 0.18421103, 5.12790657, 3.49193696,
       5.4429394 , 4.77134393, 1.04132587, 6.18404479, 3.34958893,
       1.32623953, 6.12869603, 2.63360239, 2.00253403, 6.20413866])]",[6284.818274497986]
