,problem,layers,optimizer,solutions,parameters,time
0,"{'type': 'knapsack', 'items': [{'weight': 11, 'profit': 50, 'color': 'red'}, {'weight': 3, 'profit': 24, 'color': 'blue'}, {'weight': 15, 'profit': 18, 'color': 'orange'}, {'weight': 10, 'profit': 56, 'color': 'grey'}, {'weight': 2, 'profit': 63, 'color': 'green'}], 'constraint': 21}",29,"{'optimizer': 'COBYLA', 'maxiter': 100, 'shots': 1024, 'parameter_strategy': 'RANDOM', 'x0': None, 'backend': <QAOA_Tester.Backend.NoisyEstimatorBackend object at 0x7f1dd0c68460>}","[([0, 0, 0, 1, 0, 1, 1, 1, 0, 0], 3336.0)]","[array([1.33075553, 4.47807182, 1.55281711, 1.03661049, 5.35488085,
       1.94960254, 2.64128227, 1.28343215, 3.73427739, 4.16554024,
       5.47636098, 2.39105046, 5.4987258 , 2.34341397, 4.44442794,
       3.42410649, 1.38064673, 2.57944885, 6.38541944, 1.46355572,
       6.35981255, 2.40286501, 3.0024836 , 5.67435425, 3.02389492,
       2.45898552, 0.80896282, 1.01029871, 2.16815457, 0.41803869,
       3.06948119, 0.14451085, 4.39115306, 2.72360786, 2.66046088,
       3.06075324, 6.03794723, 0.81251579, 5.10363057, 5.010122  ,
       0.20756827, 2.07138691, 5.22466033, 4.02656937, 6.34860056,
       2.03841115, 0.84605995, 2.75085735, 5.94145529, 0.96931833,
       4.47113432, 4.1206217 , 4.1813773 , 2.82784852, 6.17476723,
       3.7678409 , 3.4769638 , 0.71147836])]",[6136.621703386307]
