,problem,layers,optimizer,solutions,parameters,time
0,"{'type': 'knapsack', 'items': [{'weight': 11, 'profit': 50, 'color': 'red'}, {'weight': 3, 'profit': 24, 'color': 'blue'}, {'weight': 15, 'profit': 18, 'color': 'orange'}, {'weight': 10, 'profit': 56, 'color': 'grey'}, {'weight': 2, 'profit': 63, 'color': 'green'}], 'constraint': 21}",17,"{'optimizer': 'COBYLA', 'maxiter': 100, 'shots': 1024, 'parameter_strategy': 'RANDOM', 'x0': None, 'backend': <QAOA_Tester.Backend.NoisyEstimatorBackend object at 0x7fac6f5171f0>}","[([1, 0, 0, 0, 1, 1, 0, 0, 0, 0], 10275.0)]","[array([0.18085787, 3.98254708, 3.32742999, 1.51807352, 5.82456044,
       1.11218006, 2.91749252, 2.56711575, 4.11747126, 5.50413166,
       6.39904028, 4.0926964 , 3.53604316, 5.5199162 , 2.77678344,
       1.01496831, 3.27703568, 3.00599149, 5.76814641, 0.93751251,
       2.58620716, 1.30115704, 2.59875696, 3.51137225, 2.01349389,
       2.5141525 , 1.75235126, 3.43607292, 1.62002967, 6.04614433,
       4.9968888 , 0.16933099, 5.84580211, 2.42315796])]",[3553.7975132465363]
