,problem,layers,optimizer,solutions,parameters,time
0,"{'type': 'knapsack', 'items': [{'weight': 11, 'profit': 50, 'color': 'red'}, {'weight': 3, 'profit': 24, 'color': 'blue'}, {'weight': 15, 'profit': 18, 'color': 'orange'}, {'weight': 10, 'profit': 56, 'color': 'grey'}, {'weight': 2, 'profit': 63, 'color': 'green'}], 'constraint': 21}",17,"{'optimizer': 'COBYLA', 'maxiter': 100, 'shots': 1024, 'parameter_strategy': 'RANDOM', 'x0': None, 'backend': <QAOA_Tester.Backend.NoisyEstimatorBackend object at 0x7f2c66c792d0>}","[([1, 1, 1, 1, 1, 1, 1, 1, 1, 1], 356161.0)]","[array([4.31988864, 1.09483326, 0.90180821, 2.48381531, 0.1384417 ,
       2.36152003, 3.65716089, 4.60979561, 3.92195758, 0.98556785,
       1.30485669, 0.50249679, 4.17669144, 5.04510074, 0.8116882 ,
       3.4717713 , 0.250077  , 0.34773377, 4.4569056 , 0.04452569,
       0.8758432 , 5.45145186, 0.194692  , 0.55693646, 1.28065377,
       5.55864217, 5.37049999, 5.96038909, 3.21322748, 5.55647424,
       5.32073303, 5.86472142, 4.45181731, 6.00355993])]",[4037.455915212631]
