,problem,layers,optimizer,solutions,parameters,time
0,"{'type': 'knapsack', 'items': [{'weight': 11, 'profit': 50, 'color': 'red'}, {'weight': 3, 'profit': 24, 'color': 'blue'}, {'weight': 15, 'profit': 18, 'color': 'orange'}, {'weight': 10, 'profit': 56, 'color': 'grey'}, {'weight': 2, 'profit': 63, 'color': 'green'}], 'constraint': 21}",30,"{'optimizer': 'COBYLA', 'maxiter': 100, 'shots': 1024, 'parameter_strategy': 'RANDOM', 'x0': None, 'backend': <QAOA_Tester.Backend.NoisyEstimatorBackend object at 0x7fcca8124430>}","[([0, 1, 1, 1, 0, 1, 1, 0, 0, 1], 54174.0)]","[array([ 3.97321083,  1.04376115,  4.54280825,  3.47795024,  3.79785995,
       -0.05597481,  3.93226078,  6.12288377,  2.12696214,  1.24178097,
        5.68589513,  1.34638768,  3.87759746,  4.600837  ,  2.92505274,
        5.18486033,  3.87301578,  5.10906728,  4.028559  ,  3.83472082,
        4.65024125,  3.33991732,  2.01057925,  4.36608571,  3.01419222,
        5.18792444,  5.33994156,  0.86376184,  0.36323044,  4.64017085,
        5.82679992,  3.98859078,  2.05306108,  1.72046637,  0.90279787,
        0.31124569,  2.33774639,  5.77518034,  4.09739667,  3.81367374,
        1.82672608,  4.78258029,  5.84257038,  1.86610083,  1.95773969,
        5.56678296,  1.61530263,  1.72022028,  3.5309942 ,  6.03893435,
        3.93781617,  3.70592589,  2.73454657,  1.98020361,  2.30793626,
        1.92465207,  2.90860073,  3.20433344,  4.90248639,  2.45040421])]",[5998.777749538422]
