,problem,layers,optimizer,solutions,parameters,time
0,"{'type': 'knapsack', 'items': [{'weight': 11, 'profit': 50, 'color': 'red'}, {'weight': 3, 'profit': 24, 'color': 'blue'}, {'weight': 15, 'profit': 18, 'color': 'orange'}, {'weight': 10, 'profit': 56, 'color': 'grey'}, {'weight': 2, 'profit': 63, 'color': 'green'}], 'constraint': 21}",26,"{'optimizer': 'COBYLA', 'maxiter': 100, 'shots': 1024, 'parameter_strategy': 'RANDOM', 'x0': None, 'backend': <QAOA_Tester.Backend.NoisyEstimatorBackend object at 0x7f80a497a9e0>}","[([0, 1, 0, 0, 1, 1, 0, 0, 0, 0], 47613.0)]","[array([3.16687392, 2.61544444, 5.66285255, 2.32315484, 2.49711067,
       2.1040818 , 5.20895432, 3.89052651, 1.85025452, 1.9226068 ,
       4.58577127, 4.46826961, 3.45793111, 5.38378817, 3.30680005,
       2.48054835, 6.29317131, 0.79055002, 5.73241508, 0.92069415,
       4.91352692, 1.82171035, 3.1141379 , 1.77075281, 5.56811183,
       6.65136721, 0.56814476, 0.97933976, 0.74546067, 1.16618824,
       4.88101735, 1.6173185 , 0.11857524, 3.35034906, 1.91035888,
       2.78049315, 2.16458634, 0.16776603, 0.93712081, 1.81972071,
       5.25897305, 1.28587347, 3.70964245, 2.82833415, 3.40802386,
       5.25662716, 3.37732557, 1.9295888 , 4.93312932, 1.54582141,
       0.28385861, 4.76369364])]",[5575.41747879982]
