,problem,layers,optimizer,solutions,parameters,time
0,"{'type': 'knapsack', 'items': [{'weight': 11, 'profit': 50, 'color': 'red'}, {'weight': 3, 'profit': 24, 'color': 'blue'}, {'weight': 15, 'profit': 18, 'color': 'orange'}, {'weight': 10, 'profit': 56, 'color': 'grey'}, {'weight': 2, 'profit': 63, 'color': 'green'}], 'constraint': 21}",22,"{'optimizer': 'COBYLA', 'maxiter': 100, 'shots': 1024, 'parameter_strategy': 'RANDOM', 'x0': None, 'backend': <QAOA_Tester.Backend.NoisyEstimatorBackend object at 0x7f43b61c3310>}","[([0, 1, 0, 0, 0, 0, 1, 0, 1, 0], 13544.0)]","[array([2.43493992, 6.3241422 , 3.38421339, 1.30045024, 0.83182618,
       0.75053014, 6.20928705, 6.20627765, 4.5402275 , 1.62456431,
       3.10809218, 2.92686478, 2.73223456, 6.34581297, 0.21835358,
       1.98054817, 4.95325837, 0.04599916, 2.90845763, 1.52853288,
       5.57929862, 6.81083522, 4.57080822, 5.96809817, 1.15334764,
       2.68571104, 1.57898096, 3.57940979, 2.59730826, 1.66312302,
       2.17721134, 2.41153215, 1.596556  , 3.68642723, 5.22923016,
       3.25854966, 6.09793065, 5.87273848, 0.27462421, 5.58785385,
       2.48420501, 5.79149186, 5.95540792, 4.07538755])]",[4466.363351583481]
