,problem,layers,optimizer,solutions,parameters,time
0,"{'type': 'knapsack', 'items': [{'weight': 11, 'profit': 50, 'color': 'red'}, {'weight': 3, 'profit': 24, 'color': 'blue'}, {'weight': 15, 'profit': 18, 'color': 'orange'}, {'weight': 10, 'profit': 56, 'color': 'grey'}, {'weight': 2, 'profit': 63, 'color': 'green'}], 'constraint': 21}",24,"{'optimizer': 'COBYLA', 'maxiter': 100, 'shots': 1024, 'parameter_strategy': 'RANDOM', 'x0': None, 'backend': <QAOA_Tester.Backend.NoisyEstimatorBackend object at 0x7f756a5f7940>}","[([1, 0, 1, 0, 0, 1, 0, 0, 0, 1], 30460.0)]","[array([0.13803372, 4.84961864, 4.89913185, 1.70565988, 4.19825089,
       2.87118595, 5.98689768, 1.63451291, 4.32580163, 2.74740655,
       2.74527506, 0.67801085, 5.18962809, 0.14635075, 3.8337257 ,
       4.94388746, 1.16219046, 2.72675788, 3.81344998, 3.34956208,
       0.34261666, 0.51254471, 4.74784865, 5.45603803, 2.44718635,
       0.48593212, 0.92333059, 0.32294931, 6.24400698, 2.83144538,
       1.90519114, 4.91523889, 5.46781354, 1.91922373, 4.09228185,
       0.95399721, 2.82966227, 0.0679121 , 3.9297296 , 1.53513303,
       4.84330869, 2.6976952 , 3.79074564, 0.86787902, 4.49119879,
       3.3713408 , 2.10559985, 2.08802167])]",[5168.158334493637]
