,problem,layers,optimizer,solutions,parameters,time
0,"{'type': 'knapsack', 'items': [{'weight': 11, 'profit': 50, 'color': 'red'}, {'weight': 3, 'profit': 24, 'color': 'blue'}, {'weight': 15, 'profit': 18, 'color': 'orange'}, {'weight': 10, 'profit': 56, 'color': 'grey'}, {'weight': 2, 'profit': 63, 'color': 'green'}], 'constraint': 21}",27,"{'optimizer': 'COBYLA', 'maxiter': 100, 'shots': 1024, 'parameter_strategy': 'RANDOM', 'x0': None, 'backend': <QAOA_Tester.Backend.NoisyEstimatorBackend object at 0x7f4c7a207760>}","[([1, 0, 1, 0, 1, 1, 0, 0, 1, 1], 102477.0)]","[array([6.01764543, 3.77733056, 5.32854288, 5.69451662, 0.73536218,
       5.13514837, 1.54755019, 1.54796423, 0.7435517 , 2.98252457,
       6.02370722, 2.42240536, 5.83810184, 4.2619027 , 5.71153033,
       0.86380339, 0.33287509, 0.41725566, 3.61918363, 0.67174281,
       0.67492778, 2.22849401, 1.88673318, 4.95650497, 2.0736075 ,
       0.6532827 , 3.18245898, 5.44066838, 3.08714223, 0.46304304,
       5.50106995, 2.29148429, 5.50479844, 4.55624135, 0.92498049,
       4.07342276, 5.25862333, 4.09517629, 6.03346617, 1.98269306,
       1.76471799, 2.10250096, 2.41673198, 1.62202803, 2.08552508,
       4.20086363, 4.04704096, 4.69918727, 3.32766985, 2.15226628,
       2.66784958, 1.66375841, 0.04126729, 1.55750095])]",[5961.091958522797]
