,problem,layers,optimizer,solutions,parameters,time
0,"{'type': 'knapsack', 'items': [{'weight': 11, 'profit': 50, 'color': 'red'}, {'weight': 3, 'profit': 24, 'color': 'blue'}, {'weight': 15, 'profit': 18, 'color': 'orange'}, {'weight': 10, 'profit': 56, 'color': 'grey'}, {'weight': 2, 'profit': 63, 'color': 'green'}], 'constraint': 21}",28,"{'optimizer': 'COBYLA', 'maxiter': 100, 'shots': 1024, 'parameter_strategy': 'RANDOM', 'x0': None, 'backend': <QAOA_Tester.Backend.NoisyEstimatorBackend object at 0x7f01d8f6e7a0>}","[([1, 0, 0, 0, 1, 1, 1, 0, 0, 0], 5187.0)]","[array([ 2.34049221,  4.45510962,  2.32111605,  1.31413641,  3.38999809,
        4.86081369,  3.79884162,  4.58389226,  5.42713722,  6.17297634,
        1.64766114,  2.02541799,  4.88035503,  1.17676829,  3.91674588,
        0.22697435,  4.03519785,  1.55131443,  5.52542915,  5.27981292,
        5.16484963,  5.94425754,  2.53689474,  4.45925917,  4.97898058,
        5.35865546,  5.39542526,  0.32501807,  2.27673132,  1.85797981,
        4.0097348 ,  1.28760619,  4.03855612,  2.07509452,  5.48056701,
        2.62942502,  3.42549212,  1.15076252,  2.53295229,  1.55910009,
        0.1467874 ,  3.23102034,  2.14690765,  3.1677136 ,  1.99419283,
        1.11170924,  5.65732661,  6.24712986,  5.14311733,  0.59155013,
        5.85048498,  0.09910397,  6.02611886,  0.0770519 ,  0.7948523 ,
       -0.03216398])]",[5815.077022790909]
