,problem,layers,optimizer,solutions,parameters,time
0,"{'type': 'knapsack', 'items': [{'weight': 11, 'profit': 50, 'color': 'red'}, {'weight': 3, 'profit': 24, 'color': 'blue'}, {'weight': 15, 'profit': 18, 'color': 'orange'}, {'weight': 10, 'profit': 56, 'color': 'grey'}, {'weight': 2, 'profit': 63, 'color': 'green'}], 'constraint': 21}",24,"{'optimizer': 'COBYLA', 'maxiter': 100, 'shots': 1024, 'parameter_strategy': 'RANDOM', 'x0': None, 'backend': <QAOA_Tester.Backend.NoisyEstimatorBackend object at 0x7fc84b209060>}","[([0, 1, 1, 1, 0, 0, 0, 0, 1, 0], 47602.0)]","[array([0.35081913, 5.82870669, 0.05915583, 1.0381282 , 5.84935219,
       1.03679249, 2.09468115, 3.83648556, 1.97928726, 3.99890455,
       4.97178581, 4.7733705 , 4.75963958, 1.3893995 , 5.58269564,
       3.77637785, 3.06625458, 0.98879098, 4.28387918, 3.80323652,
       2.44556139, 4.42286922, 3.34518581, 6.47970651, 5.77319578,
       2.24493146, 0.63285804, 3.12405194, 2.08037363, 3.77907673,
       2.66303075, 2.55857003, 6.27676462, 1.92418785, 5.75625834,
       1.03476435, 0.29302964, 1.8868226 , 0.21037608, 0.19141647,
       1.18461426, 5.44713978, 2.02785013, 3.47420332, 1.43751048,
       3.38489267, 4.68376318, 2.38767916])]",[5329.42923283577]
