,problem,layers,optimizer,solutions,parameters,time
0,"{'type': 'knapsack', 'items': [{'weight': 11, 'profit': 50, 'color': 'red'}, {'weight': 3, 'profit': 24, 'color': 'blue'}, {'weight': 15, 'profit': 18, 'color': 'orange'}, {'weight': 10, 'profit': 56, 'color': 'grey'}, {'weight': 2, 'profit': 63, 'color': 'green'}], 'constraint': 21}",24,"{'optimizer': 'COBYLA', 'maxiter': 100, 'shots': 1024, 'parameter_strategy': 'RANDOM', 'x0': None, 'backend': <QAOA_Tester.Backend.NoisyEstimatorBackend object at 0x7ff6b5de8400>}","[([1, 0, 0, 0, 0, 1, 0, 0, 0, 0], 17122.0)]","[array([2.48129276, 4.77742743, 4.69788878, 5.62879965, 0.95481606,
       1.78389068, 5.12056474, 1.5387066 , 1.47842485, 2.23368369,
       3.29546979, 5.55201294, 4.27578642, 0.16791756, 0.14659088,
       1.85787314, 2.79595983, 1.75517885, 4.68421932, 2.09991964,
       6.00092268, 0.91157921, 2.32305247, 6.52053109, 3.76828493,
       3.83420298, 1.23642916, 2.8859477 , 2.46252869, 2.65725665,
       1.38227748, 4.21842273, 2.98715819, 0.16950377, 5.64026406,
       4.24190448, 4.67889447, 5.21582293, 4.32082309, 0.23620946,
       1.15458178, 4.89149915, 3.57817608, 4.33163841, 0.70919565,
       6.2783113 , 3.59624634, 2.73306818])]",[4968.9881863594055]
