,problem,layers,optimizer,solutions,parameters,time
0,"{'type': 'knapsack', 'items': [{'weight': 11, 'profit': 50, 'color': 'red'}, {'weight': 3, 'profit': 24, 'color': 'blue'}, {'weight': 15, 'profit': 18, 'color': 'orange'}, {'weight': 10, 'profit': 56, 'color': 'grey'}, {'weight': 2, 'profit': 63, 'color': 'green'}], 'constraint': 21}",20,"{'optimizer': 'COBYLA', 'maxiter': 100, 'shots': 1024, 'parameter_strategy': 'RANDOM', 'x0': None, 'backend': <QAOA_Tester.Backend.NoisyEstimatorBackend object at 0x7f5522123340>}","[([1, 1, 0, 1, 1, 1, 0, 0, 1, 1], 84607.0)]","[array([1.51073489, 2.96719978, 2.63839546, 2.33654476, 5.6282678 ,
       4.65154488, 2.15730613, 2.87898685, 3.14895126, 2.29183916,
       4.35187683, 3.845091  , 3.19321738, 1.43662076, 2.75705278,
       5.38258999, 5.78328266, 5.93848868, 2.38722552, 8.16888056,
       2.8433439 , 4.82821045, 0.38203602, 6.21545215, 4.85173468,
       5.86465241, 1.78564998, 3.99777521, 2.04080514, 2.6303644 ,
       2.07036964, 6.19794602, 5.69592355, 3.57695262, 0.05512603,
       1.34088464, 3.66083453, 5.18396855, 1.57466714, 3.47086805])]",[4538.44864320755]
