,problem,layers,optimizer,solutions,parameters,time
0,"{'type': 'knapsack', 'items': [{'weight': 11, 'profit': 50, 'color': 'red'}, {'weight': 3, 'profit': 24, 'color': 'blue'}, {'weight': 15, 'profit': 18, 'color': 'orange'}, {'weight': 10, 'profit': 56, 'color': 'grey'}, {'weight': 2, 'profit': 63, 'color': 'green'}], 'constraint': 21}",25,"{'optimizer': 'COBYLA', 'maxiter': 100, 'shots': 1024, 'parameter_strategy': 'RANDOM', 'x0': None, 'backend': <QAOA_Tester.Backend.NoisyEstimatorBackend object at 0x7fe017af8460>}","[([1, 1, 1, 0, 1, 0, 0, 0, 1, 1], 121957.0)]","[array([ 1.06610126,  2.8938951 ,  3.6349754 ,  5.96028327,  4.7800131 ,
        4.19808904, -0.08057806,  5.13604886,  3.53685547,  3.99341434,
        4.64333257,  1.36694825,  3.63040389,  0.95901827,  2.90157881,
        4.93797712,  4.66063306,  4.57171933, -0.05636954,  3.40098166,
        3.75527356,  4.83679364,  1.17930348, -0.48202612,  2.46839806,
        1.90143253,  1.91430009,  5.0317112 ,  0.86375877,  1.69467647,
        1.66040257,  5.25926983,  3.57766837,  5.65992302,  0.29698096,
        0.41891769,  0.78312989,  0.66792292,  3.88620881,  6.07886448,
        4.07316735,  2.15185755,  1.24851821,  2.20842677,  2.70396688,
        6.00369742,  0.71070168,  2.33232484,  5.76912754,  2.59151593])]",[5437.818688869476]
