,problem,layers,optimizer,solutions,parameters,time
0,"{'type': 'knapsack', 'items': [{'weight': 11, 'profit': 50, 'color': 'red'}, {'weight': 3, 'profit': 24, 'color': 'blue'}, {'weight': 15, 'profit': 18, 'color': 'orange'}, {'weight': 10, 'profit': 56, 'color': 'grey'}, {'weight': 2, 'profit': 63, 'color': 'green'}], 'constraint': 21}",28,"{'optimizer': 'COBYLA', 'maxiter': 100, 'shots': 1024, 'parameter_strategy': 'RANDOM', 'x0': None, 'backend': <QAOA_Tester.Backend.NoisyEstimatorBackend object at 0x7fae37e99060>}","[([1, 1, 1, 1, 1, 0, 1, 0, 1, 0], 190589.0)]","[array([6.07270504, 5.41780247, 0.83339343, 3.75685569, 1.56972692,
       5.83303734, 3.59844202, 0.5794736 , 5.06032699, 0.47727655,
       3.30016106, 5.08621878, 2.06922225, 5.40029699, 3.4448406 ,
       1.74871133, 4.54992896, 4.5912389 , 4.87143574, 2.49808116,
       1.79328717, 2.36955996, 1.72960884, 1.17301759, 5.33671159,
       5.92612711, 4.69719342, 6.7840928 , 5.29855596, 0.1039165 ,
       1.33934464, 1.71781487, 6.14036674, 4.34943271, 4.55614194,
       0.90241319, 5.72630585, 3.07133478, 4.89212487, 1.01294083,
       3.17755149, 3.12631958, 5.92652787, 2.48598242, 1.75651713,
       5.48313628, 3.9623994 , 2.20919593, 5.75284064, 4.95261287,
       0.0220573 , 6.11508188, 5.88005168, 2.67883059, 0.79635666,
       6.07182077])]",[5484.235471010208]
