,problem,layers,optimizer,solutions,parameters,time
0,"{'type': 'knapsack', 'items': [{'weight': 11, 'profit': 50, 'color': 'red'}, {'weight': 3, 'profit': 24, 'color': 'blue'}, {'weight': 15, 'profit': 18, 'color': 'orange'}, {'weight': 10, 'profit': 56, 'color': 'grey'}, {'weight': 2, 'profit': 63, 'color': 'green'}], 'constraint': 21}",18,"{'optimizer': 'COBYLA', 'maxiter': 100, 'shots': 1024, 'parameter_strategy': 'RANDOM', 'x0': None, 'backend': <QAOA_Tester.Backend.NoisyEstimatorBackend object at 0x7fa043d1f910>}","[([1, 0, 0, 1, 0, 0, 1, 0, 0, 1], 13462.0)]","[array([4.79868847, 5.90183243, 5.04178354, 0.74944262, 0.4535757 ,
       4.84429766, 1.90994046, 3.94673598, 5.15187213, 2.05539164,
       1.49118522, 1.63126057, 0.51827142, 2.77140661, 4.90544243,
       3.72838209, 3.25384506, 3.06809825, 1.11618032, 3.55287523,
       0.07948802, 0.77810019, 0.5511188 , 2.98840942, 0.12417193,
       0.93171757, 0.94133829, 3.16537868, 1.74066692, 6.23514129,
       1.88388296, 3.34693724, 2.4884758 , 4.33036651, 5.52462353,
       1.08519211])]",[4175.36517906189]
