,problem,layers,optimizer,solutions,parameters,time
0,"{'type': 'knapsack', 'items': [{'weight': 11, 'profit': 50, 'color': 'red'}, {'weight': 3, 'profit': 24, 'color': 'blue'}, {'weight': 15, 'profit': 18, 'color': 'orange'}, {'weight': 10, 'profit': 56, 'color': 'grey'}, {'weight': 2, 'profit': 63, 'color': 'green'}], 'constraint': 21}",19,"{'optimizer': 'COBYLA', 'maxiter': 100, 'shots': 1024, 'parameter_strategy': 'RANDOM', 'x0': None, 'backend': <QAOA_Tester.Backend.NoisyEstimatorBackend object at 0x7f8a1ee9b7c0>}","[([1, 0, 0, 1, 0, 1, 1, 0, 0, 1], 17066.0)]","[array([4.00023593, 4.16745694, 3.09005678, 4.66906776, 5.49776879,
       5.85420672, 3.06928898, 2.68928787, 2.41852898, 4.54773817,
       2.21780856, 0.00906388, 1.53249922, 0.55461892, 4.25060155,
       6.1366473 , 2.55681416, 1.07146389, 4.50966704, 2.92719814,
       4.06637927, 0.80591074, 3.28410359, 2.35565508, 5.95704833,
       5.6728144 , 4.16751601, 4.11144534, 4.83286023, 5.64872414,
       4.32004154, 5.43394884, 0.9505006 , 3.97983479, 4.55193557,
       5.27199918, 0.45275349, 5.91106738])]",[4012.9216136932373]
