,problem,layers,optimizer,solutions,parameters,time
0,"{'type': 'knapsack', 'items': [{'weight': 11, 'profit': 50, 'color': 'red'}, {'weight': 3, 'profit': 24, 'color': 'blue'}, {'weight': 15, 'profit': 18, 'color': 'orange'}, {'weight': 10, 'profit': 56, 'color': 'grey'}, {'weight': 2, 'profit': 63, 'color': 'green'}], 'constraint': 21}",23,"{'optimizer': 'COBYLA', 'maxiter': 100, 'shots': 1024, 'parameter_strategy': 'RANDOM', 'x0': None, 'backend': <QAOA_Tester.Backend.NoisyEstimatorBackend object at 0x7ff8dfeb44f0>}","[([0, 0, 0, 0, 0, 0, 0, 0, 0, 0], 93492.0)]","[array([ 4.37197092,  6.0101381 ,  5.80872126,  5.76113342,  3.05831806,
        4.05926154,  1.96397464,  5.0816623 , -0.07305829,  3.62782455,
        5.39303979,  3.37468777,  0.64185512,  3.8408626 ,  2.5588168 ,
        4.04650322,  1.51319183,  6.0910139 ,  0.83864403,  6.22515936,
        3.25023507,  3.38351508, -0.36024279,  2.49219496,  1.85263274,
        0.74047934,  2.46628655,  6.3179128 ,  4.48499292,  3.29463048,
        2.76298264,  1.80676862,  1.20016914,  5.11648606,  5.85411514,
        1.884149  ,  3.64546379,  3.24908435,  1.25892356,  1.77596364,
        3.15223342,  3.26349994,  5.35936405,  0.45981385,  4.71304283,
        4.91969059])]",[4852.595233678818]
