,problem,layers,optimizer,solutions,parameters,time
0,"{'type': 'knapsack', 'items': [{'weight': 11, 'profit': 50, 'color': 'red'}, {'weight': 3, 'profit': 24, 'color': 'blue'}, {'weight': 15, 'profit': 18, 'color': 'orange'}, {'weight': 10, 'profit': 56, 'color': 'grey'}, {'weight': 2, 'profit': 63, 'color': 'green'}], 'constraint': 21}",22,"{'optimizer': 'COBYLA', 'maxiter': 100, 'shots': 1024, 'parameter_strategy': 'RANDOM', 'x0': None, 'backend': <QAOA_Tester.Backend.NoisyEstimatorBackend object at 0x7f9686550f70>}","[([1, 1, 1, 0, 1, 1, 1, 0, 0, 1], 76377.0)]","[array([ 2.81815832,  3.50055547,  4.71999662,  5.61922576,  6.02189432,
        0.22222542,  4.65911762,  3.15193052,  2.30837813,  3.45108233,
        1.88822186,  4.25300261,  5.60617399,  5.9052447 ,  2.80946145,
        4.49296932,  5.21594437,  4.04616129,  2.24283963,  1.52947126,
        0.69767801,  4.71843869,  2.20926148,  0.34638599,  4.60770623,
        2.2730033 ,  3.69700031,  0.705179  ,  1.15090942,  0.04026232,
        3.65187783,  6.23791945,  0.60565884,  3.67778489,  2.93123358,
        4.89977746,  1.31126452,  3.57227856,  6.12268379,  5.08036709,
        5.22608319,  2.34041253,  3.38330073, -0.94841633])]",[4714.754072666168]
