,problem,layers,optimizer,solutions,parameters,time
0,"{'type': 'maxcut', 'graph': {'directed': False, 'multigraph': False, 'graph': {}, 'nodes': [{'id': 0}, {'id': 1}, {'id': 2}, {'id': 3}, {'id': 4}], 'links': [{'weight': 1, 'source': 0, 'target': 1}, {'weight': 7, 'source': 0, 'target': 2}, {'weight': 1, 'source': 0, 'target': 3}, {'weight': 7, 'source': 0, 'target': 4}, {'weight': 9, 'source': 1, 'target': 2}, {'weight': 7, 'source': 1, 'target': 3}, {'weight': 5, 'source': 1, 'target': 4}, {'weight': 6, 'source': 2, 'target': 3}, {'weight': 1, 'source': 2, 'target': 4}, {'weight': 5, 'source': 3, 'target': 4}]}, 'position': {0: [-1.0, 0.19306311148226846], 1: [0.6487986200945854, 0.17922345757500216], 2: [-0.23059649502081692, -0.5189640061498542], 3: [0.672239837510958, -0.5713801483347366], 4: [-0.09044196258472671, 0.7180575854273197]}, 'solution': ([0, 0, 1, 0, 1], 39.0)}",23,"{'optimizer': 'COBYLA', 'maxiter': 100, 'shots': 1024, 'parameter_strategy': 'RANDOM', 'x0': None, 'backend': <QAOA_Tester.Backend.NoisyEstimatorBackend object at 0x7fc281a81b10>}","[([0, 0, 1, 1, 1], -36.0)]","[array([-0.1916574 ,  1.8582214 ,  5.91006437,  4.05047653,  0.53550629,
        1.63908237,  0.78707033,  4.18020656,  3.30653935,  0.49167113,
        4.56574663,  0.77065586,  3.53266845,  3.11485608,  3.52759128,
        0.77228451,  5.25462686,  0.16840596,  4.44718479,  4.73894134,
        3.09704235,  0.87523843,  5.23658604,  4.14339197,  2.82092088,
        4.09615161,  4.88714266,  5.7521326 ,  4.34732633,  1.64865423,
        3.03493182,  3.67022078,  3.27599048,  5.59135203,  2.75582656,
        5.50939291,  5.31938397,  1.53377338,  0.85288542,  2.70813522,
        0.58042933,  5.37081192,  0.38060516,  4.10274786,  5.65640898,
        2.83803129])]",[603.1569993495941]
