,problem,layers,optimizer,solutions,parameters,time
0,"{'type': 'maxcut', 'graph': {'directed': False, 'multigraph': False, 'graph': {}, 'nodes': [{'id': 0}, {'id': 1}, {'id': 2}, {'id': 3}, {'id': 4}], 'links': [{'weight': 1, 'source': 0, 'target': 1}, {'weight': 7, 'source': 0, 'target': 2}, {'weight': 1, 'source': 0, 'target': 3}, {'weight': 7, 'source': 0, 'target': 4}, {'weight': 9, 'source': 1, 'target': 2}, {'weight': 7, 'source': 1, 'target': 3}, {'weight': 5, 'source': 1, 'target': 4}, {'weight': 6, 'source': 2, 'target': 3}, {'weight': 1, 'source': 2, 'target': 4}, {'weight': 5, 'source': 3, 'target': 4}]}, 'position': {0: [-1.0, 0.19306311148226846], 1: [0.6487986200945854, 0.17922345757500216], 2: [-0.23059649502081692, -0.5189640061498542], 3: [0.672239837510958, -0.5713801483347366], 4: [-0.09044196258472671, 0.7180575854273197]}, 'solution': ([0, 0, 1, 0, 1], 39.0)}",21,"{'optimizer': 'COBYLA', 'maxiter': 100, 'shots': 1024, 'parameter_strategy': 'RANDOM', 'x0': None, 'backend': <QAOA_Tester.Backend.NoisyEstimatorBackend object at 0x7f96eb72a590>}","[([1, 1, 0, 0, 1], -30.0)]","[array([2.81793736, 0.70685027, 5.24469889, 5.54358032, 3.675219  ,
       5.16384775, 3.40877989, 4.81018356, 5.45772077, 1.46686652,
       4.34957488, 5.13070071, 2.31163455, 2.644722  , 5.50091437,
       4.6251265 , 4.23584938, 1.42020909, 6.1476032 , 1.71935815,
       1.47561972, 4.95169498, 4.13009544, 0.38889865, 0.98119266,
       1.1080064 , 4.73196469, 3.4783044 , 3.38212078, 3.58044961,
       2.5437661 , 0.74644033, 1.45872028, 2.94851365, 1.35248783,
       1.9638452 , 5.06946709, 4.01659273, 1.97030606, 3.23731166,
       5.33987562, 0.72319414])]",[575.9160032272339]
