,problem,layers,optimizer,solutions,parameters,time
0,"{'type': 'maxcut', 'graph': {'directed': False, 'multigraph': False, 'graph': {}, 'nodes': [{'id': 0}, {'id': 1}, {'id': 2}, {'id': 3}, {'id': 4}], 'links': [{'weight': 1, 'source': 0, 'target': 1}, {'weight': 7, 'source': 0, 'target': 2}, {'weight': 1, 'source': 0, 'target': 3}, {'weight': 7, 'source': 0, 'target': 4}, {'weight': 9, 'source': 1, 'target': 2}, {'weight': 7, 'source': 1, 'target': 3}, {'weight': 5, 'source': 1, 'target': 4}, {'weight': 6, 'source': 2, 'target': 3}, {'weight': 1, 'source': 2, 'target': 4}, {'weight': 5, 'source': 3, 'target': 4}]}, 'position': {0: [-1.0, 0.19306311148226846], 1: [0.6487986200945854, 0.17922345757500216], 2: [-0.23059649502081692, -0.5189640061498542], 3: [0.672239837510958, -0.5713801483347366], 4: [-0.09044196258472671, 0.7180575854273197]}, 'solution': ([0, 0, 1, 0, 1], 39.0)}",24,"{'optimizer': 'COBYLA', 'maxiter': 100, 'shots': 1024, 'parameter_strategy': 'RANDOM', 'x0': None, 'backend': <QAOA_Tester.Backend.NoisyEstimatorBackend object at 0x7f9983c85c00>}","[([1, 1, 1, 1, 1], 0.0)]","[array([5.76771755, 2.29963519, 5.79824635, 1.04640013, 5.30936592,
       4.06865537, 1.84253567, 0.9124072 , 1.11608078, 4.78663389,
       5.31259858, 0.11111284, 2.43151737, 4.78560623, 3.65055513,
       5.28823033, 0.15326172, 3.50541302, 3.77007743, 0.88936858,
       2.97224355, 4.43601181, 5.40021773, 6.33980014, 1.91946303,
       4.39300682, 0.9561141 , 6.26182604, 1.82995053, 6.00901705,
       2.7485605 , 1.43014269, 3.81881166, 0.23882916, 2.98447855,
       0.63841667, 5.10240185, 3.15032953, 0.25964012, 4.85254481,
       4.31065316, 6.24039377, 3.53300975, 0.49826807, 3.09584928,
       3.55374109, 4.39809233, 4.04045075])]",[614.900242805481]
