,problem,layers,optimizer,solutions,parameters,time
0,"{'type': 'maxcut', 'graph': {'directed': False, 'multigraph': False, 'graph': {}, 'nodes': [{'id': 0}, {'id': 1}, {'id': 2}, {'id': 3}, {'id': 4}], 'links': [{'weight': 1, 'source': 0, 'target': 1}, {'weight': 7, 'source': 0, 'target': 2}, {'weight': 1, 'source': 0, 'target': 3}, {'weight': 7, 'source': 0, 'target': 4}, {'weight': 9, 'source': 1, 'target': 2}, {'weight': 7, 'source': 1, 'target': 3}, {'weight': 5, 'source': 1, 'target': 4}, {'weight': 6, 'source': 2, 'target': 3}, {'weight': 1, 'source': 2, 'target': 4}, {'weight': 5, 'source': 3, 'target': 4}]}, 'position': {0: [-1.0, 0.19306311148226846], 1: [0.6487986200945854, 0.17922345757500216], 2: [-0.23059649502081692, -0.5189640061498542], 3: [0.672239837510958, -0.5713801483347366], 4: [-0.09044196258472671, 0.7180575854273197]}, 'solution': ([0, 0, 1, 0, 1], 39.0)}",26,"{'optimizer': 'COBYLA', 'maxiter': 100, 'shots': 1024, 'parameter_strategy': 'RANDOM', 'x0': None, 'backend': <QAOA_Tester.Backend.NoisyEstimatorBackend object at 0x7ff6e150d720>}","[([1, 0, 0, 0, 0], -16.0)]","[array([2.28471644, 5.86254119, 1.8383105 , 2.52536926, 2.66319223,
       0.25190979, 4.29263724, 1.7361766 , 3.49770707, 4.79038223,
       0.01333476, 2.57731074, 0.48164167, 2.57913228, 0.83203154,
       1.48391842, 1.90799588, 4.76797577, 1.67639871, 4.65355025,
       4.92579132, 3.40878937, 1.27485884, 1.66898887, 2.99550158,
       4.78746411, 1.77282562, 0.78003377, 4.24941968, 2.04483648,
       0.38775479, 3.36877568, 3.88193616, 3.50986507, 3.79092032,
       3.59212748, 1.21681478, 5.45565476, 0.18641948, 1.8492544 ,
       3.58258584, 5.48063497, 0.90271359, 3.201183  , 0.76297754,
       2.47208706, 0.43924333, 4.39443773, 4.1917375 , 2.90532357,
       1.55301012, 5.47653926])]",[666.2542984485626]
