,problem,layers,optimizer,solutions,parameters,time
0,"{'type': 'maxcut', 'graph': {'directed': False, 'multigraph': False, 'graph': {}, 'nodes': [{'id': 0}, {'id': 1}, {'id': 2}, {'id': 3}, {'id': 4}], 'links': [{'weight': 1, 'source': 0, 'target': 1}, {'weight': 7, 'source': 0, 'target': 2}, {'weight': 1, 'source': 0, 'target': 3}, {'weight': 7, 'source': 0, 'target': 4}, {'weight': 9, 'source': 1, 'target': 2}, {'weight': 7, 'source': 1, 'target': 3}, {'weight': 5, 'source': 1, 'target': 4}, {'weight': 6, 'source': 2, 'target': 3}, {'weight': 1, 'source': 2, 'target': 4}, {'weight': 5, 'source': 3, 'target': 4}]}, 'position': {0: [-1.0, 0.19306311148226846], 1: [0.6487986200945854, 0.17922345757500216], 2: [-0.23059649502081692, -0.5189640061498542], 3: [0.672239837510958, -0.5713801483347366], 4: [-0.09044196258472671, 0.7180575854273197]}, 'solution': ([0, 0, 1, 0, 1], 39.0)}",22,"{'optimizer': 'COBYLA', 'maxiter': 100, 'shots': 1024, 'parameter_strategy': 'RANDOM', 'x0': None, 'backend': <QAOA_Tester.Backend.NoisyEstimatorBackend object at 0x7f49da6b2b00>}","[([1, 0, 1, 0, 0], -25.0)]","[array([3.44396211, 1.79098486, 5.95034239, 6.10560628, 1.11794496,
       3.41820035, 2.71686322, 2.56950464, 4.77864775, 1.6662258 ,
       5.27231855, 1.16892102, 1.55586774, 2.02656113, 2.44380608,
       2.69676569, 3.48279828, 1.28137312, 1.05978366, 4.73221416,
       2.98821706, 2.75207781, 6.26835536, 5.40780042, 2.97934601,
       3.23312021, 5.15392749, 2.82813866, 5.7597769 , 3.41814347,
       6.10640927, 1.69930233, 2.82911881, 6.23763975, 0.2515566 ,
       3.67694702, 2.46466648, 4.83030782, 2.61046556, 4.39676399,
       4.97177127, 1.77426674, 6.06573836, 5.25084723])]",[602.934739112854]
