,problem,layers,optimizer,solutions,parameters,time
0,"{'type': 'maxcut', 'graph': {'directed': False, 'multigraph': False, 'graph': {}, 'nodes': [{'id': 0}, {'id': 1}, {'id': 2}, {'id': 3}, {'id': 4}], 'links': [{'weight': 1, 'source': 0, 'target': 1}, {'weight': 7, 'source': 0, 'target': 2}, {'weight': 1, 'source': 0, 'target': 3}, {'weight': 7, 'source': 0, 'target': 4}, {'weight': 9, 'source': 1, 'target': 2}, {'weight': 7, 'source': 1, 'target': 3}, {'weight': 5, 'source': 1, 'target': 4}, {'weight': 6, 'source': 2, 'target': 3}, {'weight': 1, 'source': 2, 'target': 4}, {'weight': 5, 'source': 3, 'target': 4}]}, 'position': {0: [-1.0, 0.19306311148226846], 1: [0.6487986200945854, 0.17922345757500216], 2: [-0.23059649502081692, -0.5189640061498542], 3: [0.672239837510958, -0.5713801483347366], 4: [-0.09044196258472671, 0.7180575854273197]}, 'solution': ([0, 0, 1, 0, 1], 39.0)}",20,"{'optimizer': 'COBYLA', 'maxiter': 100, 'shots': 1024, 'parameter_strategy': 'RANDOM', 'x0': None, 'backend': <QAOA_Tester.Backend.NoisyEstimatorBackend object at 0x7f7c869a81c0>}","[([1, 0, 0, 1, 0], -33.0)]","[array([3.90851502, 2.82478563, 2.33829148, 4.76782823, 6.33798322,
       0.54554362, 3.79215496, 1.4759533 , 4.39570502, 3.27683486,
       0.03641738, 4.78415313, 1.30746994, 2.99219169, 0.8893933 ,
       3.10891341, 1.19968426, 5.14641551, 4.50147639, 2.97252385,
       5.1254156 , 0.62965587, 6.26327654, 1.0936295 , 0.82730088,
       4.50241101, 5.72094933, 5.30514405, 3.44243655, 4.14894012,
       0.43971947, 5.7921878 , 3.37691493, 0.01638542, 3.75973962,
       2.12276515, 6.26777539, 5.85775136, 1.38505551, 4.45220613])]",[647.5697655677795]
