,problem,layers,optimizer,solutions,parameters,time
0,"{'type': 'maxcut', 'graph': {'directed': False, 'multigraph': False, 'graph': {}, 'nodes': [{'id': 0}, {'id': 1}, {'id': 2}, {'id': 3}, {'id': 4}], 'links': [{'weight': 1, 'source': 0, 'target': 1}, {'weight': 7, 'source': 0, 'target': 2}, {'weight': 1, 'source': 0, 'target': 3}, {'weight': 7, 'source': 0, 'target': 4}, {'weight': 9, 'source': 1, 'target': 2}, {'weight': 7, 'source': 1, 'target': 3}, {'weight': 5, 'source': 1, 'target': 4}, {'weight': 6, 'source': 2, 'target': 3}, {'weight': 1, 'source': 2, 'target': 4}, {'weight': 5, 'source': 3, 'target': 4}]}, 'position': {0: [-1.0, 0.19306311148226846], 1: [0.6487986200945854, 0.17922345757500216], 2: [-0.23059649502081692, -0.5189640061498542], 3: [0.672239837510958, -0.5713801483347366], 4: [-0.09044196258472671, 0.7180575854273197]}, 'solution': ([0, 0, 1, 0, 1], 39.0)}",23,"{'optimizer': 'COBYLA', 'maxiter': 100, 'shots': 1024, 'parameter_strategy': 'RANDOM', 'x0': None, 'backend': <QAOA_Tester.Backend.NoisyEstimatorBackend object at 0x7f15b7ecf4c0>}","[([0, 0, 0, 1, 0], -19.0)]","[array([0.8386269 , 0.50680873, 2.49658369, 0.90710587, 5.80876351,
       1.03251983, 2.42051081, 3.56930695, 5.80294352, 1.75812655,
       4.04198826, 3.40759516, 1.06728936, 5.21215336, 0.53732623,
       0.19237594, 1.56582995, 5.42545382, 4.16065691, 5.74365178,
       4.3380183 , 1.11198536, 4.7053648 , 3.72622289, 4.15335429,
       1.97089869, 1.37651003, 3.78652357, 3.26461925, 1.77465626,
       5.08641275, 2.36731605, 4.90382765, 2.73052831, 2.31607609,
       2.30211902, 4.83546887, 2.06617549, 4.59379678, 1.70326072,
       1.45037301, 3.94808811, 4.26251775, 1.61055962, 2.67057238,
       5.59852524])]",[650.9378628730774]
