,problem,layers,optimizer,solutions,parameters,time
0,"{'type': 'maxcut', 'graph': {'directed': False, 'multigraph': False, 'graph': {}, 'nodes': [{'id': 0}, {'id': 1}, {'id': 2}, {'id': 3}, {'id': 4}], 'links': [{'weight': 1, 'source': 0, 'target': 1}, {'weight': 7, 'source': 0, 'target': 2}, {'weight': 1, 'source': 0, 'target': 3}, {'weight': 7, 'source': 0, 'target': 4}, {'weight': 9, 'source': 1, 'target': 2}, {'weight': 7, 'source': 1, 'target': 3}, {'weight': 5, 'source': 1, 'target': 4}, {'weight': 6, 'source': 2, 'target': 3}, {'weight': 1, 'source': 2, 'target': 4}, {'weight': 5, 'source': 3, 'target': 4}]}, 'position': {0: [-1.0, 0.19306311148226846], 1: [0.6487986200945854, 0.17922345757500216], 2: [-0.23059649502081692, -0.5189640061498542], 3: [0.672239837510958, -0.5713801483347366], 4: [-0.09044196258472671, 0.7180575854273197]}, 'solution': ([0, 0, 1, 0, 1], 39.0)}",20,"{'optimizer': 'COBYLA', 'maxiter': 100, 'shots': 1024, 'parameter_strategy': 'RANDOM', 'x0': None, 'backend': <QAOA_Tester.Backend.NoisyEstimatorBackend object at 0x7fec58e5c040>}","[([1, 0, 0, 0, 1], -20.0)]","[array([2.2349417 , 1.31521524, 1.90304449, 2.0512015 , 1.10296118,
       0.73917594, 5.67230043, 3.86466791, 2.82425962, 5.47769167,
       4.37932333, 1.22291724, 5.51233694, 6.13756051, 1.81212461,
       5.45685504, 0.69131455, 5.8718915 , 1.53486694, 3.16198052,
       3.88103609, 3.82422198, 5.48082324, 2.25165342, 2.89976005,
       5.6741287 , 0.83764198, 4.61840338, 1.64502755, 2.52760313,
       3.74628265, 4.97184627, 6.0488385 , 0.80996542, 3.29878924,
       1.36202152, 5.55843515, 2.34150252, 2.20428644, 1.86827767])]",[604.0810978412628]
