,problem,layers,optimizer,solutions,parameters,time
0,"{'type': 'maxcut', 'graph': {'directed': False, 'multigraph': False, 'graph': {}, 'nodes': [{'id': 0}, {'id': 1}, {'id': 2}, {'id': 3}, {'id': 4}], 'links': [{'weight': 1, 'source': 0, 'target': 1}, {'weight': 7, 'source': 0, 'target': 2}, {'weight': 1, 'source': 0, 'target': 3}, {'weight': 7, 'source': 0, 'target': 4}, {'weight': 9, 'source': 1, 'target': 2}, {'weight': 7, 'source': 1, 'target': 3}, {'weight': 5, 'source': 1, 'target': 4}, {'weight': 6, 'source': 2, 'target': 3}, {'weight': 1, 'source': 2, 'target': 4}, {'weight': 5, 'source': 3, 'target': 4}]}, 'position': {0: [-1.0, 0.19306311148226846], 1: [0.6487986200945854, 0.17922345757500216], 2: [-0.23059649502081692, -0.5189640061498542], 3: [0.672239837510958, -0.5713801483347366], 4: [-0.09044196258472671, 0.7180575854273197]}, 'solution': ([0, 0, 1, 0, 1], 39.0)}",20,"{'optimizer': 'COBYLA', 'maxiter': 100, 'shots': 1024, 'parameter_strategy': 'RANDOM', 'x0': None, 'backend': <QAOA_Tester.Backend.NoisyEstimatorBackend object at 0x7f2be3d46ad0>}","[([0, 0, 0, 1, 0], -19.0)]","[array([ 0.43817526,  2.45162933,  1.4137456 ,  3.44248006,  2.15809635,
        0.88758776,  1.49790379,  3.30111998,  4.07453974,  5.17528621,
        3.18276072,  0.33919805,  0.90145668,  4.55451463,  1.90344718,
        0.45431334,  4.19358398,  5.54156459,  0.52119374, -0.37524865,
        1.7368497 ,  5.42573196,  3.60093054,  0.7401919 ,  4.23772367,
        0.75548792,  3.00512687,  1.37340685,  1.47714404,  5.6321942 ,
        2.94163976,  4.91897881,  2.12954745,  4.39793287,  1.98223757,
        5.97989821,  4.74871987,  4.52878613,  2.66003799,  0.16960433])]",[643.2616055011749]
