,problem,layers,optimizer,solutions,parameters,time
0,"{'type': 'maxcut', 'graph': {'directed': False, 'multigraph': False, 'graph': {}, 'nodes': [{'id': 0}, {'id': 1}, {'id': 2}, {'id': 3}, {'id': 4}], 'links': [{'weight': 1, 'source': 0, 'target': 1}, {'weight': 7, 'source': 0, 'target': 2}, {'weight': 1, 'source': 0, 'target': 3}, {'weight': 7, 'source': 0, 'target': 4}, {'weight': 9, 'source': 1, 'target': 2}, {'weight': 7, 'source': 1, 'target': 3}, {'weight': 5, 'source': 1, 'target': 4}, {'weight': 6, 'source': 2, 'target': 3}, {'weight': 1, 'source': 2, 'target': 4}, {'weight': 5, 'source': 3, 'target': 4}]}, 'position': {0: [-1.0, 0.19306311148226846], 1: [0.6487986200945854, 0.17922345757500216], 2: [-0.23059649502081692, -0.5189640061498542], 3: [0.672239837510958, -0.5713801483347366], 4: [-0.09044196258472671, 0.7180575854273197]}, 'solution': ([0, 0, 1, 0, 1], 39.0)}",18,"{'optimizer': 'COBYLA', 'maxiter': 100, 'shots': 1024, 'parameter_strategy': 'RANDOM', 'x0': None, 'backend': <QAOA_Tester.Backend.NoisyEstimatorBackend object at 0x7f7648f35f60>}","[([1, 0, 0, 0, 0], -16.0)]","[array([4.43025998, 0.8519747 , 1.72865327, 5.77128594, 0.64043975,
       4.88139261, 1.67726081, 2.4764311 , 6.03990932, 3.1272193 ,
       6.05905378, 2.93753437, 6.04474321, 3.98795583, 1.91159274,
       0.7244599 , 3.14804103, 0.75435028, 3.04974102, 4.42475451,
       2.18366757, 3.72846903, 5.13764328, 4.89327492, 4.68838311,
       1.05171458, 3.46616794, 2.84486102, 2.20239163, 1.69437258,
       2.67352389, 2.37559681, 4.83099788, 3.7253816 , 5.97936713,
       4.97818562])]",[605.1836228370667]
