,problem,layers,optimizer,solutions,parameters,time
0,"{'type': 'maxcut', 'graph': {'directed': False, 'multigraph': False, 'graph': {}, 'nodes': [{'id': 0}, {'id': 1}, {'id': 2}, {'id': 3}, {'id': 4}], 'links': [{'weight': 1, 'source': 0, 'target': 1}, {'weight': 7, 'source': 0, 'target': 2}, {'weight': 1, 'source': 0, 'target': 3}, {'weight': 7, 'source': 0, 'target': 4}, {'weight': 9, 'source': 1, 'target': 2}, {'weight': 7, 'source': 1, 'target': 3}, {'weight': 5, 'source': 1, 'target': 4}, {'weight': 6, 'source': 2, 'target': 3}, {'weight': 1, 'source': 2, 'target': 4}, {'weight': 5, 'source': 3, 'target': 4}]}, 'position': {0: [-1.0, 0.19306311148226846], 1: [0.6487986200945854, 0.17922345757500216], 2: [-0.23059649502081692, -0.5189640061498542], 3: [0.672239837510958, -0.5713801483347366], 4: [-0.09044196258472671, 0.7180575854273197]}, 'solution': ([0, 0, 1, 0, 1], 39.0)}",29,"{'optimizer': 'COBYLA', 'maxiter': 100, 'shots': 1024, 'parameter_strategy': 'RANDOM', 'x0': None, 'backend': <QAOA_Tester.Backend.NoisyEstimatorBackend object at 0x7f3a75061c30>}","[([0, 1, 1, 1, 0], -20.0)]","[array([5.85180323, 3.11461061, 4.02041602, 1.6122997 , 2.22313378,
       5.42629524, 6.26888721, 2.85443837, 3.98597424, 2.05179024,
       0.78317009, 5.94863687, 0.28729948, 4.69172342, 0.98494809,
       6.21771506, 2.63572207, 3.22614086, 2.10644389, 5.74937707,
       5.26681554, 1.71479873, 0.58763963, 1.22337766, 4.5747495 ,
       5.0016634 , 6.04205963, 0.18043102, 4.59694147, 6.046314  ,
       1.00225947, 4.40058727, 3.22051407, 4.96747482, 3.6370345 ,
       0.47309335, 4.42878709, 0.6091851 , 5.66593993, 2.26948627,
       5.76499539, 3.09702255, 1.9292611 , 0.15562535, 4.9109703 ,
       5.47872929, 4.74729223, 6.15179551, 4.59733392, 2.27762772,
       0.03137458, 1.96310848, 1.38927531, 5.97592596, 1.60992385,
       4.03129335, 0.91314298, 5.956012  ])]",[582.3839921951294]
