,problem,layers,optimizer,solutions,parameters,time
0,"{'type': 'maxcut', 'graph': {'directed': False, 'multigraph': False, 'graph': {}, 'nodes': [{'id': 0}, {'id': 1}, {'id': 2}, {'id': 3}, {'id': 4}], 'links': [{'weight': 1, 'source': 0, 'target': 1}, {'weight': 7, 'source': 0, 'target': 2}, {'weight': 1, 'source': 0, 'target': 3}, {'weight': 7, 'source': 0, 'target': 4}, {'weight': 9, 'source': 1, 'target': 2}, {'weight': 7, 'source': 1, 'target': 3}, {'weight': 5, 'source': 1, 'target': 4}, {'weight': 6, 'source': 2, 'target': 3}, {'weight': 1, 'source': 2, 'target': 4}, {'weight': 5, 'source': 3, 'target': 4}]}, 'position': {0: [-1.0, 0.19306311148226846], 1: [0.6487986200945854, 0.17922345757500216], 2: [-0.23059649502081692, -0.5189640061498542], 3: [0.672239837510958, -0.5713801483347366], 4: [-0.09044196258472671, 0.7180575854273197]}, 'solution': ([0, 0, 1, 0, 1], 39.0)}",22,"{'optimizer': 'COBYLA', 'maxiter': 100, 'shots': 1024, 'parameter_strategy': 'RANDOM', 'x0': None, 'backend': <QAOA_Tester.Backend.NoisyEstimatorBackend object at 0x7f8486bae200>}","[([1, 0, 0, 1, 1], -27.0)]","[array([3.4791776 , 0.09824446, 3.72481328, 2.65191994, 4.49368702,
       5.51297652, 3.77306361, 3.33833506, 2.28205389, 3.73605982,
       2.34843305, 5.45670646, 5.19708964, 3.31565653, 5.16350798,
       2.96758277, 4.22096176, 6.11934438, 2.3897402 , 5.2880338 ,
       3.01620043, 4.69155502, 2.36967979, 0.55314515, 1.43342361,
       2.0604758 , 6.05359553, 2.06161665, 3.57868517, 1.99233398,
       2.08809449, 0.72997509, 0.75142959, 3.65221216, 2.60924484,
       5.55518881, 3.26007174, 5.99339327, 3.41455689, 4.39641413,
       1.06627882, 4.11147327, 1.17641999, 3.34154571])]",[596.4096806049347]
