,problem,layers,optimizer,solutions,parameters,time
0,"{'type': 'maxcut', 'graph': {'directed': False, 'multigraph': False, 'graph': {}, 'nodes': [{'id': 0}, {'id': 1}, {'id': 2}, {'id': 3}, {'id': 4}], 'links': [{'weight': 1, 'source': 0, 'target': 1}, {'weight': 7, 'source': 0, 'target': 2}, {'weight': 1, 'source': 0, 'target': 3}, {'weight': 7, 'source': 0, 'target': 4}, {'weight': 9, 'source': 1, 'target': 2}, {'weight': 7, 'source': 1, 'target': 3}, {'weight': 5, 'source': 1, 'target': 4}, {'weight': 6, 'source': 2, 'target': 3}, {'weight': 1, 'source': 2, 'target': 4}, {'weight': 5, 'source': 3, 'target': 4}]}, 'position': {0: [-1.0, 0.19306311148226846], 1: [0.6487986200945854, 0.17922345757500216], 2: [-0.23059649502081692, -0.5189640061498542], 3: [0.672239837510958, -0.5713801483347366], 4: [-0.09044196258472671, 0.7180575854273197]}, 'solution': ([0, 0, 1, 0, 1], 39.0)}",29,"{'optimizer': 'COBYLA', 'maxiter': 100, 'shots': 1024, 'parameter_strategy': 'RANDOM', 'x0': None, 'backend': <QAOA_Tester.Backend.NoisyEstimatorBackend object at 0x7f7d3e649660>}","[([0, 1, 0, 1, 1], -25.0)]","[array([ 7.03559895, -0.43449866,  5.08414133,  4.47280502,  5.54104425,
        5.88104846, -0.06339917,  4.01328286,  2.43688341,  5.35575007,
        5.27881246,  2.65903059,  1.07352698,  4.9326939 ,  2.30538489,
        0.33415502,  5.63831221,  4.02490892,  0.10639354,  1.1119582 ,
        3.04237004,  1.20542757,  0.24126589,  5.11128948,  4.93791232,
        1.35617834,  3.25110289,  0.89838014,  4.89382792,  4.40472268,
        2.76217756,  2.07813979,  1.56413421,  6.12360992,  5.02874863,
        6.14756987,  4.38985639,  4.07746204,  1.58343632,  4.07499744,
        4.11350445,  1.77723375,  2.19348527,  3.82354607,  2.68720445,
        5.68613572,  2.13774031,  0.55092007,  2.95293922,  3.22467719,
        1.43238006,  1.65029162,  5.02274602,  3.37982261,  1.80694584,
        6.22215763,  1.80573052,  1.99105175])]",[597.4712846279144]
