,problem,layers,optimizer,solutions,parameters,time
0,"{'type': 'maxcut', 'graph': {'directed': False, 'multigraph': False, 'graph': {}, 'nodes': [{'id': 0}, {'id': 1}, {'id': 2}, {'id': 3}, {'id': 4}], 'links': [{'weight': 1, 'source': 0, 'target': 1}, {'weight': 7, 'source': 0, 'target': 2}, {'weight': 1, 'source': 0, 'target': 3}, {'weight': 7, 'source': 0, 'target': 4}, {'weight': 9, 'source': 1, 'target': 2}, {'weight': 7, 'source': 1, 'target': 3}, {'weight': 5, 'source': 1, 'target': 4}, {'weight': 6, 'source': 2, 'target': 3}, {'weight': 1, 'source': 2, 'target': 4}, {'weight': 5, 'source': 3, 'target': 4}]}, 'position': {0: [-1.0, 0.19306311148226846], 1: [0.6487986200945854, 0.17922345757500216], 2: [-0.23059649502081692, -0.5189640061498542], 3: [0.672239837510958, -0.5713801483347366], 4: [-0.09044196258472671, 0.7180575854273197]}, 'solution': ([0, 0, 1, 0, 1], 39.0)}",26,"{'optimizer': 'COBYLA', 'maxiter': 100, 'shots': 1024, 'parameter_strategy': 'RANDOM', 'x0': None, 'backend': <QAOA_Tester.Backend.NoisyEstimatorBackend object at 0x7f57d8791c00>}","[([1, 0, 0, 0, 1], -20.0)]","[array([ 4.17680064,  0.98835468,  4.32186243,  0.82200428,  0.97724209,
       -0.01730913,  2.95424553,  3.46451132,  4.47707304,  2.39554793,
        1.76226155,  2.17078492,  1.47638037,  2.06337585,  4.5284079 ,
        2.07931773,  2.63505723,  6.14129636,  5.2189008 ,  2.15670692,
        1.34962986,  0.01906719,  5.24733224,  1.97644506,  3.74083582,
        7.70737462,  2.48159527,  0.03516959,  0.92300545,  0.59368562,
        3.88129187,  3.80633616,  0.35411717,  4.37674915,  2.53499627,
        3.63029654,  3.43839278,  5.27742041,  5.92747992,  1.19524336,
        5.74355499,  5.08520514,  4.63033007,  0.21302636,  1.92807365,
        1.69828736,  0.85878236,  6.13683212,  5.47162436,  4.55522653,
        3.96713819,  3.47107437])]",[601.4511482715607]
