,problem,layers,optimizer,solutions,parameters,time
0,"{'type': 'maxcut', 'graph': {'directed': False, 'multigraph': False, 'graph': {}, 'nodes': [{'id': 0}, {'id': 1}, {'id': 2}, {'id': 3}, {'id': 4}], 'links': [{'weight': 1, 'source': 0, 'target': 1}, {'weight': 7, 'source': 0, 'target': 2}, {'weight': 1, 'source': 0, 'target': 3}, {'weight': 7, 'source': 0, 'target': 4}, {'weight': 9, 'source': 1, 'target': 2}, {'weight': 7, 'source': 1, 'target': 3}, {'weight': 5, 'source': 1, 'target': 4}, {'weight': 6, 'source': 2, 'target': 3}, {'weight': 1, 'source': 2, 'target': 4}, {'weight': 5, 'source': 3, 'target': 4}]}, 'position': {0: [-1.0, 0.19306311148226846], 1: [0.6487986200945854, 0.17922345757500216], 2: [-0.23059649502081692, -0.5189640061498542], 3: [0.672239837510958, -0.5713801483347366], 4: [-0.09044196258472671, 0.7180575854273197]}, 'solution': ([0, 0, 1, 0, 1], 39.0)}",22,"{'optimizer': 'COBYLA', 'maxiter': 100, 'shots': 1024, 'parameter_strategy': 'RANDOM', 'x0': None, 'backend': <QAOA_Tester.Backend.NoisyEstimatorBackend object at 0x7fe7bb4d5bd0>}","[([0, 1, 1, 1, 1], -16.0)]","[array([ 5.2278927 ,  1.3395438 ,  3.2261829 ,  4.03672013,  5.29936087,
        3.5056435 ,  2.83706543,  4.54265074,  1.83477929,  3.15249236,
        1.93922588,  4.35583937,  5.15281044,  5.71432638,  1.25712866,
        0.05096256,  0.45586445,  2.36093188,  1.82753186,  4.64034095,
        1.64396659, -0.57195271,  5.63717944,  5.06422514,  4.21342615,
        3.65898547,  1.26695027,  4.98193663,  6.00543958,  0.8211435 ,
        1.5986465 ,  3.4690606 ,  0.74842046,  2.12636847,  1.28649405,
        4.84203198,  0.48666927,  0.51007159,  5.03198479,  2.391002  ,
        0.72713359,  1.94423753,  4.26022079,  4.48896239])]",[600.0814437866211]
