,problem,layers,optimizer,solutions,parameters,time
0,"{'type': 'maxcut', 'graph': {'directed': False, 'multigraph': False, 'graph': {}, 'nodes': [{'id': 0}, {'id': 1}, {'id': 2}, {'id': 3}, {'id': 4}], 'links': [{'weight': 1, 'source': 0, 'target': 1}, {'weight': 7, 'source': 0, 'target': 2}, {'weight': 1, 'source': 0, 'target': 3}, {'weight': 7, 'source': 0, 'target': 4}, {'weight': 9, 'source': 1, 'target': 2}, {'weight': 7, 'source': 1, 'target': 3}, {'weight': 5, 'source': 1, 'target': 4}, {'weight': 6, 'source': 2, 'target': 3}, {'weight': 1, 'source': 2, 'target': 4}, {'weight': 5, 'source': 3, 'target': 4}]}, 'position': {0: [-1.0, 0.19306311148226846], 1: [0.6487986200945854, 0.17922345757500216], 2: [-0.23059649502081692, -0.5189640061498542], 3: [0.672239837510958, -0.5713801483347366], 4: [-0.09044196258472671, 0.7180575854273197]}, 'solution': ([0, 0, 1, 0, 1], 39.0)}",27,"{'optimizer': 'COBYLA', 'maxiter': 100, 'shots': 1024, 'parameter_strategy': 'RANDOM', 'x0': None, 'backend': <QAOA_Tester.Backend.NoisyEstimatorBackend object at 0x7fefcc42a290>}","[([0, 1, 0, 1, 1], -25.0)]","[array([ 0.41404908,  0.32491397,  6.0618165 ,  3.84416029,  4.42490458,
        2.7934613 ,  2.8763488 ,  3.76051605,  2.02814401,  3.85837287,
        5.82905095,  5.56476826,  4.92554911,  2.58047073,  1.47181055,
        0.47700252,  5.42720491,  5.65604836,  5.78367649,  1.26309021,
        2.2647479 ,  1.12129894,  0.09377957,  2.7127911 ,  1.20060009,
        0.22122482, -0.1281501 ,  4.11152376,  1.66370236,  5.31847029,
        4.34398425,  5.45032735,  2.96513887,  6.21403044,  2.6772411 ,
        2.90429742,  2.05653249,  1.94645174,  3.80749011,  1.48034528,
        1.13438887,  0.93160101,  0.81995704,  5.68393525,  1.97060308,
        3.28593423,  3.34621325,  1.06260848,  3.56083969,  2.43600076,
        5.24920677,  1.44384393,  5.36829903,  5.35623757])]",[615.3927910327911]
