,problem,layers,optimizer,solutions,parameters,time
0,"{'type': 'maxcut', 'graph': {'directed': False, 'multigraph': False, 'graph': {}, 'nodes': [{'id': 0}, {'id': 1}, {'id': 2}, {'id': 3}, {'id': 4}], 'links': [{'weight': 1, 'source': 0, 'target': 1}, {'weight': 7, 'source': 0, 'target': 2}, {'weight': 1, 'source': 0, 'target': 3}, {'weight': 7, 'source': 0, 'target': 4}, {'weight': 9, 'source': 1, 'target': 2}, {'weight': 7, 'source': 1, 'target': 3}, {'weight': 5, 'source': 1, 'target': 4}, {'weight': 6, 'source': 2, 'target': 3}, {'weight': 1, 'source': 2, 'target': 4}, {'weight': 5, 'source': 3, 'target': 4}]}, 'position': {0: [-1.0, 0.19306311148226846], 1: [0.6487986200945854, 0.17922345757500216], 2: [-0.23059649502081692, -0.5189640061498542], 3: [0.672239837510958, -0.5713801483347366], 4: [-0.09044196258472671, 0.7180575854273197]}, 'solution': ([0, 0, 1, 0, 1], 39.0)}",23,"{'optimizer': 'COBYLA', 'maxiter': 100, 'shots': 1024, 'parameter_strategy': 'RANDOM', 'x0': None, 'backend': <QAOA_Tester.Backend.NoisyEstimatorBackend object at 0x7f3eae7f1fc0>}","[([0, 1, 1, 1, 0], -20.0)]","[array([0.09624932, 0.96645736, 5.42677531, 5.75686667, 0.04651071,
       0.76897117, 5.80777104, 3.86862138, 2.25888972, 0.84627429,
       2.09096817, 0.15632296, 2.49003948, 1.42259838, 5.13064623,
       0.84755398, 6.00679081, 3.24309849, 1.60364206, 4.99105434,
       0.27199106, 5.62279972, 1.60981614, 2.84725938, 6.04798096,
       5.44985849, 4.47516245, 5.15929599, 4.88001432, 5.75295037,
       2.14011591, 5.81926808, 1.42258414, 3.97769114, 1.7501597 ,
       1.70262196, 0.94230808, 0.65785839, 6.20014131, 3.10887672,
       0.86440885, 3.2595659 , 2.55765373, 0.84042164, 2.96329618,
       0.47740307])]",[601.5516047477722]
