,problem,layers,optimizer,solutions,parameters,time
0,"{'type': 'maxcut', 'graph': {'directed': False, 'multigraph': False, 'graph': {}, 'nodes': [{'id': 0}, {'id': 1}, {'id': 2}, {'id': 3}, {'id': 4}], 'links': [{'weight': 1, 'source': 0, 'target': 1}, {'weight': 7, 'source': 0, 'target': 2}, {'weight': 1, 'source': 0, 'target': 3}, {'weight': 7, 'source': 0, 'target': 4}, {'weight': 9, 'source': 1, 'target': 2}, {'weight': 7, 'source': 1, 'target': 3}, {'weight': 5, 'source': 1, 'target': 4}, {'weight': 6, 'source': 2, 'target': 3}, {'weight': 1, 'source': 2, 'target': 4}, {'weight': 5, 'source': 3, 'target': 4}]}, 'position': {0: [-1.0, 0.19306311148226846], 1: [0.6487986200945854, 0.17922345757500216], 2: [-0.23059649502081692, -0.5189640061498542], 3: [0.672239837510958, -0.5713801483347366], 4: [-0.09044196258472671, 0.7180575854273197]}, 'solution': ([0, 0, 1, 0, 1], 39.0)}",18,"{'optimizer': 'COBYLA', 'maxiter': 100, 'shots': 1024, 'parameter_strategy': 'RANDOM', 'x0': None, 'backend': <QAOA_Tester.Backend.NoisyEstimatorBackend object at 0x7fd2e4c81f90>}","[([0, 0, 1, 1, 0], -30.0)]","[array([0.30284146, 0.53649842, 5.22883686, 2.6974655 , 1.89344479,
       5.40545966, 2.17556491, 0.56991513, 0.12922978, 5.93412046,
       1.44609363, 1.71430849, 2.83735688, 0.72159603, 5.68504021,
       0.64450857, 3.43301679, 5.0287188 , 0.81800381, 0.58477231,
       1.20502899, 1.40886226, 6.19779786, 6.02593788, 3.69162551,
       1.76352001, 1.61235477, 1.65546393, 1.22057821, 5.61148671,
       5.68562121, 1.71088247, 3.3607816 , 3.43470902, 3.07593459,
       0.21568045])]",[591.1410295963287]
