,problem,layers,optimizer,solutions,parameters,time
0,"{'type': 'maxcut', 'graph': {'directed': False, 'multigraph': False, 'graph': {}, 'nodes': [{'id': 0}, {'id': 1}, {'id': 2}, {'id': 3}, {'id': 4}], 'links': [{'weight': 1, 'source': 0, 'target': 1}, {'weight': 7, 'source': 0, 'target': 2}, {'weight': 1, 'source': 0, 'target': 3}, {'weight': 7, 'source': 0, 'target': 4}, {'weight': 9, 'source': 1, 'target': 2}, {'weight': 7, 'source': 1, 'target': 3}, {'weight': 5, 'source': 1, 'target': 4}, {'weight': 6, 'source': 2, 'target': 3}, {'weight': 1, 'source': 2, 'target': 4}, {'weight': 5, 'source': 3, 'target': 4}]}, 'position': {0: [-1.0, 0.19306311148226846], 1: [0.6487986200945854, 0.17922345757500216], 2: [-0.23059649502081692, -0.5189640061498542], 3: [0.672239837510958, -0.5713801483347366], 4: [-0.09044196258472671, 0.7180575854273197]}, 'solution': ([0, 0, 1, 0, 1], 39.0)}",27,"{'optimizer': 'COBYLA', 'maxiter': 100, 'shots': 1024, 'parameter_strategy': 'RANDOM', 'x0': None, 'backend': <QAOA_Tester.Backend.NoisyEstimatorBackend object at 0x7fab1f33ad10>}","[([1, 0, 1, 1, 0], -30.0)]","[array([0.83397888, 2.81881749, 1.01220108, 3.65885781, 0.97875857,
       5.02252987, 2.16105721, 0.4185346 , 5.73975944, 5.68422691,
       1.93904246, 4.73626488, 1.23620207, 0.33401487, 5.45195505,
       4.66632273, 5.89545622, 6.12448971, 3.38086134, 1.56326415,
       3.9032646 , 4.855798  , 4.57988169, 3.73591164, 4.25115534,
       3.58928369, 2.5104872 , 4.40086833, 3.54712426, 0.10428777,
       3.3648485 , 4.96769972, 2.17136435, 4.95218603, 4.52472142,
       3.27886285, 2.06133308, 5.82126173, 5.61204096, 4.0795241 ,
       5.68921194, 3.2087101 , 1.76943631, 0.14559021, 6.24833051,
       2.52967979, 3.11080252, 1.20669269, 0.19170043, 4.80596476,
       2.24836896, 4.48743712, 2.47691518, 2.83241242])]",[596.0105876922607]
