,problem,layers,optimizer,solutions,parameters,time
0,"{'type': 'maxcut', 'graph': {'directed': False, 'multigraph': False, 'graph': {}, 'nodes': [{'id': 0}, {'id': 1}, {'id': 2}, {'id': 3}, {'id': 4}], 'links': [{'weight': 1, 'source': 0, 'target': 1}, {'weight': 7, 'source': 0, 'target': 2}, {'weight': 1, 'source': 0, 'target': 3}, {'weight': 7, 'source': 0, 'target': 4}, {'weight': 9, 'source': 1, 'target': 2}, {'weight': 7, 'source': 1, 'target': 3}, {'weight': 5, 'source': 1, 'target': 4}, {'weight': 6, 'source': 2, 'target': 3}, {'weight': 1, 'source': 2, 'target': 4}, {'weight': 5, 'source': 3, 'target': 4}]}, 'position': {0: [-1.0, 0.19306311148226846], 1: [0.6487986200945854, 0.17922345757500216], 2: [-0.23059649502081692, -0.5189640061498542], 3: [0.672239837510958, -0.5713801483347366], 4: [-0.09044196258472671, 0.7180575854273197]}, 'solution': ([0, 0, 1, 0, 1], 39.0)}",18,"{'optimizer': 'COBYLA', 'maxiter': 100, 'shots': 1024, 'parameter_strategy': 'RANDOM', 'x0': None, 'backend': <QAOA_Tester.Backend.NoisyEstimatorBackend object at 0x7f9f38f8e050>}","[([1, 0, 0, 1, 0], -33.0)]","[array([ 3.7539494 ,  0.52526053,  1.56657996,  0.65668853,  5.63405791,
        1.5736014 ,  3.27749421,  5.36593073,  1.52013009,  3.96575083,
        1.98123965,  2.78832469,  1.51840235,  0.66315337,  4.21946761,
        4.96586956,  5.20953627, -0.43514628,  2.30735862,  1.89440736,
        5.8098532 ,  4.40714692,  3.63037529,  6.08525745,  6.02878089,
        3.28220946,  0.89413883,  0.20990411,  2.5539617 ,  2.59799645,
        2.53906698,  0.16006248,  2.94040603,  5.23340578,  5.05812827,
        3.26488903])]",[589.7506976127625]
