,problem,layers,optimizer,solutions,parameters,time
0,"{'type': 'maxcut', 'graph': {'directed': False, 'multigraph': False, 'graph': {}, 'nodes': [{'id': 0}, {'id': 1}, {'id': 2}, {'id': 3}, {'id': 4}], 'links': [{'weight': 1, 'source': 0, 'target': 1}, {'weight': 7, 'source': 0, 'target': 2}, {'weight': 1, 'source': 0, 'target': 3}, {'weight': 7, 'source': 0, 'target': 4}, {'weight': 9, 'source': 1, 'target': 2}, {'weight': 7, 'source': 1, 'target': 3}, {'weight': 5, 'source': 1, 'target': 4}, {'weight': 6, 'source': 2, 'target': 3}, {'weight': 1, 'source': 2, 'target': 4}, {'weight': 5, 'source': 3, 'target': 4}]}, 'position': {0: [-1.0, 0.19306311148226846], 1: [0.6487986200945854, 0.17922345757500216], 2: [-0.23059649502081692, -0.5189640061498542], 3: [0.672239837510958, -0.5713801483347366], 4: [-0.09044196258472671, 0.7180575854273197]}, 'solution': ([0, 0, 1, 0, 1], 39.0)}",29,"{'optimizer': 'COBYLA', 'maxiter': 100, 'shots': 1024, 'parameter_strategy': 'RANDOM', 'x0': None, 'backend': <QAOA_Tester.Backend.NoisyEstimatorBackend object at 0x7fdc4af080d0>}","[([1, 1, 1, 0, 1], -19.0)]","[array([0.53284439, 5.58248197, 2.82298095, 1.90971815, 2.4601957 ,
       0.69519437, 5.04145495, 4.87112366, 1.58988098, 1.62015607,
       0.328581  , 4.7319093 , 5.83102188, 1.22944854, 5.75097156,
       1.89971173, 3.90983741, 1.28213975, 4.55771429, 1.84070349,
       3.48178128, 1.10005586, 2.25918187, 0.67156446, 0.39569536,
       2.63480196, 3.33479455, 4.01065143, 2.02628739, 0.55131848,
       2.21760986, 6.2499217 , 1.3608988 , 0.5437316 , 4.5040578 ,
       5.43458074, 3.53928878, 3.39988197, 3.14197571, 1.51869208,
       1.52708124, 5.48405254, 1.58879209, 0.59774903, 5.84564466,
       0.91138763, 4.66512115, 2.41654259, 2.13117402, 3.52822883,
       3.47130963, 6.12457023, 4.22694078, 0.18646627, 3.63212946,
       2.46363637, 4.8172397 , 2.6519364 ])]",[611.9133703708649]
