,problem,layers,optimizer,solutions,parameters,time
0,"{'type': 'maxcut', 'graph': {'directed': False, 'multigraph': False, 'graph': {}, 'nodes': [{'id': 0}, {'id': 1}, {'id': 2}, {'id': 3}, {'id': 4}], 'links': [{'weight': 1, 'source': 0, 'target': 1}, {'weight': 7, 'source': 0, 'target': 2}, {'weight': 1, 'source': 0, 'target': 3}, {'weight': 7, 'source': 0, 'target': 4}, {'weight': 9, 'source': 1, 'target': 2}, {'weight': 7, 'source': 1, 'target': 3}, {'weight': 5, 'source': 1, 'target': 4}, {'weight': 6, 'source': 2, 'target': 3}, {'weight': 1, 'source': 2, 'target': 4}, {'weight': 5, 'source': 3, 'target': 4}]}, 'position': {0: [-1.0, 0.19306311148226846], 1: [0.6487986200945854, 0.17922345757500216], 2: [-0.23059649502081692, -0.5189640061498542], 3: [0.672239837510958, -0.5713801483347366], 4: [-0.09044196258472671, 0.7180575854273197]}, 'solution': ([0, 0, 1, 0, 1], 39.0)}",23,"{'optimizer': 'COBYLA', 'maxiter': 100, 'shots': 1024, 'parameter_strategy': 'RANDOM', 'x0': None, 'backend': <QAOA_Tester.Backend.NoisyEstimatorBackend object at 0x7eff62641b10>}","[([0, 1, 0, 0, 0], -22.0)]","[array([ 1.25375839,  1.45018932,  4.94440693,  4.72578552,  2.39062865,
        1.43037334,  2.29599938,  1.01449767,  2.02170423,  5.18538654,
        0.24969108,  2.71462521,  1.52136444,  1.21054587,  1.27253855,
        5.03418773,  4.4112088 ,  3.22651756,  0.27051677, -0.06098329,
        4.35104163,  1.50840029,  2.33618367,  5.62163981,  1.89837636,
        2.00999506,  2.30227125,  3.25673356,  3.55144285,  0.80456384,
        3.49336822,  0.10283687,  0.7319029 ,  0.03613917,  4.28446877,
        3.96480796,  2.27097766,  0.04578207,  1.32033522,  0.22504424,
        5.8601631 ,  2.58017942,  1.76985605,  3.21022502,  4.20224186,
        0.68228282])]",[592.8363132476807]
