,problem,layers,optimizer,solutions,parameters,time
0,"{'type': 'maxcut', 'graph': {'directed': False, 'multigraph': False, 'graph': {}, 'nodes': [{'id': 0}, {'id': 1}, {'id': 2}, {'id': 3}, {'id': 4}], 'links': [{'weight': 1, 'source': 0, 'target': 1}, {'weight': 7, 'source': 0, 'target': 2}, {'weight': 1, 'source': 0, 'target': 3}, {'weight': 7, 'source': 0, 'target': 4}, {'weight': 9, 'source': 1, 'target': 2}, {'weight': 7, 'source': 1, 'target': 3}, {'weight': 5, 'source': 1, 'target': 4}, {'weight': 6, 'source': 2, 'target': 3}, {'weight': 1, 'source': 2, 'target': 4}, {'weight': 5, 'source': 3, 'target': 4}]}, 'position': {0: [-1.0, 0.19306311148226846], 1: [0.6487986200945854, 0.17922345757500216], 2: [-0.23059649502081692, -0.5189640061498542], 3: [0.672239837510958, -0.5713801483347366], 4: [-0.09044196258472671, 0.7180575854273197]}, 'solution': ([0, 0, 1, 0, 1], 39.0)}",30,"{'optimizer': 'COBYLA', 'maxiter': 100, 'shots': 1024, 'parameter_strategy': 'RANDOM', 'x0': None, 'backend': <QAOA_Tester.Backend.NoisyEstimatorBackend object at 0x7f05334e08e0>}","[([0, 1, 0, 0, 1], -30.0)]","[array([2.26874449, 3.45473788, 1.65667664, 4.53845636, 1.22103865,
       5.68152722, 0.76918113, 5.67583116, 1.91721549, 4.31141213,
       5.42861736, 5.67207728, 1.00982307, 4.3125918 , 1.7026913 ,
       5.7249091 , 0.34476648, 0.0345923 , 4.11500238, 1.61774276,
       0.73218161, 0.80407902, 0.73473498, 4.82872707, 4.1825968 ,
       1.80675784, 4.3169006 , 1.15104983, 5.66793474, 3.97111294,
       1.77837145, 0.87290771, 2.25179134, 5.62407544, 0.77115809,
       0.36644832, 0.18652474, 4.90416874, 6.13989045, 0.94751902,
       3.47028341, 0.64785086, 5.56123755, 3.67358304, 4.94634309,
       4.43641686, 2.92981381, 4.61079242, 5.59948676, 2.93114914,
       1.36569577, 4.39115659, 0.17469221, 2.84431821, 1.33181316,
       0.94580631, 2.83030415, 2.31617705, 1.25148918, 1.51796933])]",[506.7175877094269]
