,problem,layers,optimizer,solutions,parameters,time
0,"{'type': 'maxcut', 'graph': {'directed': False, 'multigraph': False, 'graph': {}, 'nodes': [{'id': 0}, {'id': 1}, {'id': 2}, {'id': 3}, {'id': 4}], 'links': [{'weight': 1, 'source': 0, 'target': 1}, {'weight': 7, 'source': 0, 'target': 2}, {'weight': 1, 'source': 0, 'target': 3}, {'weight': 7, 'source': 0, 'target': 4}, {'weight': 9, 'source': 1, 'target': 2}, {'weight': 7, 'source': 1, 'target': 3}, {'weight': 5, 'source': 1, 'target': 4}, {'weight': 6, 'source': 2, 'target': 3}, {'weight': 1, 'source': 2, 'target': 4}, {'weight': 5, 'source': 3, 'target': 4}]}, 'position': {0: [-1.0, 0.19306311148226846], 1: [0.6487986200945854, 0.17922345757500216], 2: [-0.23059649502081692, -0.5189640061498542], 3: [0.672239837510958, -0.5713801483347366], 4: [-0.09044196258472671, 0.7180575854273197]}, 'solution': ([0, 0, 1, 0, 1], 39.0)}",27,"{'optimizer': 'COBYLA', 'maxiter': 100, 'shots': 1024, 'parameter_strategy': 'RANDOM', 'x0': None, 'backend': <QAOA_Tester.Backend.NoisyEstimatorBackend object at 0x7ff4e5fbe350>}","[([1, 1, 0, 1, 1], -23.0)]","[array([3.21463277e+00, 3.35419950e-01, 2.76594183e+00, 9.69431852e-02,
       2.92651252e+00, 4.79501159e+00, 1.60629169e-04, 4.85561752e-01,
       2.62327708e+00, 2.77476111e+00, 3.31783047e+00, 5.21267769e+00,
       6.24019539e+00, 1.26308553e+00, 5.01551916e-01, 2.03897586e+00,
       2.83104188e+00, 3.95767533e+00, 5.04772236e+00, 3.01344457e+00,
       6.14812910e+00, 8.20410186e-01, 5.17768202e+00, 2.43624213e+00,
       8.64669585e-01, 3.16264631e+00, 2.92309170e-01, 5.84295972e+00,
       2.44384671e+00, 1.53036620e+00, 4.20294648e-01, 2.82919797e+00,
       5.89742667e+00, 5.78015679e+00, 1.57124300e+00, 5.14791854e+00,
       2.74765794e+00, 1.97340632e-01, 2.76561307e+00, 3.69067180e+00,
       2.47461048e+00, 5.63990503e+00, 1.79962783e+00, 3.93850072e+00,
       4.59927641e+00, 3.81929050e+00, 2.00613927e-01, 8.53967046e-01,
       3.02621811e+00, 3.56289393e+00, 4.77118167e+00, 5.62768698e+00,
       4.99253279e+00, 3.73103245e+00])]",[597.873325586319]
