,problem,layers,optimizer,solutions,parameters,time
0,"{'type': 'maxcut', 'graph': {'directed': False, 'multigraph': False, 'graph': {}, 'nodes': [{'id': 0}, {'id': 1}, {'id': 2}, {'id': 3}, {'id': 4}], 'links': [{'weight': 1, 'source': 0, 'target': 1}, {'weight': 7, 'source': 0, 'target': 2}, {'weight': 1, 'source': 0, 'target': 3}, {'weight': 7, 'source': 0, 'target': 4}, {'weight': 9, 'source': 1, 'target': 2}, {'weight': 7, 'source': 1, 'target': 3}, {'weight': 5, 'source': 1, 'target': 4}, {'weight': 6, 'source': 2, 'target': 3}, {'weight': 1, 'source': 2, 'target': 4}, {'weight': 5, 'source': 3, 'target': 4}]}, 'position': {0: [-1.0, 0.19306311148226846], 1: [0.6487986200945854, 0.17922345757500216], 2: [-0.23059649502081692, -0.5189640061498542], 3: [0.672239837510958, -0.5713801483347366], 4: [-0.09044196258472671, 0.7180575854273197]}, 'solution': ([0, 0, 1, 0, 1], 39.0)}",29,"{'optimizer': 'COBYLA', 'maxiter': 100, 'shots': 1024, 'parameter_strategy': 'RANDOM', 'x0': None, 'backend': <QAOA_Tester.Backend.NoisyEstimatorBackend object at 0x7fb60dcde1a0>}","[([0, 1, 1, 1, 1], -16.0)]","[array([3.66919003, 4.84431116, 3.14327517, 4.11348598, 5.37053093,
       0.3162627 , 4.23528815, 3.47963713, 1.56470691, 4.15511314,
       6.23164178, 3.66191386, 0.09420655, 4.54620466, 3.88992673,
       1.54318949, 2.20018227, 4.83186885, 2.04472973, 5.4149394 ,
       2.84184672, 0.72286773, 3.10531991, 3.14407924, 6.26431997,
       1.77486507, 6.03955693, 1.09635512, 1.52949071, 5.00850063,
       4.42230381, 4.44654733, 1.73979187, 4.06430893, 4.51134739,
       4.8370503 , 2.83651542, 4.29144517, 5.48916418, 2.2060546 ,
       1.91416587, 5.01369153, 3.1104813 , 4.30218414, 1.10101075,
       6.15783534, 5.48698229, 0.06370249, 5.75774092, 4.65196708,
       3.35595053, 4.29378098, 3.08214508, 2.07165319, 0.94793116,
       5.34901734, 3.22973583, 1.30226447])]",[572.1843435764313]
