,problem,layers,optimizer,solutions,parameters,time
0,"{'type': 'maxcut', 'graph': {'directed': False, 'multigraph': False, 'graph': {}, 'nodes': [{'id': 0}, {'id': 1}, {'id': 2}, {'id': 3}, {'id': 4}], 'links': [{'weight': 1, 'source': 0, 'target': 1}, {'weight': 7, 'source': 0, 'target': 2}, {'weight': 1, 'source': 0, 'target': 3}, {'weight': 7, 'source': 0, 'target': 4}, {'weight': 9, 'source': 1, 'target': 2}, {'weight': 7, 'source': 1, 'target': 3}, {'weight': 5, 'source': 1, 'target': 4}, {'weight': 6, 'source': 2, 'target': 3}, {'weight': 1, 'source': 2, 'target': 4}, {'weight': 5, 'source': 3, 'target': 4}]}, 'position': {0: [-1.0, 0.19306311148226846], 1: [0.6487986200945854, 0.17922345757500216], 2: [-0.23059649502081692, -0.5189640061498542], 3: [0.672239837510958, -0.5713801483347366], 4: [-0.09044196258472671, 0.7180575854273197]}, 'solution': ([0, 0, 1, 0, 1], 39.0)}",26,"{'optimizer': 'COBYLA', 'maxiter': 100, 'shots': 1024, 'parameter_strategy': 'RANDOM', 'x0': None, 'backend': <QAOA_Tester.Backend.NoisyEstimatorBackend object at 0x7fc4866597b0>}","[([0, 0, 1, 1, 0], -30.0)]","[array([0.66107221, 0.48747211, 5.86245448, 0.68385662, 2.3852752 ,
       1.02437545, 4.77919098, 1.96990759, 3.83060064, 0.60350931,
       5.67199589, 0.71326398, 0.8577283 , 5.32698182, 2.48051874,
       4.92827924, 1.2546206 , 5.37216924, 1.99521836, 1.49781895,
       1.68078952, 5.82732221, 2.03983281, 2.35606302, 5.86803972,
       3.83059576, 5.94003929, 1.02278057, 0.58229847, 0.6338411 ,
       6.21047001, 3.86897235, 4.14381836, 0.75329139, 2.41213789,
       3.93300801, 3.2996841 , 1.04721394, 5.97189145, 3.19417911,
       5.88998241, 1.83284213, 3.60216095, 4.95683982, 5.88212821,
       4.13901568, 5.84329112, 1.07854218, 2.62702912, 5.12703261,
       4.02744104, 2.49735022])]",[604.0989563465118]
