,problem,layers,optimizer,solutions,parameters,time
0,"{'type': 'maxcut', 'graph': {'directed': False, 'multigraph': False, 'graph': {}, 'nodes': [{'id': 0}, {'id': 1}, {'id': 2}, {'id': 3}, {'id': 4}], 'links': [{'weight': 1, 'source': 0, 'target': 1}, {'weight': 7, 'source': 0, 'target': 2}, {'weight': 1, 'source': 0, 'target': 3}, {'weight': 7, 'source': 0, 'target': 4}, {'weight': 9, 'source': 1, 'target': 2}, {'weight': 7, 'source': 1, 'target': 3}, {'weight': 5, 'source': 1, 'target': 4}, {'weight': 6, 'source': 2, 'target': 3}, {'weight': 1, 'source': 2, 'target': 4}, {'weight': 5, 'source': 3, 'target': 4}]}, 'position': {0: [-1.0, 0.19306311148226846], 1: [0.6487986200945854, 0.17922345757500216], 2: [-0.23059649502081692, -0.5189640061498542], 3: [0.672239837510958, -0.5713801483347366], 4: [-0.09044196258472671, 0.7180575854273197]}, 'solution': ([0, 0, 1, 0, 1], 39.0)}",20,"{'optimizer': 'COBYLA', 'maxiter': 100, 'shots': 1024, 'parameter_strategy': 'RANDOM', 'x0': None, 'backend': <QAOA_Tester.Backend.NoisyEstimatorBackend object at 0x7fb178d06470>}","[([1, 0, 1, 0, 1], -27.0)]","[array([5.42779521, 3.93266784, 1.28872115, 6.47775701, 0.88005851,
       0.3534074 , 2.35462345, 0.40447106, 5.27503205, 5.28045892,
       2.1706966 , 3.63557603, 5.93795495, 1.61111612, 4.57508575,
       5.35973659, 4.40340687, 4.34482501, 0.42418034, 6.80546288,
       6.24910258, 1.09125572, 1.61714485, 1.81495218, 1.70859383,
       4.00442154, 5.24337228, 1.00037943, 0.1234244 , 1.99486401,
       4.90265672, 6.01903869, 4.68906248, 2.383839  , 2.18249961,
       3.55911832, 4.8362951 , 0.17621531, 4.26963432, 4.16165448])]",[637.1126737594604]
