,problem,layers,optimizer,solutions,parameters,time
0,"{'type': 'maxcut', 'graph': {'directed': False, 'multigraph': False, 'graph': {}, 'nodes': [{'id': 0}, {'id': 1}, {'id': 2}, {'id': 3}, {'id': 4}], 'links': [{'weight': 1, 'source': 0, 'target': 1}, {'weight': 7, 'source': 0, 'target': 2}, {'weight': 1, 'source': 0, 'target': 3}, {'weight': 7, 'source': 0, 'target': 4}, {'weight': 9, 'source': 1, 'target': 2}, {'weight': 7, 'source': 1, 'target': 3}, {'weight': 5, 'source': 1, 'target': 4}, {'weight': 6, 'source': 2, 'target': 3}, {'weight': 1, 'source': 2, 'target': 4}, {'weight': 5, 'source': 3, 'target': 4}]}, 'position': {0: [-1.0, 0.19306311148226846], 1: [0.6487986200945854, 0.17922345757500216], 2: [-0.23059649502081692, -0.5189640061498542], 3: [0.672239837510958, -0.5713801483347366], 4: [-0.09044196258472671, 0.7180575854273197]}, 'solution': ([0, 0, 1, 0, 1], 39.0)}",20,"{'optimizer': 'COBYLA', 'maxiter': 100, 'shots': 1024, 'parameter_strategy': 'RANDOM', 'x0': None, 'backend': <QAOA_Tester.Backend.NoisyEstimatorBackend object at 0x7fa1efef9ab0>}","[([0, 0, 1, 1, 1], -36.0)]","[array([0.21843424, 2.00923907, 4.13297527, 0.85081158, 5.86795098,
       3.50996961, 0.18937074, 3.23132943, 3.94938065, 5.57734699,
       3.9890452 , 1.07777606, 4.36928221, 2.05386872, 4.92241048,
       2.63589075, 0.01168789, 2.2179619 , 1.07267904, 6.44126193,
       1.34522466, 5.24903347, 3.35526036, 6.25270645, 4.49798659,
       0.62874685, 2.95988686, 0.55879119, 1.91014411, 6.13861547,
       2.04158154, 4.68480365, 5.06543742, 5.0295596 , 1.41643214,
       0.35867439, 0.9099173 , 4.3922682 , 4.62143562, 0.47681722])]",[583.2632699012756]
