,problem,layers,optimizer,solutions,parameters,time
0,"{'type': 'maxcut', 'graph': {'directed': False, 'multigraph': False, 'graph': {}, 'nodes': [{'id': 0}, {'id': 1}, {'id': 2}, {'id': 3}, {'id': 4}], 'links': [{'weight': 1, 'source': 0, 'target': 1}, {'weight': 7, 'source': 0, 'target': 2}, {'weight': 1, 'source': 0, 'target': 3}, {'weight': 7, 'source': 0, 'target': 4}, {'weight': 9, 'source': 1, 'target': 2}, {'weight': 7, 'source': 1, 'target': 3}, {'weight': 5, 'source': 1, 'target': 4}, {'weight': 6, 'source': 2, 'target': 3}, {'weight': 1, 'source': 2, 'target': 4}, {'weight': 5, 'source': 3, 'target': 4}]}, 'position': {0: [-1.0, 0.19306311148226846], 1: [0.6487986200945854, 0.17922345757500216], 2: [-0.23059649502081692, -0.5189640061498542], 3: [0.672239837510958, -0.5713801483347366], 4: [-0.09044196258472671, 0.7180575854273197]}, 'solution': ([0, 0, 1, 0, 1], 39.0)}",30,"{'optimizer': 'COBYLA', 'maxiter': 100, 'shots': 1024, 'parameter_strategy': 'RANDOM', 'x0': None, 'backend': <QAOA_Tester.Backend.NoisyEstimatorBackend object at 0x7fb22bbb2410>}","[([0, 1, 0, 1, 0], -27.0)]","[array([2.35873402, 5.76635881, 2.17371442, 3.41469719, 2.29967215,
       1.77030645, 1.79666942, 4.99466163, 0.19550819, 5.66578989,
       2.33052469, 2.68997941, 3.92938014, 4.65828835, 2.84388949,
       5.4619561 , 4.31208174, 0.66802544, 5.24131576, 3.75374484,
       0.00865151, 0.05688375, 2.21889023, 3.94535472, 5.42870977,
       0.52260347, 5.74080132, 0.35412927, 3.68978345, 6.78547925,
       3.28333205, 0.3277337 , 0.71302331, 1.15627202, 0.8427277 ,
       0.88646021, 5.89440144, 0.25467743, 4.27625705, 3.06095477,
       4.26882236, 0.51228709, 3.9605246 , 4.45886892, 1.22503201,
       0.39360744, 0.6689985 , 0.59640197, 1.73543968, 3.14061531,
       2.07331201, 5.06117625, 5.02122546, 4.38573112, 5.3085661 ,
       2.72403777, 3.48224257, 6.02214406, 3.46176124, 1.25658623])]",[556.1880142688751]
