,problem,layers,optimizer,solutions,parameters,time
0,"{'type': 'maxcut', 'graph': {'directed': False, 'multigraph': False, 'graph': {}, 'nodes': [{'id': 0}, {'id': 1}, {'id': 2}, {'id': 3}, {'id': 4}], 'links': [{'weight': 1, 'source': 0, 'target': 1}, {'weight': 7, 'source': 0, 'target': 2}, {'weight': 1, 'source': 0, 'target': 3}, {'weight': 7, 'source': 0, 'target': 4}, {'weight': 9, 'source': 1, 'target': 2}, {'weight': 7, 'source': 1, 'target': 3}, {'weight': 5, 'source': 1, 'target': 4}, {'weight': 6, 'source': 2, 'target': 3}, {'weight': 1, 'source': 2, 'target': 4}, {'weight': 5, 'source': 3, 'target': 4}]}, 'position': {0: [-1.0, 0.19306311148226846], 1: [0.6487986200945854, 0.17922345757500216], 2: [-0.23059649502081692, -0.5189640061498542], 3: [0.672239837510958, -0.5713801483347366], 4: [-0.09044196258472671, 0.7180575854273197]}, 'solution': ([0, 0, 1, 0, 1], 39.0)}",20,"{'optimizer': 'COBYLA', 'maxiter': 100, 'shots': 1024, 'parameter_strategy': 'RANDOM', 'x0': None, 'backend': <QAOA_Tester.Backend.NoisyEstimatorBackend object at 0x7fb24af45f30>}","[([1, 0, 1, 1, 1], -22.0)]","[array([1.2516529 , 3.93110943, 0.40778073, 3.52816226, 4.57734779,
       1.42135015, 3.68659857, 3.89317447, 1.75807509, 2.73764906,
       4.85691714, 5.37921765, 1.08081704, 4.56924654, 3.4360828 ,
       5.48417702, 0.11974234, 5.62957214, 3.48361228, 5.72514713,
       2.52953847, 3.26767238, 3.25387659, 0.14644554, 2.83653096,
       6.13632444, 5.80834993, 2.76573654, 2.01196595, 3.25006721,
       0.481153  , 1.90585046, 6.16828723, 0.23912292, 5.55699236,
       4.66065676, 5.23651111, 4.77095957, 5.2231383 , 4.29409589])]",[597.2300269603729]
