,problem,layers,optimizer,solutions,parameters,time
0,"{'type': 'maxcut', 'graph': {'directed': False, 'multigraph': False, 'graph': {}, 'nodes': [{'id': 0}, {'id': 1}, {'id': 2}, {'id': 3}, {'id': 4}], 'links': [{'weight': 1, 'source': 0, 'target': 1}, {'weight': 7, 'source': 0, 'target': 2}, {'weight': 1, 'source': 0, 'target': 3}, {'weight': 7, 'source': 0, 'target': 4}, {'weight': 9, 'source': 1, 'target': 2}, {'weight': 7, 'source': 1, 'target': 3}, {'weight': 5, 'source': 1, 'target': 4}, {'weight': 6, 'source': 2, 'target': 3}, {'weight': 1, 'source': 2, 'target': 4}, {'weight': 5, 'source': 3, 'target': 4}]}, 'position': {0: [-1.0, 0.19306311148226846], 1: [0.6487986200945854, 0.17922345757500216], 2: [-0.23059649502081692, -0.5189640061498542], 3: [0.672239837510958, -0.5713801483347366], 4: [-0.09044196258472671, 0.7180575854273197]}, 'solution': ([0, 0, 1, 0, 1], 39.0)}",20,"{'optimizer': 'COBYLA', 'maxiter': 100, 'shots': 1024, 'parameter_strategy': 'RANDOM', 'x0': None, 'backend': <QAOA_Tester.Backend.NoisyEstimatorBackend object at 0x7f503096c1f0>}","[([0, 0, 1, 0, 1], -39.0)]","[array([2.29643148, 0.79679603, 6.51324059, 1.77666843, 5.81578951,
       4.17433947, 5.95629357, 0.63302519, 2.42283568, 6.26799135,
       1.91500146, 5.44836139, 2.98520196, 2.7032227 , 6.26166828,
       4.88934928, 6.43571023, 0.63643062, 5.54696928, 1.9306832 ,
       6.10938247, 2.48169055, 5.20512181, 2.31470993, 3.75237397,
       0.96164156, 1.12974142, 1.01297183, 6.17749267, 5.61551264,
       2.38968755, 0.89526052, 3.95928051, 5.15186905, 3.91666968,
       3.81002873, 0.71530324, 6.01097929, 5.42787605, 5.1531112 ])]",[625.4724316596985]
