,problem,layers,optimizer,solutions,parameters,time
0,"{'type': 'maxcut', 'graph': {'directed': False, 'multigraph': False, 'graph': {}, 'nodes': [{'id': 0}, {'id': 1}, {'id': 2}, {'id': 3}, {'id': 4}], 'links': [{'weight': 1, 'source': 0, 'target': 1}, {'weight': 7, 'source': 0, 'target': 2}, {'weight': 1, 'source': 0, 'target': 3}, {'weight': 7, 'source': 0, 'target': 4}, {'weight': 9, 'source': 1, 'target': 2}, {'weight': 7, 'source': 1, 'target': 3}, {'weight': 5, 'source': 1, 'target': 4}, {'weight': 6, 'source': 2, 'target': 3}, {'weight': 1, 'source': 2, 'target': 4}, {'weight': 5, 'source': 3, 'target': 4}]}, 'position': {0: [-1.0, 0.19306311148226846], 1: [0.6487986200945854, 0.17922345757500216], 2: [-0.23059649502081692, -0.5189640061498542], 3: [0.672239837510958, -0.5713801483347366], 4: [-0.09044196258472671, 0.7180575854273197]}, 'solution': ([0, 0, 1, 0, 1], 39.0)}",29,"{'optimizer': 'COBYLA', 'maxiter': 100, 'shots': 1024, 'parameter_strategy': 'RANDOM', 'x0': None, 'backend': <QAOA_Tester.Backend.NoisyEstimatorBackend object at 0x7f58881e9150>}","[([1, 0, 0, 0, 0], -16.0)]","[array([6.62518181, 1.26647846, 5.3323812 , 2.63317209, 3.21875822,
       1.87265267, 5.87510794, 3.00970165, 5.54926631, 4.97404172,
       5.28124291, 0.35988808, 1.54264672, 5.94529153, 4.02789236,
       1.6442426 , 1.43472988, 5.0444236 , 0.65800874, 4.57302066,
       3.10543352, 5.70843403, 0.89048579, 1.52438976, 1.16921158,
       2.00393382, 2.90614061, 2.83364204, 3.67717343, 3.52202582,
       4.9093364 , 1.55848043, 1.4033998 , 5.35021101, 5.89283832,
       1.17751115, 0.86709933, 5.20752215, 5.94992112, 1.82617173,
       4.7491675 , 1.53521159, 1.40859185, 4.15159782, 3.30904844,
       4.64333493, 2.96703404, 5.1423594 , 1.52352143, 4.48862039,
       0.38930768, 6.13261237, 4.02698179, 3.53161426, 2.54968903,
       5.80841544, 2.97639314, 5.25858972])]",[584.2560324668884]
