,problem,layers,optimizer,solutions,parameters,time
0,"{'type': 'maxcut', 'graph': {'directed': False, 'multigraph': False, 'graph': {}, 'nodes': [{'id': 0}, {'id': 1}, {'id': 2}, {'id': 3}, {'id': 4}], 'links': [{'weight': 1, 'source': 0, 'target': 1}, {'weight': 7, 'source': 0, 'target': 2}, {'weight': 1, 'source': 0, 'target': 3}, {'weight': 7, 'source': 0, 'target': 4}, {'weight': 9, 'source': 1, 'target': 2}, {'weight': 7, 'source': 1, 'target': 3}, {'weight': 5, 'source': 1, 'target': 4}, {'weight': 6, 'source': 2, 'target': 3}, {'weight': 1, 'source': 2, 'target': 4}, {'weight': 5, 'source': 3, 'target': 4}]}, 'position': {0: [-1.0, 0.19306311148226846], 1: [0.6487986200945854, 0.17922345757500216], 2: [-0.23059649502081692, -0.5189640061498542], 3: [0.672239837510958, -0.5713801483347366], 4: [-0.09044196258472671, 0.7180575854273197]}, 'solution': ([0, 0, 1, 0, 1], 39.0)}",27,"{'optimizer': 'COBYLA', 'maxiter': 100, 'shots': 1024, 'parameter_strategy': 'RANDOM', 'x0': None, 'backend': <QAOA_Tester.Backend.NoisyEstimatorBackend object at 0x7f08a7510cd0>}","[([0, 1, 0, 1, 1], -25.0)]","[array([ 2.35370299,  0.49800204, -0.03409727,  3.7477732 ,  4.97832403,
        3.69884755,  2.03228321,  0.7866238 ,  2.59113397,  3.68345928,
       -0.01955723,  4.92174942,  5.08109376,  4.39093198,  3.51353876,
        6.00266174,  2.45786932,  0.03026331,  5.57738236,  0.41292287,
        0.05970614,  6.06687835,  5.88547792,  5.42972139,  5.60416477,
        2.63923855, -0.39393919,  5.17106655,  0.74218417,  4.47135917,
        4.07087311,  2.27630493,  3.2162463 ,  1.4979605 ,  4.67325806,
        4.02864378,  3.70373788,  4.50531611,  5.43959851,  4.49803884,
        3.37897674,  3.23969392,  0.90853548,  3.9612385 ,  4.83289127,
        4.43880658,  5.35231465,  2.39213383,  4.38228372,  1.37667703,
        0.4986924 ,  3.55370927,  1.21372233,  5.88478616])]",[632.4269526004791]
