,problem,layers,optimizer,solutions,parameters,time
0,"{'type': 'maxcut', 'graph': {'directed': False, 'multigraph': False, 'graph': {}, 'nodes': [{'id': 0}, {'id': 1}, {'id': 2}, {'id': 3}, {'id': 4}], 'links': [{'weight': 1, 'source': 0, 'target': 1}, {'weight': 7, 'source': 0, 'target': 2}, {'weight': 1, 'source': 0, 'target': 3}, {'weight': 7, 'source': 0, 'target': 4}, {'weight': 9, 'source': 1, 'target': 2}, {'weight': 7, 'source': 1, 'target': 3}, {'weight': 5, 'source': 1, 'target': 4}, {'weight': 6, 'source': 2, 'target': 3}, {'weight': 1, 'source': 2, 'target': 4}, {'weight': 5, 'source': 3, 'target': 4}]}, 'position': {0: [-1.0, 0.19306311148226846], 1: [0.6487986200945854, 0.17922345757500216], 2: [-0.23059649502081692, -0.5189640061498542], 3: [0.672239837510958, -0.5713801483347366], 4: [-0.09044196258472671, 0.7180575854273197]}, 'solution': ([0, 0, 1, 0, 1], 39.0)}",20,"{'optimizer': 'COBYLA', 'maxiter': 100, 'shots': 1024, 'parameter_strategy': 'RANDOM', 'x0': None, 'backend': <QAOA_Tester.Backend.NoisyEstimatorBackend object at 0x7f19f7ad2a10>}","[([0, 0, 1, 0, 1], -39.0)]","[array([ 4.42063567,  0.29617198,  2.67126881,  5.33936333,  4.7837444 ,
        2.74458093,  0.99218104,  3.16733715,  2.94010977,  1.8970953 ,
        5.40751044,  5.171119  ,  0.93445093,  6.06031435,  0.49795489,
        3.21806781,  5.36164879,  0.0526554 ,  3.10683257, -0.03050313,
        3.87672361,  2.6652672 ,  5.01137144,  1.66827205,  0.73140334,
        5.56856312,  0.62823065,  1.49717465,  4.94268906,  4.21427563,
        6.08499609,  1.76974383,  4.96057905,  1.07218443,  0.3350912 ,
        3.77449704,  3.23566827,  5.87878572,  1.73127112,  1.93499872])]",[619.2251551151276]
