,problem,layers,optimizer,solutions,parameters,time
0,"{'type': 'maxcut', 'graph': {'directed': False, 'multigraph': False, 'graph': {}, 'nodes': [{'id': 0}, {'id': 1}, {'id': 2}, {'id': 3}, {'id': 4}], 'links': [{'weight': 1, 'source': 0, 'target': 1}, {'weight': 7, 'source': 0, 'target': 2}, {'weight': 1, 'source': 0, 'target': 3}, {'weight': 7, 'source': 0, 'target': 4}, {'weight': 9, 'source': 1, 'target': 2}, {'weight': 7, 'source': 1, 'target': 3}, {'weight': 5, 'source': 1, 'target': 4}, {'weight': 6, 'source': 2, 'target': 3}, {'weight': 1, 'source': 2, 'target': 4}, {'weight': 5, 'source': 3, 'target': 4}]}, 'position': {0: [-1.0, 0.19306311148226846], 1: [0.6487986200945854, 0.17922345757500216], 2: [-0.23059649502081692, -0.5189640061498542], 3: [0.672239837510958, -0.5713801483347366], 4: [-0.09044196258472671, 0.7180575854273197]}, 'solution': ([0, 0, 1, 0, 1], 39.0)}",23,"{'optimizer': 'COBYLA', 'maxiter': 100, 'shots': 1024, 'parameter_strategy': 'RANDOM', 'x0': None, 'backend': <QAOA_Tester.Backend.NoisyEstimatorBackend object at 0x7f065cf99840>}","[([1, 0, 1, 1, 0], -30.0)]","[array([1.96247162, 0.65390303, 4.95292746, 1.60350239, 0.15257804,
       2.75550927, 3.34743904, 4.54658861, 2.49195166, 5.02693983,
       5.37430243, 1.60736042, 6.0451956 , 2.38697794, 1.64302774,
       2.50715804, 3.56906051, 0.48337556, 5.52005631, 4.26387428,
       5.74896539, 3.45015251, 5.11899628, 3.96577184, 3.49041335,
       0.63974209, 1.59986522, 3.07942724, 5.38967078, 4.02650026,
       3.22199015, 2.0133409 , 3.03859012, 5.03280696, 6.19220544,
       6.08869193, 5.81242074, 4.2296831 , 1.81594647, 5.53622041,
       3.54430185, 5.72379894, 3.05889813, 4.15790798, 0.18604588,
       4.62238247])]",[602.1148257255554]
