,problem,layers,optimizer,solutions,parameters,time
0,"{'type': 'maxcut', 'graph': {'directed': False, 'multigraph': False, 'graph': {}, 'nodes': [{'id': 0}, {'id': 1}, {'id': 2}, {'id': 3}, {'id': 4}], 'links': [{'weight': 1, 'source': 0, 'target': 1}, {'weight': 7, 'source': 0, 'target': 2}, {'weight': 1, 'source': 0, 'target': 3}, {'weight': 7, 'source': 0, 'target': 4}, {'weight': 9, 'source': 1, 'target': 2}, {'weight': 7, 'source': 1, 'target': 3}, {'weight': 5, 'source': 1, 'target': 4}, {'weight': 6, 'source': 2, 'target': 3}, {'weight': 1, 'source': 2, 'target': 4}, {'weight': 5, 'source': 3, 'target': 4}]}, 'position': {0: [-1.0, 0.19306311148226846], 1: [0.6487986200945854, 0.17922345757500216], 2: [-0.23059649502081692, -0.5189640061498542], 3: [0.672239837510958, -0.5713801483347366], 4: [-0.09044196258472671, 0.7180575854273197]}, 'solution': ([0, 0, 1, 0, 1], 39.0)}",22,"{'optimizer': 'COBYLA', 'maxiter': 100, 'shots': 1024, 'parameter_strategy': 'RANDOM', 'x0': None, 'backend': <QAOA_Tester.Backend.NoisyEstimatorBackend object at 0x7fea1268e5c0>}","[([1, 0, 0, 1, 0], -33.0)]","[array([1.91114093, 4.77737003, 0.6432416 , 4.85069162, 0.7002684 ,
       4.40211343, 5.8171196 , 6.27149621, 0.9077631 , 4.50974622,
       0.55646223, 4.04495519, 0.19196802, 4.86635225, 2.58601319,
       1.85014627, 3.67898077, 5.3863843 , 1.45466027, 0.94188336,
       4.23084744, 3.94095473, 3.87001654, 2.34744173, 1.46765235,
       5.11118558, 3.58282674, 3.6810981 , 2.42237587, 3.48549197,
       0.41190616, 1.98433065, 6.08531536, 5.71430158, 2.76963218,
       6.08150933, 3.22456882, 2.07330993, 4.7657346 , 2.11833238,
       3.4909414 , 0.0975837 , 5.52569134, 1.36697019])]",[656.4164505004883]
