,problem,layers,optimizer,solutions,parameters,time
0,"{'type': 'maxcut', 'graph': {'directed': False, 'multigraph': False, 'graph': {}, 'nodes': [{'id': 0}, {'id': 1}, {'id': 2}, {'id': 3}, {'id': 4}], 'links': [{'weight': 1, 'source': 0, 'target': 1}, {'weight': 7, 'source': 0, 'target': 2}, {'weight': 1, 'source': 0, 'target': 3}, {'weight': 7, 'source': 0, 'target': 4}, {'weight': 9, 'source': 1, 'target': 2}, {'weight': 7, 'source': 1, 'target': 3}, {'weight': 5, 'source': 1, 'target': 4}, {'weight': 6, 'source': 2, 'target': 3}, {'weight': 1, 'source': 2, 'target': 4}, {'weight': 5, 'source': 3, 'target': 4}]}, 'position': {0: [-1.0, 0.19306311148226846], 1: [0.6487986200945854, 0.17922345757500216], 2: [-0.23059649502081692, -0.5189640061498542], 3: [0.672239837510958, -0.5713801483347366], 4: [-0.09044196258472671, 0.7180575854273197]}, 'solution': ([0, 0, 1, 0, 1], 39.0)}",30,"{'optimizer': 'COBYLA', 'maxiter': 100, 'shots': 1024, 'parameter_strategy': 'RANDOM', 'x0': None, 'backend': <QAOA_Tester.Backend.NoisyEstimatorBackend object at 0x7f59a6facca0>}","[([0, 1, 0, 1, 1], -25.0)]","[array([4.38620051, 3.25727263, 5.96357051, 1.56450355, 4.02331831,
       6.21075102, 0.16319903, 2.59525138, 5.73245892, 1.0147366 ,
       0.33455646, 5.24179677, 5.80738043, 4.72572064, 1.21584799,
       3.13792121, 1.59087201, 3.20031282, 3.60331476, 1.91672009,
       5.72505261, 0.78727755, 1.67435918, 5.23283472, 5.84996451,
       4.80082754, 5.44863747, 2.50058704, 5.64848209, 3.67700433,
       2.40945218, 0.47399794, 3.37727578, 2.5089062 , 3.47467575,
       0.56347467, 0.28593228, 1.17879473, 4.26083866, 3.41918187,
       4.58875266, 4.73524122, 4.82508365, 4.81054654, 3.80769533,
       4.29195093, 0.59309381, 4.51720734, 4.17483874, 0.25797163,
       5.41315534, 3.26212017, 2.19138033, 0.17769684, 6.09931905,
       2.27349094, 5.52499293, 3.24203027, 2.45318102, 3.28792323])]",[579.3724331855774]
