,problem,layers,optimizer,solutions,parameters,time
0,"{'type': 'maxcut', 'graph': {'directed': False, 'multigraph': False, 'graph': {}, 'nodes': [{'id': 0}, {'id': 1}, {'id': 2}, {'id': 3}, {'id': 4}], 'links': [{'weight': 1, 'source': 0, 'target': 1}, {'weight': 7, 'source': 0, 'target': 2}, {'weight': 1, 'source': 0, 'target': 3}, {'weight': 7, 'source': 0, 'target': 4}, {'weight': 9, 'source': 1, 'target': 2}, {'weight': 7, 'source': 1, 'target': 3}, {'weight': 5, 'source': 1, 'target': 4}, {'weight': 6, 'source': 2, 'target': 3}, {'weight': 1, 'source': 2, 'target': 4}, {'weight': 5, 'source': 3, 'target': 4}]}, 'position': {0: [-1.0, 0.19306311148226846], 1: [0.6487986200945854, 0.17922345757500216], 2: [-0.23059649502081692, -0.5189640061498542], 3: [0.672239837510958, -0.5713801483347366], 4: [-0.09044196258472671, 0.7180575854273197]}, 'solution': ([0, 0, 1, 0, 1], 39.0)}",23,"{'optimizer': 'COBYLA', 'maxiter': 100, 'shots': 1024, 'parameter_strategy': 'RANDOM', 'x0': None, 'backend': <QAOA_Tester.Backend.NoisyEstimatorBackend object at 0x7fefd4f556c0>}","[([0, 0, 1, 1, 0], -30.0)]","[array([6.250341  , 1.73059922, 1.01236506, 1.65336151, 4.89946333,
       3.37171723, 2.18081254, 2.60467413, 4.91322684, 4.78596433,
       1.95560463, 5.83403065, 5.67374423, 2.31934899, 1.37808989,
       1.92565381, 1.0108823 , 5.64290889, 5.00629421, 5.99533569,
       1.61736058, 5.39300625, 1.64893768, 6.12677177, 0.61452854,
       4.82509378, 0.2505841 , 3.54909117, 4.77959823, 4.62617903,
       3.66323029, 3.0309085 , 3.07191098, 5.45953415, 1.45188913,
       3.22037672, 3.34918341, 4.24918308, 3.20046544, 2.23858779,
       0.9122535 , 3.01261697, 0.87818169, 1.3255903 , 1.69836435,
       3.92902419])]",[602.2570650577545]
