,problem,layers,optimizer,solutions,parameters,time
0,"{'type': 'maxcut', 'graph': {'directed': False, 'multigraph': False, 'graph': {}, 'nodes': [{'id': 0}, {'id': 1}, {'id': 2}, {'id': 3}, {'id': 4}], 'links': [{'weight': 1, 'source': 0, 'target': 1}, {'weight': 7, 'source': 0, 'target': 2}, {'weight': 1, 'source': 0, 'target': 3}, {'weight': 7, 'source': 0, 'target': 4}, {'weight': 9, 'source': 1, 'target': 2}, {'weight': 7, 'source': 1, 'target': 3}, {'weight': 5, 'source': 1, 'target': 4}, {'weight': 6, 'source': 2, 'target': 3}, {'weight': 1, 'source': 2, 'target': 4}, {'weight': 5, 'source': 3, 'target': 4}]}, 'position': {0: [-1.0, 0.19306311148226846], 1: [0.6487986200945854, 0.17922345757500216], 2: [-0.23059649502081692, -0.5189640061498542], 3: [0.672239837510958, -0.5713801483347366], 4: [-0.09044196258472671, 0.7180575854273197]}, 'solution': ([0, 0, 1, 0, 1], 39.0)}",21,"{'optimizer': 'COBYLA', 'maxiter': 100, 'shots': 1024, 'parameter_strategy': 'RANDOM', 'x0': None, 'backend': <QAOA_Tester.Backend.NoisyEstimatorBackend object at 0x7fcca6a36a40>}","[([1, 1, 1, 0, 0], -27.0)]","[array([1.34392912, 4.41507057, 2.73028805, 2.63609099, 5.47004275,
       0.84242022, 4.80459994, 0.56161952, 4.28895306, 2.7745843 ,
       1.99211513, 5.87893695, 1.36904313, 4.9207708 , 5.44124822,
       4.79524014, 1.17326643, 3.76607485, 1.76156153, 3.59231505,
       6.34151497, 5.93572143, 3.08667538, 0.37555494, 2.00918796,
       1.80550593, 3.73979936, 4.86887882, 1.06625718, 3.80332087,
       3.69545297, 6.14353506, 5.22277319, 4.58536368, 4.51840908,
       2.22323901, 4.08779485, 5.8534575 , 3.39512313, 5.13911629,
       3.61610326, 1.50393047])]",[610.9559335708618]
