,problem,layers,optimizer,solutions,parameters,time
0,"{'type': 'maxcut', 'graph': {'directed': False, 'multigraph': False, 'graph': {}, 'nodes': [{'id': 0}, {'id': 1}, {'id': 2}, {'id': 3}, {'id': 4}], 'links': [{'weight': 1, 'source': 0, 'target': 1}, {'weight': 7, 'source': 0, 'target': 2}, {'weight': 1, 'source': 0, 'target': 3}, {'weight': 7, 'source': 0, 'target': 4}, {'weight': 9, 'source': 1, 'target': 2}, {'weight': 7, 'source': 1, 'target': 3}, {'weight': 5, 'source': 1, 'target': 4}, {'weight': 6, 'source': 2, 'target': 3}, {'weight': 1, 'source': 2, 'target': 4}, {'weight': 5, 'source': 3, 'target': 4}]}, 'position': {0: [-1.0, 0.19306311148226846], 1: [0.6487986200945854, 0.17922345757500216], 2: [-0.23059649502081692, -0.5189640061498542], 3: [0.672239837510958, -0.5713801483347366], 4: [-0.09044196258472671, 0.7180575854273197]}, 'solution': ([0, 0, 1, 0, 1], 39.0)}",24,"{'optimizer': 'COBYLA', 'maxiter': 100, 'shots': 1024, 'parameter_strategy': 'RANDOM', 'x0': None, 'backend': <QAOA_Tester.Backend.NoisyEstimatorBackend object at 0x7f81408a40d0>}","[([0, 1, 1, 0, 0], -27.0)]","[array([3.0882684 , 3.6712322 , 3.61472605, 4.27119059, 4.70482386,
       5.39052903, 5.41518316, 0.06695386, 1.21084244, 3.11327829,
       0.98782804, 0.62486984, 5.0262713 , 5.54414018, 5.5948071 ,
       5.55814727, 0.56887552, 2.35389408, 3.17105095, 1.0768409 ,
       2.52935192, 0.19470292, 1.73337895, 1.32695016, 4.26508128,
       1.94109707, 4.58174133, 2.87376539, 0.25657808, 0.67345251,
       4.84573421, 0.48290119, 0.41678764, 5.15350203, 6.06575799,
       4.23432261, 3.01500551, 1.36398966, 1.30729491, 4.56796959,
       3.66319782, 5.19043874, 0.9756324 , 5.24465607, 1.24466359,
       2.70988117, 3.20531011, 0.37446736])]",[622.1063771247864]
