,problem,layers,optimizer,solutions,parameters,time
0,"{'type': 'maxcut', 'graph': {'directed': False, 'multigraph': False, 'graph': {}, 'nodes': [{'id': 0}, {'id': 1}, {'id': 2}, {'id': 3}, {'id': 4}], 'links': [{'weight': 1, 'source': 0, 'target': 1}, {'weight': 7, 'source': 0, 'target': 2}, {'weight': 1, 'source': 0, 'target': 3}, {'weight': 7, 'source': 0, 'target': 4}, {'weight': 9, 'source': 1, 'target': 2}, {'weight': 7, 'source': 1, 'target': 3}, {'weight': 5, 'source': 1, 'target': 4}, {'weight': 6, 'source': 2, 'target': 3}, {'weight': 1, 'source': 2, 'target': 4}, {'weight': 5, 'source': 3, 'target': 4}]}, 'position': {0: [-1.0, 0.19306311148226846], 1: [0.6487986200945854, 0.17922345757500216], 2: [-0.23059649502081692, -0.5189640061498542], 3: [0.672239837510958, -0.5713801483347366], 4: [-0.09044196258472671, 0.7180575854273197]}, 'solution': ([0, 0, 1, 0, 1], 39.0)}",30,"{'optimizer': 'COBYLA', 'maxiter': 100, 'shots': 1024, 'parameter_strategy': 'RANDOM', 'x0': None, 'backend': <QAOA_Tester.Backend.NoisyEstimatorBackend object at 0x7ff18d01a470>}","[([0, 0, 0, 0, 1], -18.0)]","[array([6.09487975, 3.41413736, 1.05625001, 4.35701695, 0.57394975,
       0.74478483, 3.8402872 , 0.84430626, 5.43192411, 0.99406147,
       3.52556955, 5.67353735, 4.77117397, 1.57957088, 3.11413818,
       2.62434523, 4.59777616, 5.34506924, 4.89994114, 2.4213708 ,
       2.52419471, 1.93435112, 6.06007706, 1.27289703, 1.33389694,
       0.80747684, 1.24070173, 5.85925591, 1.88916298, 4.88614465,
       2.09556388, 2.34482477, 3.99167778, 1.12555597, 3.54427945,
       2.2412003 , 4.82180215, 4.82902632, 0.30904262, 5.24887236,
       3.88408323, 6.05755304, 5.87324411, 0.9323129 , 5.07669316,
       0.66829235, 5.44116034, 6.2202387 , 2.45535064, 3.7395481 ,
       1.42032381, 0.21456748, 6.11198817, 4.79703545, 5.56814659,
       5.7290639 , 0.27577842, 5.44084915, 1.82811313, 0.3962846 ])]",[544.4598846435547]
