,problem,layers,optimizer,solutions,parameters,time
0,"{'type': 'maxcut', 'graph': {'directed': False, 'multigraph': False, 'graph': {}, 'nodes': [{'id': 0}, {'id': 1}, {'id': 2}, {'id': 3}, {'id': 4}], 'links': [{'weight': 1, 'source': 0, 'target': 1}, {'weight': 7, 'source': 0, 'target': 2}, {'weight': 1, 'source': 0, 'target': 3}, {'weight': 7, 'source': 0, 'target': 4}, {'weight': 9, 'source': 1, 'target': 2}, {'weight': 7, 'source': 1, 'target': 3}, {'weight': 5, 'source': 1, 'target': 4}, {'weight': 6, 'source': 2, 'target': 3}, {'weight': 1, 'source': 2, 'target': 4}, {'weight': 5, 'source': 3, 'target': 4}]}, 'position': {0: [-1.0, 0.19306311148226846], 1: [0.6487986200945854, 0.17922345757500216], 2: [-0.23059649502081692, -0.5189640061498542], 3: [0.672239837510958, -0.5713801483347366], 4: [-0.09044196258472671, 0.7180575854273197]}, 'solution': ([0, 0, 1, 0, 1], 39.0)}",23,"{'optimizer': 'COBYLA', 'maxiter': 100, 'shots': 1024, 'parameter_strategy': 'RANDOM', 'x0': None, 'backend': <QAOA_Tester.Backend.NoisyEstimatorBackend object at 0x7f9d451e24a0>}","[([0, 1, 0, 1, 1], -25.0)]","[array([3.12256908, 1.71567792, 4.28275187, 2.29386618, 0.1288648 ,
       4.30879055, 4.07848237, 6.12047478, 2.15803984, 1.28223657,
       5.26551839, 2.78848098, 4.47116156, 1.79422824, 5.57743572,
       0.09377151, 0.25067449, 0.66410444, 1.58397494, 4.21676451,
       5.53293411, 5.03609958, 6.0132458 , 5.54848257, 2.68522195,
       2.91083578, 2.33051426, 3.79646463, 4.4272403 , 1.45890189,
       1.70642974, 2.19966275, 4.40803315, 5.00141276, 3.22215744,
       0.53985627, 2.65623268, 6.07677037, 0.4052741 , 2.41673808,
       2.67195989, 4.21223032, 0.34928695, 0.08785541, 4.4554143 ,
       2.82861059])]",[614.1298816204071]
