,problem,layers,optimizer,solutions,parameters,time
0,"{'type': 'maxcut', 'graph': {'directed': False, 'multigraph': False, 'graph': {}, 'nodes': [{'id': 0}, {'id': 1}, {'id': 2}, {'id': 3}, {'id': 4}], 'links': [{'weight': 1, 'source': 0, 'target': 1}, {'weight': 7, 'source': 0, 'target': 2}, {'weight': 1, 'source': 0, 'target': 3}, {'weight': 7, 'source': 0, 'target': 4}, {'weight': 9, 'source': 1, 'target': 2}, {'weight': 7, 'source': 1, 'target': 3}, {'weight': 5, 'source': 1, 'target': 4}, {'weight': 6, 'source': 2, 'target': 3}, {'weight': 1, 'source': 2, 'target': 4}, {'weight': 5, 'source': 3, 'target': 4}]}, 'position': {0: [-1.0, 0.19306311148226846], 1: [0.6487986200945854, 0.17922345757500216], 2: [-0.23059649502081692, -0.5189640061498542], 3: [0.672239837510958, -0.5713801483347366], 4: [-0.09044196258472671, 0.7180575854273197]}, 'solution': ([0, 0, 1, 0, 1], 39.0)}",23,"{'optimizer': 'COBYLA', 'maxiter': 100, 'shots': 1024, 'parameter_strategy': 'RANDOM', 'x0': None, 'backend': <QAOA_Tester.Backend.NoisyEstimatorBackend object at 0x7f81796eec50>}","[([0, 0, 1, 1, 1], -36.0)]","[array([0.63066582, 5.83305307, 1.28520167, 2.25558847, 2.47429846,
       6.1337332 , 0.2262867 , 1.05037759, 1.27407216, 3.38507791,
       6.00723523, 1.52821589, 3.45574656, 2.13437333, 1.28515083,
       5.7064028 , 0.99644217, 4.93529632, 2.87017096, 1.55260219,
       5.00571908, 0.84521992, 1.79578993, 0.89066771, 1.32937418,
       0.10729265, 4.17652748, 1.62401304, 2.62929672, 4.29237553,
       2.20929881, 4.93657843, 5.10657595, 0.98380621, 3.71480614,
       1.1759568 , 5.99621556, 1.56964105, 5.86969211, 2.74737769,
       2.26894541, 0.25319521, 0.85553345, 4.63494222, 2.7356132 ,
       5.96348532])]",[624.8455412387848]
