,problem,layers,optimizer,solutions,parameters,time
0,"{'type': 'maxcut', 'graph': {'directed': False, 'multigraph': False, 'graph': {}, 'nodes': [{'id': 0}, {'id': 1}, {'id': 2}, {'id': 3}, {'id': 4}], 'links': [{'weight': 1, 'source': 0, 'target': 1}, {'weight': 7, 'source': 0, 'target': 2}, {'weight': 1, 'source': 0, 'target': 3}, {'weight': 7, 'source': 0, 'target': 4}, {'weight': 9, 'source': 1, 'target': 2}, {'weight': 7, 'source': 1, 'target': 3}, {'weight': 5, 'source': 1, 'target': 4}, {'weight': 6, 'source': 2, 'target': 3}, {'weight': 1, 'source': 2, 'target': 4}, {'weight': 5, 'source': 3, 'target': 4}]}, 'position': {0: [-1.0, 0.19306311148226846], 1: [0.6487986200945854, 0.17922345757500216], 2: [-0.23059649502081692, -0.5189640061498542], 3: [0.672239837510958, -0.5713801483347366], 4: [-0.09044196258472671, 0.7180575854273197]}, 'solution': ([0, 0, 1, 0, 1], 39.0)}",21,"{'optimizer': 'COBYLA', 'maxiter': 100, 'shots': 1024, 'parameter_strategy': 'RANDOM', 'x0': None, 'backend': <QAOA_Tester.Backend.NoisyEstimatorBackend object at 0x7fc0b41eb700>}","[([0, 0, 1, 1, 1], -36.0)]","[array([2.31294508, 2.52302847, 2.09395394, 1.50565323, 0.43108124,
       4.41527989, 1.90933881, 1.22268813, 0.28221775, 2.03661211,
       2.70251204, 0.65700503, 6.10641141, 5.63004376, 5.82265376,
       2.49788068, 1.30763182, 1.47097727, 0.22697685, 0.3117138 ,
       4.60232147, 3.01762956, 0.69710475, 0.2262798 , 3.11658129,
       3.73312451, 0.55867531, 2.12608425, 3.46793857, 1.06053955,
       5.69780825, 0.25546257, 5.08987898, 5.33652368, 3.26732942,
       3.17822744, 3.67498426, 2.17947158, 0.66469379, 3.87249678,
       4.94698782, 4.31435949])]",[591.2554702758789]
