,problem,layers,optimizer,solutions,parameters,time
0,"{'type': 'maxcut', 'graph': {'directed': False, 'multigraph': False, 'graph': {}, 'nodes': [{'id': 0}, {'id': 1}, {'id': 2}, {'id': 3}, {'id': 4}], 'links': [{'weight': 1, 'source': 0, 'target': 1}, {'weight': 7, 'source': 0, 'target': 2}, {'weight': 1, 'source': 0, 'target': 3}, {'weight': 7, 'source': 0, 'target': 4}, {'weight': 9, 'source': 1, 'target': 2}, {'weight': 7, 'source': 1, 'target': 3}, {'weight': 5, 'source': 1, 'target': 4}, {'weight': 6, 'source': 2, 'target': 3}, {'weight': 1, 'source': 2, 'target': 4}, {'weight': 5, 'source': 3, 'target': 4}]}, 'position': {0: [-1.0, 0.19306311148226846], 1: [0.6487986200945854, 0.17922345757500216], 2: [-0.23059649502081692, -0.5189640061498542], 3: [0.672239837510958, -0.5713801483347366], 4: [-0.09044196258472671, 0.7180575854273197]}, 'solution': ([0, 0, 1, 0, 1], 39.0)}",25,"{'optimizer': 'COBYLA', 'maxiter': 100, 'shots': 1024, 'parameter_strategy': 'RANDOM', 'x0': None, 'backend': <QAOA_Tester.Backend.NoisyEstimatorBackend object at 0x7fb188e52ad0>}","[([1, 0, 1, 0, 0], -25.0)]","[array([ 0.88205933,  2.21452258,  5.63385947,  5.178497  ,  1.44450504,
        0.99833882,  5.75954001,  2.81650813,  5.35965873,  0.28442431,
        4.6600692 ,  3.78958555,  3.08670044,  1.7838345 ,  0.85437204,
        0.47460949,  1.61346372,  5.98044903,  1.46187307,  5.71096928,
        2.00841084,  3.40946784,  3.67370037,  1.72674667, -0.22552768,
        2.93597876,  2.0378012 ,  1.26157974,  2.27302038,  5.17299216,
        3.32362565,  4.98380898,  5.07399085,  3.87594549,  2.16820448,
        0.41842869,  1.21190931,  0.79778547,  2.23258968,  5.61806985,
        1.44538218,  5.51267578,  4.59459168,  5.16190408,  0.87718382,
        0.22246957,  0.71028096,  1.81204605,  1.55828839,  2.29662325])]",[594.5914697647095]
