,problem,layers,optimizer,solutions,parameters,time
0,"{'type': 'maxcut', 'graph': {'directed': False, 'multigraph': False, 'graph': {}, 'nodes': [{'id': 0}, {'id': 1}, {'id': 2}, {'id': 3}, {'id': 4}], 'links': [{'weight': 1, 'source': 0, 'target': 1}, {'weight': 7, 'source': 0, 'target': 2}, {'weight': 1, 'source': 0, 'target': 3}, {'weight': 7, 'source': 0, 'target': 4}, {'weight': 9, 'source': 1, 'target': 2}, {'weight': 7, 'source': 1, 'target': 3}, {'weight': 5, 'source': 1, 'target': 4}, {'weight': 6, 'source': 2, 'target': 3}, {'weight': 1, 'source': 2, 'target': 4}, {'weight': 5, 'source': 3, 'target': 4}]}, 'position': {0: [-1.0, 0.19306311148226846], 1: [0.6487986200945854, 0.17922345757500216], 2: [-0.23059649502081692, -0.5189640061498542], 3: [0.672239837510958, -0.5713801483347366], 4: [-0.09044196258472671, 0.7180575854273197]}, 'solution': ([0, 0, 1, 0, 1], 39.0)}",19,"{'optimizer': 'COBYLA', 'maxiter': 100, 'shots': 1024, 'parameter_strategy': 'RANDOM', 'x0': None, 'backend': <QAOA_Tester.Backend.NoisyEstimatorBackend object at 0x7f2d3a13ea10>}","[([1, 0, 0, 1, 1], -27.0)]","[array([ 5.32134676, -0.26765224,  3.81201238,  2.07792604,  1.7137142 ,
        0.5593172 ,  5.28048448,  3.50159815,  0.48192904,  2.47225336,
        1.23737849,  4.35826239,  5.94537838,  1.85799118,  5.21966829,
        2.85749343,  2.54563104,  5.70083432,  1.93414298,  5.24883588,
        3.74368594,  0.46246407,  0.28399763,  0.51254986,  3.99082104,
        0.39320863,  4.02861758,  3.74165046,  1.34575597,  3.36521198,
        3.11959779,  3.57165405,  5.58001698,  5.83278718,  2.5078366 ,
        3.15469104,  4.31815515,  5.63106701])]",[590.1614065170288]
