,problem,layers,optimizer,solutions,parameters,time
0,"{'type': 'maxcut', 'graph': {'directed': False, 'multigraph': False, 'graph': {}, 'nodes': [{'id': 0}, {'id': 1}, {'id': 2}, {'id': 3}, {'id': 4}], 'links': [{'weight': 1, 'source': 0, 'target': 1}, {'weight': 7, 'source': 0, 'target': 2}, {'weight': 1, 'source': 0, 'target': 3}, {'weight': 7, 'source': 0, 'target': 4}, {'weight': 9, 'source': 1, 'target': 2}, {'weight': 7, 'source': 1, 'target': 3}, {'weight': 5, 'source': 1, 'target': 4}, {'weight': 6, 'source': 2, 'target': 3}, {'weight': 1, 'source': 2, 'target': 4}, {'weight': 5, 'source': 3, 'target': 4}]}, 'position': {0: [-1.0, 0.19306311148226846], 1: [0.6487986200945854, 0.17922345757500216], 2: [-0.23059649502081692, -0.5189640061498542], 3: [0.672239837510958, -0.5713801483347366], 4: [-0.09044196258472671, 0.7180575854273197]}, 'solution': ([0, 0, 1, 0, 1], 39.0)}",23,"{'optimizer': 'COBYLA', 'maxiter': 100, 'shots': 1024, 'parameter_strategy': 'RANDOM', 'x0': None, 'backend': <QAOA_Tester.Backend.NoisyEstimatorBackend object at 0x7f5ef727eb00>}","[([0, 1, 0, 0, 0], -22.0)]","[array([6.13594312, 0.64485898, 4.89578641, 3.58775467, 4.41881001,
       6.06758166, 5.86440532, 5.63040855, 0.28332894, 3.48575921,
       5.24433811, 5.20889512, 4.31570374, 5.36394547, 3.60444692,
       6.16168702, 3.58443227, 1.07285004, 2.03021321, 3.81837799,
       1.89282315, 3.35631982, 3.18955647, 4.38909422, 4.23446166,
       0.7500703 , 3.35337747, 3.88519183, 5.34922835, 5.59498145,
       5.92910947, 2.80759309, 5.9016351 , 4.99430774, 1.30256862,
       2.71868303, 2.38911018, 0.59543012, 5.9533708 , 0.44347337,
       0.33269141, 3.1564943 , 0.20097072, 5.93101065, 4.60405262,
       2.14069408])]",[618.0701687335968]
