,problem,layers,optimizer,solutions,parameters,time
0,"{'type': 'maxcut', 'graph': {'directed': False, 'multigraph': False, 'graph': {}, 'nodes': [{'id': 0}, {'id': 1}, {'id': 2}, {'id': 3}, {'id': 4}], 'links': [{'weight': 1, 'source': 0, 'target': 1}, {'weight': 7, 'source': 0, 'target': 2}, {'weight': 1, 'source': 0, 'target': 3}, {'weight': 7, 'source': 0, 'target': 4}, {'weight': 9, 'source': 1, 'target': 2}, {'weight': 7, 'source': 1, 'target': 3}, {'weight': 5, 'source': 1, 'target': 4}, {'weight': 6, 'source': 2, 'target': 3}, {'weight': 1, 'source': 2, 'target': 4}, {'weight': 5, 'source': 3, 'target': 4}]}, 'position': {0: [-1.0, 0.19306311148226846], 1: [0.6487986200945854, 0.17922345757500216], 2: [-0.23059649502081692, -0.5189640061498542], 3: [0.672239837510958, -0.5713801483347366], 4: [-0.09044196258472671, 0.7180575854273197]}, 'solution': ([0, 0, 1, 0, 1], 39.0)}",24,"{'optimizer': 'COBYLA', 'maxiter': 100, 'shots': 1024, 'parameter_strategy': 'RANDOM', 'x0': None, 'backend': <QAOA_Tester.Backend.NoisyEstimatorBackend object at 0x7f4af86bd570>}","[([1, 0, 1, 0, 0], -25.0)]","[array([3.59348101, 4.9450241 , 3.56154523, 0.72251463, 2.01456994,
       3.12753085, 4.6270693 , 6.23705944, 2.77495087, 1.45407946,
       3.40619868, 2.15607393, 5.19337833, 3.87360969, 4.06592015,
       4.85419003, 5.63022261, 4.26848935, 5.63260149, 0.96928984,
       1.53112903, 2.11514171, 4.43313929, 6.47955256, 3.09778216,
       5.44603544, 2.39465588, 1.37015457, 2.29359786, 0.89835048,
       1.17273809, 1.88425878, 6.50022572, 1.39408483, 2.41954032,
       2.83422754, 6.19422106, 2.31395603, 4.70968806, 4.36202754,
       5.58242202, 4.63144068, 3.95639262, 3.35164339, 2.02646994,
       4.34884002, 1.73070302, 2.32821127])]",[594.0447192192078]
