,problem,layers,optimizer,solutions,parameters,time
0,"{'type': 'maxcut', 'graph': {'directed': False, 'multigraph': False, 'graph': {}, 'nodes': [{'id': 0}, {'id': 1}, {'id': 2}, {'id': 3}, {'id': 4}], 'links': [{'weight': 1, 'source': 0, 'target': 1}, {'weight': 7, 'source': 0, 'target': 2}, {'weight': 1, 'source': 0, 'target': 3}, {'weight': 7, 'source': 0, 'target': 4}, {'weight': 9, 'source': 1, 'target': 2}, {'weight': 7, 'source': 1, 'target': 3}, {'weight': 5, 'source': 1, 'target': 4}, {'weight': 6, 'source': 2, 'target': 3}, {'weight': 1, 'source': 2, 'target': 4}, {'weight': 5, 'source': 3, 'target': 4}]}, 'position': {0: [-1.0, 0.19306311148226846], 1: [0.6487986200945854, 0.17922345757500216], 2: [-0.23059649502081692, -0.5189640061498542], 3: [0.672239837510958, -0.5713801483347366], 4: [-0.09044196258472671, 0.7180575854273197]}, 'solution': ([0, 0, 1, 0, 1], 39.0)}",18,"{'optimizer': 'COBYLA', 'maxiter': 100, 'shots': 1024, 'parameter_strategy': 'RANDOM', 'x0': None, 'backend': <QAOA_Tester.Backend.NoisyEstimatorBackend object at 0x7fadf101a080>}","[([1, 0, 0, 0, 1], -20.0)]","[array([2.65546786, 3.96231051, 5.69624762, 2.06381424, 3.3595852 ,
       2.07706779, 1.44399154, 5.27920648, 5.73390787, 4.1090512 ,
       2.72901948, 4.43657264, 4.58500664, 5.53475685, 1.4874892 ,
       2.67919163, 4.42396536, 1.59711597, 1.22500398, 1.18940641,
       0.39878166, 3.60965651, 1.60861915, 1.30417003, 5.81347324,
       4.07788457, 1.09523904, 3.2826875 , 3.94986789, 6.27545096,
       2.62843755, 1.9732218 , 4.56505749, 0.10432883, 1.85059968,
       3.1293635 ])]",[590.7578659057617]
