,problem,layers,optimizer,solutions,parameters,time
0,"{'type': 'maxcut', 'graph': {'directed': False, 'multigraph': False, 'graph': {}, 'nodes': [{'id': 0}, {'id': 1}, {'id': 2}, {'id': 3}, {'id': 4}], 'links': [{'weight': 1, 'source': 0, 'target': 1}, {'weight': 7, 'source': 0, 'target': 2}, {'weight': 1, 'source': 0, 'target': 3}, {'weight': 7, 'source': 0, 'target': 4}, {'weight': 9, 'source': 1, 'target': 2}, {'weight': 7, 'source': 1, 'target': 3}, {'weight': 5, 'source': 1, 'target': 4}, {'weight': 6, 'source': 2, 'target': 3}, {'weight': 1, 'source': 2, 'target': 4}, {'weight': 5, 'source': 3, 'target': 4}]}, 'position': {0: [-1.0, 0.19306311148226846], 1: [0.6487986200945854, 0.17922345757500216], 2: [-0.23059649502081692, -0.5189640061498542], 3: [0.672239837510958, -0.5713801483347366], 4: [-0.09044196258472671, 0.7180575854273197]}, 'solution': ([0, 0, 1, 0, 1], 39.0)}",28,"{'optimizer': 'COBYLA', 'maxiter': 100, 'shots': 1024, 'parameter_strategy': 'RANDOM', 'x0': None, 'backend': <QAOA_Tester.Backend.NoisyEstimatorBackend object at 0x7f5bd4195db0>}","[([1, 0, 1, 1, 0], -30.0)]","[array([3.14502082, 1.98642783, 0.54666299, 2.42927876, 2.72445516,
       5.18937842, 2.45587385, 1.53790821, 3.99702906, 4.85577823,
       1.58486622, 5.3590579 , 5.17870303, 3.74258569, 5.32501891,
       2.74742451, 3.69198858, 0.00681736, 2.79632563, 3.21412907,
       3.64405569, 3.0148182 , 0.48645615, 2.92465626, 0.34772124,
       2.37161044, 4.07585053, 2.69401279, 3.95618082, 5.17864768,
       3.04405094, 0.61890542, 3.87308473, 4.2591744 , 4.03294695,
       5.42529519, 2.0441058 , 1.89456752, 5.47780017, 4.13975046,
       2.64247049, 2.61877054, 0.85382255, 1.13869619, 2.64369694,
       4.94918496, 1.52464349, 0.76430112, 6.24197725, 3.31291124,
       3.9508769 , 5.28831534, 5.09492545, 2.35343604, 4.57798956,
       5.6004985 ])]",[631.6507499217987]
