,problem,layers,optimizer,solutions,parameters,time
0,"{'type': 'maxcut', 'graph': {'directed': False, 'multigraph': False, 'graph': {}, 'nodes': [{'id': 0}, {'id': 1}, {'id': 2}, {'id': 3}, {'id': 4}], 'links': [{'weight': 1, 'source': 0, 'target': 1}, {'weight': 7, 'source': 0, 'target': 2}, {'weight': 1, 'source': 0, 'target': 3}, {'weight': 7, 'source': 0, 'target': 4}, {'weight': 9, 'source': 1, 'target': 2}, {'weight': 7, 'source': 1, 'target': 3}, {'weight': 5, 'source': 1, 'target': 4}, {'weight': 6, 'source': 2, 'target': 3}, {'weight': 1, 'source': 2, 'target': 4}, {'weight': 5, 'source': 3, 'target': 4}]}, 'position': {0: [-1.0, 0.19306311148226846], 1: [0.6487986200945854, 0.17922345757500216], 2: [-0.23059649502081692, -0.5189640061498542], 3: [0.672239837510958, -0.5713801483347366], 4: [-0.09044196258472671, 0.7180575854273197]}, 'solution': ([0, 0, 1, 0, 1], 39.0)}",26,"{'optimizer': 'COBYLA', 'maxiter': 100, 'shots': 1024, 'parameter_strategy': 'RANDOM', 'x0': None, 'backend': <QAOA_Tester.Backend.NoisyEstimatorBackend object at 0x7f4c02ea4ca0>}","[([1, 1, 0, 1, 1], -23.0)]","[array([3.45024313, 5.15816694, 0.92607026, 1.07933265, 5.39272695,
       3.17264387, 3.64740059, 1.18176079, 4.01773937, 2.63920223,
       2.26904935, 2.04695834, 3.94403896, 1.73886435, 4.49016524,
       5.8597479 , 6.18275985, 3.37414876, 2.10042388, 5.9196505 ,
       4.0793865 , 3.57540254, 2.08348136, 3.41140019, 1.49849032,
       4.92030502, 5.57992592, 0.37164725, 2.48982218, 3.97210981,
       4.24128195, 4.49929024, 2.90504012, 3.87155784, 5.22180596,
       5.81441572, 4.15923483, 4.8628518 , 0.28545162, 1.75991193,
       1.21536204, 3.88924449, 1.40118957, 1.72370526, 3.19070602,
       1.21207527, 0.31950817, 3.88924414, 1.64496676, 1.25495859,
       1.98574422, 5.58627707])]",[608.2171683311462]
