,problem,layers,optimizer,solutions,parameters,time
0,"{'type': 'maxcut', 'graph': {'directed': False, 'multigraph': False, 'graph': {}, 'nodes': [{'id': 0}, {'id': 1}, {'id': 2}, {'id': 3}, {'id': 4}], 'links': [{'weight': 1, 'source': 0, 'target': 1}, {'weight': 7, 'source': 0, 'target': 2}, {'weight': 1, 'source': 0, 'target': 3}, {'weight': 7, 'source': 0, 'target': 4}, {'weight': 9, 'source': 1, 'target': 2}, {'weight': 7, 'source': 1, 'target': 3}, {'weight': 5, 'source': 1, 'target': 4}, {'weight': 6, 'source': 2, 'target': 3}, {'weight': 1, 'source': 2, 'target': 4}, {'weight': 5, 'source': 3, 'target': 4}]}, 'position': {0: [-1.0, 0.19306311148226846], 1: [0.6487986200945854, 0.17922345757500216], 2: [-0.23059649502081692, -0.5189640061498542], 3: [0.672239837510958, -0.5713801483347366], 4: [-0.09044196258472671, 0.7180575854273197]}, 'solution': ([0, 0, 1, 0, 1], 39.0)}",23,"{'optimizer': 'COBYLA', 'maxiter': 100, 'shots': 1024, 'parameter_strategy': 'RANDOM', 'x0': None, 'backend': <QAOA_Tester.Backend.NoisyEstimatorBackend object at 0x7fd650c3e890>}","[([1, 0, 1, 1, 0], -30.0)]","[array([3.37281874, 0.96945277, 1.9215422 , 0.71481497, 1.29812833,
       3.47207152, 2.54261141, 5.0571304 , 1.23787026, 4.18267099,
       4.04973557, 0.97311895, 1.3793254 , 0.23648814, 3.22958181,
       1.2699205 , 5.14835672, 3.39260204, 4.64277452, 5.82215578,
       6.24689388, 3.35355004, 4.78534824, 3.85353981, 3.68707861,
       0.42159313, 2.10857315, 1.50456758, 0.67445239, 6.0173633 ,
       2.11089928, 1.43944783, 2.67777749, 3.03041288, 1.10567804,
       0.5333071 , 3.12172876, 2.21495965, 2.93381654, 2.60442815,
       1.43563285, 0.33275749, 5.80368173, 2.26356673, 4.670649  ,
       6.77076551])]",[609.745049238205]
