,problem,layers,optimizer,solutions,parameters,time
0,"{'type': 'maxcut', 'graph': {'directed': False, 'multigraph': False, 'graph': {}, 'nodes': [{'id': 0}, {'id': 1}, {'id': 2}, {'id': 3}, {'id': 4}], 'links': [{'weight': 1, 'source': 0, 'target': 1}, {'weight': 7, 'source': 0, 'target': 2}, {'weight': 1, 'source': 0, 'target': 3}, {'weight': 7, 'source': 0, 'target': 4}, {'weight': 9, 'source': 1, 'target': 2}, {'weight': 7, 'source': 1, 'target': 3}, {'weight': 5, 'source': 1, 'target': 4}, {'weight': 6, 'source': 2, 'target': 3}, {'weight': 1, 'source': 2, 'target': 4}, {'weight': 5, 'source': 3, 'target': 4}]}, 'position': {0: [-1.0, 0.19306311148226846], 1: [0.6487986200945854, 0.17922345757500216], 2: [-0.23059649502081692, -0.5189640061498542], 3: [0.672239837510958, -0.5713801483347366], 4: [-0.09044196258472671, 0.7180575854273197]}, 'solution': ([0, 0, 1, 0, 1], 39.0)}",19,"{'optimizer': 'COBYLA', 'maxiter': 100, 'shots': 1024, 'parameter_strategy': 'RANDOM', 'x0': None, 'backend': <QAOA_Tester.Backend.NoisyEstimatorBackend object at 0x7f82dad0dfc0>}","[([0, 0, 1, 0, 1], -39.0)]","[array([5.94423368, 3.74211142, 2.59775729, 0.4059948 , 3.95090305,
       3.41111511, 2.33573931, 0.5887094 , 1.17999337, 2.37365176,
       5.27445012, 0.57153775, 6.14366277, 0.81180545, 2.47332692,
       5.43044638, 2.38936658, 2.16153009, 4.01941657, 6.12225472,
       5.78429663, 3.92146321, 1.49806867, 2.78717192, 5.09153912,
       5.27982737, 0.23394153, 0.79589358, 4.52382167, 2.05643363,
       5.27269068, 5.01318001, 5.10782351, 4.57185808, 0.87652066,
       0.0610716 , 1.40211333, 1.01215565])]",[586.3279576301575]
