,problem,layers,optimizer,solutions,parameters,time
0,"{'type': 'maxcut', 'graph': {'directed': False, 'multigraph': False, 'graph': {}, 'nodes': [{'id': 0}, {'id': 1}, {'id': 2}, {'id': 3}, {'id': 4}], 'links': [{'weight': 1, 'source': 0, 'target': 1}, {'weight': 7, 'source': 0, 'target': 2}, {'weight': 1, 'source': 0, 'target': 3}, {'weight': 7, 'source': 0, 'target': 4}, {'weight': 9, 'source': 1, 'target': 2}, {'weight': 7, 'source': 1, 'target': 3}, {'weight': 5, 'source': 1, 'target': 4}, {'weight': 6, 'source': 2, 'target': 3}, {'weight': 1, 'source': 2, 'target': 4}, {'weight': 5, 'source': 3, 'target': 4}]}, 'position': {0: [-1.0, 0.19306311148226846], 1: [0.6487986200945854, 0.17922345757500216], 2: [-0.23059649502081692, -0.5189640061498542], 3: [0.672239837510958, -0.5713801483347366], 4: [-0.09044196258472671, 0.7180575854273197]}, 'solution': ([0, 0, 1, 0, 1], 39.0)}",26,"{'optimizer': 'COBYLA', 'maxiter': 100, 'shots': 1024, 'parameter_strategy': 'RANDOM', 'x0': None, 'backend': <QAOA_Tester.Backend.NoisyEstimatorBackend object at 0x7f1fade681f0>}","[([0, 1, 1, 1, 0], -20.0)]","[array([ 2.04933263,  0.75825514,  3.18386455,  1.79898421,  3.9360287 ,
        0.20352425,  2.17997266,  3.97914769,  0.07795477,  4.77241907,
        2.70893584,  2.69623908,  3.83690764,  5.40982039,  4.17842949,
        5.2692003 , -0.05857808,  3.8433506 ,  3.80732752,  3.01072786,
        2.78563542,  2.97321301,  0.70170547,  5.17126735,  1.31959034,
        3.11581129,  3.54331217,  4.49677415,  1.20845002,  4.88384818,
        1.29298903,  4.02799622,  0.91526568,  1.86662873,  2.73853377,
        4.06309769,  4.94484772,  0.89123664,  5.01288147,  3.0851378 ,
        1.94381679,  1.1885003 ,  5.27319718,  3.65034516,  2.94283887,
        6.18103847,  1.95969113,  4.19782162,  4.82868673,  4.04656824,
        2.18173053,  1.73874693])]",[568.3746528625488]
