,problem,layers,optimizer,solutions,parameters,time
0,"{'type': 'maxcut', 'graph': {'directed': False, 'multigraph': False, 'graph': {}, 'nodes': [{'id': 0}, {'id': 1}, {'id': 2}, {'id': 3}, {'id': 4}], 'links': [{'weight': 1, 'source': 0, 'target': 1}, {'weight': 7, 'source': 0, 'target': 2}, {'weight': 1, 'source': 0, 'target': 3}, {'weight': 7, 'source': 0, 'target': 4}, {'weight': 9, 'source': 1, 'target': 2}, {'weight': 7, 'source': 1, 'target': 3}, {'weight': 5, 'source': 1, 'target': 4}, {'weight': 6, 'source': 2, 'target': 3}, {'weight': 1, 'source': 2, 'target': 4}, {'weight': 5, 'source': 3, 'target': 4}]}, 'position': {0: [-1.0, 0.19306311148226846], 1: [0.6487986200945854, 0.17922345757500216], 2: [-0.23059649502081692, -0.5189640061498542], 3: [0.672239837510958, -0.5713801483347366], 4: [-0.09044196258472671, 0.7180575854273197]}, 'solution': ([0, 0, 1, 0, 1], 39.0)}",20,"{'optimizer': 'COBYLA', 'maxiter': 100, 'shots': 1024, 'parameter_strategy': 'RANDOM', 'x0': None, 'backend': <QAOA_Tester.Backend.NoisyEstimatorBackend object at 0x7fed7878db10>}","[([0, 0, 0, 1, 0], -19.0)]","[array([6.14459534e-03, 7.34908613e-01, 5.35635702e+00, 3.29408288e-01,
       4.68040128e+00, 5.52505280e-01, 6.01295867e+00, 5.98655235e+00,
       3.00667048e+00, 3.36408775e+00, 4.07035116e+00, 6.02415823e+00,
       6.25371055e+00, 3.94339511e+00, 5.49054240e+00, 7.42398777e-01,
       2.77415348e+00, 4.04267605e+00, 2.82677135e+00, 9.00260274e-01,
       5.03668103e-01, 6.16821456e-02, 1.42141059e+00, 3.81177022e+00,
       3.85917554e+00, 4.90873226e+00, 4.92506785e+00, 5.11930891e+00,
       2.28404917e+00, 1.38886893e+00, 2.67427253e+00, 5.53080164e+00,
       1.36739828e+00, 1.36426796e+00, 6.11523740e+00, 1.23865157e+00,
       8.18325922e-02, 2.99197528e+00, 3.41571134e-01, 3.87572945e+00])]",[583.7110562324524]
