,problem,layers,optimizer,solutions,parameters,time
0,"{'type': 'maxcut', 'graph': {'directed': False, 'multigraph': False, 'graph': {}, 'nodes': [{'id': 0}, {'id': 1}, {'id': 2}, {'id': 3}, {'id': 4}], 'links': [{'weight': 1, 'source': 0, 'target': 1}, {'weight': 7, 'source': 0, 'target': 2}, {'weight': 1, 'source': 0, 'target': 3}, {'weight': 7, 'source': 0, 'target': 4}, {'weight': 9, 'source': 1, 'target': 2}, {'weight': 7, 'source': 1, 'target': 3}, {'weight': 5, 'source': 1, 'target': 4}, {'weight': 6, 'source': 2, 'target': 3}, {'weight': 1, 'source': 2, 'target': 4}, {'weight': 5, 'source': 3, 'target': 4}]}, 'position': {0: [-1.0, 0.19306311148226846], 1: [0.6487986200945854, 0.17922345757500216], 2: [-0.23059649502081692, -0.5189640061498542], 3: [0.672239837510958, -0.5713801483347366], 4: [-0.09044196258472671, 0.7180575854273197]}, 'solution': ([0, 0, 1, 0, 1], 39.0)}",23,"{'optimizer': 'COBYLA', 'maxiter': 100, 'shots': 1024, 'parameter_strategy': 'RANDOM', 'x0': None, 'backend': <QAOA_Tester.Backend.NoisyEstimatorBackend object at 0x7f1f7ea40190>}","[([0, 0, 1, 0, 0], -23.0)]","[array([5.40708708, 1.42821001, 5.42302082, 3.76954223, 5.87745529,
       4.26443442, 2.9234788 , 4.66800091, 6.42103891, 5.9525914 ,
       6.70332079, 4.36662064, 5.94646226, 0.27564586, 2.88340541,
       2.32021493, 4.18956069, 2.91323354, 0.96451765, 3.03176556,
       6.10875809, 2.91519782, 8.00697077, 3.40135558, 4.151342  ,
       3.6921254 , 1.32443664, 3.70752692, 4.65663424, 4.08761997,
       1.25219392, 6.14049915, 4.33070201, 5.72728378, 4.61981661,
       3.47043791, 1.99607657, 5.0952294 , 0.70403539, 1.5384748 ,
       0.91357866, 2.20842086, 4.93238292, 1.77758607, 0.06723086,
       6.09634451])]",[606.1662719249725]
