,problem,layers,optimizer,solutions,parameters,time
0,"{'type': 'maxcut', 'graph': {'directed': False, 'multigraph': False, 'graph': {}, 'nodes': [{'id': 0}, {'id': 1}, {'id': 2}, {'id': 3}, {'id': 4}], 'links': [{'weight': 1, 'source': 0, 'target': 1}, {'weight': 7, 'source': 0, 'target': 2}, {'weight': 1, 'source': 0, 'target': 3}, {'weight': 7, 'source': 0, 'target': 4}, {'weight': 9, 'source': 1, 'target': 2}, {'weight': 7, 'source': 1, 'target': 3}, {'weight': 5, 'source': 1, 'target': 4}, {'weight': 6, 'source': 2, 'target': 3}, {'weight': 1, 'source': 2, 'target': 4}, {'weight': 5, 'source': 3, 'target': 4}]}, 'position': {0: [-1.0, 0.19306311148226846], 1: [0.6487986200945854, 0.17922345757500216], 2: [-0.23059649502081692, -0.5189640061498542], 3: [0.672239837510958, -0.5713801483347366], 4: [-0.09044196258472671, 0.7180575854273197]}, 'solution': ([0, 0, 1, 0, 1], 39.0)}",21,"{'optimizer': 'COBYLA', 'maxiter': 100, 'shots': 1024, 'parameter_strategy': 'RANDOM', 'x0': None, 'backend': <QAOA_Tester.Backend.NoisyEstimatorBackend object at 0x7fe3e10c5b10>}","[([1, 0, 0, 0, 1], -20.0)]","[array([3.2748891 , 0.33949405, 1.20535394, 4.06981014, 3.8540878 ,
       3.2911854 , 1.49698514, 1.11613596, 2.47638622, 3.47907932,
       3.26199942, 1.00178414, 1.99538984, 5.6687127 , 0.52661546,
       5.01199904, 1.48710988, 1.42707772, 4.06317204, 2.27438261,
       4.96667773, 5.8083335 , 2.69603298, 2.00878234, 2.82317979,
       5.29567101, 2.81118654, 1.33193894, 5.71424984, 4.38184968,
       3.49963708, 5.7501843 , 4.70486869, 1.53683381, 0.81380184,
       2.28759557, 4.11196561, 3.20120879, 1.74442191, 4.90573433,
       5.46725786, 0.42839769])]",[595.071188211441]
