,problem,layers,optimizer,solutions,parameters,time
0,"{'type': 'maxcut', 'graph': {'directed': False, 'multigraph': False, 'graph': {}, 'nodes': [{'id': 0}, {'id': 1}, {'id': 2}, {'id': 3}, {'id': 4}], 'links': [{'weight': 1, 'source': 0, 'target': 1}, {'weight': 7, 'source': 0, 'target': 2}, {'weight': 1, 'source': 0, 'target': 3}, {'weight': 7, 'source': 0, 'target': 4}, {'weight': 9, 'source': 1, 'target': 2}, {'weight': 7, 'source': 1, 'target': 3}, {'weight': 5, 'source': 1, 'target': 4}, {'weight': 6, 'source': 2, 'target': 3}, {'weight': 1, 'source': 2, 'target': 4}, {'weight': 5, 'source': 3, 'target': 4}]}, 'position': {0: [-1.0, 0.19306311148226846], 1: [0.6487986200945854, 0.17922345757500216], 2: [-0.23059649502081692, -0.5189640061498542], 3: [0.672239837510958, -0.5713801483347366], 4: [-0.09044196258472671, 0.7180575854273197]}, 'solution': ([0, 0, 1, 0, 1], 39.0)}",23,"{'optimizer': 'COBYLA', 'maxiter': 100, 'shots': 1024, 'parameter_strategy': 'RANDOM', 'x0': None, 'backend': <QAOA_Tester.Backend.NoisyEstimatorBackend object at 0x7fb901a9b4f0>}","[([1, 0, 1, 1, 0], -30.0)]","[array([5.62297568, 4.38428867, 5.98262108, 2.63472116, 1.36350539,
       1.72845904, 3.94967583, 2.6926252 , 1.52345962, 5.9161313 ,
       1.57786454, 2.31700757, 5.93094402, 0.11830003, 5.01083254,
       4.951267  , 2.27764739, 0.83600431, 0.70032211, 4.39073525,
       5.91073805, 4.84352014, 3.22204473, 5.6740367 , 4.12158116,
       5.39041707, 4.40419468, 1.22200544, 5.15711851, 2.20687868,
       3.79048005, 0.99098208, 1.1966719 , 3.18589798, 4.62378637,
       2.33299685, 0.28169759, 4.70891339, 4.56196679, 2.4531104 ,
       1.21270759, 1.99849084, 6.07905319, 0.4535503 , 6.10475442,
       4.17130789])]",[610.0480680465698]
