,problem,layers,optimizer,solutions,parameters,time
0,"{'type': 'maxcut', 'graph': {'directed': False, 'multigraph': False, 'graph': {}, 'nodes': [{'id': 0}, {'id': 1}, {'id': 2}, {'id': 3}, {'id': 4}], 'links': [{'weight': 1, 'source': 0, 'target': 1}, {'weight': 7, 'source': 0, 'target': 2}, {'weight': 1, 'source': 0, 'target': 3}, {'weight': 7, 'source': 0, 'target': 4}, {'weight': 9, 'source': 1, 'target': 2}, {'weight': 7, 'source': 1, 'target': 3}, {'weight': 5, 'source': 1, 'target': 4}, {'weight': 6, 'source': 2, 'target': 3}, {'weight': 1, 'source': 2, 'target': 4}, {'weight': 5, 'source': 3, 'target': 4}]}, 'position': {0: [-1.0, 0.19306311148226846], 1: [0.6487986200945854, 0.17922345757500216], 2: [-0.23059649502081692, -0.5189640061498542], 3: [0.672239837510958, -0.5713801483347366], 4: [-0.09044196258472671, 0.7180575854273197]}, 'solution': ([0, 0, 1, 0, 1], 39.0)}",25,"{'optimizer': 'COBYLA', 'maxiter': 100, 'shots': 1024, 'parameter_strategy': 'RANDOM', 'x0': None, 'backend': <QAOA_Tester.Backend.NoisyEstimatorBackend object at 0x7fe50eadacb0>}","[([0, 0, 0, 1, 0], -19.0)]","[array([2.95460202, 4.73360889, 2.55924926, 5.94712942, 0.56031443,
       2.60701246, 5.92921308, 3.1345521 , 1.65396201, 2.68259919,
       0.51568666, 0.84453106, 0.97168506, 1.91233332, 4.66722471,
       2.08451614, 0.22514604, 2.31789329, 3.32474461, 5.66244748,
       4.8875273 , 0.27576641, 5.79370023, 2.94761161, 4.87060408,
       5.8036194 , 3.26480683, 5.45736821, 4.30310133, 3.79606231,
       5.81675566, 1.73713052, 4.57673718, 4.98195401, 4.0845329 ,
       0.11479945, 1.96348205, 3.6794225 , 2.41834262, 2.90407312,
       3.09878693, 2.89551848, 4.90311078, 2.96271864, 2.99371833,
       2.68907377, 3.628963  , 4.71402291, 6.16244758, 2.1413742 ])]",[593.6173179149628]
