,problem,layers,optimizer,solutions,parameters,time
0,"{'type': 'maxcut', 'graph': {'directed': False, 'multigraph': False, 'graph': {}, 'nodes': [{'id': 0}, {'id': 1}, {'id': 2}, {'id': 3}, {'id': 4}], 'links': [{'weight': 1, 'source': 0, 'target': 1}, {'weight': 7, 'source': 0, 'target': 2}, {'weight': 1, 'source': 0, 'target': 3}, {'weight': 7, 'source': 0, 'target': 4}, {'weight': 9, 'source': 1, 'target': 2}, {'weight': 7, 'source': 1, 'target': 3}, {'weight': 5, 'source': 1, 'target': 4}, {'weight': 6, 'source': 2, 'target': 3}, {'weight': 1, 'source': 2, 'target': 4}, {'weight': 5, 'source': 3, 'target': 4}]}, 'position': {0: [-1.0, 0.19306311148226846], 1: [0.6487986200945854, 0.17922345757500216], 2: [-0.23059649502081692, -0.5189640061498542], 3: [0.672239837510958, -0.5713801483347366], 4: [-0.09044196258472671, 0.7180575854273197]}, 'solution': ([0, 0, 1, 0, 1], 39.0)}",20,"{'optimizer': 'COBYLA', 'maxiter': 100, 'shots': 1024, 'parameter_strategy': 'RANDOM', 'x0': None, 'backend': <QAOA_Tester.Backend.NoisyEstimatorBackend object at 0x7f5bf2ac4ca0>}","[([1, 0, 1, 0, 1], -27.0)]","[array([1.25024618, 2.37348564, 1.358152  , 6.04680472, 2.86655902,
       5.95704488, 1.68387776, 2.77159687, 2.29336384, 1.71617412,
       3.65937198, 0.54852512, 2.86224952, 3.52876559, 3.58683338,
       5.4365958 , 3.54814851, 0.96019131, 1.85745702, 5.87559359,
       5.51263728, 2.79216677, 2.15991852, 5.2050149 , 2.77786348,
       4.31084649, 4.54208366, 3.24106965, 2.13172677, 3.60770691,
       0.42783686, 4.67213084, 5.37588507, 0.94647925, 2.74711582,
       1.06247279, 4.8430945 , 2.03794712, 5.83061339, 5.48148618])]",[620.8548099994659]
