,problem,layers,optimizer,solutions,parameters,time
0,"{'type': 'maxcut', 'graph': {'directed': False, 'multigraph': False, 'graph': {}, 'nodes': [{'id': 0}, {'id': 1}, {'id': 2}, {'id': 3}, {'id': 4}], 'links': [{'weight': 1, 'source': 0, 'target': 1}, {'weight': 7, 'source': 0, 'target': 2}, {'weight': 1, 'source': 0, 'target': 3}, {'weight': 7, 'source': 0, 'target': 4}, {'weight': 9, 'source': 1, 'target': 2}, {'weight': 7, 'source': 1, 'target': 3}, {'weight': 5, 'source': 1, 'target': 4}, {'weight': 6, 'source': 2, 'target': 3}, {'weight': 1, 'source': 2, 'target': 4}, {'weight': 5, 'source': 3, 'target': 4}]}, 'position': {0: [-1.0, 0.19306311148226846], 1: [0.6487986200945854, 0.17922345757500216], 2: [-0.23059649502081692, -0.5189640061498542], 3: [0.672239837510958, -0.5713801483347366], 4: [-0.09044196258472671, 0.7180575854273197]}, 'solution': ([0, 0, 1, 0, 1], 39.0)}",20,"{'optimizer': 'COBYLA', 'maxiter': 100, 'shots': 1024, 'parameter_strategy': 'RANDOM', 'x0': None, 'backend': <QAOA_Tester.Backend.NoisyEstimatorBackend object at 0x7f90df16c0d0>}","[([1, 0, 1, 0, 1], -27.0)]","[array([0.69358769, 5.97287536, 5.36807082, 5.10571445, 5.34427538,
       3.84732399, 5.58387389, 5.42004698, 4.35896077, 1.78201593,
       5.29800258, 4.13879197, 5.635148  , 6.06458645, 1.01596578,
       5.83218315, 6.02899303, 2.31899484, 2.92016522, 6.30293111,
       3.34166859, 6.02934783, 4.88227223, 0.09300723, 4.95846953,
       1.13746313, 4.70865922, 3.00849888, 4.95276795, 3.2101792 ,
       2.2178877 , 2.27436435, 1.7526675 , 4.9501546 , 0.00816387,
       1.02558585, 4.99220411, 0.73830427, 2.23081825, 2.58407238])]",[617.3346590995789]
