,problem,layers,optimizer,solutions,parameters,time
0,"{'type': 'maxcut', 'graph': {'directed': False, 'multigraph': False, 'graph': {}, 'nodes': [{'id': 0}, {'id': 1}, {'id': 2}, {'id': 3}, {'id': 4}], 'links': [{'weight': 1, 'source': 0, 'target': 1}, {'weight': 7, 'source': 0, 'target': 2}, {'weight': 1, 'source': 0, 'target': 3}, {'weight': 7, 'source': 0, 'target': 4}, {'weight': 9, 'source': 1, 'target': 2}, {'weight': 7, 'source': 1, 'target': 3}, {'weight': 5, 'source': 1, 'target': 4}, {'weight': 6, 'source': 2, 'target': 3}, {'weight': 1, 'source': 2, 'target': 4}, {'weight': 5, 'source': 3, 'target': 4}]}, 'position': {0: [-1.0, 0.19306311148226846], 1: [0.6487986200945854, 0.17922345757500216], 2: [-0.23059649502081692, -0.5189640061498542], 3: [0.672239837510958, -0.5713801483347366], 4: [-0.09044196258472671, 0.7180575854273197]}, 'solution': ([0, 0, 1, 0, 1], 39.0)}",25,"{'optimizer': 'COBYLA', 'maxiter': 100, 'shots': 1024, 'parameter_strategy': 'RANDOM', 'x0': None, 'backend': <QAOA_Tester.Backend.NoisyEstimatorBackend object at 0x7f8f40161de0>}","[([1, 1, 0, 0, 0], -36.0)]","[array([0.87526979, 4.17155081, 6.27284457, 4.9400349 , 4.7992835 ,
       5.74255787, 1.67571712, 1.488171  , 2.50470291, 3.99032174,
       5.24815875, 4.77004841, 3.62659098, 3.75428568, 4.01167887,
       5.61012408, 5.53763485, 1.55997184, 2.12428406, 1.74028106,
       2.76929276, 0.63808612, 2.72269684, 2.27074667, 8.10012076,
       3.57814381, 1.33238393, 1.60330383, 4.65052815, 0.99901483,
       2.3080084 , 4.15616383, 4.48213048, 5.86992084, 5.85221076,
       5.6988106 , 5.75393921, 3.57716196, 1.32253264, 4.75053945,
       5.42306879, 5.03405816, 1.54907754, 2.10598662, 4.6307213 ,
       6.09859665, 2.81235059, 2.51673176, 5.70162058, 6.17652363])]",[578.8672952651978]
