,problem,layers,optimizer,solutions,parameters,time
0,"{'type': 'maxcut', 'graph': {'directed': False, 'multigraph': False, 'graph': {}, 'nodes': [{'id': 0}, {'id': 1}, {'id': 2}, {'id': 3}, {'id': 4}], 'links': [{'weight': 1, 'source': 0, 'target': 1}, {'weight': 7, 'source': 0, 'target': 2}, {'weight': 1, 'source': 0, 'target': 3}, {'weight': 7, 'source': 0, 'target': 4}, {'weight': 9, 'source': 1, 'target': 2}, {'weight': 7, 'source': 1, 'target': 3}, {'weight': 5, 'source': 1, 'target': 4}, {'weight': 6, 'source': 2, 'target': 3}, {'weight': 1, 'source': 2, 'target': 4}, {'weight': 5, 'source': 3, 'target': 4}]}, 'position': {0: [-1.0, 0.19306311148226846], 1: [0.6487986200945854, 0.17922345757500216], 2: [-0.23059649502081692, -0.5189640061498542], 3: [0.672239837510958, -0.5713801483347366], 4: [-0.09044196258472671, 0.7180575854273197]}, 'solution': ([0, 0, 1, 0, 1], 39.0)}",28,"{'optimizer': 'COBYLA', 'maxiter': 100, 'shots': 1024, 'parameter_strategy': 'RANDOM', 'x0': None, 'backend': <QAOA_Tester.Backend.NoisyEstimatorBackend object at 0x7fd5409fe8c0>}","[([0, 1, 0, 1, 0], -27.0)]","[array([5.1358412 , 3.21661171, 3.70265368, 0.05875345, 3.86408994,
       4.75275302, 6.18824046, 3.20214978, 1.15380487, 3.24196311,
       2.98029729, 3.85900922, 0.72557995, 0.89274697, 3.21753551,
       3.60856161, 2.06941265, 5.7201833 , 4.68595267, 3.47605899,
       4.48053224, 0.102744  , 2.93623096, 4.60252387, 3.53034013,
       3.4425062 , 3.22722092, 2.86268914, 5.09170977, 6.09771353,
       6.26517014, 2.09217681, 1.43758534, 6.22766543, 4.08438778,
       3.34916243, 1.21668201, 3.89798732, 3.18799431, 0.72759672,
       1.68223063, 0.2683336 , 0.85174396, 0.90327549, 3.84157271,
       4.26869356, 3.70170657, 1.43234285, 5.4424686 , 0.1168133 ,
       1.38127185, 5.18305717, 2.56676606, 1.55568512, 1.76616029,
       4.95811422])]",[624.7145524024963]
