,problem,layers,optimizer,solutions,parameters,time
0,"{'type': 'maxcut', 'graph': {'directed': False, 'multigraph': False, 'graph': {}, 'nodes': [{'id': 0}, {'id': 1}, {'id': 2}, {'id': 3}, {'id': 4}], 'links': [{'weight': 1, 'source': 0, 'target': 1}, {'weight': 7, 'source': 0, 'target': 2}, {'weight': 1, 'source': 0, 'target': 3}, {'weight': 7, 'source': 0, 'target': 4}, {'weight': 9, 'source': 1, 'target': 2}, {'weight': 7, 'source': 1, 'target': 3}, {'weight': 5, 'source': 1, 'target': 4}, {'weight': 6, 'source': 2, 'target': 3}, {'weight': 1, 'source': 2, 'target': 4}, {'weight': 5, 'source': 3, 'target': 4}]}, 'position': {0: [-1.0, 0.19306311148226846], 1: [0.6487986200945854, 0.17922345757500216], 2: [-0.23059649502081692, -0.5189640061498542], 3: [0.672239837510958, -0.5713801483347366], 4: [-0.09044196258472671, 0.7180575854273197]}, 'solution': ([0, 0, 1, 0, 1], 39.0)}",22,"{'optimizer': 'COBYLA', 'maxiter': 100, 'shots': 1024, 'parameter_strategy': 'RANDOM', 'x0': None, 'backend': <QAOA_Tester.Backend.NoisyEstimatorBackend object at 0x7f762b634c70>}","[([0, 1, 0, 0, 0], -22.0)]","[array([0.65615235, 2.65364405, 5.39948312, 5.6742371 , 2.98892698,
       3.08442214, 5.26516595, 3.96397592, 3.26903549, 1.96201615,
       0.02150254, 3.96149282, 4.10882228, 2.14000105, 4.3831182 ,
       5.08565981, 0.46709694, 2.72591037, 1.93704246, 2.81244763,
       3.71240838, 2.83671943, 2.79235137, 1.12654127, 5.32898483,
       1.98678607, 1.45281261, 5.18713472, 3.88741165, 5.54489342,
       0.37889684, 6.14256315, 2.63531838, 3.8138074 , 4.21481757,
       5.31980242, 3.03355296, 0.43513325, 5.54819598, 2.8959267 ,
       2.85588436, 1.80814451, 4.58195975, 0.05066788])]",[599.7365641593933]
