,problem,layers,optimizer,solutions,parameters,time
0,"{'type': 'maxcut', 'graph': {'directed': False, 'multigraph': False, 'graph': {}, 'nodes': [{'id': 0}, {'id': 1}, {'id': 2}, {'id': 3}, {'id': 4}], 'links': [{'weight': 1, 'source': 0, 'target': 1}, {'weight': 7, 'source': 0, 'target': 2}, {'weight': 1, 'source': 0, 'target': 3}, {'weight': 7, 'source': 0, 'target': 4}, {'weight': 9, 'source': 1, 'target': 2}, {'weight': 7, 'source': 1, 'target': 3}, {'weight': 5, 'source': 1, 'target': 4}, {'weight': 6, 'source': 2, 'target': 3}, {'weight': 1, 'source': 2, 'target': 4}, {'weight': 5, 'source': 3, 'target': 4}]}, 'position': {0: [-1.0, 0.19306311148226846], 1: [0.6487986200945854, 0.17922345757500216], 2: [-0.23059649502081692, -0.5189640061498542], 3: [0.672239837510958, -0.5713801483347366], 4: [-0.09044196258472671, 0.7180575854273197]}, 'solution': ([0, 0, 1, 0, 1], 39.0)}",19,"{'optimizer': 'COBYLA', 'maxiter': 100, 'shots': 1024, 'parameter_strategy': 'RANDOM', 'x0': None, 'backend': <QAOA_Tester.Backend.NoisyEstimatorBackend object at 0x7f45f9899db0>}","[([0, 1, 0, 1, 0], -27.0)]","[array([3.67850936, 3.79857277, 6.30824422, 5.45886408, 5.24985514,
       3.94029115, 2.20149351, 4.17724017, 6.77653453, 2.84102348,
       6.29363121, 5.09544747, 2.7091008 , 5.04255581, 0.27539744,
       2.52605021, 4.97534145, 4.70829843, 8.20106573, 1.15522954,
       2.80229064, 2.07701266, 4.04648756, 1.23656432, 4.5977583 ,
       5.99496395, 4.52767688, 4.63524697, 4.88642856, 2.46028399,
       1.44979111, 3.78074315, 5.28160892, 3.78839362, 5.08339505,
       2.18574835, 2.69263154, 3.67044547])]",[567.4991073608398]
