,problem,layers,optimizer,solutions,parameters,time
0,"{'type': 'maxcut', 'graph': {'directed': False, 'multigraph': False, 'graph': {}, 'nodes': [{'id': 0}, {'id': 1}, {'id': 2}, {'id': 3}, {'id': 4}], 'links': [{'weight': 1, 'source': 0, 'target': 1}, {'weight': 7, 'source': 0, 'target': 2}, {'weight': 1, 'source': 0, 'target': 3}, {'weight': 7, 'source': 0, 'target': 4}, {'weight': 9, 'source': 1, 'target': 2}, {'weight': 7, 'source': 1, 'target': 3}, {'weight': 5, 'source': 1, 'target': 4}, {'weight': 6, 'source': 2, 'target': 3}, {'weight': 1, 'source': 2, 'target': 4}, {'weight': 5, 'source': 3, 'target': 4}]}, 'position': {0: [-1.0, 0.19306311148226846], 1: [0.6487986200945854, 0.17922345757500216], 2: [-0.23059649502081692, -0.5189640061498542], 3: [0.672239837510958, -0.5713801483347366], 4: [-0.09044196258472671, 0.7180575854273197]}, 'solution': ([0, 0, 1, 0, 1], 39.0)}",28,"{'optimizer': 'COBYLA', 'maxiter': 100, 'shots': 1024, 'parameter_strategy': 'RANDOM', 'x0': None, 'backend': <QAOA_Tester.Backend.NoisyEstimatorBackend object at 0x7f60d705ea40>}","[([0, 1, 1, 1, 0], -20.0)]","[array([4.09464157e+00, 1.75321009e+00, 1.48478825e+00, 1.63570053e+00,
       8.02510300e-01, 2.65381317e+00, 1.31254504e+00, 5.92460810e+00,
       4.17142854e+00, 3.42405141e+00, 4.35220763e+00, 1.72220044e+00,
       3.60603809e-01, 5.01709312e+00, 3.68210005e+00, 4.24591291e+00,
       9.98245886e-01, 3.84260073e+00, 1.92008963e+00, 4.62344319e+00,
       9.50241971e-01, 1.29478549e+00, 5.21574037e+00, 4.73444948e+00,
       4.65807341e+00, 6.37015333e-01, 5.54861667e+00, 2.30044812e+00,
       2.03495717e+00, 5.74653957e+00, 3.48110113e+00, 5.65633552e+00,
       5.14885209e+00, 3.49785134e+00, 1.99188228e+00, 4.62093272e+00,
       2.46301464e+00, 2.87816355e-03, 4.68700250e+00, 2.68387590e-01,
       2.39569224e+00, 5.58285219e+00, 4.97395964e+00, 5.12761207e+00,
       1.12453100e+00, 5.65476702e+00, 1.09170876e+00, 2.21706549e+00,
       5.86493364e+00, 1.47250256e+00, 3.34507633e+00, 5.57722935e+00,
       3.82303128e+00, 3.08851215e+00, 5.01992336e+00, 5.68700378e+00])]",[620.2069609165192]
