,problem,layers,optimizer,solutions,parameters,time
0,"{'type': 'maxcut', 'graph': {'directed': False, 'multigraph': False, 'graph': {}, 'nodes': [{'id': 0}, {'id': 1}, {'id': 2}, {'id': 3}, {'id': 4}], 'links': [{'weight': 1, 'source': 0, 'target': 1}, {'weight': 7, 'source': 0, 'target': 2}, {'weight': 1, 'source': 0, 'target': 3}, {'weight': 7, 'source': 0, 'target': 4}, {'weight': 9, 'source': 1, 'target': 2}, {'weight': 7, 'source': 1, 'target': 3}, {'weight': 5, 'source': 1, 'target': 4}, {'weight': 6, 'source': 2, 'target': 3}, {'weight': 1, 'source': 2, 'target': 4}, {'weight': 5, 'source': 3, 'target': 4}]}, 'position': {0: [-1.0, 0.19306311148226846], 1: [0.6487986200945854, 0.17922345757500216], 2: [-0.23059649502081692, -0.5189640061498542], 3: [0.672239837510958, -0.5713801483347366], 4: [-0.09044196258472671, 0.7180575854273197]}, 'solution': ([0, 0, 1, 0, 1], 39.0)}",29,"{'optimizer': 'COBYLA', 'maxiter': 100, 'shots': 1024, 'parameter_strategy': 'RANDOM', 'x0': None, 'backend': <QAOA_Tester.Backend.NoisyEstimatorBackend object at 0x7fc47df500d0>}","[([0, 0, 0, 0, 1], -18.0)]","[array([1.3134843 , 2.47975322, 1.01457834, 0.68396301, 3.35653278,
       3.41382103, 3.0309025 , 2.09584421, 2.73279821, 5.94837523,
       4.55980598, 5.93630538, 5.83717961, 2.41370255, 4.4536913 ,
       4.07098799, 0.31830052, 5.64341676, 2.91391722, 1.30399558,
       2.91534388, 2.61196425, 5.59412666, 0.71585509, 5.31591672,
       3.77273266, 2.65907031, 1.51468479, 4.09839883, 2.94692503,
       5.7250441 , 1.18703341, 3.55330526, 0.06061303, 4.06742887,
       3.54183737, 1.62856815, 6.00725031, 2.64921568, 2.56007917,
       0.959757  , 5.96584655, 3.94893001, 2.20528487, 4.99164234,
       5.13843956, 1.43765914, 2.03929526, 0.28350228, 3.35388757,
       2.78501547, 2.48089109, 0.11311617, 1.73128184, 5.58871303,
       0.10778203, 4.67275932, 0.40685017])]",[565.0560653209686]
