,problem,layers,optimizer,solutions,parameters,time
0,"{'type': 'maxcut', 'graph': {'directed': False, 'multigraph': False, 'graph': {}, 'nodes': [{'id': 0}, {'id': 1}, {'id': 2}, {'id': 3}, {'id': 4}], 'links': [{'weight': 1, 'source': 0, 'target': 1}, {'weight': 7, 'source': 0, 'target': 2}, {'weight': 1, 'source': 0, 'target': 3}, {'weight': 7, 'source': 0, 'target': 4}, {'weight': 9, 'source': 1, 'target': 2}, {'weight': 7, 'source': 1, 'target': 3}, {'weight': 5, 'source': 1, 'target': 4}, {'weight': 6, 'source': 2, 'target': 3}, {'weight': 1, 'source': 2, 'target': 4}, {'weight': 5, 'source': 3, 'target': 4}]}, 'position': {0: [-1.0, 0.19306311148226846], 1: [0.6487986200945854, 0.17922345757500216], 2: [-0.23059649502081692, -0.5189640061498542], 3: [0.672239837510958, -0.5713801483347366], 4: [-0.09044196258472671, 0.7180575854273197]}, 'solution': ([0, 0, 1, 0, 1], 39.0)}",23,"{'optimizer': 'COBYLA', 'maxiter': 100, 'shots': 1024, 'parameter_strategy': 'RANDOM', 'x0': None, 'backend': <QAOA_Tester.Backend.NoisyEstimatorBackend object at 0x7f756aed9750>}","[([1, 0, 0, 0, 1], -20.0)]","[array([1.86758471, 4.08585525, 1.41067189, 0.18806354, 1.63158267,
       0.28307865, 3.9059655 , 4.3061477 , 2.00809862, 0.15013164,
       3.95547501, 3.46151525, 5.73474251, 1.62628192, 3.55897744,
       3.16057119, 0.32421352, 1.99825181, 2.02893742, 4.60111743,
       2.11923183, 3.76266061, 4.13956363, 0.83392051, 0.22649903,
       6.26098563, 1.96593589, 3.32992779, 3.40196985, 0.94653425,
       2.64625324, 3.1299939 , 0.80734565, 1.15052193, 4.89154005,
       4.22003755, 4.57968478, 0.70535451, 1.05316489, 2.89662988,
       5.06769242, 4.77264721, 1.58500094, 2.9644295 , 5.50779314,
       0.09291593])]",[699.6388850212097]
