,problem,layers,optimizer,solutions,parameters,time
0,"{'type': 'maxcut', 'graph': {'directed': False, 'multigraph': False, 'graph': {}, 'nodes': [{'id': 0}, {'id': 1}, {'id': 2}, {'id': 3}, {'id': 4}], 'links': [{'weight': 1, 'source': 0, 'target': 1}, {'weight': 7, 'source': 0, 'target': 2}, {'weight': 1, 'source': 0, 'target': 3}, {'weight': 7, 'source': 0, 'target': 4}, {'weight': 9, 'source': 1, 'target': 2}, {'weight': 7, 'source': 1, 'target': 3}, {'weight': 5, 'source': 1, 'target': 4}, {'weight': 6, 'source': 2, 'target': 3}, {'weight': 1, 'source': 2, 'target': 4}, {'weight': 5, 'source': 3, 'target': 4}]}, 'position': {0: [-1.0, 0.19306311148226846], 1: [0.6487986200945854, 0.17922345757500216], 2: [-0.23059649502081692, -0.5189640061498542], 3: [0.672239837510958, -0.5713801483347366], 4: [-0.09044196258472671, 0.7180575854273197]}, 'solution': ([0, 0, 1, 0, 1], 39.0)}",24,"{'optimizer': 'COBYLA', 'maxiter': 100, 'shots': 1024, 'parameter_strategy': 'RANDOM', 'x0': None, 'backend': <QAOA_Tester.Backend.NoisyEstimatorBackend object at 0x7fb5ecef01f0>}","[([0, 0, 1, 0, 0], -23.0)]","[array([3.11233031, 3.48544734, 0.74422734, 5.19658234, 2.65590119,
       2.29714641, 2.32570095, 0.4536585 , 4.64775923, 5.6625399 ,
       5.30477074, 6.10080723, 2.79306996, 6.05815563, 1.1923921 ,
       4.73378277, 2.2502072 , 3.05955035, 1.106126  , 2.89739557,
       0.64027107, 3.38453279, 3.7865387 , 2.96169059, 2.34135455,
       2.45716511, 0.07197218, 0.86653988, 2.1309854 , 1.14790502,
       3.60825786, 0.30267372, 4.0148329 , 0.17162053, 5.06971014,
       0.26584887, 2.2727777 , 3.2311977 , 1.44055996, 4.29934171,
       4.70341511, 0.20040939, 0.33315538, 0.57906419, 4.35934864,
       5.02292686, 4.48675656, 3.95856571])]",[617.5824773311615]
