,problem,layers,optimizer,solutions,parameters,time
0,"{'type': 'maxcut', 'graph': {'directed': False, 'multigraph': False, 'graph': {}, 'nodes': [{'id': 0}, {'id': 1}, {'id': 2}, {'id': 3}, {'id': 4}], 'links': [{'weight': 1, 'source': 0, 'target': 1}, {'weight': 7, 'source': 0, 'target': 2}, {'weight': 1, 'source': 0, 'target': 3}, {'weight': 7, 'source': 0, 'target': 4}, {'weight': 9, 'source': 1, 'target': 2}, {'weight': 7, 'source': 1, 'target': 3}, {'weight': 5, 'source': 1, 'target': 4}, {'weight': 6, 'source': 2, 'target': 3}, {'weight': 1, 'source': 2, 'target': 4}, {'weight': 5, 'source': 3, 'target': 4}]}, 'position': {0: [-1.0, 0.19306311148226846], 1: [0.6487986200945854, 0.17922345757500216], 2: [-0.23059649502081692, -0.5189640061498542], 3: [0.672239837510958, -0.5713801483347366], 4: [-0.09044196258472671, 0.7180575854273197]}, 'solution': ([0, 0, 1, 0, 1], 39.0)}",27,"{'optimizer': 'COBYLA', 'maxiter': 100, 'shots': 1024, 'parameter_strategy': 'RANDOM', 'x0': None, 'backend': <QAOA_Tester.Backend.NoisyEstimatorBackend object at 0x7fc86bd5d990>}","[([1, 0, 1, 0, 0], -25.0)]","[array([5.21879859, 1.04094756, 1.63006238, 1.15343165, 3.22939918,
       1.98892034, 4.60314977, 5.77125599, 2.20320785, 0.18296952,
       0.78927191, 0.69590755, 5.97277495, 2.41511132, 5.55560124,
       3.20237725, 5.58031615, 0.35444698, 1.25256322, 4.92775884,
       3.03482939, 6.09900568, 5.26927987, 5.54304661, 0.99811066,
       5.84036761, 3.44189452, 3.49020324, 1.85795373, 5.34724705,
       0.88731455, 5.14086574, 4.71327829, 3.82136679, 3.67890883,
       0.13746677, 0.2717119 , 6.27273071, 3.67753375, 0.77376763,
       4.67550389, 3.68229535, 3.79476309, 5.28792259, 3.49434002,
       3.2224945 , 3.71347275, 1.99581667, 0.10293724, 6.22415735,
       3.57521856, 0.69653677, 3.68741142, 6.1957046 ])]",[599.6389803886414]
