,problem,layers,optimizer,solutions,parameters,time
0,"{'type': 'maxcut', 'graph': {'directed': False, 'multigraph': False, 'graph': {}, 'nodes': [{'id': 0}, {'id': 1}, {'id': 2}, {'id': 3}, {'id': 4}], 'links': [{'weight': 1, 'source': 0, 'target': 1}, {'weight': 7, 'source': 0, 'target': 2}, {'weight': 1, 'source': 0, 'target': 3}, {'weight': 7, 'source': 0, 'target': 4}, {'weight': 9, 'source': 1, 'target': 2}, {'weight': 7, 'source': 1, 'target': 3}, {'weight': 5, 'source': 1, 'target': 4}, {'weight': 6, 'source': 2, 'target': 3}, {'weight': 1, 'source': 2, 'target': 4}, {'weight': 5, 'source': 3, 'target': 4}]}, 'position': {0: [-1.0, 0.19306311148226846], 1: [0.6487986200945854, 0.17922345757500216], 2: [-0.23059649502081692, -0.5189640061498542], 3: [0.672239837510958, -0.5713801483347366], 4: [-0.09044196258472671, 0.7180575854273197]}, 'solution': ([0, 0, 1, 0, 1], 39.0)}",25,"{'optimizer': 'COBYLA', 'maxiter': 100, 'shots': 1024, 'parameter_strategy': 'RANDOM', 'x0': None, 'backend': <QAOA_Tester.Backend.NoisyEstimatorBackend object at 0x7f8564631c00>}","[([0, 1, 0, 1, 0], -27.0)]","[array([2.42448001, 5.54502279, 2.73259798, 0.58890794, 4.33946333,
       0.65940762, 2.82997632, 0.08450879, 0.4605615 , 5.73640756,
       0.9501104 , 2.31065514, 5.34449287, 4.52835292, 1.00492287,
       6.19247134, 5.78328557, 3.41288811, 1.26988478, 0.73594471,
       1.22249156, 1.764348  , 2.57397491, 0.62826549, 3.25948132,
       2.47986414, 3.51754238, 3.98960364, 4.01866261, 5.71129898,
       1.45702507, 3.82442254, 4.42233678, 3.57496303, 1.90715695,
       0.7308294 , 2.46906607, 1.30757678, 5.50510148, 3.31958921,
       5.38308473, 5.53257427, 2.685925  , 0.17612621, 5.35691263,
       1.58806693, 4.74768803, 3.27355832, 0.18149376, 4.20153752])]",[606.0713889598846]
