,problem,layers,optimizer,solutions,parameters,time
0,"{'type': 'maxcut', 'graph': {'directed': False, 'multigraph': False, 'graph': {}, 'nodes': [{'id': 0}, {'id': 1}, {'id': 2}, {'id': 3}, {'id': 4}], 'links': [{'weight': 1, 'source': 0, 'target': 1}, {'weight': 7, 'source': 0, 'target': 2}, {'weight': 1, 'source': 0, 'target': 3}, {'weight': 7, 'source': 0, 'target': 4}, {'weight': 9, 'source': 1, 'target': 2}, {'weight': 7, 'source': 1, 'target': 3}, {'weight': 5, 'source': 1, 'target': 4}, {'weight': 6, 'source': 2, 'target': 3}, {'weight': 1, 'source': 2, 'target': 4}, {'weight': 5, 'source': 3, 'target': 4}]}, 'position': {0: [-1.0, 0.19306311148226846], 1: [0.6487986200945854, 0.17922345757500216], 2: [-0.23059649502081692, -0.5189640061498542], 3: [0.672239837510958, -0.5713801483347366], 4: [-0.09044196258472671, 0.7180575854273197]}, 'solution': ([0, 0, 1, 0, 1], 39.0)}",18,"{'optimizer': 'COBYLA', 'maxiter': 100, 'shots': 1024, 'parameter_strategy': 'RANDOM', 'x0': None, 'backend': <QAOA_Tester.Backend.NoisyEstimatorBackend object at 0x7f43435a1fc0>}","[([0, 1, 1, 0, 0], -27.0)]","[array([0.02379706, 1.12020051, 4.81636411, 2.3606435 , 1.41987046,
       5.88338217, 5.76973208, 6.27900794, 1.98377053, 6.00473145,
       6.16000195, 5.16271192, 0.28578363, 1.42788734, 1.30283395,
       1.28025551, 3.14185497, 0.14719657, 0.81051426, 2.87620621,
       3.85756085, 5.60232151, 2.44614342, 4.92643593, 0.42860485,
       5.93630146, 0.06254329, 4.27876908, 0.06289883, 5.47739571,
       1.24742865, 6.01118869, 4.35134734, 3.50921812, 0.28313126,
       4.75422794])]",[594.5034370422363]
