,problem,layers,optimizer,solutions,parameters,time
0,"{'type': 'maxcut', 'graph': {'directed': False, 'multigraph': False, 'graph': {}, 'nodes': [{'id': 0}, {'id': 1}, {'id': 2}, {'id': 3}, {'id': 4}], 'links': [{'weight': 1, 'source': 0, 'target': 1}, {'weight': 7, 'source': 0, 'target': 2}, {'weight': 1, 'source': 0, 'target': 3}, {'weight': 7, 'source': 0, 'target': 4}, {'weight': 9, 'source': 1, 'target': 2}, {'weight': 7, 'source': 1, 'target': 3}, {'weight': 5, 'source': 1, 'target': 4}, {'weight': 6, 'source': 2, 'target': 3}, {'weight': 1, 'source': 2, 'target': 4}, {'weight': 5, 'source': 3, 'target': 4}]}, 'position': {0: [-1.0, 0.19306311148226846], 1: [0.6487986200945854, 0.17922345757500216], 2: [-0.23059649502081692, -0.5189640061498542], 3: [0.672239837510958, -0.5713801483347366], 4: [-0.09044196258472671, 0.7180575854273197]}, 'solution': ([0, 0, 1, 0, 1], 39.0)}",18,"{'optimizer': 'COBYLA', 'maxiter': 100, 'shots': 1024, 'parameter_strategy': 'RANDOM', 'x0': None, 'backend': <QAOA_Tester.Backend.NoisyEstimatorBackend object at 0x7f9c9d7f6d40>}","[([1, 1, 1, 1, 1], 0.0)]","[array([0.90535767, 4.00736391, 1.89741996, 0.30710653, 5.47078502,
       3.58941379, 3.45154045, 2.7913756 , 2.95501396, 1.11467014,
       3.93753721, 3.74443924, 1.19685673, 2.31202435, 0.37765758,
       2.18960826, 1.7057593 , 3.42392129, 0.78324787, 1.15952552,
       1.63020618, 5.9963119 , 4.9887608 , 5.59962559, 2.13698137,
       0.38983139, 0.2234487 , 5.48498347, 4.53924805, 0.2796172 ,
       5.01882667, 0.15880787, 3.976675  , 3.43575411, 0.54087278,
       4.9041732 ])]",[602.7672894001007]
