,problem,layers,optimizer,solutions,parameters,time
0,"{'type': 'maxcut', 'graph': {'directed': False, 'multigraph': False, 'graph': {}, 'nodes': [{'id': 0}, {'id': 1}, {'id': 2}, {'id': 3}, {'id': 4}], 'links': [{'weight': 1, 'source': 0, 'target': 1}, {'weight': 7, 'source': 0, 'target': 2}, {'weight': 1, 'source': 0, 'target': 3}, {'weight': 7, 'source': 0, 'target': 4}, {'weight': 9, 'source': 1, 'target': 2}, {'weight': 7, 'source': 1, 'target': 3}, {'weight': 5, 'source': 1, 'target': 4}, {'weight': 6, 'source': 2, 'target': 3}, {'weight': 1, 'source': 2, 'target': 4}, {'weight': 5, 'source': 3, 'target': 4}]}, 'position': {0: [-1.0, 0.19306311148226846], 1: [0.6487986200945854, 0.17922345757500216], 2: [-0.23059649502081692, -0.5189640061498542], 3: [0.672239837510958, -0.5713801483347366], 4: [-0.09044196258472671, 0.7180575854273197]}, 'solution': ([0, 0, 1, 0, 1], 39.0)}",30,"{'optimizer': 'COBYLA', 'maxiter': 100, 'shots': 1024, 'parameter_strategy': 'RANDOM', 'x0': None, 'backend': <QAOA_Tester.Backend.NoisyEstimatorBackend object at 0x7f0aa22a1ab0>}","[([0, 1, 1, 1, 0], -20.0)]","[array([0.17065593, 1.56349009, 4.48876   , 5.62474808, 1.37930181,
       1.38523866, 3.3394285 , 4.62156   , 0.85414123, 5.08603766,
       5.77516326, 0.66460172, 1.21822543, 0.45920149, 0.1078458 ,
       5.63779899, 3.41952824, 0.38603485, 3.90221418, 4.19308425,
       3.96878795, 2.07013575, 3.08466105, 6.26692902, 6.13526993,
       0.75094974, 2.96247508, 0.02253155, 3.32810941, 3.05625367,
       2.18293034, 5.22171427, 6.09067762, 0.02997736, 4.65884902,
       5.32571734, 3.75889286, 4.06479417, 0.41970226, 1.6450367 ,
       2.68749219, 5.94035429, 3.09837178, 2.26828145, 3.13685101,
       0.65449863, 3.45439023, 2.66207678, 5.14436352, 5.66845983,
       3.11326517, 0.93218275, 5.22808298, 0.78937205, 3.08936231,
       4.62745125, 4.02586851, 6.14680671, 3.04486825, 0.83115498])]",[490.72426295280457]
