,problem,layers,optimizer,solutions,parameters,time
0,"{'type': 'maxcut', 'graph': {'directed': False, 'multigraph': False, 'graph': {}, 'nodes': [{'id': 0}, {'id': 1}, {'id': 2}, {'id': 3}, {'id': 4}], 'links': [{'weight': 1, 'source': 0, 'target': 1}, {'weight': 7, 'source': 0, 'target': 2}, {'weight': 1, 'source': 0, 'target': 3}, {'weight': 7, 'source': 0, 'target': 4}, {'weight': 9, 'source': 1, 'target': 2}, {'weight': 7, 'source': 1, 'target': 3}, {'weight': 5, 'source': 1, 'target': 4}, {'weight': 6, 'source': 2, 'target': 3}, {'weight': 1, 'source': 2, 'target': 4}, {'weight': 5, 'source': 3, 'target': 4}]}, 'position': {0: [-1.0, 0.19306311148226846], 1: [0.6487986200945854, 0.17922345757500216], 2: [-0.23059649502081692, -0.5189640061498542], 3: [0.672239837510958, -0.5713801483347366], 4: [-0.09044196258472671, 0.7180575854273197]}, 'solution': ([0, 0, 1, 0, 1], 39.0)}",22,"{'optimizer': 'COBYLA', 'maxiter': 100, 'shots': 1024, 'parameter_strategy': 'RANDOM', 'x0': None, 'backend': <QAOA_Tester.Backend.NoisyEstimatorBackend object at 0x7f2d2614a2f0>}","[([1, 0, 1, 0, 1], -27.0)]","[array([2.55708052, 0.65235475, 5.31611647, 2.24755518, 4.9990826 ,
       5.07107055, 2.57318026, 3.3092302 , 4.06028065, 3.19549687,
       1.87689712, 3.9458981 , 5.24317532, 0.96416817, 5.4194095 ,
       2.84498699, 1.88265828, 2.12260585, 4.04044881, 3.30138284,
       1.98007301, 3.42148851, 5.36702411, 0.13255331, 2.49913349,
       1.19949079, 2.60313604, 2.23260582, 3.69498213, 0.26336784,
       1.64912542, 2.98575835, 5.70874028, 0.06166814, 5.53342046,
       5.52250512, 3.45389647, 0.52348842, 1.70599166, 4.18712626,
       0.46933835, 3.84777701, 5.56072213, 5.87376349])]",[602.9417297840118]
