,problem,layers,optimizer,solutions,parameters,time
0,"{'type': 'maxcut', 'graph': {'directed': False, 'multigraph': False, 'graph': {}, 'nodes': [{'id': 0}, {'id': 1}, {'id': 2}, {'id': 3}, {'id': 4}], 'links': [{'weight': 1, 'source': 0, 'target': 1}, {'weight': 7, 'source': 0, 'target': 2}, {'weight': 1, 'source': 0, 'target': 3}, {'weight': 7, 'source': 0, 'target': 4}, {'weight': 9, 'source': 1, 'target': 2}, {'weight': 7, 'source': 1, 'target': 3}, {'weight': 5, 'source': 1, 'target': 4}, {'weight': 6, 'source': 2, 'target': 3}, {'weight': 1, 'source': 2, 'target': 4}, {'weight': 5, 'source': 3, 'target': 4}]}, 'position': {0: [-1.0, 0.19306311148226846], 1: [0.6487986200945854, 0.17922345757500216], 2: [-0.23059649502081692, -0.5189640061498542], 3: [0.672239837510958, -0.5713801483347366], 4: [-0.09044196258472671, 0.7180575854273197]}, 'solution': ([0, 0, 1, 0, 1], 39.0)}",28,"{'optimizer': 'COBYLA', 'maxiter': 100, 'shots': 1024, 'parameter_strategy': 'RANDOM', 'x0': None, 'backend': <QAOA_Tester.Backend.NoisyEstimatorBackend object at 0x7feb30eac040>}","[([0, 0, 0, 0, 1], -18.0)]","[array([4.68504813, 1.54554406, 1.50735279, 0.79434844, 4.86091932,
       0.09086621, 5.14050352, 1.93056151, 4.89835956, 2.14018677,
       3.67904075, 2.53034849, 5.68915091, 1.91234606, 1.34633148,
       4.23979544, 0.489775  , 3.07271031, 0.39255106, 5.02036781,
       0.87563216, 2.60668013, 5.40372617, 0.54870117, 2.06449553,
       2.98165684, 1.79318034, 5.23866345, 5.58151615, 0.60468708,
       5.49851443, 2.34433954, 3.31840094, 0.28641173, 4.61699451,
       5.46953554, 2.35147018, 4.12509056, 3.80309699, 4.88653066,
       3.49361845, 3.87146156, 0.60743062, 1.38725373, 5.16356423,
       3.70038299, 2.09095709, 5.63200514, 2.92721997, 5.96086869,
       4.50873164, 6.08471601, 0.30188553, 5.21971645, 2.76040248,
       3.87140078])]",[610.9536361694336]
