,problem,layers,optimizer,solutions,parameters,time
0,"{'type': 'maxcut', 'graph': {'directed': False, 'multigraph': False, 'graph': {}, 'nodes': [{'id': 0}, {'id': 1}, {'id': 2}, {'id': 3}, {'id': 4}], 'links': [{'weight': 1, 'source': 0, 'target': 1}, {'weight': 7, 'source': 0, 'target': 2}, {'weight': 1, 'source': 0, 'target': 3}, {'weight': 7, 'source': 0, 'target': 4}, {'weight': 9, 'source': 1, 'target': 2}, {'weight': 7, 'source': 1, 'target': 3}, {'weight': 5, 'source': 1, 'target': 4}, {'weight': 6, 'source': 2, 'target': 3}, {'weight': 1, 'source': 2, 'target': 4}, {'weight': 5, 'source': 3, 'target': 4}]}, 'position': {0: [-1.0, 0.19306311148226846], 1: [0.6487986200945854, 0.17922345757500216], 2: [-0.23059649502081692, -0.5189640061498542], 3: [0.672239837510958, -0.5713801483347366], 4: [-0.09044196258472671, 0.7180575854273197]}, 'solution': ([0, 0, 1, 0, 1], 39.0)}",22,"{'optimizer': 'COBYLA', 'maxiter': 100, 'shots': 1024, 'parameter_strategy': 'RANDOM', 'x0': None, 'backend': <QAOA_Tester.Backend.NoisyEstimatorBackend object at 0x7fc319256140>}","[([1, 1, 0, 1, 1], -23.0)]","[array([0.87962235, 4.31999019, 4.00528012, 5.54631919, 1.72564663,
       3.54805764, 3.42092049, 1.180823  , 0.87917613, 2.33121934,
       5.09012345, 0.27174644, 4.15280545, 4.69526336, 1.61534004,
       6.0688991 , 0.97575126, 5.12481065, 4.10132823, 5.29937549,
       2.59541895, 2.42491021, 5.2509012 , 3.36189601, 6.21672452,
       6.10021457, 1.09482776, 1.9391034 , 5.82960967, 3.84843338,
       0.83408982, 0.8031444 , 5.78653965, 3.8710305 , 5.05252596,
       5.23310236, 1.33507568, 2.62853842, 2.05967949, 5.19292652,
       5.50942398, 5.13314754, 5.529721  , 1.20350878])]",[602.5920784473419]
