,problem,layers,optimizer,solutions,parameters,time
0,"{'type': 'maxcut', 'graph': {'directed': False, 'multigraph': False, 'graph': {}, 'nodes': [{'id': 0}, {'id': 1}, {'id': 2}, {'id': 3}, {'id': 4}], 'links': [{'weight': 1, 'source': 0, 'target': 1}, {'weight': 7, 'source': 0, 'target': 2}, {'weight': 1, 'source': 0, 'target': 3}, {'weight': 7, 'source': 0, 'target': 4}, {'weight': 9, 'source': 1, 'target': 2}, {'weight': 7, 'source': 1, 'target': 3}, {'weight': 5, 'source': 1, 'target': 4}, {'weight': 6, 'source': 2, 'target': 3}, {'weight': 1, 'source': 2, 'target': 4}, {'weight': 5, 'source': 3, 'target': 4}]}, 'position': {0: [-1.0, 0.19306311148226846], 1: [0.6487986200945854, 0.17922345757500216], 2: [-0.23059649502081692, -0.5189640061498542], 3: [0.672239837510958, -0.5713801483347366], 4: [-0.09044196258472671, 0.7180575854273197]}, 'solution': ([0, 0, 1, 0, 1], 39.0)}",22,"{'optimizer': 'COBYLA', 'maxiter': 100, 'shots': 1024, 'parameter_strategy': 'RANDOM', 'x0': None, 'backend': <QAOA_Tester.Backend.NoisyEstimatorBackend object at 0x7fc08641dc30>}","[([1, 1, 1, 1, 1], 0.0)]","[array([3.61032449, 4.00396504, 2.45147501, 3.25850998, 1.46833315,
       6.02126835, 1.69133743, 0.3711677 , 0.26151881, 2.160578  ,
       1.21333376, 5.74893985, 4.59900708, 1.42520617, 4.0773237 ,
       1.01621983, 1.54292314, 4.12581618, 6.1379492 , 5.98845328,
       5.37271204, 3.94928615, 2.34296296, 2.15592927, 2.15609291,
       5.93241339, 3.2951856 , 5.60997985, 2.24459388, 4.94485992,
       6.07275593, 0.22221483, 1.88501461, 6.15569949, 3.15002158,
       3.25298894, 2.42129791, 3.44109402, 2.15191838, 0.61589521,
       5.93784873, 3.64769475, 4.65842954, 1.89005271])]",[597.5313425064087]
