,problem,layers,optimizer,solutions,parameters,time
0,"{'type': 'maxcut', 'graph': {'directed': False, 'multigraph': False, 'graph': {}, 'nodes': [{'id': 0}, {'id': 1}, {'id': 2}, {'id': 3}, {'id': 4}], 'links': [{'weight': 1, 'source': 0, 'target': 1}, {'weight': 7, 'source': 0, 'target': 2}, {'weight': 1, 'source': 0, 'target': 3}, {'weight': 7, 'source': 0, 'target': 4}, {'weight': 9, 'source': 1, 'target': 2}, {'weight': 7, 'source': 1, 'target': 3}, {'weight': 5, 'source': 1, 'target': 4}, {'weight': 6, 'source': 2, 'target': 3}, {'weight': 1, 'source': 2, 'target': 4}, {'weight': 5, 'source': 3, 'target': 4}]}, 'position': {0: [-1.0, 0.19306311148226846], 1: [0.6487986200945854, 0.17922345757500216], 2: [-0.23059649502081692, -0.5189640061498542], 3: [0.672239837510958, -0.5713801483347366], 4: [-0.09044196258472671, 0.7180575854273197]}, 'solution': ([0, 0, 1, 0, 1], 39.0)}",20,"{'optimizer': 'COBYLA', 'maxiter': 100, 'shots': 1024, 'parameter_strategy': 'RANDOM', 'x0': None, 'backend': <QAOA_Tester.Backend.NoisyEstimatorBackend object at 0x7f686cc06230>}","[([1, 1, 1, 0, 0], -27.0)]","[array([3.53871769, 0.86268511, 5.43507776, 2.19285284, 5.45968678,
       4.57001398, 0.34765665, 0.71236587, 2.06488255, 6.04983515,
       3.46501063, 5.17786349, 5.47639154, 5.60089757, 5.35722235,
       4.96110026, 2.10594904, 1.08594903, 3.37535124, 0.35450668,
       1.55756322, 3.56710663, 6.21591942, 2.34121546, 2.09580566,
       5.69625413, 5.27792922, 2.01989557, 0.78469326, 5.94412956,
       2.67594655, 4.12053445, 3.44729743, 0.34465568, 0.44680566,
       5.0798034 , 4.99749177, 6.0975146 , 1.43575619, 1.65545524])]",[614.5015504360199]
