,problem,layers,optimizer,solutions,parameters,time
0,"{'type': 'maxcut', 'graph': {'directed': False, 'multigraph': False, 'graph': {}, 'nodes': [{'id': 0}, {'id': 1}, {'id': 2}, {'id': 3}, {'id': 4}], 'links': [{'weight': 1, 'source': 0, 'target': 1}, {'weight': 7, 'source': 0, 'target': 2}, {'weight': 1, 'source': 0, 'target': 3}, {'weight': 7, 'source': 0, 'target': 4}, {'weight': 9, 'source': 1, 'target': 2}, {'weight': 7, 'source': 1, 'target': 3}, {'weight': 5, 'source': 1, 'target': 4}, {'weight': 6, 'source': 2, 'target': 3}, {'weight': 1, 'source': 2, 'target': 4}, {'weight': 5, 'source': 3, 'target': 4}]}, 'position': {0: [-1.0, 0.19306311148226846], 1: [0.6487986200945854, 0.17922345757500216], 2: [-0.23059649502081692, -0.5189640061498542], 3: [0.672239837510958, -0.5713801483347366], 4: [-0.09044196258472671, 0.7180575854273197]}, 'solution': ([0, 0, 1, 0, 1], 39.0)}",23,"{'optimizer': 'COBYLA', 'maxiter': 100, 'shots': 1024, 'parameter_strategy': 'RANDOM', 'x0': None, 'backend': <QAOA_Tester.Backend.NoisyEstimatorBackend object at 0x7f0662cc9b70>}","[([0, 1, 1, 1, 0], -20.0)]","[array([6.12550068, 5.83757065, 5.02207653, 1.7056719 , 2.13683368,
       4.6172849 , 4.46698241, 1.17762036, 4.61544811, 5.04883677,
       5.85942824, 0.57308323, 4.74713726, 1.06935815, 2.71193965,
       1.16384779, 1.42768521, 2.95884517, 4.20668838, 1.05797344,
       4.65468431, 2.06597117, 5.24770396, 4.47751287, 3.92635377,
       0.93622391, 4.35714684, 5.7667174 , 5.36371775, 5.10444062,
       0.70979354, 2.89733118, 0.52599126, 2.30475588, 1.89325784,
       1.03358496, 4.40088634, 5.98703673, 1.20265254, 0.96133954,
       3.25240619, 3.70268793, 5.50921208, 0.51013353, 1.35549754,
       2.34007992])]",[644.7066693305969]
