,problem,layers,optimizer,solutions,parameters,time
0,"{'type': 'maxcut', 'graph': {'directed': False, 'multigraph': False, 'graph': {}, 'nodes': [{'id': 0}, {'id': 1}, {'id': 2}, {'id': 3}, {'id': 4}], 'links': [{'weight': 1, 'source': 0, 'target': 1}, {'weight': 7, 'source': 0, 'target': 2}, {'weight': 1, 'source': 0, 'target': 3}, {'weight': 7, 'source': 0, 'target': 4}, {'weight': 9, 'source': 1, 'target': 2}, {'weight': 7, 'source': 1, 'target': 3}, {'weight': 5, 'source': 1, 'target': 4}, {'weight': 6, 'source': 2, 'target': 3}, {'weight': 1, 'source': 2, 'target': 4}, {'weight': 5, 'source': 3, 'target': 4}]}, 'position': {0: [-1.0, 0.19306311148226846], 1: [0.6487986200945854, 0.17922345757500216], 2: [-0.23059649502081692, -0.5189640061498542], 3: [0.672239837510958, -0.5713801483347366], 4: [-0.09044196258472671, 0.7180575854273197]}, 'solution': ([0, 0, 1, 0, 1], 39.0)}",29,"{'optimizer': 'COBYLA', 'maxiter': 100, 'shots': 1024, 'parameter_strategy': 'RANDOM', 'x0': None, 'backend': <QAOA_Tester.Backend.NoisyEstimatorBackend object at 0x7f0a3eca41f0>}","[([0, 0, 1, 1, 1], -36.0)]","[array([2.32573484, 2.05394767, 1.8988985 , 0.12485495, 4.87167899,
       0.5643432 , 0.47673792, 2.34983209, 2.17394245, 0.03548199,
       2.10355666, 3.77723129, 4.29248226, 3.99058717, 3.75888662,
       0.5593695 , 6.24660752, 1.94840668, 0.11387462, 4.40629348,
       1.05927262, 1.67487303, 4.13335657, 5.49531895, 1.06286529,
       2.30116408, 2.67018778, 0.48073884, 5.31593083, 2.26292358,
       2.69383115, 5.26198581, 4.99934353, 2.12794703, 5.65032742,
       4.86824184, 4.09751188, 1.33939631, 3.23299436, 3.30633829,
       5.12728304, 1.86266985, 1.38831139, 3.19964026, 3.15885291,
       0.6352482 , 3.79186097, 3.74543547, 4.45027815, 0.95852078,
       2.36382984, 1.86225303, 5.32710212, 0.72625619, 0.25313273,
       2.00970287, 3.27838947, 1.66907956])]",[577.3361141681671]
