,problem,layers,optimizer,solutions,parameters,time
0,"{'type': 'maxcut', 'graph': {'directed': False, 'multigraph': False, 'graph': {}, 'nodes': [{'id': 0}, {'id': 1}, {'id': 2}, {'id': 3}, {'id': 4}], 'links': [{'weight': 1, 'source': 0, 'target': 1}, {'weight': 7, 'source': 0, 'target': 2}, {'weight': 1, 'source': 0, 'target': 3}, {'weight': 7, 'source': 0, 'target': 4}, {'weight': 9, 'source': 1, 'target': 2}, {'weight': 7, 'source': 1, 'target': 3}, {'weight': 5, 'source': 1, 'target': 4}, {'weight': 6, 'source': 2, 'target': 3}, {'weight': 1, 'source': 2, 'target': 4}, {'weight': 5, 'source': 3, 'target': 4}]}, 'position': {0: [-1.0, 0.19306311148226846], 1: [0.6487986200945854, 0.17922345757500216], 2: [-0.23059649502081692, -0.5189640061498542], 3: [0.672239837510958, -0.5713801483347366], 4: [-0.09044196258472671, 0.7180575854273197]}, 'solution': ([0, 0, 1, 0, 1], 39.0)}",25,"{'optimizer': 'COBYLA', 'maxiter': 100, 'shots': 1024, 'parameter_strategy': 'RANDOM', 'x0': None, 'backend': <QAOA_Tester.Backend.NoisyEstimatorBackend object at 0x7fb17261a1d0>}","[([0, 0, 1, 0, 0], -23.0)]","[array([2.7286718 , 3.97674077, 3.89989834, 3.46608638, 6.08693702,
       5.43516117, 1.00032344, 0.34819396, 0.53268393, 5.4781557 ,
       3.36305164, 2.86552543, 2.68369837, 1.85503421, 5.05655705,
       3.23196337, 0.644572  , 5.31265312, 3.5801981 , 4.10651475,
       5.58914953, 4.26449907, 1.83552767, 2.57391374, 4.94293717,
       2.11000198, 4.95178792, 0.51547707, 1.35100002, 2.03763158,
       2.70475663, 3.5145408 , 1.53409033, 0.16597285, 4.99294166,
       1.98659524, 1.47332889, 4.59128663, 5.80870899, 2.6999109 ,
       5.73785081, 1.63565167, 0.20737323, 0.31414861, 2.20971326,
       0.53264178, 5.04499081, 5.64366947, 0.57510169, 4.75792333])]",[652.6427392959595]
