,problem,layers,optimizer,solutions,parameters,time
0,"{'type': 'maxcut', 'graph': {'directed': False, 'multigraph': False, 'graph': {}, 'nodes': [{'id': 0}, {'id': 1}, {'id': 2}, {'id': 3}, {'id': 4}], 'links': [{'weight': 1, 'source': 0, 'target': 1}, {'weight': 7, 'source': 0, 'target': 2}, {'weight': 1, 'source': 0, 'target': 3}, {'weight': 7, 'source': 0, 'target': 4}, {'weight': 9, 'source': 1, 'target': 2}, {'weight': 7, 'source': 1, 'target': 3}, {'weight': 5, 'source': 1, 'target': 4}, {'weight': 6, 'source': 2, 'target': 3}, {'weight': 1, 'source': 2, 'target': 4}, {'weight': 5, 'source': 3, 'target': 4}]}, 'position': {0: [-1.0, 0.19306311148226846], 1: [0.6487986200945854, 0.17922345757500216], 2: [-0.23059649502081692, -0.5189640061498542], 3: [0.672239837510958, -0.5713801483347366], 4: [-0.09044196258472671, 0.7180575854273197]}, 'solution': ([0, 0, 1, 0, 1], 39.0)}",19,"{'optimizer': 'COBYLA', 'maxiter': 100, 'shots': 1024, 'parameter_strategy': 'RANDOM', 'x0': None, 'backend': <QAOA_Tester.Backend.NoisyEstimatorBackend object at 0x7f4f688b40d0>}","[([0, 1, 1, 0, 0], -27.0)]","[array([5.45322962, 1.79581688, 5.01606335, 1.43205255, 1.90052766,
       5.12019818, 3.11608791, 4.59214845, 3.80311575, 0.70196092,
       0.93524682, 2.5344321 , 5.42335406, 0.43804502, 5.78238882,
       2.34334109, 4.27134542, 5.1134493 , 2.16486496, 0.29352841,
       5.05101385, 5.20799632, 2.33928702, 0.51185419, 0.40379643,
       3.89611256, 5.62342434, 2.61499355, 6.02221861, 1.9799407 ,
       4.07575895, 0.95519732, 5.31555639, 5.51992794, 5.99328343,
       5.95150351, 2.99381976, 2.8908484 ])]",[592.3344650268555]
