,problem,layers,optimizer,solutions,parameters,time
0,"{'type': 'maxcut', 'graph': {'directed': False, 'multigraph': False, 'graph': {}, 'nodes': [{'id': 0}, {'id': 1}, {'id': 2}, {'id': 3}, {'id': 4}], 'links': [{'weight': 1, 'source': 0, 'target': 1}, {'weight': 7, 'source': 0, 'target': 2}, {'weight': 1, 'source': 0, 'target': 3}, {'weight': 7, 'source': 0, 'target': 4}, {'weight': 9, 'source': 1, 'target': 2}, {'weight': 7, 'source': 1, 'target': 3}, {'weight': 5, 'source': 1, 'target': 4}, {'weight': 6, 'source': 2, 'target': 3}, {'weight': 1, 'source': 2, 'target': 4}, {'weight': 5, 'source': 3, 'target': 4}]}, 'position': {0: [-1.0, 0.19306311148226846], 1: [0.6487986200945854, 0.17922345757500216], 2: [-0.23059649502081692, -0.5189640061498542], 3: [0.672239837510958, -0.5713801483347366], 4: [-0.09044196258472671, 0.7180575854273197]}, 'solution': ([0, 0, 1, 0, 1], 39.0)}",26,"{'optimizer': 'COBYLA', 'maxiter': 100, 'shots': 1024, 'parameter_strategy': 'RANDOM', 'x0': None, 'backend': <QAOA_Tester.Backend.NoisyEstimatorBackend object at 0x7f727c6a2bf0>}","[([1, 1, 1, 0, 1], -19.0)]","[array([3.45733558, 1.37997374, 0.70697056, 5.33086873, 0.44333467,
       5.87785487, 1.51781166, 0.31869335, 0.68979508, 2.67402494,
       1.39461825, 6.0200214 , 0.18785004, 0.17696686, 4.58282696,
       2.55449337, 6.07770655, 2.37883377, 3.86069357, 0.83155759,
       3.11327493, 2.4865207 , 5.5591845 , 5.38231076, 1.65181324,
       6.16039738, 2.61529699, 4.44915097, 0.04041424, 0.3179071 ,
       2.80202895, 1.77154255, 3.71877588, 2.1985759 , 3.06998787,
       1.67674168, 1.24413055, 1.5352995 , 6.22585042, 2.81795648,
       5.31065924, 4.87311526, 3.20791199, 2.76891527, 3.40540632,
       3.20752292, 4.91063005, 0.79615709, 0.60655772, 4.48875468,
       5.98639281, 4.04315801])]",[620.3955597877502]
