,problem,layers,optimizer,solutions,parameters,time
0,"{'type': 'maxcut', 'graph': {'directed': False, 'multigraph': False, 'graph': {}, 'nodes': [{'id': 0}, {'id': 1}, {'id': 2}, {'id': 3}, {'id': 4}], 'links': [{'weight': 1, 'source': 0, 'target': 1}, {'weight': 7, 'source': 0, 'target': 2}, {'weight': 1, 'source': 0, 'target': 3}, {'weight': 7, 'source': 0, 'target': 4}, {'weight': 9, 'source': 1, 'target': 2}, {'weight': 7, 'source': 1, 'target': 3}, {'weight': 5, 'source': 1, 'target': 4}, {'weight': 6, 'source': 2, 'target': 3}, {'weight': 1, 'source': 2, 'target': 4}, {'weight': 5, 'source': 3, 'target': 4}]}, 'position': {0: [-1.0, 0.19306311148226846], 1: [0.6487986200945854, 0.17922345757500216], 2: [-0.23059649502081692, -0.5189640061498542], 3: [0.672239837510958, -0.5713801483347366], 4: [-0.09044196258472671, 0.7180575854273197]}, 'solution': ([0, 0, 1, 0, 1], 39.0)}",29,"{'optimizer': 'COBYLA', 'maxiter': 100, 'shots': 1024, 'parameter_strategy': 'RANDOM', 'x0': None, 'backend': <QAOA_Tester.Backend.NoisyEstimatorBackend object at 0x7f684296aad0>}","[([1, 1, 1, 1, 0], -18.0)]","[array([0.08095637, 4.51783771, 0.40734642, 0.12048027, 2.4586291 ,
       2.50079997, 2.19855516, 5.27553605, 4.6944964 , 3.50847944,
       1.38076085, 1.2562665 , 2.25326931, 5.72245551, 5.89735769,
       0.43197075, 6.06705033, 2.85801578, 1.39410366, 0.61950596,
       5.41370784, 1.7640397 , 0.23384241, 6.21559213, 1.8649896 ,
       0.15637558, 3.50925192, 4.61660241, 1.44249123, 0.28717526,
       4.06847284, 3.63846111, 5.97488128, 4.89447737, 3.70498265,
       3.60781433, 5.20695377, 2.42832992, 5.51790701, 6.26593992,
       1.87387811, 0.06126316, 2.85894412, 1.83362367, 3.77895877,
       2.29754411, 5.9946756 , 1.3264925 , 1.25615442, 1.42928669,
       5.99011476, 5.79908566, 1.74157099, 0.02738558, 5.05698961,
       3.99230725, 4.46683067, 1.316703  ])]",[575.4360406398773]
