,problem,layers,optimizer,solutions,parameters,time
0,"{'type': 'maxcut', 'graph': {'directed': False, 'multigraph': False, 'graph': {}, 'nodes': [{'id': 0}, {'id': 1}, {'id': 2}, {'id': 3}, {'id': 4}], 'links': [{'weight': 1, 'source': 0, 'target': 1}, {'weight': 7, 'source': 0, 'target': 2}, {'weight': 1, 'source': 0, 'target': 3}, {'weight': 7, 'source': 0, 'target': 4}, {'weight': 9, 'source': 1, 'target': 2}, {'weight': 7, 'source': 1, 'target': 3}, {'weight': 5, 'source': 1, 'target': 4}, {'weight': 6, 'source': 2, 'target': 3}, {'weight': 1, 'source': 2, 'target': 4}, {'weight': 5, 'source': 3, 'target': 4}]}, 'position': {0: [-1.0, 0.19306311148226846], 1: [0.6487986200945854, 0.17922345757500216], 2: [-0.23059649502081692, -0.5189640061498542], 3: [0.672239837510958, -0.5713801483347366], 4: [-0.09044196258472671, 0.7180575854273197]}, 'solution': ([0, 0, 1, 0, 1], 39.0)}",18,"{'optimizer': 'COBYLA', 'maxiter': 100, 'shots': 1024, 'parameter_strategy': 'RANDOM', 'x0': None, 'backend': <QAOA_Tester.Backend.NoisyEstimatorBackend object at 0x7efce9eee170>}","[([1, 1, 0, 1, 0], -39.0)]","[array([5.19508601, 3.32067439, 5.4800978 , 4.12831769, 2.2706097 ,
       5.25278679, 6.04194219, 1.96845575, 5.68996942, 0.95396518,
       3.40587803, 0.42330317, 0.16510086, 1.22020945, 0.66732426,
       2.69623705, 0.52512325, 1.81974907, 2.8412091 , 5.70203148,
       3.03171523, 0.07701206, 0.74155554, 0.15457207, 1.85203238,
       1.79883786, 4.31117931, 2.22238199, 5.40169619, 4.09061934,
       4.01316341, 2.14036685, 0.44647282, 2.90984167, 5.13423286,
       4.59596651])]",[583.0127506256104]
