,problem,layers,optimizer,solutions,parameters,time
0,"{'type': 'maxcut', 'graph': {'directed': False, 'multigraph': False, 'graph': {}, 'nodes': [{'id': 0}, {'id': 1}, {'id': 2}, {'id': 3}, {'id': 4}], 'links': [{'weight': 1, 'source': 0, 'target': 1}, {'weight': 7, 'source': 0, 'target': 2}, {'weight': 1, 'source': 0, 'target': 3}, {'weight': 7, 'source': 0, 'target': 4}, {'weight': 9, 'source': 1, 'target': 2}, {'weight': 7, 'source': 1, 'target': 3}, {'weight': 5, 'source': 1, 'target': 4}, {'weight': 6, 'source': 2, 'target': 3}, {'weight': 1, 'source': 2, 'target': 4}, {'weight': 5, 'source': 3, 'target': 4}]}, 'position': {0: [-1.0, 0.19306311148226846], 1: [0.6487986200945854, 0.17922345757500216], 2: [-0.23059649502081692, -0.5189640061498542], 3: [0.672239837510958, -0.5713801483347366], 4: [-0.09044196258472671, 0.7180575854273197]}, 'solution': ([0, 0, 1, 0, 1], 39.0)}",26,"{'optimizer': 'COBYLA', 'maxiter': 100, 'shots': 1024, 'parameter_strategy': 'RANDOM', 'x0': None, 'backend': <QAOA_Tester.Backend.NoisyEstimatorBackend object at 0x7f47ef3f1ab0>}","[([0, 1, 0, 1, 0], -27.0)]","[array([1.20740694, 4.96297216, 2.86354378, 3.71398153, 4.99948742,
       3.19918603, 1.32360473, 2.87000479, 5.82588661, 1.26878965,
       3.1210347 , 4.85520459, 4.29847322, 6.21987014, 5.88572678,
       4.975343  , 4.52045741, 4.02020638, 1.59834205, 1.61741504,
       3.73581914, 2.09292615, 5.54056097, 6.05868686, 5.90986422,
       2.73573933, 2.79143637, 0.01749323, 0.65419307, 1.03966188,
       5.95440742, 5.13102134, 0.37793096, 2.50373492, 5.47617266,
       1.37106779, 1.3715917 , 3.623255  , 1.87376345, 1.85894869,
       0.86282053, 0.12053335, 6.22271133, 6.07452248, 3.20315836,
       4.86407794, 0.96320203, 6.26595031, 5.76860217, 1.59451526,
       5.20709363, 1.96722404])]",[606.8808717727661]
