,problem,layers,optimizer,solutions,parameters,time
0,"{'type': 'maxcut', 'graph': {'directed': False, 'multigraph': False, 'graph': {}, 'nodes': [{'id': 0}, {'id': 1}, {'id': 2}, {'id': 3}, {'id': 4}], 'links': [{'weight': 1, 'source': 0, 'target': 1}, {'weight': 7, 'source': 0, 'target': 2}, {'weight': 1, 'source': 0, 'target': 3}, {'weight': 7, 'source': 0, 'target': 4}, {'weight': 9, 'source': 1, 'target': 2}, {'weight': 7, 'source': 1, 'target': 3}, {'weight': 5, 'source': 1, 'target': 4}, {'weight': 6, 'source': 2, 'target': 3}, {'weight': 1, 'source': 2, 'target': 4}, {'weight': 5, 'source': 3, 'target': 4}]}, 'position': {0: [-1.0, 0.19306311148226846], 1: [0.6487986200945854, 0.17922345757500216], 2: [-0.23059649502081692, -0.5189640061498542], 3: [0.672239837510958, -0.5713801483347366], 4: [-0.09044196258472671, 0.7180575854273197]}, 'solution': ([0, 0, 1, 0, 1], 39.0)}",19,"{'optimizer': 'COBYLA', 'maxiter': 100, 'shots': 1024, 'parameter_strategy': 'RANDOM', 'x0': None, 'backend': <QAOA_Tester.Backend.NoisyEstimatorBackend object at 0x7f720c77e110>}","[([1, 1, 0, 1, 0], -39.0)]","[array([1.04405421, 3.61226162, 4.94654062, 3.56598888, 0.22692407,
       3.99278144, 5.53947124, 3.37599637, 1.39304518, 5.98719419,
       4.13284584, 4.4394227 , 3.54133038, 5.88186911, 5.22338181,
       2.42928469, 1.46854521, 2.54897902, 2.31544729, 5.85292472,
       0.14388217, 2.44735074, 0.1790139 , 3.33994423, 5.79401524,
       2.97926165, 1.00757949, 1.96538864, 1.30837415, 5.37942753,
       6.17764789, 4.44666452, 3.16693461, 5.64628365, 6.22425415,
       2.98173162, 4.13972126, 2.77736362])]",[587.3032109737396]
