,problem,layers,optimizer,solutions,parameters,time
0,"{'type': 'maxcut', 'graph': {'directed': False, 'multigraph': False, 'graph': {}, 'nodes': [{'id': 0}, {'id': 1}, {'id': 2}, {'id': 3}, {'id': 4}], 'links': [{'weight': 1, 'source': 0, 'target': 1}, {'weight': 7, 'source': 0, 'target': 2}, {'weight': 1, 'source': 0, 'target': 3}, {'weight': 7, 'source': 0, 'target': 4}, {'weight': 9, 'source': 1, 'target': 2}, {'weight': 7, 'source': 1, 'target': 3}, {'weight': 5, 'source': 1, 'target': 4}, {'weight': 6, 'source': 2, 'target': 3}, {'weight': 1, 'source': 2, 'target': 4}, {'weight': 5, 'source': 3, 'target': 4}]}, 'position': {0: [-1.0, 0.19306311148226846], 1: [0.6487986200945854, 0.17922345757500216], 2: [-0.23059649502081692, -0.5189640061498542], 3: [0.672239837510958, -0.5713801483347366], 4: [-0.09044196258472671, 0.7180575854273197]}, 'solution': ([0, 0, 1, 0, 1], 39.0)}",19,"{'optimizer': 'COBYLA', 'maxiter': 100, 'shots': 1024, 'parameter_strategy': 'RANDOM', 'x0': None, 'backend': <QAOA_Tester.Backend.NoisyEstimatorBackend object at 0x7f9cb1a61ab0>}","[([0, 1, 0, 0, 0], -22.0)]","[array([2.31073663, 5.30276127, 4.88800171, 3.72660122, 1.34549059,
       0.4912195 , 5.23381238, 3.75070419, 3.78826899, 2.25654243,
       0.62429059, 6.15684434, 5.17857478, 3.98983046, 3.25314085,
       4.200674  , 3.33785798, 4.15681982, 8.06367946, 1.76597976,
       2.59236664, 3.88965464, 5.87491678, 5.87414609, 0.22012948,
       5.7106    , 4.16996418, 5.32119955, 2.54487366, 0.82440206,
       4.89451684, 1.24849668, 3.11791657, 1.97462137, 3.8699642 ,
       1.77094238, 3.72570546, 3.50942419])]",[573.8766143321991]
