,problem,layers,optimizer,solutions,parameters,time
0,"{'type': 'maxcut', 'graph': {'directed': False, 'multigraph': False, 'graph': {}, 'nodes': [{'id': 0}, {'id': 1}, {'id': 2}, {'id': 3}, {'id': 4}], 'links': [{'weight': 1, 'source': 0, 'target': 1}, {'weight': 7, 'source': 0, 'target': 2}, {'weight': 1, 'source': 0, 'target': 3}, {'weight': 7, 'source': 0, 'target': 4}, {'weight': 9, 'source': 1, 'target': 2}, {'weight': 7, 'source': 1, 'target': 3}, {'weight': 5, 'source': 1, 'target': 4}, {'weight': 6, 'source': 2, 'target': 3}, {'weight': 1, 'source': 2, 'target': 4}, {'weight': 5, 'source': 3, 'target': 4}]}, 'position': {0: [-1.0, 0.19306311148226846], 1: [0.6487986200945854, 0.17922345757500216], 2: [-0.23059649502081692, -0.5189640061498542], 3: [0.672239837510958, -0.5713801483347366], 4: [-0.09044196258472671, 0.7180575854273197]}, 'solution': ([0, 0, 1, 0, 1], 39.0)}",25,"{'optimizer': 'COBYLA', 'maxiter': 100, 'shots': 1024, 'parameter_strategy': 'RANDOM', 'x0': None, 'backend': <QAOA_Tester.Backend.NoisyEstimatorBackend object at 0x7f5b5f689f00>}","[([1, 1, 1, 0, 0], -27.0)]","[array([4.9324537 , 4.76221488, 4.47440148, 5.25783832, 2.44711805,
       1.3433293 , 2.49428926, 3.1754913 , 3.4301928 , 3.21611281,
       1.49067557, 2.61462709, 2.84234024, 4.10765894, 4.88284034,
       2.08324954, 0.30565146, 5.66339999, 4.87906968, 1.8123937 ,
       0.7376503 , 2.40027207, 2.46206469, 0.83915852, 3.30598594,
       3.0672307 , 2.56980064, 5.58970721, 2.95153142, 3.05679708,
       3.42170308, 0.37790038, 4.31209827, 4.18501351, 2.16627094,
       4.24702985, 6.01747646, 1.18887226, 0.22082646, 5.2281901 ,
       3.84793082, 2.77568514, 4.52755675, 5.518705  , 2.69058139,
       0.59274049, 2.17289063, 2.47463201, 2.40732255, 0.56277968])]",[615.1399157047272]
