,problem,layers,optimizer,solutions,parameters,time
0,"{'type': 'maxcut', 'graph': {'directed': False, 'multigraph': False, 'graph': {}, 'nodes': [{'id': 0}, {'id': 1}, {'id': 2}, {'id': 3}, {'id': 4}], 'links': [{'weight': 1, 'source': 0, 'target': 1}, {'weight': 7, 'source': 0, 'target': 2}, {'weight': 1, 'source': 0, 'target': 3}, {'weight': 7, 'source': 0, 'target': 4}, {'weight': 9, 'source': 1, 'target': 2}, {'weight': 7, 'source': 1, 'target': 3}, {'weight': 5, 'source': 1, 'target': 4}, {'weight': 6, 'source': 2, 'target': 3}, {'weight': 1, 'source': 2, 'target': 4}, {'weight': 5, 'source': 3, 'target': 4}]}, 'position': {0: [-1.0, 0.19306311148226846], 1: [0.6487986200945854, 0.17922345757500216], 2: [-0.23059649502081692, -0.5189640061498542], 3: [0.672239837510958, -0.5713801483347366], 4: [-0.09044196258472671, 0.7180575854273197]}, 'solution': ([0, 0, 1, 0, 1], 39.0)}",22,"{'optimizer': 'COBYLA', 'maxiter': 100, 'shots': 1024, 'parameter_strategy': 'RANDOM', 'x0': None, 'backend': <QAOA_Tester.Backend.NoisyEstimatorBackend object at 0x7f34b693e4a0>}","[([1, 0, 1, 1, 0], -30.0)]","[array([3.39917691, 5.71241875, 2.7354972 , 5.14581247, 4.34798829,
       3.57995065, 0.65038794, 3.09328789, 4.44262812, 3.32733865,
       2.85449036, 2.57944565, 1.48570061, 2.61467916, 5.17217521,
       3.32267984, 5.92751175, 4.42321465, 5.35115011, 0.74340365,
       1.62901827, 6.43428007, 3.67032801, 3.59858451, 3.65820162,
       6.7124811 , 3.46522648, 1.82268865, 2.84849255, 1.2453581 ,
       6.20048645, 6.22467303, 5.46477999, 5.58005825, 0.59468465,
       5.24759072, 5.14665947, 3.43701484, 3.65314428, 0.1557277 ,
       4.05660305, 3.17670169, 2.093476  , 4.97347384])]",[602.7199301719666]
