,problem,layers,optimizer,solutions,parameters,time
0,"{'type': 'maxcut', 'graph': {'directed': False, 'multigraph': False, 'graph': {}, 'nodes': [{'id': 0}, {'id': 1}, {'id': 2}, {'id': 3}, {'id': 4}], 'links': [{'weight': 1, 'source': 0, 'target': 1}, {'weight': 7, 'source': 0, 'target': 2}, {'weight': 1, 'source': 0, 'target': 3}, {'weight': 7, 'source': 0, 'target': 4}, {'weight': 9, 'source': 1, 'target': 2}, {'weight': 7, 'source': 1, 'target': 3}, {'weight': 5, 'source': 1, 'target': 4}, {'weight': 6, 'source': 2, 'target': 3}, {'weight': 1, 'source': 2, 'target': 4}, {'weight': 5, 'source': 3, 'target': 4}]}, 'position': {0: [-1.0, 0.19306311148226846], 1: [0.6487986200945854, 0.17922345757500216], 2: [-0.23059649502081692, -0.5189640061498542], 3: [0.672239837510958, -0.5713801483347366], 4: [-0.09044196258472671, 0.7180575854273197]}, 'solution': ([0, 0, 1, 0, 1], 39.0)}",22,"{'optimizer': 'COBYLA', 'maxiter': 100, 'shots': 1024, 'parameter_strategy': 'RANDOM', 'x0': None, 'backend': <QAOA_Tester.Backend.NoisyEstimatorBackend object at 0x7fda5c5c1c90>}","[([0, 0, 0, 0, 0], 0.0)]","[array([4.59944336, 3.94106494, 4.52952302, 1.09176497, 3.56250785,
       5.59413575, 1.57669906, 5.54613215, 1.9699125 , 3.52001853,
       1.62446255, 5.35029737, 5.87205908, 0.11182644, 1.16322488,
       1.26484248, 4.96130857, 5.21138949, 3.16207784, 5.07597453,
       5.9076922 , 2.35994456, 6.05773264, 4.12704005, 0.78590473,
       5.0196188 , 2.12219269, 1.10389409, 3.16143473, 0.26944114,
       3.6425181 , 0.8681636 , 3.92196293, 5.68868111, 3.73029083,
       1.76425956, 3.44126335, 5.91084765, 0.82180446, 5.18323268,
       3.71781056, 5.12896012, 5.30965361, 1.40661709])]",[606.90837931633]
