,problem,layers,optimizer,solutions,parameters,time
0,"{'type': 'maxcut', 'graph': {'directed': False, 'multigraph': False, 'graph': {}, 'nodes': [{'id': 0}, {'id': 1}, {'id': 2}, {'id': 3}, {'id': 4}], 'links': [{'weight': 1, 'source': 0, 'target': 1}, {'weight': 7, 'source': 0, 'target': 2}, {'weight': 1, 'source': 0, 'target': 3}, {'weight': 7, 'source': 0, 'target': 4}, {'weight': 9, 'source': 1, 'target': 2}, {'weight': 7, 'source': 1, 'target': 3}, {'weight': 5, 'source': 1, 'target': 4}, {'weight': 6, 'source': 2, 'target': 3}, {'weight': 1, 'source': 2, 'target': 4}, {'weight': 5, 'source': 3, 'target': 4}]}, 'position': {0: [-1.0, 0.19306311148226846], 1: [0.6487986200945854, 0.17922345757500216], 2: [-0.23059649502081692, -0.5189640061498542], 3: [0.672239837510958, -0.5713801483347366], 4: [-0.09044196258472671, 0.7180575854273197]}, 'solution': ([0, 0, 1, 0, 1], 39.0)}",28,"{'optimizer': 'COBYLA', 'maxiter': 100, 'shots': 1024, 'parameter_strategy': 'RANDOM', 'x0': None, 'backend': <QAOA_Tester.Backend.NoisyEstimatorBackend object at 0x7f68e4d5a080>}","[([1, 0, 0, 1, 0], -33.0)]","[array([2.49681541, 3.58636837, 1.98827778, 2.15716238, 0.05237133,
       4.59124224, 1.73538068, 1.98673813, 5.71774793, 4.42905973,
       2.61666681, 0.74585341, 4.39277952, 1.56862031, 0.72546643,
       5.41387228, 4.91574593, 4.34463735, 0.95493597, 4.90186629,
       3.92960651, 1.42000483, 0.29978095, 1.55099063, 3.75597256,
       3.29095257, 3.96477448, 3.20808423, 6.01332234, 5.44005626,
       0.97906509, 3.93067969, 2.16034618, 1.16183417, 0.18822209,
       1.84474423, 2.26335742, 3.55893214, 3.05290309, 4.33768772,
       0.33051272, 5.32930592, 5.67197333, 2.8393752 , 0.97433273,
       5.62636119, 3.96871449, 0.04717198, 2.6551964 , 3.29397422,
       1.52410256, 0.84203703, 4.22672491, 0.12977568, 0.66040404,
       5.88271062])]",[630.9229760169983]
