,problem,layers,optimizer,solutions,parameters,time
0,"{'type': 'maxcut', 'graph': {'directed': False, 'multigraph': False, 'graph': {}, 'nodes': [{'id': 0}, {'id': 1}, {'id': 2}, {'id': 3}, {'id': 4}], 'links': [{'weight': 1, 'source': 0, 'target': 1}, {'weight': 7, 'source': 0, 'target': 2}, {'weight': 1, 'source': 0, 'target': 3}, {'weight': 7, 'source': 0, 'target': 4}, {'weight': 9, 'source': 1, 'target': 2}, {'weight': 7, 'source': 1, 'target': 3}, {'weight': 5, 'source': 1, 'target': 4}, {'weight': 6, 'source': 2, 'target': 3}, {'weight': 1, 'source': 2, 'target': 4}, {'weight': 5, 'source': 3, 'target': 4}]}, 'position': {0: [-1.0, 0.19306311148226846], 1: [0.6487986200945854, 0.17922345757500216], 2: [-0.23059649502081692, -0.5189640061498542], 3: [0.672239837510958, -0.5713801483347366], 4: [-0.09044196258472671, 0.7180575854273197]}, 'solution': ([0, 0, 1, 0, 1], 39.0)}",26,"{'optimizer': 'COBYLA', 'maxiter': 100, 'shots': 1024, 'parameter_strategy': 'RANDOM', 'x0': None, 'backend': <QAOA_Tester.Backend.NoisyEstimatorBackend object at 0x7fc3b14d9bd0>}","[([1, 1, 1, 0, 1], -19.0)]","[array([1.95156142, 2.1433461 , 1.74964296, 3.51700017, 1.4388016 ,
       6.21971662, 5.88880975, 4.05990656, 2.12041623, 4.27562103,
       5.2983766 , 0.97566324, 3.90475349, 1.5596863 , 1.57029928,
       0.42003802, 0.39119835, 2.42885665, 3.98962932, 0.84664245,
       4.17741811, 2.96277867, 1.1436901 , 1.49734972, 2.55162286,
       3.37543083, 3.06370379, 5.54072978, 3.91232753, 2.59638038,
       0.44554772, 5.59339455, 4.81178205, 0.05263289, 4.12299774,
       2.1405065 , 3.44949026, 1.82796045, 5.32158513, 4.4883154 ,
       0.11587715, 2.01726896, 3.48097941, 5.54120333, 3.91964777,
       1.08482968, 0.83665408, 1.97873366, 3.90391255, 0.0920373 ,
       0.95162144, 4.32154802])]",[592.2705020904541]
