,problem,layers,optimizer,solutions,parameters,time
0,"{'type': 'maxcut', 'graph': {'directed': False, 'multigraph': False, 'graph': {}, 'nodes': [{'id': 0}, {'id': 1}, {'id': 2}, {'id': 3}, {'id': 4}], 'links': [{'weight': 1, 'source': 0, 'target': 1}, {'weight': 7, 'source': 0, 'target': 2}, {'weight': 1, 'source': 0, 'target': 3}, {'weight': 7, 'source': 0, 'target': 4}, {'weight': 9, 'source': 1, 'target': 2}, {'weight': 7, 'source': 1, 'target': 3}, {'weight': 5, 'source': 1, 'target': 4}, {'weight': 6, 'source': 2, 'target': 3}, {'weight': 1, 'source': 2, 'target': 4}, {'weight': 5, 'source': 3, 'target': 4}]}, 'position': {0: [-1.0, 0.19306311148226846], 1: [0.6487986200945854, 0.17922345757500216], 2: [-0.23059649502081692, -0.5189640061498542], 3: [0.672239837510958, -0.5713801483347366], 4: [-0.09044196258472671, 0.7180575854273197]}, 'solution': ([0, 0, 1, 0, 1], 39.0)}",18,"{'optimizer': 'COBYLA', 'maxiter': 100, 'shots': 1024, 'parameter_strategy': 'RANDOM', 'x0': None, 'backend': <QAOA_Tester.Backend.NoisyEstimatorBackend object at 0x7f03de9dace0>}","[([1, 1, 1, 1, 1], 0.0)]","[array([3.74477071, 1.23723079, 5.05292979, 6.19291965, 1.19808331,
       4.83743032, 4.68200694, 5.19450328, 2.85779091, 3.05907018,
       4.77374865, 2.17195486, 2.13456519, 3.57551097, 3.70878807,
       0.73123105, 4.07391904, 1.56380902, 4.89068952, 0.6805932 ,
       1.90316119, 6.14736978, 5.21193104, 2.42989636, 3.31023363,
       0.62449777, 2.17874827, 0.04423478, 5.72480233, 5.80446049,
       4.25921001, 3.92482981, 1.65714392, 2.32089958, 5.85319824,
       0.46094349])]",[600.2943670749664]
