,problem,layers,optimizer,solutions,parameters,time
0,"{'type': 'maxcut', 'graph': {'directed': False, 'multigraph': False, 'graph': {}, 'nodes': [{'id': 0}, {'id': 1}, {'id': 2}, {'id': 3}, {'id': 4}], 'links': [{'weight': 1, 'source': 0, 'target': 1}, {'weight': 7, 'source': 0, 'target': 2}, {'weight': 1, 'source': 0, 'target': 3}, {'weight': 7, 'source': 0, 'target': 4}, {'weight': 9, 'source': 1, 'target': 2}, {'weight': 7, 'source': 1, 'target': 3}, {'weight': 5, 'source': 1, 'target': 4}, {'weight': 6, 'source': 2, 'target': 3}, {'weight': 1, 'source': 2, 'target': 4}, {'weight': 5, 'source': 3, 'target': 4}]}, 'position': {0: [-1.0, 0.19306311148226846], 1: [0.6487986200945854, 0.17922345757500216], 2: [-0.23059649502081692, -0.5189640061498542], 3: [0.672239837510958, -0.5713801483347366], 4: [-0.09044196258472671, 0.7180575854273197]}, 'solution': ([0, 0, 1, 0, 1], 39.0)}",23,"{'optimizer': 'COBYLA', 'maxiter': 100, 'shots': 1024, 'parameter_strategy': 'RANDOM', 'x0': None, 'backend': <QAOA_Tester.Backend.NoisyEstimatorBackend object at 0x7fa059a05f60>}","[([1, 1, 0, 0, 1], -30.0)]","[array([1.38343233, 0.22810495, 3.57828923, 5.82082289, 3.32998643,
       2.96371648, 5.06778919, 2.59473344, 2.96075938, 2.29050122,
       2.12805181, 4.90363923, 6.11002549, 5.49517354, 5.85112498,
       1.94054262, 6.18260659, 1.46141735, 4.19785201, 3.03101216,
       2.14424531, 6.18902936, 4.19429213, 4.39528333, 1.82226808,
       2.50965686, 3.256754  , 0.80753792, 4.97211377, 3.51063125,
       2.83152978, 3.02883805, 2.77584077, 4.04279525, 5.57676578,
       4.12785506, 3.56709842, 0.78939817, 5.1878019 , 0.38343718,
       1.89952431, 1.54236158, 5.17693957, 6.20835466, 2.59428668,
       2.2365293 ])]",[633.70250248909]
