,problem,layers,optimizer,solutions,parameters,time
0,"{'type': 'maxcut', 'graph': {'directed': False, 'multigraph': False, 'graph': {}, 'nodes': [{'id': 0}, {'id': 1}, {'id': 2}, {'id': 3}, {'id': 4}], 'links': [{'weight': 1, 'source': 0, 'target': 1}, {'weight': 7, 'source': 0, 'target': 2}, {'weight': 1, 'source': 0, 'target': 3}, {'weight': 7, 'source': 0, 'target': 4}, {'weight': 9, 'source': 1, 'target': 2}, {'weight': 7, 'source': 1, 'target': 3}, {'weight': 5, 'source': 1, 'target': 4}, {'weight': 6, 'source': 2, 'target': 3}, {'weight': 1, 'source': 2, 'target': 4}, {'weight': 5, 'source': 3, 'target': 4}]}, 'position': {0: [-1.0, 0.19306311148226846], 1: [0.6487986200945854, 0.17922345757500216], 2: [-0.23059649502081692, -0.5189640061498542], 3: [0.672239837510958, -0.5713801483347366], 4: [-0.09044196258472671, 0.7180575854273197]}, 'solution': ([0, 0, 1, 0, 1], 39.0)}",30,"{'optimizer': 'COBYLA', 'maxiter': 100, 'shots': 1024, 'parameter_strategy': 'RANDOM', 'x0': None, 'backend': <QAOA_Tester.Backend.NoisyEstimatorBackend object at 0x7f953b186020>}","[([0, 1, 1, 1, 0], -20.0)]","[array([2.03396591, 3.04221706, 4.76410475, 0.98595688, 6.44072588,
       2.20149338, 2.29066063, 4.00616414, 0.68919492, 3.57659628,
       2.65306198, 1.93662159, 0.34645675, 3.10559238, 6.3265027 ,
       5.28927816, 6.28999404, 4.56886468, 3.92888973, 2.44991462,
       3.79998121, 6.13577307, 2.4205363 , 3.56734729, 1.34065239,
       0.95502479, 4.80797244, 5.90749268, 2.3149053 , 4.95967427,
       6.00398717, 5.59616488, 4.6478051 , 5.72083215, 4.45232056,
       0.44960954, 3.33621823, 4.40949548, 3.88224516, 2.4170282 ,
       5.54083313, 2.70521998, 5.1235604 , 1.99723921, 5.01220366,
       3.11837304, 2.85028231, 5.73933418, 1.99040346, 4.35954986,
       4.06441945, 3.70810913, 3.14418654, 6.37886787, 5.88779313,
       0.38516867, 1.86353747, 5.04890869, 5.39790392, 1.05061824])]",[519.9755852222443]
