,problem,layers,optimizer,solutions,parameters,time
0,"{'type': 'maxcut', 'graph': {'directed': False, 'multigraph': False, 'graph': {}, 'nodes': [{'id': 0}, {'id': 1}, {'id': 2}, {'id': 3}, {'id': 4}], 'links': [{'weight': 1, 'source': 0, 'target': 1}, {'weight': 7, 'source': 0, 'target': 2}, {'weight': 1, 'source': 0, 'target': 3}, {'weight': 7, 'source': 0, 'target': 4}, {'weight': 9, 'source': 1, 'target': 2}, {'weight': 7, 'source': 1, 'target': 3}, {'weight': 5, 'source': 1, 'target': 4}, {'weight': 6, 'source': 2, 'target': 3}, {'weight': 1, 'source': 2, 'target': 4}, {'weight': 5, 'source': 3, 'target': 4}]}, 'position': {0: [-1.0, 0.19306311148226846], 1: [0.6487986200945854, 0.17922345757500216], 2: [-0.23059649502081692, -0.5189640061498542], 3: [0.672239837510958, -0.5713801483347366], 4: [-0.09044196258472671, 0.7180575854273197]}, 'solution': ([0, 0, 1, 0, 1], 39.0)}",30,"{'optimizer': 'COBYLA', 'maxiter': 100, 'shots': 1024, 'parameter_strategy': 'RANDOM', 'x0': None, 'backend': <QAOA_Tester.Backend.NoisyEstimatorBackend object at 0x7f6c20838280>}","[([0, 0, 0, 1, 1], -27.0)]","[array([3.36795853, 4.08721044, 5.13500187, 4.94223737, 6.12506045,
       4.91931901, 1.28240991, 4.96787893, 4.69054688, 0.46254241,
       3.78005514, 0.45742407, 5.36567606, 6.01856265, 5.01033105,
       0.39515579, 0.44789913, 0.24175543, 6.01533068, 0.54497719,
       4.06931209, 5.26276511, 3.84123498, 0.94391799, 1.37888534,
       5.27091021, 3.66181708, 4.77249529, 3.90182388, 0.29773642,
       5.03102186, 1.30129281, 1.855579  , 3.56027521, 5.21026398,
       2.27334878, 5.81986023, 0.55313649, 5.95860287, 2.20130887,
       6.18432302, 4.00804325, 2.67884765, 3.08879245, 3.17668816,
       5.77720986, 0.97807601, 6.21582368, 3.01552131, 2.18321341,
       5.88189586, 0.74600447, 5.75507173, 1.05858275, 4.40408731,
       4.70985938, 1.76509381, 6.18685231, 0.62766414, 2.98003586])]",[496.6390800476074]
