,problem,layers,optimizer,solutions,parameters,time
0,"{'type': 'maxcut', 'graph': {'directed': False, 'multigraph': False, 'graph': {}, 'nodes': [{'id': 0}, {'id': 1}, {'id': 2}, {'id': 3}, {'id': 4}], 'links': [{'weight': 1, 'source': 0, 'target': 1}, {'weight': 7, 'source': 0, 'target': 2}, {'weight': 1, 'source': 0, 'target': 3}, {'weight': 7, 'source': 0, 'target': 4}, {'weight': 9, 'source': 1, 'target': 2}, {'weight': 7, 'source': 1, 'target': 3}, {'weight': 5, 'source': 1, 'target': 4}, {'weight': 6, 'source': 2, 'target': 3}, {'weight': 1, 'source': 2, 'target': 4}, {'weight': 5, 'source': 3, 'target': 4}]}, 'position': {0: [-1.0, 0.19306311148226846], 1: [0.6487986200945854, 0.17922345757500216], 2: [-0.23059649502081692, -0.5189640061498542], 3: [0.672239837510958, -0.5713801483347366], 4: [-0.09044196258472671, 0.7180575854273197]}, 'solution': ([0, 0, 1, 0, 1], 39.0)}",29,"{'optimizer': 'COBYLA', 'maxiter': 100, 'shots': 1024, 'parameter_strategy': 'RANDOM', 'x0': None, 'backend': <QAOA_Tester.Backend.NoisyEstimatorBackend object at 0x7fa840e30190>}","[([0, 1, 1, 0, 0], -27.0)]","[array([ 1.30663733,  0.69435762,  5.20441763,  5.96959616,  1.45418611,
        1.8137638 ,  0.63194669,  5.25073891,  5.58948123,  0.551036  ,
        4.02008189,  1.14092203,  2.67898865,  2.15451529,  4.35615852,
        2.34487821,  0.21598089,  0.76038329,  4.10578448,  4.32697939,
        1.26727824,  5.85358373,  6.01434669,  3.85798188,  2.03465661,
        5.28432405,  0.18149669,  3.59081976, -0.28557831,  4.57986389,
        0.14679204,  0.7033733 ,  1.23801367,  0.59209183,  1.8230329 ,
        0.31921049,  2.39384217,  4.84925641,  2.39389005,  2.23121636,
        5.57371247,  4.62930198,  5.11768013,  1.28470465,  3.48514513,
        2.97601085,  2.61336942,  2.09649772,  5.1875007 ,  2.91554253,
        3.67536785,  4.62859494,  4.97043325,  5.10867122,  5.20515536,
        5.27872383,  2.10504934,  0.75483415])]",[624.1644072532654]
