,problem,layers,optimizer,solutions,parameters,time
0,"{'type': 'maxcut', 'graph': {'directed': False, 'multigraph': False, 'graph': {}, 'nodes': [{'id': 0}, {'id': 1}, {'id': 2}, {'id': 3}, {'id': 4}], 'links': [{'weight': 1, 'source': 0, 'target': 1}, {'weight': 7, 'source': 0, 'target': 2}, {'weight': 1, 'source': 0, 'target': 3}, {'weight': 7, 'source': 0, 'target': 4}, {'weight': 9, 'source': 1, 'target': 2}, {'weight': 7, 'source': 1, 'target': 3}, {'weight': 5, 'source': 1, 'target': 4}, {'weight': 6, 'source': 2, 'target': 3}, {'weight': 1, 'source': 2, 'target': 4}, {'weight': 5, 'source': 3, 'target': 4}]}, 'position': {0: [-1.0, 0.19306311148226846], 1: [0.6487986200945854, 0.17922345757500216], 2: [-0.23059649502081692, -0.5189640061498542], 3: [0.672239837510958, -0.5713801483347366], 4: [-0.09044196258472671, 0.7180575854273197]}, 'solution': ([0, 0, 1, 0, 1], 39.0)}",26,"{'optimizer': 'COBYLA', 'maxiter': 100, 'shots': 1024, 'parameter_strategy': 'RANDOM', 'x0': None, 'backend': <QAOA_Tester.Backend.NoisyEstimatorBackend object at 0x7f0eccc5a470>}","[([1, 1, 0, 0, 1], -30.0)]","[array([ 4.83416493e+00,  5.34787665e+00,  4.57853290e+00,  1.82829182e+00,
        3.56669871e+00,  2.51031580e+00,  5.68583267e+00,  9.71892866e-02,
        3.85903312e+00,  3.42499984e+00,  1.53809230e+00,  1.35996814e-01,
        2.68507435e+00,  5.21723745e-01,  3.50179186e-01,  2.39739751e+00,
        4.93228058e+00,  6.40968455e-01, -2.22523058e-01,  1.86374419e-01,
        3.87924381e+00,  2.82618404e+00,  2.07072984e+00,  4.55899732e+00,
        6.05810445e+00,  5.18259361e+00,  8.55293961e-01,  1.18431180e+00,
        4.64132838e-02,  2.22177263e+00,  4.55227403e-03,  5.04587943e+00,
        1.85385958e+00,  1.77079134e+00,  2.18839146e+00,  3.28253095e+00,
        1.07923407e+00,  1.40313747e+00,  3.93210999e+00,  3.42795445e+00,
        1.68286224e+00,  3.51687456e-01,  2.82012468e+00,  5.30869053e+00,
        3.31031068e+00,  3.80793249e+00,  6.00673785e+00,  2.57172315e+00,
        3.85969416e+00,  5.89288627e+00,  5.63136878e+00,  4.87304587e+00])]",[620.4193344116211]
