,problem,layers,optimizer,solutions,parameters,time
0,"{'type': 'maxcut', 'graph': {'directed': False, 'multigraph': False, 'graph': {}, 'nodes': [{'id': 0}, {'id': 1}, {'id': 2}, {'id': 3}, {'id': 4}], 'links': [{'weight': 1, 'source': 0, 'target': 1}, {'weight': 7, 'source': 0, 'target': 2}, {'weight': 1, 'source': 0, 'target': 3}, {'weight': 7, 'source': 0, 'target': 4}, {'weight': 9, 'source': 1, 'target': 2}, {'weight': 7, 'source': 1, 'target': 3}, {'weight': 5, 'source': 1, 'target': 4}, {'weight': 6, 'source': 2, 'target': 3}, {'weight': 1, 'source': 2, 'target': 4}, {'weight': 5, 'source': 3, 'target': 4}]}, 'position': {0: [-1.0, 0.19306311148226846], 1: [0.6487986200945854, 0.17922345757500216], 2: [-0.23059649502081692, -0.5189640061498542], 3: [0.672239837510958, -0.5713801483347366], 4: [-0.09044196258472671, 0.7180575854273197]}, 'solution': ([0, 0, 1, 0, 1], 39.0)}",24,"{'optimizer': 'COBYLA', 'maxiter': 100, 'shots': 1024, 'parameter_strategy': 'RANDOM', 'x0': None, 'backend': <QAOA_Tester.Backend.NoisyEstimatorBackend object at 0x7f8d97bb0250>}","[([0, 1, 0, 0, 1], -30.0)]","[array([5.41810179, 5.14612189, 2.02225221, 1.79446877, 2.89191377,
       3.44231875, 4.23632302, 3.5193229 , 3.01128311, 3.35891978,
       4.25059804, 1.83038851, 0.03880803, 2.26531862, 3.4684978 ,
       2.26498536, 5.19954745, 1.41884559, 0.54586873, 0.79703479,
       5.93750087, 3.46047778, 4.37179787, 1.3114658 , 6.2051291 ,
       3.63922198, 2.80982811, 1.55073388, 1.83338318, 4.1804725 ,
       0.14612853, 4.01586295, 3.07109361, 0.25042869, 4.31544541,
       1.08605296, 5.85168291, 5.62215034, 4.04813364, 0.70659074,
       0.76167552, 4.69880236, 4.13288528, 2.93619748, 2.36831151,
       1.89035741, 6.10581324, 1.59708899])]",[594.6457056999207]
