,problem,layers,optimizer,solutions,parameters,time
0,"{'type': 'maxcut', 'graph': {'directed': False, 'multigraph': False, 'graph': {}, 'nodes': [{'id': 0}, {'id': 1}, {'id': 2}, {'id': 3}, {'id': 4}], 'links': [{'weight': 1, 'source': 0, 'target': 1}, {'weight': 7, 'source': 0, 'target': 2}, {'weight': 1, 'source': 0, 'target': 3}, {'weight': 7, 'source': 0, 'target': 4}, {'weight': 9, 'source': 1, 'target': 2}, {'weight': 7, 'source': 1, 'target': 3}, {'weight': 5, 'source': 1, 'target': 4}, {'weight': 6, 'source': 2, 'target': 3}, {'weight': 1, 'source': 2, 'target': 4}, {'weight': 5, 'source': 3, 'target': 4}]}, 'position': {0: [-1.0, 0.19306311148226846], 1: [0.6487986200945854, 0.17922345757500216], 2: [-0.23059649502081692, -0.5189640061498542], 3: [0.672239837510958, -0.5713801483347366], 4: [-0.09044196258472671, 0.7180575854273197]}, 'solution': ([0, 0, 1, 0, 1], 39.0)}",27,"{'optimizer': 'COBYLA', 'maxiter': 100, 'shots': 1024, 'parameter_strategy': 'RANDOM', 'x0': None, 'backend': <QAOA_Tester.Backend.NoisyEstimatorBackend object at 0x7f50f5d4d4b0>}","[([0, 1, 0, 1, 0], -27.0)]","[array([3.78247304, 1.47830934, 4.42687639, 4.2128841 , 6.05498681,
       4.92120837, 3.47184512, 4.63696126, 4.56024102, 3.7639231 ,
       0.18150221, 5.95155518, 4.26826873, 3.73147132, 5.75758507,
       1.14814321, 4.76780893, 3.74912328, 1.60316219, 3.92605858,
       6.10015324, 0.98885576, 1.67086042, 3.28895812, 6.38972884,
       0.53285123, 6.57500232, 1.43141789, 1.57834262, 4.18581964,
       0.9444173 , 2.64074639, 5.22835582, 5.64395071, 6.08329596,
       1.98110977, 5.5077199 , 4.8496269 , 1.70785284, 3.41647753,
       0.79074612, 1.30569899, 0.56631206, 4.92368707, 5.6411743 ,
       3.48082894, 2.43458691, 4.73432593, 0.54917259, 3.33208429,
       2.63282595, 1.67196689, 2.86460025, 5.64102167])]",[623.9089562892914]
