,problem,layers,optimizer,solutions,parameters,time
0,"{'type': 'maxcut', 'graph': {'directed': False, 'multigraph': False, 'graph': {}, 'nodes': [{'id': 0}, {'id': 1}, {'id': 2}, {'id': 3}, {'id': 4}], 'links': [{'weight': 1, 'source': 0, 'target': 1}, {'weight': 7, 'source': 0, 'target': 2}, {'weight': 1, 'source': 0, 'target': 3}, {'weight': 7, 'source': 0, 'target': 4}, {'weight': 9, 'source': 1, 'target': 2}, {'weight': 7, 'source': 1, 'target': 3}, {'weight': 5, 'source': 1, 'target': 4}, {'weight': 6, 'source': 2, 'target': 3}, {'weight': 1, 'source': 2, 'target': 4}, {'weight': 5, 'source': 3, 'target': 4}]}, 'position': {0: [-1.0, 0.19306311148226846], 1: [0.6487986200945854, 0.17922345757500216], 2: [-0.23059649502081692, -0.5189640061498542], 3: [0.672239837510958, -0.5713801483347366], 4: [-0.09044196258472671, 0.7180575854273197]}, 'solution': ([0, 0, 1, 0, 1], 39.0)}",20,"{'optimizer': 'COBYLA', 'maxiter': 100, 'shots': 1024, 'parameter_strategy': 'RANDOM', 'x0': None, 'backend': <QAOA_Tester.Backend.NoisyEstimatorBackend object at 0x7f817876aaa0>}","[([1, 0, 0, 0, 1], -20.0)]","[array([3.48003691, 4.81691154, 0.12805746, 2.85133534, 3.83670302,
       5.84560949, 0.81337003, 1.14109117, 3.43954902, 4.27732101,
       5.42677751, 1.51581599, 5.67045894, 1.71432531, 1.6016316 ,
       3.61387376, 1.22466429, 6.13384043, 1.82284089, 5.38509656,
       4.27469191, 3.27605495, 5.55523441, 4.9674088 , 1.80597021,
       5.9875237 , 4.14943729, 3.42839964, 0.14792637, 5.17733244,
       5.13822906, 2.3811941 , 0.20891679, 0.57470442, 3.92905179,
       3.77796035, 5.37913609, 1.87401186, 1.44667071, 4.35472445])]",[623.8418393135071]
