,problem,layers,optimizer,solutions,parameters,time
0,"{'type': 'maxcut', 'graph': {'directed': False, 'multigraph': False, 'graph': {}, 'nodes': [{'id': 0}, {'id': 1}, {'id': 2}, {'id': 3}, {'id': 4}], 'links': [{'weight': 1, 'source': 0, 'target': 1}, {'weight': 7, 'source': 0, 'target': 2}, {'weight': 1, 'source': 0, 'target': 3}, {'weight': 7, 'source': 0, 'target': 4}, {'weight': 9, 'source': 1, 'target': 2}, {'weight': 7, 'source': 1, 'target': 3}, {'weight': 5, 'source': 1, 'target': 4}, {'weight': 6, 'source': 2, 'target': 3}, {'weight': 1, 'source': 2, 'target': 4}, {'weight': 5, 'source': 3, 'target': 4}]}, 'position': {0: [-1.0, 0.19306311148226846], 1: [0.6487986200945854, 0.17922345757500216], 2: [-0.23059649502081692, -0.5189640061498542], 3: [0.672239837510958, -0.5713801483347366], 4: [-0.09044196258472671, 0.7180575854273197]}, 'solution': ([0, 0, 1, 0, 1], 39.0)}",20,"{'optimizer': 'COBYLA', 'maxiter': 100, 'shots': 1024, 'parameter_strategy': 'RANDOM', 'x0': None, 'backend': <QAOA_Tester.Backend.NoisyEstimatorBackend object at 0x7fa8e3328160>}","[([1, 1, 0, 1, 1], -23.0)]","[array([ 1.5887617 ,  2.88334309,  2.47274373,  0.75331743,  4.32475684,
        4.10104294,  5.381653  ,  1.76217793,  2.94251279,  4.32124647,
        5.50147759,  0.25458242,  2.17956543,  2.64861215,  0.86294854,
        2.06193519,  0.65597892,  2.24624768,  0.62467377,  6.37465788,
        3.85662034,  3.33449142,  0.37180437,  0.63749328,  2.64982866,
        1.93752928,  4.18113681,  3.84515985,  0.80063454,  0.4760344 ,
        0.43735804,  4.56415702, -0.01435224,  2.47783854,  5.5092147 ,
        1.25252072,  2.87369036,  2.32716796,  4.62651265,  1.08311757])]",[609.6065359115601]
