,problem,layers,optimizer,solutions,parameters,time
0,"{'type': 'maxcut', 'graph': {'directed': False, 'multigraph': False, 'graph': {}, 'nodes': [{'id': 0}, {'id': 1}, {'id': 2}, {'id': 3}, {'id': 4}], 'links': [{'weight': 1, 'source': 0, 'target': 1}, {'weight': 7, 'source': 0, 'target': 2}, {'weight': 1, 'source': 0, 'target': 3}, {'weight': 7, 'source': 0, 'target': 4}, {'weight': 9, 'source': 1, 'target': 2}, {'weight': 7, 'source': 1, 'target': 3}, {'weight': 5, 'source': 1, 'target': 4}, {'weight': 6, 'source': 2, 'target': 3}, {'weight': 1, 'source': 2, 'target': 4}, {'weight': 5, 'source': 3, 'target': 4}]}, 'position': {0: [-1.0, 0.19306311148226846], 1: [0.6487986200945854, 0.17922345757500216], 2: [-0.23059649502081692, -0.5189640061498542], 3: [0.672239837510958, -0.5713801483347366], 4: [-0.09044196258472671, 0.7180575854273197]}, 'solution': ([0, 0, 1, 0, 1], 39.0)}",18,"{'optimizer': 'COBYLA', 'maxiter': 100, 'shots': 1024, 'parameter_strategy': 'RANDOM', 'x0': None, 'backend': <QAOA_Tester.Backend.NoisyEstimatorBackend object at 0x7eff899a01c0>}","[([0, 0, 0, 1, 1], -27.0)]","[array([0.59784145, 0.99628453, 1.62883084, 0.84929572, 3.63684086,
       3.22349432, 5.32940905, 2.41790128, 3.52997202, 0.08103322,
       3.81080609, 2.2184763 , 0.9369812 , 4.74406353, 5.66966908,
       6.11487284, 5.25868156, 1.75015566, 6.09788846, 0.62423022,
       1.82277631, 1.71863077, 0.56393495, 4.33832973, 1.44277697,
       5.56767717, 3.08602079, 5.62038498, 1.77917973, 4.50379661,
       0.74727148, 3.25566924, 3.60477413, 5.76041457, 0.09096836,
       5.50163998])]",[606.5219004154205]
