,problem,layers,optimizer,solutions,parameters,time
0,"{'type': 'maxcut', 'graph': {'directed': False, 'multigraph': False, 'graph': {}, 'nodes': [{'id': 0}, {'id': 1}, {'id': 2}, {'id': 3}, {'id': 4}], 'links': [{'weight': 1, 'source': 0, 'target': 1}, {'weight': 7, 'source': 0, 'target': 2}, {'weight': 1, 'source': 0, 'target': 3}, {'weight': 7, 'source': 0, 'target': 4}, {'weight': 9, 'source': 1, 'target': 2}, {'weight': 7, 'source': 1, 'target': 3}, {'weight': 5, 'source': 1, 'target': 4}, {'weight': 6, 'source': 2, 'target': 3}, {'weight': 1, 'source': 2, 'target': 4}, {'weight': 5, 'source': 3, 'target': 4}]}, 'position': {0: [-1.0, 0.19306311148226846], 1: [0.6487986200945854, 0.17922345757500216], 2: [-0.23059649502081692, -0.5189640061498542], 3: [0.672239837510958, -0.5713801483347366], 4: [-0.09044196258472671, 0.7180575854273197]}, 'solution': ([0, 0, 1, 0, 1], 39.0)}",18,"{'optimizer': 'COBYLA', 'maxiter': 100, 'shots': 1024, 'parameter_strategy': 'RANDOM', 'x0': None, 'backend': <QAOA_Tester.Backend.NoisyEstimatorBackend object at 0x7f27c0f6c1c0>}","[([1, 0, 1, 0, 1], -27.0)]","[array([3.79392884, 2.83659898, 1.76399817, 5.64635379, 6.07479192,
       6.23047734, 1.20591218, 3.35142473, 4.84854256, 0.11721619,
       1.54642853, 4.76936653, 4.45098464, 4.33179389, 3.49209351,
       4.1330529 , 1.16412973, 4.06895626, 6.21764033, 3.15483176,
       1.39916552, 4.37369608, 2.62936118, 3.07023661, 2.7213814 ,
       3.93487368, 4.15880991, 3.88976593, 5.50977369, 4.8735457 ,
       1.59463928, 4.09892919, 3.32113377, 1.10261716, 2.08588588,
       4.70457792])]",[610.4623019695282]
