,problem,layers,optimizer,solutions,parameters,time
0,"{'type': 'maxcut', 'graph': {'directed': False, 'multigraph': False, 'graph': {}, 'nodes': [{'id': 0}, {'id': 1}, {'id': 2}, {'id': 3}, {'id': 4}], 'links': [{'weight': 1, 'source': 0, 'target': 1}, {'weight': 7, 'source': 0, 'target': 2}, {'weight': 1, 'source': 0, 'target': 3}, {'weight': 7, 'source': 0, 'target': 4}, {'weight': 9, 'source': 1, 'target': 2}, {'weight': 7, 'source': 1, 'target': 3}, {'weight': 5, 'source': 1, 'target': 4}, {'weight': 6, 'source': 2, 'target': 3}, {'weight': 1, 'source': 2, 'target': 4}, {'weight': 5, 'source': 3, 'target': 4}]}, 'position': {0: [-1.0, 0.19306311148226846], 1: [0.6487986200945854, 0.17922345757500216], 2: [-0.23059649502081692, -0.5189640061498542], 3: [0.672239837510958, -0.5713801483347366], 4: [-0.09044196258472671, 0.7180575854273197]}, 'solution': ([0, 0, 1, 0, 1], 39.0)}",30,"{'optimizer': 'COBYLA', 'maxiter': 100, 'shots': 1024, 'parameter_strategy': 'RANDOM', 'x0': None, 'backend': <QAOA_Tester.Backend.NoisyEstimatorBackend object at 0x7f8de7e04220>}","[([1, 0, 1, 0, 1], -27.0)]","[array([4.57134426, 6.26889481, 5.55677125, 2.43474787, 3.60825418,
       2.6082652 , 5.63414529, 5.93115254, 4.62604697, 1.79287413,
       5.86057782, 2.31332905, 5.27282336, 1.62235552, 1.65671656,
       0.64818118, 1.42925669, 3.75951098, 1.3103276 , 5.40877868,
       4.24803698, 3.55468053, 2.39590884, 5.79765114, 5.64230672,
       2.76581316, 1.08192427, 3.94993675, 0.54561963, 4.58637936,
       5.19908327, 1.15051076, 1.17238501, 1.99180937, 1.37972209,
       3.11301488, 5.60912896, 1.47600397, 5.16456978, 3.11507285,
       3.02030258, 5.94036195, 3.63824168, 5.07956209, 5.63270525,
       5.02993969, 1.933866  , 2.72493763, 5.39938251, 1.29873381,
       2.49621415, 5.90737833, 1.7372275 , 0.79054874, 1.70234752,
       0.7174311 , 2.62975934, 4.02351168, 2.49672588, 0.05030123])]",[574.6862292289734]
