,problem,layers,optimizer,solutions,parameters,time
0,"{'type': 'maxcut', 'graph': {'directed': False, 'multigraph': False, 'graph': {}, 'nodes': [{'id': 0}, {'id': 1}, {'id': 2}, {'id': 3}, {'id': 4}], 'links': [{'weight': 1, 'source': 0, 'target': 1}, {'weight': 7, 'source': 0, 'target': 2}, {'weight': 1, 'source': 0, 'target': 3}, {'weight': 7, 'source': 0, 'target': 4}, {'weight': 9, 'source': 1, 'target': 2}, {'weight': 7, 'source': 1, 'target': 3}, {'weight': 5, 'source': 1, 'target': 4}, {'weight': 6, 'source': 2, 'target': 3}, {'weight': 1, 'source': 2, 'target': 4}, {'weight': 5, 'source': 3, 'target': 4}]}, 'position': {0: [-1.0, 0.19306311148226846], 1: [0.6487986200945854, 0.17922345757500216], 2: [-0.23059649502081692, -0.5189640061498542], 3: [0.672239837510958, -0.5713801483347366], 4: [-0.09044196258472671, 0.7180575854273197]}, 'solution': ([0, 0, 1, 0, 1], 39.0)}",20,"{'optimizer': 'COBYLA', 'maxiter': 100, 'shots': 1024, 'parameter_strategy': 'RANDOM', 'x0': None, 'backend': <QAOA_Tester.Backend.NoisyEstimatorBackend object at 0x7f2675952ce0>}","[([1, 1, 0, 0, 0], -36.0)]","[array([2.63939021, 2.5756529 , 4.37037638, 0.8249831 , 4.70892002,
       1.96819405, 2.72933439, 2.84578123, 5.5904889 , 4.82005529,
       2.74408528, 3.36760716, 1.99205293, 5.60061699, 3.66807544,
       1.98066614, 5.00268899, 0.58277366, 2.34772254, 2.78542949,
       2.32402631, 0.04156651, 1.58842018, 5.82611157, 3.05636431,
       4.53494499, 4.91558175, 2.07876583, 1.46227216, 1.65032428,
       4.72631999, 4.87066898, 4.93942064, 4.88713711, 1.21328141,
       5.69943689, 2.20410438, 1.91375217, 3.72784873, 1.90570716])]",[597.8939440250397]
