,problem,layers,optimizer,solutions,parameters,time
0,"{'type': 'maxcut', 'graph': {'directed': False, 'multigraph': False, 'graph': {}, 'nodes': [{'id': 0}, {'id': 1}, {'id': 2}, {'id': 3}, {'id': 4}], 'links': [{'weight': 1, 'source': 0, 'target': 1}, {'weight': 7, 'source': 0, 'target': 2}, {'weight': 1, 'source': 0, 'target': 3}, {'weight': 7, 'source': 0, 'target': 4}, {'weight': 9, 'source': 1, 'target': 2}, {'weight': 7, 'source': 1, 'target': 3}, {'weight': 5, 'source': 1, 'target': 4}, {'weight': 6, 'source': 2, 'target': 3}, {'weight': 1, 'source': 2, 'target': 4}, {'weight': 5, 'source': 3, 'target': 4}]}, 'position': {0: [-1.0, 0.19306311148226846], 1: [0.6487986200945854, 0.17922345757500216], 2: [-0.23059649502081692, -0.5189640061498542], 3: [0.672239837510958, -0.5713801483347366], 4: [-0.09044196258472671, 0.7180575854273197]}, 'solution': ([0, 0, 1, 0, 1], 39.0)}",21,"{'optimizer': 'COBYLA', 'maxiter': 100, 'shots': 1024, 'parameter_strategy': 'RANDOM', 'x0': None, 'backend': <QAOA_Tester.Backend.NoisyEstimatorBackend object at 0x7f9c980d2b60>}","[([1, 1, 0, 1, 0], -39.0)]","[array([ 2.52483664,  4.62734099,  4.79451191,  5.2851888 ,  6.33743811,
        4.81462075,  3.01902001,  2.92556901,  2.13163298, -0.18070645,
        0.94938761,  2.20328674,  2.66388822, -0.05603157,  6.29287035,
        0.33480583,  5.93084379,  1.67801154,  2.37914315,  2.1395483 ,
        5.76102595,  0.96784619,  0.32039564,  5.39668878,  3.07754079,
        1.28908064, -0.01342349,  4.35799327,  6.01976203,  5.37882436,
        5.35457944,  0.37497075,  0.42237602,  6.15054054,  4.4222697 ,
        0.31510219,  2.01170829,  2.66251026,  1.77901692,  6.06312409,
        2.57198673,  3.82492829])]",[566.747086763382]
