,problem,layers,optimizer,solutions,parameters,time
0,"{'type': 'maxcut', 'graph': {'directed': False, 'multigraph': False, 'graph': {}, 'nodes': [{'id': 0}, {'id': 1}, {'id': 2}, {'id': 3}, {'id': 4}], 'links': [{'weight': 1, 'source': 0, 'target': 1}, {'weight': 7, 'source': 0, 'target': 2}, {'weight': 1, 'source': 0, 'target': 3}, {'weight': 7, 'source': 0, 'target': 4}, {'weight': 9, 'source': 1, 'target': 2}, {'weight': 7, 'source': 1, 'target': 3}, {'weight': 5, 'source': 1, 'target': 4}, {'weight': 6, 'source': 2, 'target': 3}, {'weight': 1, 'source': 2, 'target': 4}, {'weight': 5, 'source': 3, 'target': 4}]}, 'position': {0: [-1.0, 0.19306311148226846], 1: [0.6487986200945854, 0.17922345757500216], 2: [-0.23059649502081692, -0.5189640061498542], 3: [0.672239837510958, -0.5713801483347366], 4: [-0.09044196258472671, 0.7180575854273197]}, 'solution': ([0, 0, 1, 0, 1], 39.0)}",24,"{'optimizer': 'COBYLA', 'maxiter': 100, 'shots': 1024, 'parameter_strategy': 'RANDOM', 'x0': None, 'backend': <QAOA_Tester.Backend.NoisyEstimatorBackend object at 0x7f08bb4cdd20>}","[([0, 1, 0, 0, 1], -30.0)]","[array([3.81620771, 1.91041807, 4.55177255, 1.33588547, 5.45889838,
       0.46766702, 1.1319226 , 5.20505347, 5.9140275 , 5.77988657,
       1.05295945, 0.20965161, 3.60630341, 2.79943833, 1.79566148,
       4.52425577, 3.72670633, 0.26486207, 3.19445481, 2.66204148,
       4.31067659, 3.01909743, 1.19818219, 2.9748411 , 2.50454457,
       4.02189862, 3.2735141 , 0.80263828, 4.20754823, 1.71004301,
       5.31508232, 5.97262893, 2.2804244 , 2.11987324, 4.27973942,
       4.32489299, 4.99401692, 2.04953462, 0.90929435, 3.33461937,
       5.49534573, 0.73523859, 4.68418765, 5.44894468, 3.76203712,
       6.21890848, 6.11154303, 4.26715498])]",[583.8952848911285]
