,problem,layers,optimizer,solutions,parameters,time
0,"{'type': 'maxcut', 'graph': {'directed': False, 'multigraph': False, 'graph': {}, 'nodes': [{'id': 0}, {'id': 1}, {'id': 2}, {'id': 3}, {'id': 4}], 'links': [{'weight': 1, 'source': 0, 'target': 1}, {'weight': 7, 'source': 0, 'target': 2}, {'weight': 1, 'source': 0, 'target': 3}, {'weight': 7, 'source': 0, 'target': 4}, {'weight': 9, 'source': 1, 'target': 2}, {'weight': 7, 'source': 1, 'target': 3}, {'weight': 5, 'source': 1, 'target': 4}, {'weight': 6, 'source': 2, 'target': 3}, {'weight': 1, 'source': 2, 'target': 4}, {'weight': 5, 'source': 3, 'target': 4}]}, 'position': {0: [-1.0, 0.19306311148226846], 1: [0.6487986200945854, 0.17922345757500216], 2: [-0.23059649502081692, -0.5189640061498542], 3: [0.672239837510958, -0.5713801483347366], 4: [-0.09044196258472671, 0.7180575854273197]}, 'solution': ([0, 0, 1, 0, 1], 39.0)}",30,"{'optimizer': 'COBYLA', 'maxiter': 100, 'shots': 1024, 'parameter_strategy': 'RANDOM', 'x0': None, 'backend': <QAOA_Tester.Backend.NoisyEstimatorBackend object at 0x7fc8afd12a10>}","[([1, 1, 1, 0, 1], -19.0)]","[array([2.5819218 , 4.36984403, 3.89674814, 0.85365021, 1.81996443,
       3.33932332, 3.89917574, 4.62576492, 0.70200323, 3.43356124,
       4.02371639, 3.76216142, 1.82010011, 4.56306571, 2.36305661,
       0.45950449, 0.46729126, 5.66301723, 3.72014556, 2.60125733,
       1.4495302 , 6.16590199, 0.90400649, 0.31159841, 3.55766747,
       4.96551642, 0.58634993, 4.23699077, 4.57544758, 4.258981  ,
       5.29777781, 3.99166959, 3.50175184, 3.88029187, 6.09869635,
       0.35111339, 0.57487595, 4.38944168, 4.7112815 , 2.84558145,
       4.78376952, 4.99687648, 1.94858006, 4.93677927, 6.19008027,
       1.85679392, 5.24063927, 0.92734313, 0.01158604, 5.03186349,
       4.44012149, 4.10950541, 2.15444586, 6.23873608, 4.34298301,
       2.44287326, 6.127203  , 5.84446651, 2.51447123, 2.72759196])]",[542.772940158844]
