,problem,layers,optimizer,solutions,parameters,time
0,"{'type': 'maxcut', 'graph': {'directed': False, 'multigraph': False, 'graph': {}, 'nodes': [{'id': 0}, {'id': 1}, {'id': 2}, {'id': 3}, {'id': 4}], 'links': [{'weight': 1, 'source': 0, 'target': 1}, {'weight': 7, 'source': 0, 'target': 2}, {'weight': 1, 'source': 0, 'target': 3}, {'weight': 7, 'source': 0, 'target': 4}, {'weight': 9, 'source': 1, 'target': 2}, {'weight': 7, 'source': 1, 'target': 3}, {'weight': 5, 'source': 1, 'target': 4}, {'weight': 6, 'source': 2, 'target': 3}, {'weight': 1, 'source': 2, 'target': 4}, {'weight': 5, 'source': 3, 'target': 4}]}, 'position': {0: [-1.0, 0.19306311148226846], 1: [0.6487986200945854, 0.17922345757500216], 2: [-0.23059649502081692, -0.5189640061498542], 3: [0.672239837510958, -0.5713801483347366], 4: [-0.09044196258472671, 0.7180575854273197]}, 'solution': ([0, 0, 1, 0, 1], 39.0)}",22,"{'optimizer': 'COBYLA', 'maxiter': 100, 'shots': 1024, 'parameter_strategy': 'RANDOM', 'x0': None, 'backend': <QAOA_Tester.Backend.NoisyEstimatorBackend object at 0x7f5419fbe740>}","[([0, 1, 1, 0, 0], -27.0)]","[array([1.52367007, 0.49827115, 2.28420745, 4.23446742, 5.61513384,
       4.07372117, 4.842207  , 6.01281538, 2.55293876, 4.85942749,
       5.30903812, 3.06104594, 4.309813  , 1.07025165, 2.96059725,
       1.76011749, 3.19067326, 2.86941754, 3.98111018, 2.02900928,
       4.14318712, 2.41235095, 2.81107285, 6.1424179 , 3.59247037,
       5.94256114, 4.35686997, 1.67665363, 4.28086099, 3.39158376,
       4.69796638, 4.9499159 , 3.8790458 , 4.06726408, 1.03709111,
       2.09441027, 1.264983  , 4.66849459, 3.90993872, 0.26573549,
       5.81736435, 4.55150816, 4.37677767, 4.5577975 ])]",[609.5383951663971]
