,problem,layers,optimizer,solutions,parameters,time
0,"{'type': 'maxcut', 'graph': {'directed': False, 'multigraph': False, 'graph': {}, 'nodes': [{'id': 0}, {'id': 1}, {'id': 2}, {'id': 3}, {'id': 4}], 'links': [{'weight': 1, 'source': 0, 'target': 1}, {'weight': 7, 'source': 0, 'target': 2}, {'weight': 1, 'source': 0, 'target': 3}, {'weight': 7, 'source': 0, 'target': 4}, {'weight': 9, 'source': 1, 'target': 2}, {'weight': 7, 'source': 1, 'target': 3}, {'weight': 5, 'source': 1, 'target': 4}, {'weight': 6, 'source': 2, 'target': 3}, {'weight': 1, 'source': 2, 'target': 4}, {'weight': 5, 'source': 3, 'target': 4}]}, 'position': {0: [-1.0, 0.19306311148226846], 1: [0.6487986200945854, 0.17922345757500216], 2: [-0.23059649502081692, -0.5189640061498542], 3: [0.672239837510958, -0.5713801483347366], 4: [-0.09044196258472671, 0.7180575854273197]}, 'solution': ([0, 0, 1, 0, 1], 39.0)}",20,"{'optimizer': 'COBYLA', 'maxiter': 100, 'shots': 1024, 'parameter_strategy': 'RANDOM', 'x0': None, 'backend': <QAOA_Tester.Backend.NoisyEstimatorBackend object at 0x7f4b8597e3b0>}","[([0, 0, 0, 0, 1], -18.0)]","[array([4.39892798, 3.05282345, 6.02483863, 0.82154781, 4.5834936 ,
       0.52081604, 4.54791929, 3.97936462, 3.4443603 , 3.29219707,
       0.81354638, 0.32482595, 5.1007619 , 2.0781116 , 3.57697702,
       0.78167771, 4.48323852, 0.9560871 , 2.83268352, 7.24227253,
       4.18162268, 3.84913062, 5.93933272, 5.89666389, 0.89240517,
       3.39270263, 2.54983334, 4.82947917, 5.40485166, 3.59987241,
       2.00221442, 5.54929008, 2.30114439, 2.61201338, 0.82435325,
       6.11998996, 4.78373041, 0.98602631, 0.42833746, 4.65358732])]",[624.0163555145264]
