,problem,layers,optimizer,solutions,parameters,time
0,"{'type': 'maxcut', 'graph': {'directed': False, 'multigraph': False, 'graph': {}, 'nodes': [{'id': 0}, {'id': 1}, {'id': 2}, {'id': 3}, {'id': 4}], 'links': [{'weight': 1, 'source': 0, 'target': 1}, {'weight': 7, 'source': 0, 'target': 2}, {'weight': 1, 'source': 0, 'target': 3}, {'weight': 7, 'source': 0, 'target': 4}, {'weight': 9, 'source': 1, 'target': 2}, {'weight': 7, 'source': 1, 'target': 3}, {'weight': 5, 'source': 1, 'target': 4}, {'weight': 6, 'source': 2, 'target': 3}, {'weight': 1, 'source': 2, 'target': 4}, {'weight': 5, 'source': 3, 'target': 4}]}, 'position': {0: [-1.0, 0.19306311148226846], 1: [0.6487986200945854, 0.17922345757500216], 2: [-0.23059649502081692, -0.5189640061498542], 3: [0.672239837510958, -0.5713801483347366], 4: [-0.09044196258472671, 0.7180575854273197]}, 'solution': ([0, 0, 1, 0, 1], 39.0)}",22,"{'optimizer': 'COBYLA', 'maxiter': 100, 'shots': 1024, 'parameter_strategy': 'RANDOM', 'x0': None, 'backend': <QAOA_Tester.Backend.NoisyEstimatorBackend object at 0x7f5d4af36aa0>}","[([0, 1, 1, 0, 0], -27.0)]","[array([4.41826028, 2.36066764, 1.63834761, 1.20003135, 5.5923137 ,
       5.2010213 , 4.40144168, 5.03752327, 4.85790974, 0.07461059,
       5.99930203, 4.2557925 , 0.94626399, 5.50433103, 5.93397526,
       0.07761177, 2.49209855, 2.92806166, 0.42220072, 1.75831308,
       1.08065594, 7.80597717, 2.6030976 , 2.64687725, 2.38340638,
       5.50332714, 5.51689402, 5.54546908, 0.33442623, 5.01021231,
       0.92645636, 0.46020916, 4.18219424, 3.88433645, 1.38747631,
       2.26802844, 1.42475943, 3.03236467, 0.58197451, 5.41834663,
       0.07862999, 0.5524892 , 1.24347186, 0.74365223])]",[598.365315914154]
