,problem,layers,optimizer,solutions,parameters,time
0,"{'type': 'maxcut', 'graph': {'directed': False, 'multigraph': False, 'graph': {}, 'nodes': [{'id': 0}, {'id': 1}, {'id': 2}, {'id': 3}, {'id': 4}], 'links': [{'weight': 1, 'source': 0, 'target': 1}, {'weight': 7, 'source': 0, 'target': 2}, {'weight': 1, 'source': 0, 'target': 3}, {'weight': 7, 'source': 0, 'target': 4}, {'weight': 9, 'source': 1, 'target': 2}, {'weight': 7, 'source': 1, 'target': 3}, {'weight': 5, 'source': 1, 'target': 4}, {'weight': 6, 'source': 2, 'target': 3}, {'weight': 1, 'source': 2, 'target': 4}, {'weight': 5, 'source': 3, 'target': 4}]}, 'position': {0: [-1.0, 0.19306311148226846], 1: [0.6487986200945854, 0.17922345757500216], 2: [-0.23059649502081692, -0.5189640061498542], 3: [0.672239837510958, -0.5713801483347366], 4: [-0.09044196258472671, 0.7180575854273197]}, 'solution': ([0, 0, 1, 0, 1], 39.0)}",20,"{'optimizer': 'COBYLA', 'maxiter': 100, 'shots': 1024, 'parameter_strategy': 'RANDOM', 'x0': None, 'backend': <QAOA_Tester.Backend.NoisyEstimatorBackend object at 0x7fe0a5fa9570>}","[([1, 1, 1, 1, 1], 0.0)]","[array([4.31379097, 3.524858  , 5.17191451, 0.91519377, 0.0112406 ,
       3.49483185, 0.0557032 , 3.12524505, 2.77970282, 4.99749732,
       1.04414718, 4.25610883, 0.5744278 , 2.84809093, 3.74875659,
       5.61442894, 1.25660947, 2.68213893, 1.59243994, 1.13529586,
       2.34820117, 6.03251505, 2.0225095 , 4.31045557, 0.32883349,
       5.56330289, 3.79817963, 3.27723597, 2.61211928, 4.9125685 ,
       2.46231371, 4.94756858, 6.20043865, 0.33125796, 3.18288672,
       2.52936361, 2.4754201 , 4.98575967, 0.61796747, 3.27235656])]",[588.8661925792694]
