,problem,layers,optimizer,solutions,parameters,time
0,"{'type': 'maxcut', 'graph': {'directed': False, 'multigraph': False, 'graph': {}, 'nodes': [{'id': 0}, {'id': 1}, {'id': 2}, {'id': 3}, {'id': 4}], 'links': [{'weight': 1, 'source': 0, 'target': 1}, {'weight': 7, 'source': 0, 'target': 2}, {'weight': 1, 'source': 0, 'target': 3}, {'weight': 7, 'source': 0, 'target': 4}, {'weight': 9, 'source': 1, 'target': 2}, {'weight': 7, 'source': 1, 'target': 3}, {'weight': 5, 'source': 1, 'target': 4}, {'weight': 6, 'source': 2, 'target': 3}, {'weight': 1, 'source': 2, 'target': 4}, {'weight': 5, 'source': 3, 'target': 4}]}, 'position': {0: [-1.0, 0.19306311148226846], 1: [0.6487986200945854, 0.17922345757500216], 2: [-0.23059649502081692, -0.5189640061498542], 3: [0.672239837510958, -0.5713801483347366], 4: [-0.09044196258472671, 0.7180575854273197]}, 'solution': ([0, 0, 1, 0, 1], 39.0)}",29,"{'optimizer': 'COBYLA', 'maxiter': 100, 'shots': 1024, 'parameter_strategy': 'RANDOM', 'x0': None, 'backend': <QAOA_Tester.Backend.NoisyEstimatorBackend object at 0x7f4a4a5a01c0>}","[([0, 0, 0, 1, 1], -27.0)]","[array([ 0.91850372,  0.26905281,  5.47386149,  4.1104805 ,  5.58330048,
        0.43710589,  1.33864061,  2.26918394,  1.05155246,  2.36540102,
        4.96499468,  0.81811128,  1.79330761,  4.55349477,  5.81147898,
        3.44520083,  3.40962272,  0.55827536, -0.16237665,  2.64442463,
        2.03950089,  4.22772263,  4.70126323,  0.62731514,  5.70938194,
       -0.07461142,  5.76080605,  0.78587452,  7.43182445,  1.9830296 ,
        3.46691965,  1.17184931,  3.18891802,  1.32816345,  3.51969465,
        5.12253934,  4.9022052 ,  2.09120083,  4.31794557,  4.52414147,
        5.78085965,  2.09614475,  4.97239292,  5.42526793,  3.31292513,
        5.73375778,  1.65925405,  1.60258514,  6.28203984,  5.71285957,
        2.98991478,  3.68895648,  2.48313525,  2.16959392,  5.79058169,
        0.24431388,  4.45364887,  5.01832359])]",[572.1826512813568]
