,problem,layers,optimizer,solutions,parameters,time
0,"{'type': 'maxcut', 'graph': {'directed': False, 'multigraph': False, 'graph': {}, 'nodes': [{'id': 0}, {'id': 1}, {'id': 2}, {'id': 3}, {'id': 4}], 'links': [{'weight': 1, 'source': 0, 'target': 1}, {'weight': 7, 'source': 0, 'target': 2}, {'weight': 1, 'source': 0, 'target': 3}, {'weight': 7, 'source': 0, 'target': 4}, {'weight': 9, 'source': 1, 'target': 2}, {'weight': 7, 'source': 1, 'target': 3}, {'weight': 5, 'source': 1, 'target': 4}, {'weight': 6, 'source': 2, 'target': 3}, {'weight': 1, 'source': 2, 'target': 4}, {'weight': 5, 'source': 3, 'target': 4}]}, 'position': {0: [-1.0, 0.19306311148226846], 1: [0.6487986200945854, 0.17922345757500216], 2: [-0.23059649502081692, -0.5189640061498542], 3: [0.672239837510958, -0.5713801483347366], 4: [-0.09044196258472671, 0.7180575854273197]}, 'solution': ([0, 0, 1, 0, 1], 39.0)}",21,"{'optimizer': 'COBYLA', 'maxiter': 100, 'shots': 1024, 'parameter_strategy': 'RANDOM', 'x0': None, 'backend': <QAOA_Tester.Backend.NoisyEstimatorBackend object at 0x7f0336519570>}","[([0, 1, 0, 1, 0], -27.0)]","[array([3.28662274, 1.33893272, 0.4201943 , 1.03571407, 3.61661915,
       6.24742997, 3.75681763, 4.61666828, 2.34787168, 3.07121504,
       1.49794365, 5.26088234, 4.39974519, 2.82334018, 3.43690399,
       5.17797681, 0.79753079, 0.11277901, 6.11581791, 3.6074831 ,
       2.45051469, 4.61638495, 1.78988025, 5.58048593, 0.94602456,
       1.32156757, 1.91020075, 2.87640998, 0.05954739, 4.76085076,
       2.10165633, 3.34070252, 6.08677715, 2.48532715, 3.78690343,
       3.50117418, 3.62559756, 0.77914394, 1.69093374, 3.49647498,
       4.44533536, 5.88880758])]",[573.5687007904053]
