,problem,layers,optimizer,solutions,parameters,time
0,"{'type': 'maxcut', 'graph': {'directed': False, 'multigraph': False, 'graph': {}, 'nodes': [{'id': 0}, {'id': 1}, {'id': 2}, {'id': 3}, {'id': 4}], 'links': [{'weight': 1, 'source': 0, 'target': 1}, {'weight': 7, 'source': 0, 'target': 2}, {'weight': 1, 'source': 0, 'target': 3}, {'weight': 7, 'source': 0, 'target': 4}, {'weight': 9, 'source': 1, 'target': 2}, {'weight': 7, 'source': 1, 'target': 3}, {'weight': 5, 'source': 1, 'target': 4}, {'weight': 6, 'source': 2, 'target': 3}, {'weight': 1, 'source': 2, 'target': 4}, {'weight': 5, 'source': 3, 'target': 4}]}, 'position': {0: [-1.0, 0.19306311148226846], 1: [0.6487986200945854, 0.17922345757500216], 2: [-0.23059649502081692, -0.5189640061498542], 3: [0.672239837510958, -0.5713801483347366], 4: [-0.09044196258472671, 0.7180575854273197]}, 'solution': ([0, 0, 1, 0, 1], 39.0)}",28,"{'optimizer': 'COBYLA', 'maxiter': 100, 'shots': 1024, 'parameter_strategy': 'RANDOM', 'x0': None, 'backend': <QAOA_Tester.Backend.NoisyEstimatorBackend object at 0x7f610589c190>}","[([0, 0, 1, 0, 0], -23.0)]","[array([6.04368298, 2.07678316, 4.93571905, 0.99076893, 3.30889798,
       5.91471387, 0.0904903 , 1.93232756, 6.1415274 , 2.09642161,
       3.15544579, 2.89200487, 5.81571573, 3.22272709, 3.6593469 ,
       3.25642733, 6.21779417, 5.29579669, 5.44256416, 0.04935366,
       2.77141628, 0.56711562, 1.99771913, 4.78374285, 1.98532877,
       0.07361028, 1.94954814, 4.83282328, 5.37806794, 5.82680213,
       4.54668122, 1.29712034, 0.97715388, 5.18221745, 2.6855765 ,
       5.09069798, 1.18616408, 5.73717738, 1.90872205, 1.31244437,
       5.66803511, 1.26084315, 1.76053479, 3.66807477, 1.00891443,
       6.21996935, 5.92005215, 3.72143289, 1.79602995, 2.17812703,
       1.94439538, 2.97256989, 0.5889757 , 1.77906213, 4.7654994 ,
       5.55409812])]",[606.9332768917084]
