,problem,layers,optimizer,solutions,parameters,time
0,"{'type': 'maxcut', 'graph': {'directed': False, 'multigraph': False, 'graph': {}, 'nodes': [{'id': 0}, {'id': 1}, {'id': 2}, {'id': 3}, {'id': 4}], 'links': [{'weight': 1, 'source': 0, 'target': 1}, {'weight': 7, 'source': 0, 'target': 2}, {'weight': 1, 'source': 0, 'target': 3}, {'weight': 7, 'source': 0, 'target': 4}, {'weight': 9, 'source': 1, 'target': 2}, {'weight': 7, 'source': 1, 'target': 3}, {'weight': 5, 'source': 1, 'target': 4}, {'weight': 6, 'source': 2, 'target': 3}, {'weight': 1, 'source': 2, 'target': 4}, {'weight': 5, 'source': 3, 'target': 4}]}, 'position': {0: [-1.0, 0.19306311148226846], 1: [0.6487986200945854, 0.17922345757500216], 2: [-0.23059649502081692, -0.5189640061498542], 3: [0.672239837510958, -0.5713801483347366], 4: [-0.09044196258472671, 0.7180575854273197]}, 'solution': ([0, 0, 1, 0, 1], 39.0)}",29,"{'optimizer': 'COBYLA', 'maxiter': 100, 'shots': 1024, 'parameter_strategy': 'RANDOM', 'x0': None, 'backend': <QAOA_Tester.Backend.NoisyEstimatorBackend object at 0x7f9872d1b490>}","[([1, 1, 0, 1, 0], -39.0)]","[array([2.94926003, 5.24300111, 1.3501455 , 3.1009915 , 0.43896939,
       4.0100138 , 1.0130702 , 4.123628  , 6.25500808, 0.96964218,
       2.88587004, 0.47384163, 3.06111928, 2.65405758, 4.36826239,
       2.66436422, 4.53362272, 2.1652453 , 2.52969442, 4.2149486 ,
       5.35541714, 5.17983316, 3.87992525, 1.7912779 , 1.07181281,
       2.08439103, 0.58269418, 5.47554864, 4.79580669, 4.73508705,
       1.66904981, 4.97309027, 2.81882719, 5.27017156, 5.88681645,
       2.85774914, 3.40210716, 3.08520276, 6.06541649, 0.39326651,
       4.72741917, 3.43193317, 6.1469417 , 0.9798804 , 1.69247331,
       3.79906047, 0.31220445, 6.21559369, 3.26014728, 2.56398114,
       2.4919542 , 3.76549852, 0.75174703, 4.87232157, 4.04842559,
       5.58341584, 0.25362758, 3.85895946])]",[603.632551908493]
