,problem,layers,optimizer,solutions,parameters,time
0,"{'type': 'maxcut', 'graph': {'directed': False, 'multigraph': False, 'graph': {}, 'nodes': [{'id': 0}, {'id': 1}, {'id': 2}, {'id': 3}, {'id': 4}], 'links': [{'weight': 1, 'source': 0, 'target': 1}, {'weight': 7, 'source': 0, 'target': 2}, {'weight': 1, 'source': 0, 'target': 3}, {'weight': 7, 'source': 0, 'target': 4}, {'weight': 9, 'source': 1, 'target': 2}, {'weight': 7, 'source': 1, 'target': 3}, {'weight': 5, 'source': 1, 'target': 4}, {'weight': 6, 'source': 2, 'target': 3}, {'weight': 1, 'source': 2, 'target': 4}, {'weight': 5, 'source': 3, 'target': 4}]}, 'position': {0: [-1.0, 0.19306311148226846], 1: [0.6487986200945854, 0.17922345757500216], 2: [-0.23059649502081692, -0.5189640061498542], 3: [0.672239837510958, -0.5713801483347366], 4: [-0.09044196258472671, 0.7180575854273197]}, 'solution': ([0, 0, 1, 0, 1], 39.0)}",19,"{'optimizer': 'COBYLA', 'maxiter': 100, 'shots': 1024, 'parameter_strategy': 'RANDOM', 'x0': None, 'backend': <QAOA_Tester.Backend.NoisyEstimatorBackend object at 0x7f162de11cc0>}","[([1, 1, 1, 0, 1], -19.0)]","[array([5.58212943, 5.05545234, 0.09820547, 4.83330551, 1.21805456,
       4.09829099, 0.65454677, 3.56231264, 4.41082885, 0.54903042,
       5.2323107 , 1.23591892, 5.72971081, 1.52470521, 2.35037386,
       3.85981797, 5.16413044, 2.22795142, 2.37087789, 5.33986331,
       2.56438004, 3.8654127 , 5.47679427, 1.17752565, 3.08472565,
       4.45000753, 3.86619629, 2.61762694, 4.2448015 , 3.66409139,
       1.82409701, 3.31191324, 0.11556403, 2.81768547, 0.26248623,
       2.97635002, 2.39961568, 3.70936935])]",[591.6015872955322]
