,problem,layers,optimizer,solutions,parameters,time
0,"{'type': 'maxcut', 'graph': {'directed': False, 'multigraph': False, 'graph': {}, 'nodes': [{'id': 0}, {'id': 1}, {'id': 2}, {'id': 3}, {'id': 4}], 'links': [{'weight': 1, 'source': 0, 'target': 1}, {'weight': 7, 'source': 0, 'target': 2}, {'weight': 1, 'source': 0, 'target': 3}, {'weight': 7, 'source': 0, 'target': 4}, {'weight': 9, 'source': 1, 'target': 2}, {'weight': 7, 'source': 1, 'target': 3}, {'weight': 5, 'source': 1, 'target': 4}, {'weight': 6, 'source': 2, 'target': 3}, {'weight': 1, 'source': 2, 'target': 4}, {'weight': 5, 'source': 3, 'target': 4}]}, 'position': {0: [-1.0, 0.19306311148226846], 1: [0.6487986200945854, 0.17922345757500216], 2: [-0.23059649502081692, -0.5189640061498542], 3: [0.672239837510958, -0.5713801483347366], 4: [-0.09044196258472671, 0.7180575854273197]}, 'solution': ([0, 0, 1, 0, 1], 39.0)}",21,"{'optimizer': 'COBYLA', 'maxiter': 100, 'shots': 1024, 'parameter_strategy': 'RANDOM', 'x0': None, 'backend': <QAOA_Tester.Backend.NoisyEstimatorBackend object at 0x7f402463cca0>}","[([0, 0, 1, 1, 0], -30.0)]","[array([4.58398055, 6.06443496, 5.21714626, 5.05581935, 5.46194854,
       6.07849363, 1.15555   , 3.85340059, 0.91314312, 5.56533075,
       3.51152057, 4.05497146, 5.70218208, 5.28319684, 0.86421322,
       4.95179286, 0.69934027, 0.64483656, 3.94414544, 5.47899063,
       4.38087524, 5.24196428, 2.78835253, 1.73095388, 4.74956373,
       2.75175533, 1.21147964, 4.05589407, 1.8190191 , 5.49095616,
       1.51997356, 1.90092015, 3.16143266, 6.03309595, 1.71741022,
       0.77607564, 4.53565264, 3.3752025 , 5.88253013, 0.53376307,
       3.70270725, 5.61361052])]",[590.9824287891388]
