,problem,layers,optimizer,solutions,parameters,time
0,"{'type': 'maxcut', 'graph': {'directed': False, 'multigraph': False, 'graph': {}, 'nodes': [{'id': 0}, {'id': 1}, {'id': 2}, {'id': 3}, {'id': 4}], 'links': [{'weight': 1, 'source': 0, 'target': 1}, {'weight': 7, 'source': 0, 'target': 2}, {'weight': 1, 'source': 0, 'target': 3}, {'weight': 7, 'source': 0, 'target': 4}, {'weight': 9, 'source': 1, 'target': 2}, {'weight': 7, 'source': 1, 'target': 3}, {'weight': 5, 'source': 1, 'target': 4}, {'weight': 6, 'source': 2, 'target': 3}, {'weight': 1, 'source': 2, 'target': 4}, {'weight': 5, 'source': 3, 'target': 4}]}, 'position': {0: [-1.0, 0.19306311148226846], 1: [0.6487986200945854, 0.17922345757500216], 2: [-0.23059649502081692, -0.5189640061498542], 3: [0.672239837510958, -0.5713801483347366], 4: [-0.09044196258472671, 0.7180575854273197]}, 'solution': ([0, 0, 1, 0, 1], 39.0)}",28,"{'optimizer': 'COBYLA', 'maxiter': 100, 'shots': 1024, 'parameter_strategy': 'RANDOM', 'x0': None, 'backend': <QAOA_Tester.Backend.NoisyEstimatorBackend object at 0x7fa622192cb0>}","[([0, 1, 1, 1, 0], -20.0)]","[array([5.79519526, 4.54602111, 3.13322242, 3.56626476, 2.65580595,
       0.90217308, 5.67237337, 1.66951872, 2.07785864, 4.90042673,
       4.17348185, 3.49694834, 3.5465446 , 5.97198771, 1.37345627,
       5.16440328, 1.58742953, 2.5564809 , 4.80790985, 6.04907085,
       3.95280879, 5.27662087, 3.25632573, 5.01795442, 2.14608509,
       3.79896816, 4.27250191, 3.80749106, 5.8059352 , 5.75513493,
       3.07294175, 1.5870918 , 6.14237398, 5.72919296, 3.86537428,
       1.57771611, 1.69398991, 2.82268044, 4.0693214 , 4.81838332,
       0.80484372, 3.28920035, 0.89563704, 5.07363324, 6.07738847,
       5.92693849, 1.17095889, 3.31749494, 1.9472005 , 3.95632524,
       3.72452482, 2.31758755, 1.18827056, 4.25069053, 4.34727019,
       0.39058046])]",[627.3797097206116]
