,problem,layers,optimizer,solutions,parameters,time
0,"{'type': 'maxcut', 'graph': {'directed': False, 'multigraph': False, 'graph': {}, 'nodes': [{'id': 0}, {'id': 1}, {'id': 2}, {'id': 3}, {'id': 4}], 'links': [{'weight': 1, 'source': 0, 'target': 1}, {'weight': 7, 'source': 0, 'target': 2}, {'weight': 1, 'source': 0, 'target': 3}, {'weight': 7, 'source': 0, 'target': 4}, {'weight': 9, 'source': 1, 'target': 2}, {'weight': 7, 'source': 1, 'target': 3}, {'weight': 5, 'source': 1, 'target': 4}, {'weight': 6, 'source': 2, 'target': 3}, {'weight': 1, 'source': 2, 'target': 4}, {'weight': 5, 'source': 3, 'target': 4}]}, 'position': {0: [-1.0, 0.19306311148226846], 1: [0.6487986200945854, 0.17922345757500216], 2: [-0.23059649502081692, -0.5189640061498542], 3: [0.672239837510958, -0.5713801483347366], 4: [-0.09044196258472671, 0.7180575854273197]}, 'solution': ([0, 0, 1, 0, 1], 39.0)}",21,"{'optimizer': 'COBYLA', 'maxiter': 100, 'shots': 1024, 'parameter_strategy': 'RANDOM', 'x0': None, 'backend': <QAOA_Tester.Backend.NoisyEstimatorBackend object at 0x7f587af45f30>}","[([1, 1, 1, 1, 1], 0.0)]","[array([2.12217061, 2.18972365, 5.34411514, 2.43522764, 3.20673024,
       0.46030593, 2.61188922, 3.36206297, 2.16235956, 2.18709242,
       6.01371099, 0.59153964, 1.07570328, 4.28935885, 1.48479188,
       0.78141052, 5.2947228 , 2.91833092, 1.14838067, 0.24831277,
       3.37536879, 4.23192078, 0.74357076, 5.10285815, 3.24453814,
       4.48149851, 0.79734226, 2.93964274, 4.53182689, 6.13764201,
       2.15862493, 0.1720517 , 1.33269429, 5.35036463, 2.58512053,
       0.1956071 , 1.54781221, 2.9519265 , 3.27042246, 6.31493278,
       1.00069235, 5.35167635])]",[595.8553972244263]
