,problem,layers,optimizer,solutions,parameters,time
0,"{'type': 'maxcut', 'graph': {'directed': False, 'multigraph': False, 'graph': {}, 'nodes': [{'id': 0}, {'id': 1}, {'id': 2}, {'id': 3}, {'id': 4}], 'links': [{'weight': 1, 'source': 0, 'target': 1}, {'weight': 7, 'source': 0, 'target': 2}, {'weight': 1, 'source': 0, 'target': 3}, {'weight': 7, 'source': 0, 'target': 4}, {'weight': 9, 'source': 1, 'target': 2}, {'weight': 7, 'source': 1, 'target': 3}, {'weight': 5, 'source': 1, 'target': 4}, {'weight': 6, 'source': 2, 'target': 3}, {'weight': 1, 'source': 2, 'target': 4}, {'weight': 5, 'source': 3, 'target': 4}]}, 'position': {0: [-1.0, 0.19306311148226846], 1: [0.6487986200945854, 0.17922345757500216], 2: [-0.23059649502081692, -0.5189640061498542], 3: [0.672239837510958, -0.5713801483347366], 4: [-0.09044196258472671, 0.7180575854273197]}, 'solution': ([0, 0, 1, 0, 1], 39.0)}",30,"{'optimizer': 'COBYLA', 'maxiter': 100, 'shots': 1024, 'parameter_strategy': 'RANDOM', 'x0': None, 'backend': <QAOA_Tester.Backend.NoisyEstimatorBackend object at 0x7fc0dd221540>}","[([1, 1, 0, 0, 1], -30.0)]","[array([ 3.44837413,  1.16854019,  1.47026652,  6.1742923 ,  2.95429766,
        3.20433892,  6.18285471,  2.77288957,  0.55834845,  1.99614713,
        0.77671504,  1.31142406,  3.97460157,  5.19756093,  1.58866999,
        3.87581576,  1.98695073,  5.21839935,  4.73876566,  3.85056528,
        0.15982279,  0.26946117,  3.12935202,  4.165266  ,  1.90404684,
        0.18839814,  5.89860241,  0.49536013,  6.01471404, -0.77983497,
        2.83776153,  1.52571885,  5.79081685,  4.07168595,  2.58639883,
        6.28729335,  2.00660164,  0.19860383,  3.43308279,  0.21937178,
        5.41791753,  1.28689127,  1.78456617,  1.75176122,  5.39966369,
        3.5972322 ,  1.81476886,  2.73225783,  2.43548187,  2.12080622,
        6.10409421,  5.12964786,  1.36352561,  3.48654467,  4.91326963,
        3.66030941,  3.52149433,  2.40799705,  6.3321801 ,  5.38244003])]",[539.2348048686981]
