,problem,layers,optimizer,solutions,parameters,time
0,"{'type': 'maxcut', 'graph': {'directed': False, 'multigraph': False, 'graph': {}, 'nodes': [{'id': 0}, {'id': 1}, {'id': 2}, {'id': 3}, {'id': 4}], 'links': [{'weight': 1, 'source': 0, 'target': 1}, {'weight': 7, 'source': 0, 'target': 2}, {'weight': 1, 'source': 0, 'target': 3}, {'weight': 7, 'source': 0, 'target': 4}, {'weight': 9, 'source': 1, 'target': 2}, {'weight': 7, 'source': 1, 'target': 3}, {'weight': 5, 'source': 1, 'target': 4}, {'weight': 6, 'source': 2, 'target': 3}, {'weight': 1, 'source': 2, 'target': 4}, {'weight': 5, 'source': 3, 'target': 4}]}, 'position': {0: [-1.0, 0.19306311148226846], 1: [0.6487986200945854, 0.17922345757500216], 2: [-0.23059649502081692, -0.5189640061498542], 3: [0.672239837510958, -0.5713801483347366], 4: [-0.09044196258472671, 0.7180575854273197]}, 'solution': ([0, 0, 1, 0, 1], 39.0)}",26,"{'optimizer': 'COBYLA', 'maxiter': 100, 'shots': 1024, 'parameter_strategy': 'RANDOM', 'x0': None, 'backend': <QAOA_Tester.Backend.NoisyEstimatorBackend object at 0x7f14f63901f0>}","[([0, 1, 0, 0, 1], -30.0)]","[array([4.44138509, 3.68432673, 5.44196365, 0.109792  , 3.02485691,
       5.03790067, 2.79435094, 5.68606342, 1.58872242, 6.02946668,
       5.84939906, 0.06258126, 6.03514386, 4.04506604, 5.70368462,
       1.46446829, 1.62575435, 2.64805485, 0.13927688, 1.97188227,
       5.63586281, 3.08434772, 0.18405114, 6.26504349, 5.4183094 ,
       4.21594852, 3.41641292, 2.2952679 , 5.98085311, 4.30188614,
       4.04666264, 2.10437005, 0.04561848, 3.21516079, 5.85028594,
       0.17165616, 0.92734464, 1.71470107, 2.07538785, 1.12957575,
       2.25005024, 2.16782743, 2.41509975, 0.19686861, 1.17848288,
       2.92848097, 0.7695512 , 4.81780454, 5.70895333, 1.39663019,
       3.51974487, 2.58054412])]",[599.5795137882233]
