,problem,layers,optimizer,solutions,parameters,time
0,"{'type': 'maxcut', 'graph': {'directed': False, 'multigraph': False, 'graph': {}, 'nodes': [{'id': 0}, {'id': 1}, {'id': 2}, {'id': 3}, {'id': 4}], 'links': [{'weight': 1, 'source': 0, 'target': 1}, {'weight': 7, 'source': 0, 'target': 2}, {'weight': 1, 'source': 0, 'target': 3}, {'weight': 7, 'source': 0, 'target': 4}, {'weight': 9, 'source': 1, 'target': 2}, {'weight': 7, 'source': 1, 'target': 3}, {'weight': 5, 'source': 1, 'target': 4}, {'weight': 6, 'source': 2, 'target': 3}, {'weight': 1, 'source': 2, 'target': 4}, {'weight': 5, 'source': 3, 'target': 4}]}, 'position': {0: [-1.0, 0.19306311148226846], 1: [0.6487986200945854, 0.17922345757500216], 2: [-0.23059649502081692, -0.5189640061498542], 3: [0.672239837510958, -0.5713801483347366], 4: [-0.09044196258472671, 0.7180575854273197]}, 'solution': ([0, 0, 1, 0, 1], 39.0)}",18,"{'optimizer': 'COBYLA', 'maxiter': 100, 'shots': 1024, 'parameter_strategy': 'RANDOM', 'x0': None, 'backend': <QAOA_Tester.Backend.NoisyEstimatorBackend object at 0x7f82ff1a1a50>}","[([1, 1, 1, 1, 0], -18.0)]","[array([2.47208218, 0.31354632, 3.29846175, 1.11180242, 0.92985149,
       1.0279741 , 3.47071029, 5.57801047, 0.74211999, 1.77113688,
       1.52054448, 3.51430404, 4.04138484, 1.04281993, 1.47272081,
       1.28614359, 5.39213627, 2.33266546, 4.21410704, 0.7549251 ,
       5.23956953, 3.21332548, 4.43803115, 5.10638319, 1.15989959,
       6.17846579, 3.69718824, 3.30420237, 0.96672062, 0.17906525,
       1.04850957, 0.71872551, 6.01741785, 3.23240316, 6.22228241,
       4.39918499])]",[567.0158889293671]
