,problem,layers,optimizer,solutions,parameters,time
0,"{'type': 'maxcut', 'graph': {'directed': False, 'multigraph': False, 'graph': {}, 'nodes': [{'id': 0}, {'id': 1}, {'id': 2}, {'id': 3}, {'id': 4}], 'links': [{'weight': 1, 'source': 0, 'target': 1}, {'weight': 7, 'source': 0, 'target': 2}, {'weight': 1, 'source': 0, 'target': 3}, {'weight': 7, 'source': 0, 'target': 4}, {'weight': 9, 'source': 1, 'target': 2}, {'weight': 7, 'source': 1, 'target': 3}, {'weight': 5, 'source': 1, 'target': 4}, {'weight': 6, 'source': 2, 'target': 3}, {'weight': 1, 'source': 2, 'target': 4}, {'weight': 5, 'source': 3, 'target': 4}]}, 'position': {0: [-1.0, 0.19306311148226846], 1: [0.6487986200945854, 0.17922345757500216], 2: [-0.23059649502081692, -0.5189640061498542], 3: [0.672239837510958, -0.5713801483347366], 4: [-0.09044196258472671, 0.7180575854273197]}, 'solution': ([0, 0, 1, 0, 1], 39.0)}",22,"{'optimizer': 'COBYLA', 'maxiter': 100, 'shots': 1024, 'parameter_strategy': 'RANDOM', 'x0': None, 'backend': <QAOA_Tester.Backend.NoisyEstimatorBackend object at 0x7f374dbf0940>}","[([0, 1, 1, 0, 0], -27.0)]","[array([ 3.63494689,  6.07983636,  4.05071421,  4.12316986,  4.30008882,
        4.60208637,  5.41798234,  2.50460601,  5.71802449,  2.15265419,
        4.50663891,  5.61702697,  2.25203823,  5.02580823,  4.27982052,
        1.29210998,  2.66485202,  0.8303928 ,  4.42135425,  2.14139063,
       -0.02819301,  4.70774611,  3.26528999,  3.96700382,  1.89279892,
        2.25351967,  6.21204972,  3.70795667,  0.94644582,  3.6253707 ,
        3.57585526,  5.97053914,  3.22981551,  2.36669393,  2.07150133,
        1.80400607,  5.26604403,  0.84598892,  3.23283208,  4.13037024,
        2.66964142,  2.50988713,  0.64732243,  6.29604038])]",[630.3819932937622]
