,problem,layers,optimizer,solutions,parameters,time
0,"{'type': 'maxcut', 'graph': {'directed': False, 'multigraph': False, 'graph': {}, 'nodes': [{'id': 0}, {'id': 1}, {'id': 2}, {'id': 3}, {'id': 4}], 'links': [{'weight': 1, 'source': 0, 'target': 1}, {'weight': 7, 'source': 0, 'target': 2}, {'weight': 1, 'source': 0, 'target': 3}, {'weight': 7, 'source': 0, 'target': 4}, {'weight': 9, 'source': 1, 'target': 2}, {'weight': 7, 'source': 1, 'target': 3}, {'weight': 5, 'source': 1, 'target': 4}, {'weight': 6, 'source': 2, 'target': 3}, {'weight': 1, 'source': 2, 'target': 4}, {'weight': 5, 'source': 3, 'target': 4}]}, 'position': {0: [-1.0, 0.19306311148226846], 1: [0.6487986200945854, 0.17922345757500216], 2: [-0.23059649502081692, -0.5189640061498542], 3: [0.672239837510958, -0.5713801483347366], 4: [-0.09044196258472671, 0.7180575854273197]}, 'solution': ([0, 0, 1, 0, 1], 39.0)}",25,"{'optimizer': 'COBYLA', 'maxiter': 100, 'shots': 1024, 'parameter_strategy': 'RANDOM', 'x0': None, 'backend': <QAOA_Tester.Backend.NoisyEstimatorBackend object at 0x7f1152196aa0>}","[([0, 0, 1, 1, 0], -30.0)]","[array([1.83003933, 2.85259033, 6.05944397, 1.76275402, 0.27724252,
       1.38498792, 3.97873949, 5.82624195, 5.31241258, 1.43376064,
       2.24316376, 0.87613328, 3.91233027, 4.6048596 , 6.2413008 ,
       5.31262777, 4.54282815, 3.16638755, 5.46225118, 5.38611585,
       2.67581834, 0.36343464, 4.42977845, 0.2745487 , 1.98272016,
       5.0669457 , 0.99349501, 0.244687  , 3.26010263, 4.80614541,
       5.1815535 , 3.97902519, 4.47421918, 2.2133278 , 2.61881233,
       2.7240147 , 5.25653454, 0.60171082, 6.05354611, 5.57218547,
       5.12372506, 1.37463154, 2.69975046, 1.97228613, 0.89070278,
       1.02519996, 0.5380379 , 1.90250388, 0.62889073, 0.24661337])]",[641.5143086910248]
