,problem,layers,optimizer,solutions,parameters,time
0,"{'type': 'maxcut', 'graph': {'directed': False, 'multigraph': False, 'graph': {}, 'nodes': [{'id': 0}, {'id': 1}, {'id': 2}, {'id': 3}, {'id': 4}], 'links': [{'weight': 1, 'source': 0, 'target': 1}, {'weight': 7, 'source': 0, 'target': 2}, {'weight': 1, 'source': 0, 'target': 3}, {'weight': 7, 'source': 0, 'target': 4}, {'weight': 9, 'source': 1, 'target': 2}, {'weight': 7, 'source': 1, 'target': 3}, {'weight': 5, 'source': 1, 'target': 4}, {'weight': 6, 'source': 2, 'target': 3}, {'weight': 1, 'source': 2, 'target': 4}, {'weight': 5, 'source': 3, 'target': 4}]}, 'position': {0: [-1.0, 0.19306311148226846], 1: [0.6487986200945854, 0.17922345757500216], 2: [-0.23059649502081692, -0.5189640061498542], 3: [0.672239837510958, -0.5713801483347366], 4: [-0.09044196258472671, 0.7180575854273197]}, 'solution': ([0, 0, 1, 0, 1], 39.0)}",23,"{'optimizer': 'COBYLA', 'maxiter': 100, 'shots': 1024, 'parameter_strategy': 'RANDOM', 'x0': None, 'backend': <QAOA_Tester.Backend.NoisyEstimatorBackend object at 0x7fadfff39d80>}","[([1, 0, 1, 0, 0], -25.0)]","[array([0.94214098, 0.86191687, 4.85430918, 0.3788383 , 4.94659867,
       2.08346263, 0.40622026, 5.70696147, 4.54660478, 0.02390973,
       0.04310117, 3.0987607 , 5.2362775 , 4.99674424, 0.22297975,
       2.16999668, 0.23012907, 1.7160988 , 5.22136882, 5.91116964,
       5.24303466, 4.27337045, 6.1949865 , 2.03899464, 5.24192791,
       2.12416403, 0.4286047 , 2.34377181, 0.67615045, 1.44197099,
       0.39231713, 2.64186071, 6.19213855, 4.59269208, 1.6222674 ,
       0.41783092, 0.05447862, 1.88257092, 4.82594642, 5.83402631,
       1.27603079, 0.37211411, 1.99096646, 1.83691119, 2.21289935,
       4.59731511])]",[605.5611245632172]
