,problem,layers,optimizer,solutions,parameters,time
0,"{'type': 'maxcut', 'graph': {'directed': False, 'multigraph': False, 'graph': {}, 'nodes': [{'id': 0}, {'id': 1}, {'id': 2}, {'id': 3}, {'id': 4}], 'links': [{'weight': 1, 'source': 0, 'target': 1}, {'weight': 7, 'source': 0, 'target': 2}, {'weight': 1, 'source': 0, 'target': 3}, {'weight': 7, 'source': 0, 'target': 4}, {'weight': 9, 'source': 1, 'target': 2}, {'weight': 7, 'source': 1, 'target': 3}, {'weight': 5, 'source': 1, 'target': 4}, {'weight': 6, 'source': 2, 'target': 3}, {'weight': 1, 'source': 2, 'target': 4}, {'weight': 5, 'source': 3, 'target': 4}]}, 'position': {0: [-1.0, 0.19306311148226846], 1: [0.6487986200945854, 0.17922345757500216], 2: [-0.23059649502081692, -0.5189640061498542], 3: [0.672239837510958, -0.5713801483347366], 4: [-0.09044196258472671, 0.7180575854273197]}, 'solution': ([0, 0, 1, 0, 1], 39.0)}",22,"{'optimizer': 'COBYLA', 'maxiter': 100, 'shots': 1024, 'parameter_strategy': 'RANDOM', 'x0': None, 'backend': <QAOA_Tester.Backend.NoisyEstimatorBackend object at 0x7f2dd5ce2aa0>}","[([0, 1, 0, 1, 0], -27.0)]","[array([1.02883384, 5.90769581, 0.73195411, 1.25995837, 0.45280852,
       0.38556073, 4.94046254, 2.56884199, 4.56278331, 3.50739664,
       3.08743185, 5.55733041, 6.20389599, 4.71805933, 1.36657103,
       4.2141022 , 1.83384043, 0.13400927, 0.41174806, 3.12873812,
       2.01443155, 0.52014822, 4.33090777, 0.34125009, 1.53397452,
       0.12895002, 0.32541628, 5.93191509, 0.32165369, 5.05860772,
       2.80019624, 1.98015004, 5.12763941, 2.24062997, 3.32269492,
       1.33941273, 2.79744753, 3.8261084 , 4.68934323, 3.82331918,
       5.74809059, 4.39448568, 5.87916094, 1.94804472])]",[606.7202088832855]
