,problem,layers,optimizer,solutions,parameters,time
0,"{'type': 'maxcut', 'graph': {'directed': False, 'multigraph': False, 'graph': {}, 'nodes': [{'id': 0}, {'id': 1}, {'id': 2}, {'id': 3}, {'id': 4}], 'links': [{'weight': 1, 'source': 0, 'target': 1}, {'weight': 7, 'source': 0, 'target': 2}, {'weight': 1, 'source': 0, 'target': 3}, {'weight': 7, 'source': 0, 'target': 4}, {'weight': 9, 'source': 1, 'target': 2}, {'weight': 7, 'source': 1, 'target': 3}, {'weight': 5, 'source': 1, 'target': 4}, {'weight': 6, 'source': 2, 'target': 3}, {'weight': 1, 'source': 2, 'target': 4}, {'weight': 5, 'source': 3, 'target': 4}]}, 'position': {0: [-1.0, 0.19306311148226846], 1: [0.6487986200945854, 0.17922345757500216], 2: [-0.23059649502081692, -0.5189640061498542], 3: [0.672239837510958, -0.5713801483347366], 4: [-0.09044196258472671, 0.7180575854273197]}, 'solution': ([0, 0, 1, 0, 1], 39.0)}",25,"{'optimizer': 'COBYLA', 'maxiter': 100, 'shots': 1024, 'parameter_strategy': 'RANDOM', 'x0': None, 'backend': <QAOA_Tester.Backend.NoisyEstimatorBackend object at 0x7f5e64f5a3e0>}","[([1, 0, 0, 0, 1], -20.0)]","[array([ 5.32281101,  1.63303842,  1.53242726,  1.40869933,  0.53752403,
        2.08987081,  4.29913636,  3.96111207,  5.73790969,  5.94871183,
        3.84482636,  4.18813531,  0.36879089,  1.75110598,  5.86108082,
        0.67788174,  0.38686375,  0.21241998,  0.39686522,  2.91894964,
        1.27619545,  3.41172498,  2.25142496,  5.91785482, -0.53937725,
        3.79583447,  2.13579605,  2.15318763,  3.63141078,  6.27373402,
        1.43276834,  4.34339022,  2.31389955,  3.24106234,  4.68510686,
        4.97709295,  3.8620686 ,  2.97244684,  5.91833017,  3.91004275,
        5.95184346,  1.71085508,  0.28771262,  1.11468803,  1.66507392,
        0.2752362 ,  1.58781228,  1.59595133,  4.683007  ,  6.15954478])]",[620.013977766037]
