,problem,layers,optimizer,solutions,parameters,time
0,"{'type': 'maxcut', 'graph': {'directed': False, 'multigraph': False, 'graph': {}, 'nodes': [{'id': 0}, {'id': 1}, {'id': 2}, {'id': 3}, {'id': 4}], 'links': [{'weight': 1, 'source': 0, 'target': 1}, {'weight': 7, 'source': 0, 'target': 2}, {'weight': 1, 'source': 0, 'target': 3}, {'weight': 7, 'source': 0, 'target': 4}, {'weight': 9, 'source': 1, 'target': 2}, {'weight': 7, 'source': 1, 'target': 3}, {'weight': 5, 'source': 1, 'target': 4}, {'weight': 6, 'source': 2, 'target': 3}, {'weight': 1, 'source': 2, 'target': 4}, {'weight': 5, 'source': 3, 'target': 4}]}, 'position': {0: [-1.0, 0.19306311148226846], 1: [0.6487986200945854, 0.17922345757500216], 2: [-0.23059649502081692, -0.5189640061498542], 3: [0.672239837510958, -0.5713801483347366], 4: [-0.09044196258472671, 0.7180575854273197]}, 'solution': ([0, 0, 1, 0, 1], 39.0)}",18,"{'optimizer': 'COBYLA', 'maxiter': 100, 'shots': 1024, 'parameter_strategy': 'RANDOM', 'x0': None, 'backend': <QAOA_Tester.Backend.NoisyEstimatorBackend object at 0x7f9a5eb66410>}","[([0, 0, 0, 0, 1], -18.0)]","[array([2.98995537, 4.27655988, 5.27693898, 2.76640237, 2.00183564,
       6.30309895, 4.8923869 , 0.3910499 , 5.45820073, 4.60065164,
       3.9685577 , 4.76188742, 1.2655158 , 4.58177969, 0.10075903,
       1.38171618, 0.49762729, 5.14763611, 1.04521164, 3.38851854,
       0.25060216, 5.51969095, 3.69683806, 5.87078167, 5.9927192 ,
       0.38000304, 2.96462015, 2.06357943, 2.1227554 , 3.81629464,
       1.31287919, 2.00195478, 3.59277607, 1.30289944, 3.90777337,
       1.01762234])]",[609.3239631652832]
