,problem,layers,optimizer,solutions,parameters,time
0,"{'type': 'maxcut', 'graph': {'directed': False, 'multigraph': False, 'graph': {}, 'nodes': [{'id': 0}, {'id': 1}, {'id': 2}, {'id': 3}, {'id': 4}], 'links': [{'weight': 1, 'source': 0, 'target': 1}, {'weight': 7, 'source': 0, 'target': 2}, {'weight': 1, 'source': 0, 'target': 3}, {'weight': 7, 'source': 0, 'target': 4}, {'weight': 9, 'source': 1, 'target': 2}, {'weight': 7, 'source': 1, 'target': 3}, {'weight': 5, 'source': 1, 'target': 4}, {'weight': 6, 'source': 2, 'target': 3}, {'weight': 1, 'source': 2, 'target': 4}, {'weight': 5, 'source': 3, 'target': 4}]}, 'position': {0: [-1.0, 0.19306311148226846], 1: [0.6487986200945854, 0.17922345757500216], 2: [-0.23059649502081692, -0.5189640061498542], 3: [0.672239837510958, -0.5713801483347366], 4: [-0.09044196258472671, 0.7180575854273197]}, 'solution': ([0, 0, 1, 0, 1], 39.0)}",19,"{'optimizer': 'COBYLA', 'maxiter': 100, 'shots': 1024, 'parameter_strategy': 'RANDOM', 'x0': None, 'backend': <QAOA_Tester.Backend.NoisyEstimatorBackend object at 0x7f46b55800a0>}","[([0, 0, 0, 0, 0], 0.0)]","[array([5.68712302, 4.56316531, 2.13180244, 0.56972396, 4.99742061,
       0.7022291 , 4.33554498, 4.86163525, 0.53303508, 2.43582076,
       1.11584059, 3.89067288, 3.89275168, 0.0256348 , 5.71107538,
       4.68343204, 5.15089279, 2.13993306, 6.22930678, 4.55229721,
       5.16670838, 5.71234802, 0.47956285, 3.26429447, 3.00317492,
       4.56541701, 0.60891636, 6.1971126 , 3.8318962 , 4.2273288 ,
       3.98002874, 4.90217583, 4.13683604, 2.77337515, 3.46500626,
       5.22711408, 4.97776526, 0.93997714])]",[597.16321849823]
