,problem,layers,optimizer,solutions,parameters,time
0,"{'type': 'maxcut', 'graph': {'directed': False, 'multigraph': False, 'graph': {}, 'nodes': [{'id': 0}, {'id': 1}, {'id': 2}, {'id': 3}, {'id': 4}], 'links': [{'weight': 1, 'source': 0, 'target': 1}, {'weight': 7, 'source': 0, 'target': 2}, {'weight': 1, 'source': 0, 'target': 3}, {'weight': 7, 'source': 0, 'target': 4}, {'weight': 9, 'source': 1, 'target': 2}, {'weight': 7, 'source': 1, 'target': 3}, {'weight': 5, 'source': 1, 'target': 4}, {'weight': 6, 'source': 2, 'target': 3}, {'weight': 1, 'source': 2, 'target': 4}, {'weight': 5, 'source': 3, 'target': 4}]}, 'position': {0: [-1.0, 0.19306311148226846], 1: [0.6487986200945854, 0.17922345757500216], 2: [-0.23059649502081692, -0.5189640061498542], 3: [0.672239837510958, -0.5713801483347366], 4: [-0.09044196258472671, 0.7180575854273197]}, 'solution': ([0, 0, 1, 0, 1], 39.0)}",28,"{'optimizer': 'COBYLA', 'maxiter': 100, 'shots': 1024, 'parameter_strategy': 'RANDOM', 'x0': None, 'backend': <QAOA_Tester.Backend.NoisyEstimatorBackend object at 0x7fe100f15870>}","[([1, 1, 0, 0, 1], -30.0)]","[array([5.46981817, 3.1236436 , 3.7587916 , 5.69377497, 1.30803152,
       3.20879747, 1.69123975, 2.46070318, 6.25661491, 2.41049753,
       3.88472339, 5.36195998, 2.73349131, 0.01441665, 5.96820309,
       0.27414877, 5.59724149, 1.69764215, 2.95117864, 1.78483308,
       2.59775838, 2.63626695, 4.08887789, 2.67627456, 4.09125176,
       6.05825784, 0.387571  , 5.69018693, 4.35636769, 0.7743563 ,
       1.83508878, 1.77976257, 0.65820703, 4.93801649, 2.5555975 ,
       0.41858222, 4.01499939, 5.75301054, 3.93658372, 6.22372219,
       0.92855987, 1.61615415, 0.62807299, 4.77945543, 5.43133334,
       3.14650463, 5.56775361, 1.85396016, 4.76477396, 0.05593403,
       4.68562829, 0.40927897, 3.29724963, 2.39494829, 3.12350732,
       5.83725918])]",[612.3328425884247]
