,problem,layers,optimizer,solutions,parameters,time
0,"{'type': 'maxcut', 'graph': {'directed': False, 'multigraph': False, 'graph': {}, 'nodes': [{'id': 0}, {'id': 1}, {'id': 2}, {'id': 3}, {'id': 4}], 'links': [{'weight': 1, 'source': 0, 'target': 1}, {'weight': 7, 'source': 0, 'target': 2}, {'weight': 1, 'source': 0, 'target': 3}, {'weight': 7, 'source': 0, 'target': 4}, {'weight': 9, 'source': 1, 'target': 2}, {'weight': 7, 'source': 1, 'target': 3}, {'weight': 5, 'source': 1, 'target': 4}, {'weight': 6, 'source': 2, 'target': 3}, {'weight': 1, 'source': 2, 'target': 4}, {'weight': 5, 'source': 3, 'target': 4}]}, 'position': {0: [-1.0, 0.19306311148226846], 1: [0.6487986200945854, 0.17922345757500216], 2: [-0.23059649502081692, -0.5189640061498542], 3: [0.672239837510958, -0.5713801483347366], 4: [-0.09044196258472671, 0.7180575854273197]}, 'solution': ([0, 0, 1, 0, 1], 39.0)}",24,"{'optimizer': 'COBYLA', 'maxiter': 100, 'shots': 1024, 'parameter_strategy': 'RANDOM', 'x0': None, 'backend': <QAOA_Tester.Backend.NoisyEstimatorBackend object at 0x7f74216bc100>}","[([1, 1, 1, 0, 1], -19.0)]","[array([2.08247731, 2.66890364, 0.06537066, 0.74101944, 3.08025081,
       3.87053388, 5.99764189, 1.99350944, 0.51068503, 1.95346946,
       1.31140099, 3.02658345, 3.01540378, 1.62382195, 5.83998531,
       1.71796129, 0.59997894, 0.36104791, 6.21750152, 5.81074384,
       5.78482784, 0.51623099, 6.06180616, 2.67717152, 4.50469083,
       1.35438166, 0.87194623, 5.68002578, 3.85823814, 0.63444977,
       1.40501898, 4.60116091, 5.22335466, 1.79306719, 4.65371625,
       4.01734014, 6.12650791, 2.23340096, 2.61256163, 3.15284575,
       0.21013979, 3.31467856, 6.03249157, 1.20396364, 5.59900117,
       4.1108931 , 1.9542094 , 0.42272741])]",[599.3650343418121]
