,problem,layers,optimizer,solutions,parameters,time
0,"{'type': 'maxcut', 'graph': {'directed': False, 'multigraph': False, 'graph': {}, 'nodes': [{'id': 0}, {'id': 1}, {'id': 2}, {'id': 3}, {'id': 4}], 'links': [{'weight': 1, 'source': 0, 'target': 1}, {'weight': 7, 'source': 0, 'target': 2}, {'weight': 1, 'source': 0, 'target': 3}, {'weight': 7, 'source': 0, 'target': 4}, {'weight': 9, 'source': 1, 'target': 2}, {'weight': 7, 'source': 1, 'target': 3}, {'weight': 5, 'source': 1, 'target': 4}, {'weight': 6, 'source': 2, 'target': 3}, {'weight': 1, 'source': 2, 'target': 4}, {'weight': 5, 'source': 3, 'target': 4}]}, 'position': {0: [-1.0, 0.19306311148226846], 1: [0.6487986200945854, 0.17922345757500216], 2: [-0.23059649502081692, -0.5189640061498542], 3: [0.672239837510958, -0.5713801483347366], 4: [-0.09044196258472671, 0.7180575854273197]}, 'solution': ([0, 0, 1, 0, 1], 39.0)}",24,"{'optimizer': 'COBYLA', 'maxiter': 100, 'shots': 1024, 'parameter_strategy': 'RANDOM', 'x0': None, 'backend': <QAOA_Tester.Backend.NoisyEstimatorBackend object at 0x7f968122e560>}","[([1, 0, 1, 1, 1], -22.0)]","[array([5.31854524, 0.28026526, 3.93909274, 1.66552298, 2.49140097,
       5.31045992, 1.9550584 , 5.49920892, 5.51343146, 3.99485108,
       4.87898203, 0.92319164, 1.45999575, 4.01944926, 4.71095977,
       6.28529603, 2.94876081, 4.82276869, 1.97074704, 0.7599308 ,
       6.01942077, 2.41904896, 5.26950402, 6.02936064, 5.03525411,
       3.90139206, 4.07559317, 4.90323964, 0.79209577, 3.92536379,
       2.0933963 , 4.46434478, 3.564633  , 0.09042762, 1.60924786,
       4.08533806, 3.45734742, 2.03081632, 0.84394338, 5.94281774,
       5.399796  , 5.07728251, 4.9358637 , 2.40635697, 4.36885972,
       4.78684797, 2.68449497, 0.95039274])]",[612.7330248355865]
