,problem,layers,optimizer,solutions,parameters,time
0,"{'type': 'maxcut', 'graph': {'directed': False, 'multigraph': False, 'graph': {}, 'nodes': [{'id': 0}, {'id': 1}, {'id': 2}, {'id': 3}, {'id': 4}], 'links': [{'weight': 1, 'source': 0, 'target': 1}, {'weight': 7, 'source': 0, 'target': 2}, {'weight': 1, 'source': 0, 'target': 3}, {'weight': 7, 'source': 0, 'target': 4}, {'weight': 9, 'source': 1, 'target': 2}, {'weight': 7, 'source': 1, 'target': 3}, {'weight': 5, 'source': 1, 'target': 4}, {'weight': 6, 'source': 2, 'target': 3}, {'weight': 1, 'source': 2, 'target': 4}, {'weight': 5, 'source': 3, 'target': 4}]}, 'position': {0: [-1.0, 0.19306311148226846], 1: [0.6487986200945854, 0.17922345757500216], 2: [-0.23059649502081692, -0.5189640061498542], 3: [0.672239837510958, -0.5713801483347366], 4: [-0.09044196258472671, 0.7180575854273197]}, 'solution': ([0, 0, 1, 0, 1], 39.0)}",28,"{'optimizer': 'COBYLA', 'maxiter': 100, 'shots': 1024, 'parameter_strategy': 'RANDOM', 'x0': None, 'backend': <QAOA_Tester.Backend.NoisyEstimatorBackend object at 0x7f0605514100>}","[([1, 1, 0, 1, 1], -23.0)]","[array([2.25688575, 1.27201039, 0.01462293, 3.77383975, 5.88061072,
       3.51057923, 4.72843654, 2.31692814, 0.25751973, 4.69656569,
       0.31937631, 2.70272458, 2.1280341 , 3.30200269, 3.84350497,
       1.99877673, 3.41301039, 3.24959129, 2.29911571, 3.51212092,
       2.1890145 , 4.2402854 , 2.56817892, 5.15641687, 4.91731472,
       1.62389543, 3.35446904, 6.48773239, 3.85893173, 2.03011256,
       1.51111638, 5.16401252, 1.92042261, 2.23513557, 2.5766276 ,
       3.5684115 , 1.4168231 , 3.64556728, 3.50577171, 5.38423463,
       6.25228066, 4.76504161, 4.25679865, 5.67860583, 3.3392062 ,
       2.08534435, 5.67443722, 2.04279389, 5.96625115, 4.82455958,
       3.06459348, 0.42302746, 3.14957059, 5.83410638, 3.35774124,
       1.88051795])]",[629.1522448062897]
