,problem,layers,optimizer,solutions,parameters,time
0,"{'type': 'maxcut', 'graph': {'directed': False, 'multigraph': False, 'graph': {}, 'nodes': [{'id': 0}, {'id': 1}, {'id': 2}, {'id': 3}, {'id': 4}], 'links': [{'weight': 1, 'source': 0, 'target': 1}, {'weight': 7, 'source': 0, 'target': 2}, {'weight': 1, 'source': 0, 'target': 3}, {'weight': 7, 'source': 0, 'target': 4}, {'weight': 9, 'source': 1, 'target': 2}, {'weight': 7, 'source': 1, 'target': 3}, {'weight': 5, 'source': 1, 'target': 4}, {'weight': 6, 'source': 2, 'target': 3}, {'weight': 1, 'source': 2, 'target': 4}, {'weight': 5, 'source': 3, 'target': 4}]}, 'position': {0: [-1.0, 0.19306311148226846], 1: [0.6487986200945854, 0.17922345757500216], 2: [-0.23059649502081692, -0.5189640061498542], 3: [0.672239837510958, -0.5713801483347366], 4: [-0.09044196258472671, 0.7180575854273197]}, 'solution': ([0, 0, 1, 0, 1], 39.0)}",24,"{'optimizer': 'COBYLA', 'maxiter': 100, 'shots': 1024, 'parameter_strategy': 'RANDOM', 'x0': None, 'backend': <QAOA_Tester.Backend.NoisyEstimatorBackend object at 0x7fef78201630>}","[([0, 0, 0, 1, 0], -19.0)]","[array([6.01444789e+00, 1.01614424e+00, 3.54106337e+00, 1.18335498e+00,
       5.40965770e+00, 4.96403920e+00, 2.53087455e+00, 2.68692387e+00,
       6.09906301e+00, 1.07816155e+00, 4.98900694e+00, 3.53954885e+00,
       4.24134682e+00, 5.02863213e+00, 6.19330815e-01, 3.28325097e+00,
       2.40970868e+00, 5.25396814e-01, 8.96912647e-01, 4.92674830e+00,
       1.59072456e+00, 5.75404503e+00, 3.69815660e+00, 2.94101229e+00,
       1.95822075e+00, 3.50868109e+00, 5.88389975e+00, 4.64303783e+00,
       5.33434167e+00, 5.73705660e+00, 4.18822168e+00, 3.91264077e+00,
       3.79363275e+00, 3.31339835e+00, 2.05997403e+00, 3.46930755e+00,
       3.29163597e+00, 1.67393340e+00, 4.34641246e+00, 1.85377566e+00,
       5.27273936e-03, 6.21268524e+00, 4.37097882e+00, 4.68310174e+00,
       2.37784430e+00, 3.20474870e-01, 2.73367459e+00, 4.37014213e+00])]",[600.124315738678]
