,problem,layers,optimizer,solutions,parameters,time
0,"{'type': 'maxcut', 'graph': {'directed': False, 'multigraph': False, 'graph': {}, 'nodes': [{'id': 0}, {'id': 1}, {'id': 2}, {'id': 3}, {'id': 4}], 'links': [{'weight': 1, 'source': 0, 'target': 1}, {'weight': 7, 'source': 0, 'target': 2}, {'weight': 1, 'source': 0, 'target': 3}, {'weight': 7, 'source': 0, 'target': 4}, {'weight': 9, 'source': 1, 'target': 2}, {'weight': 7, 'source': 1, 'target': 3}, {'weight': 5, 'source': 1, 'target': 4}, {'weight': 6, 'source': 2, 'target': 3}, {'weight': 1, 'source': 2, 'target': 4}, {'weight': 5, 'source': 3, 'target': 4}]}, 'position': {0: [-1.0, 0.19306311148226846], 1: [0.6487986200945854, 0.17922345757500216], 2: [-0.23059649502081692, -0.5189640061498542], 3: [0.672239837510958, -0.5713801483347366], 4: [-0.09044196258472671, 0.7180575854273197]}, 'solution': ([0, 0, 1, 0, 1], 39.0)}",27,"{'optimizer': 'COBYLA', 'maxiter': 100, 'shots': 1024, 'parameter_strategy': 'RANDOM', 'x0': None, 'backend': <QAOA_Tester.Backend.NoisyEstimatorBackend object at 0x7fa195e381c0>}","[([0, 1, 1, 1, 1], -16.0)]","[array([1.59459493, 1.36854814, 0.73731092, 1.83164114, 5.17600634,
       2.35705232, 3.62416675, 2.72189273, 0.38059062, 3.61925578,
       4.2871918 , 2.62731521, 1.63843636, 5.67428939, 5.08976699,
       1.42681048, 3.02113303, 0.1772015 , 3.55273438, 3.95532777,
       1.10291156, 2.70804967, 2.92218445, 2.92845997, 3.88112936,
       0.37621476, 3.52803017, 4.65698067, 5.74961955, 3.23665489,
       5.46996521, 1.7113395 , 4.88582316, 3.39505022, 4.26846344,
       4.86477218, 1.81504633, 2.82021099, 4.96912208, 5.10157868,
       0.31558846, 4.06578222, 4.4006938 , 4.21338411, 3.20906257,
       3.8127664 , 5.33943053, 4.1849735 , 6.12120722, 2.92591463,
       0.69333221, 0.6995105 , 2.62828698, 1.10733862])]",[609.1841011047363]
