,problem,layers,optimizer,solutions,parameters,time
0,"{'type': 'maxcut', 'graph': {'directed': False, 'multigraph': False, 'graph': {}, 'nodes': [{'id': 0}, {'id': 1}, {'id': 2}, {'id': 3}, {'id': 4}], 'links': [{'weight': 1, 'source': 0, 'target': 1}, {'weight': 7, 'source': 0, 'target': 2}, {'weight': 1, 'source': 0, 'target': 3}, {'weight': 7, 'source': 0, 'target': 4}, {'weight': 9, 'source': 1, 'target': 2}, {'weight': 7, 'source': 1, 'target': 3}, {'weight': 5, 'source': 1, 'target': 4}, {'weight': 6, 'source': 2, 'target': 3}, {'weight': 1, 'source': 2, 'target': 4}, {'weight': 5, 'source': 3, 'target': 4}]}, 'position': {0: [-1.0, 0.19306311148226846], 1: [0.6487986200945854, 0.17922345757500216], 2: [-0.23059649502081692, -0.5189640061498542], 3: [0.672239837510958, -0.5713801483347366], 4: [-0.09044196258472671, 0.7180575854273197]}, 'solution': ([0, 0, 1, 0, 1], 39.0)}",20,"{'optimizer': 'COBYLA', 'maxiter': 100, 'shots': 1024, 'parameter_strategy': 'RANDOM', 'x0': None, 'backend': <QAOA_Tester.Backend.NoisyEstimatorBackend object at 0x7f3d19458190>}","[([0, 1, 1, 0, 1], -33.0)]","[array([5.4720487 , 1.87577057, 0.73169902, 0.07191335, 5.73213938,
       3.38268759, 5.22023239, 2.13318656, 3.36184165, 0.78095404,
       4.49693468, 0.17664956, 2.70574712, 6.3307521 , 4.53183697,
       0.5559458 , 2.89776448, 5.61264229, 4.8696812 , 3.89108906,
       4.55052049, 3.00669527, 4.56227305, 2.57727087, 0.70862118,
       2.27912218, 0.08473074, 2.03229994, 2.67825301, 0.3652334 ,
       4.62275941, 0.52502954, 3.32672148, 4.938366  , 1.2017332 ,
       4.1625247 , 3.14760216, 0.37498143, 5.57831929, 1.46486123])]",[590.8265302181244]
