,problem,layers,optimizer,solutions,parameters,time
0,"{'type': 'maxcut', 'graph': {'directed': False, 'multigraph': False, 'graph': {}, 'nodes': [{'id': 0}, {'id': 1}, {'id': 2}, {'id': 3}, {'id': 4}], 'links': [{'weight': 1, 'source': 0, 'target': 1}, {'weight': 7, 'source': 0, 'target': 2}, {'weight': 1, 'source': 0, 'target': 3}, {'weight': 7, 'source': 0, 'target': 4}, {'weight': 9, 'source': 1, 'target': 2}, {'weight': 7, 'source': 1, 'target': 3}, {'weight': 5, 'source': 1, 'target': 4}, {'weight': 6, 'source': 2, 'target': 3}, {'weight': 1, 'source': 2, 'target': 4}, {'weight': 5, 'source': 3, 'target': 4}]}, 'position': {0: [-1.0, 0.19306311148226846], 1: [0.6487986200945854, 0.17922345757500216], 2: [-0.23059649502081692, -0.5189640061498542], 3: [0.672239837510958, -0.5713801483347366], 4: [-0.09044196258472671, 0.7180575854273197]}, 'solution': ([0, 0, 1, 0, 1], 39.0)}",23,"{'optimizer': 'COBYLA', 'maxiter': 100, 'shots': 1024, 'parameter_strategy': 'RANDOM', 'x0': None, 'backend': <QAOA_Tester.Backend.NoisyEstimatorBackend object at 0x7f63fa98dde0>}","[([1, 1, 0, 1, 0], -39.0)]","[array([5.35056771, 3.96058662, 4.66169666, 3.32783724, 2.514213  ,
       4.4590689 , 3.88610214, 3.21173792, 1.79267337, 2.86951375,
       0.75452411, 5.38052831, 4.41705683, 1.68414251, 3.07093985,
       0.42077923, 6.24917825, 1.25025812, 4.57938266, 4.82175942,
       0.50701032, 0.31781561, 3.46957467, 2.65998037, 4.27258244,
       5.425734  , 0.04075838, 3.04344313, 1.93524575, 3.33120101,
       4.99929917, 1.13501731, 5.54410593, 1.57080244, 3.57816404,
       5.939399  , 2.03707626, 0.59043083, 0.13014604, 2.09945458,
       3.51283093, 4.02765989, 3.48328227, 0.77529025, 0.29398383,
       5.09776993])]",[639.7295260429382]
