,problem,layers,optimizer,solutions,parameters,time
0,"{'type': 'maxcut', 'graph': {'directed': False, 'multigraph': False, 'graph': {}, 'nodes': [{'id': 0}, {'id': 1}, {'id': 2}, {'id': 3}, {'id': 4}], 'links': [{'weight': 1, 'source': 0, 'target': 1}, {'weight': 7, 'source': 0, 'target': 2}, {'weight': 1, 'source': 0, 'target': 3}, {'weight': 7, 'source': 0, 'target': 4}, {'weight': 9, 'source': 1, 'target': 2}, {'weight': 7, 'source': 1, 'target': 3}, {'weight': 5, 'source': 1, 'target': 4}, {'weight': 6, 'source': 2, 'target': 3}, {'weight': 1, 'source': 2, 'target': 4}, {'weight': 5, 'source': 3, 'target': 4}]}, 'position': {0: [-1.0, 0.19306311148226846], 1: [0.6487986200945854, 0.17922345757500216], 2: [-0.23059649502081692, -0.5189640061498542], 3: [0.672239837510958, -0.5713801483347366], 4: [-0.09044196258472671, 0.7180575854273197]}, 'solution': ([0, 0, 1, 0, 1], 39.0)}",30,"{'optimizer': 'COBYLA', 'maxiter': 100, 'shots': 1024, 'parameter_strategy': 'RANDOM', 'x0': None, 'backend': <QAOA_Tester.Backend.NoisyEstimatorBackend object at 0x7f2fb72df700>}","[([0, 0, 1, 0, 1], -39.0)]","[array([ 0.3658165 ,  1.96736262,  5.32033138,  3.02051768,  3.64179886,
        4.26794165,  0.68674654,  5.98967967,  5.34803307,  0.2751201 ,
        2.51170821,  3.14757501,  5.30813431,  1.44841485,  3.10922615,
        4.60227419,  3.57942411,  3.8561293 ,  3.27493817,  5.76766645,
        3.47226872,  1.00592655,  0.88013576, -0.14940927,  0.20341553,
        5.52344048,  4.11543317,  2.73637282,  0.95883837,  8.10405461,
        2.43303842,  0.7950158 ,  2.93000074,  1.09065655,  0.94585685,
        1.44643247,  0.22016089,  2.88170503,  3.25454018,  2.3282779 ,
        5.27578166,  1.20898954,  5.30564574,  0.47868039,  4.94625006,
        0.17183406,  1.01490737,  6.03280721,  3.05834769,  3.91701001,
        4.38526872,  1.47965715,  2.2838616 ,  4.51720137,  5.76387696,
        1.8525173 ,  1.48626839,  0.91426056,  5.65464124,  0.239393  ])]",[523.115784406662]
