,problem,layers,optimizer,solutions,parameters,time
0,"{'type': 'maxcut', 'graph': {'directed': False, 'multigraph': False, 'graph': {}, 'nodes': [{'id': 0}, {'id': 1}, {'id': 2}, {'id': 3}, {'id': 4}], 'links': [{'weight': 1, 'source': 0, 'target': 1}, {'weight': 7, 'source': 0, 'target': 2}, {'weight': 1, 'source': 0, 'target': 3}, {'weight': 7, 'source': 0, 'target': 4}, {'weight': 9, 'source': 1, 'target': 2}, {'weight': 7, 'source': 1, 'target': 3}, {'weight': 5, 'source': 1, 'target': 4}, {'weight': 6, 'source': 2, 'target': 3}, {'weight': 1, 'source': 2, 'target': 4}, {'weight': 5, 'source': 3, 'target': 4}]}, 'position': {0: [-1.0, 0.19306311148226846], 1: [0.6487986200945854, 0.17922345757500216], 2: [-0.23059649502081692, -0.5189640061498542], 3: [0.672239837510958, -0.5713801483347366], 4: [-0.09044196258472671, 0.7180575854273197]}, 'solution': ([0, 0, 1, 0, 1], 39.0)}",23,"{'optimizer': 'COBYLA', 'maxiter': 100, 'shots': 1024, 'parameter_strategy': 'RANDOM', 'x0': None, 'backend': <QAOA_Tester.Backend.NoisyEstimatorBackend object at 0x7f2e532c1f30>}","[([1, 1, 1, 1, 1], 0.0)]","[array([1.5536265 , 1.6422305 , 4.78092061, 2.59369217, 2.65274824,
       4.70059905, 0.9992233 , 6.27181868, 2.13680793, 5.91489716,
       4.75390134, 0.50861252, 4.70369232, 0.85953693, 2.70430038,
       1.95425289, 0.90935702, 0.61601571, 1.59078598, 1.37487449,
       4.00207367, 1.87616103, 0.48830788, 4.81920629, 3.02166303,
       3.94002436, 3.45219811, 0.71497308, 3.43245306, 2.17510222,
       5.10335187, 2.02366116, 4.05957313, 5.29940195, 5.03555976,
       4.87383762, 4.36268756, 1.09964672, 1.55439707, 2.27135429,
       4.11875316, 0.68854601, 1.76910539, 3.57208867, 1.67716367,
       3.7442601 ])]",[585.9761481285095]
