,problem,layers,optimizer,solutions,parameters,time
0,"{'type': 'maxcut', 'graph': {'directed': False, 'multigraph': False, 'graph': {}, 'nodes': [{'id': 0}, {'id': 1}, {'id': 2}, {'id': 3}, {'id': 4}], 'links': [{'weight': 1, 'source': 0, 'target': 1}, {'weight': 7, 'source': 0, 'target': 2}, {'weight': 1, 'source': 0, 'target': 3}, {'weight': 7, 'source': 0, 'target': 4}, {'weight': 9, 'source': 1, 'target': 2}, {'weight': 7, 'source': 1, 'target': 3}, {'weight': 5, 'source': 1, 'target': 4}, {'weight': 6, 'source': 2, 'target': 3}, {'weight': 1, 'source': 2, 'target': 4}, {'weight': 5, 'source': 3, 'target': 4}]}, 'position': {0: [-1.0, 0.19306311148226846], 1: [0.6487986200945854, 0.17922345757500216], 2: [-0.23059649502081692, -0.5189640061498542], 3: [0.672239837510958, -0.5713801483347366], 4: [-0.09044196258472671, 0.7180575854273197]}, 'solution': ([0, 0, 1, 0, 1], 39.0)}",27,"{'optimizer': 'COBYLA', 'maxiter': 100, 'shots': 1024, 'parameter_strategy': 'RANDOM', 'x0': None, 'backend': <QAOA_Tester.Backend.NoisyEstimatorBackend object at 0x7f20b87b0040>}","[([0, 0, 1, 0, 1], -39.0)]","[array([4.83003372, 4.7352303 , 1.32507926, 3.65520286, 0.06856929,
       4.0241001 , 0.9124965 , 4.78372376, 2.43975123, 0.54990975,
       1.67996258, 1.30999367, 1.20768575, 1.86808684, 2.97579686,
       1.09866575, 2.12352008, 0.12413188, 0.14155613, 4.00381944,
       0.71680311, 4.54004786, 0.31411791, 2.87321593, 3.72186986,
       5.57884058, 5.97951753, 2.38865257, 5.21682274, 1.68223136,
       3.0150648 , 2.89966638, 5.66851028, 2.66529671, 3.39895111,
       0.90267538, 0.99957249, 0.86650447, 4.1881776 , 3.58455262,
       4.32844341, 5.92233155, 5.72392146, 4.59632837, 2.70666881,
       2.81256927, 4.90441986, 2.6228427 , 0.65086109, 3.68179656,
       1.10223096, 2.92391097, 1.3871197 , 2.53966286])]",[601.9010875225067]
