,problem,layers,optimizer,solutions,parameters,time
0,"{'type': 'maxcut', 'graph': {'directed': False, 'multigraph': False, 'graph': {}, 'nodes': [{'id': 0}, {'id': 1}, {'id': 2}, {'id': 3}, {'id': 4}], 'links': [{'weight': 1, 'source': 0, 'target': 1}, {'weight': 7, 'source': 0, 'target': 2}, {'weight': 1, 'source': 0, 'target': 3}, {'weight': 7, 'source': 0, 'target': 4}, {'weight': 9, 'source': 1, 'target': 2}, {'weight': 7, 'source': 1, 'target': 3}, {'weight': 5, 'source': 1, 'target': 4}, {'weight': 6, 'source': 2, 'target': 3}, {'weight': 1, 'source': 2, 'target': 4}, {'weight': 5, 'source': 3, 'target': 4}]}, 'position': {0: [-1.0, 0.19306311148226846], 1: [0.6487986200945854, 0.17922345757500216], 2: [-0.23059649502081692, -0.5189640061498542], 3: [0.672239837510958, -0.5713801483347366], 4: [-0.09044196258472671, 0.7180575854273197]}, 'solution': ([0, 0, 1, 0, 1], 39.0)}",22,"{'optimizer': 'COBYLA', 'maxiter': 100, 'shots': 1024, 'parameter_strategy': 'RANDOM', 'x0': None, 'backend': <QAOA_Tester.Backend.NoisyEstimatorBackend object at 0x7fada067cca0>}","[([0, 1, 1, 0, 0], -27.0)]","[array([1.2175168 , 0.9155463 , 4.00715766, 6.11325077, 1.29130493,
       5.63936831, 0.15768823, 5.64596531, 3.72438953, 4.86928422,
       0.77529382, 3.87397902, 6.1836794 , 1.80353423, 5.55275859,
       2.47663466, 3.93515688, 4.73299605, 3.90708448, 4.39305171,
       3.25247818, 5.18093236, 5.31023022, 0.37138844, 5.31273961,
       5.63547153, 6.04335818, 4.41965645, 4.09336664, 4.54592181,
       2.39434148, 2.96987801, 1.09566797, 4.59275355, 4.72587397,
       3.61509013, 1.04231113, 3.54087414, 3.70786605, 4.98431142,
       4.18176883, 5.19639196, 2.40442424, 0.64838825])]",[606.6434276103973]
