,problem,layers,optimizer,solutions,parameters,time
0,"{'type': 'maxcut', 'graph': {'directed': False, 'multigraph': False, 'graph': {}, 'nodes': [{'id': 0}, {'id': 1}, {'id': 2}, {'id': 3}, {'id': 4}], 'links': [{'weight': 1, 'source': 0, 'target': 1}, {'weight': 7, 'source': 0, 'target': 2}, {'weight': 1, 'source': 0, 'target': 3}, {'weight': 7, 'source': 0, 'target': 4}, {'weight': 9, 'source': 1, 'target': 2}, {'weight': 7, 'source': 1, 'target': 3}, {'weight': 5, 'source': 1, 'target': 4}, {'weight': 6, 'source': 2, 'target': 3}, {'weight': 1, 'source': 2, 'target': 4}, {'weight': 5, 'source': 3, 'target': 4}]}, 'position': {0: [-1.0, 0.19306311148226846], 1: [0.6487986200945854, 0.17922345757500216], 2: [-0.23059649502081692, -0.5189640061498542], 3: [0.672239837510958, -0.5713801483347366], 4: [-0.09044196258472671, 0.7180575854273197]}, 'solution': ([0, 0, 1, 0, 1], 39.0)}",24,"{'optimizer': 'COBYLA', 'maxiter': 100, 'shots': 1024, 'parameter_strategy': 'RANDOM', 'x0': None, 'backend': <QAOA_Tester.Backend.NoisyEstimatorBackend object at 0x7f0175c61ab0>}","[([0, 1, 0, 0, 0], -22.0)]","[array([2.52556793, 3.12614255, 0.79952426, 5.68069954, 4.88356068,
       2.40127131, 4.60845509, 2.84442787, 1.43434539, 0.66106121,
       2.88101159, 4.18407194, 5.57264319, 1.46670787, 3.24440818,
       2.76560086, 3.60803926, 4.62866716, 1.43601768, 0.7215472 ,
       4.29061481, 5.95287585, 0.02799566, 4.67362325, 0.69181809,
       3.05918125, 6.11824832, 0.36246649, 1.98369614, 6.22784128,
       1.66768018, 4.68352231, 4.72668586, 3.85708006, 1.41031428,
       3.3970416 , 0.74729112, 5.47679946, 4.48072003, 5.33411587,
       1.9237018 , 5.94598452, 0.0200008 , 2.45815179, 3.76268877,
       4.19562694, 2.84249822, 2.04485132])]",[605.297016620636]
