,problem,layers,optimizer,solutions,parameters,time
0,"{'type': 'maxcut', 'graph': {'directed': False, 'multigraph': False, 'graph': {}, 'nodes': [{'id': 0}, {'id': 1}, {'id': 2}, {'id': 3}, {'id': 4}], 'links': [{'weight': 1, 'source': 0, 'target': 1}, {'weight': 7, 'source': 0, 'target': 2}, {'weight': 1, 'source': 0, 'target': 3}, {'weight': 7, 'source': 0, 'target': 4}, {'weight': 9, 'source': 1, 'target': 2}, {'weight': 7, 'source': 1, 'target': 3}, {'weight': 5, 'source': 1, 'target': 4}, {'weight': 6, 'source': 2, 'target': 3}, {'weight': 1, 'source': 2, 'target': 4}, {'weight': 5, 'source': 3, 'target': 4}]}, 'position': {0: [-1.0, 0.19306311148226846], 1: [0.6487986200945854, 0.17922345757500216], 2: [-0.23059649502081692, -0.5189640061498542], 3: [0.672239837510958, -0.5713801483347366], 4: [-0.09044196258472671, 0.7180575854273197]}, 'solution': ([0, 0, 1, 0, 1], 39.0)}",27,"{'optimizer': 'COBYLA', 'maxiter': 100, 'shots': 1024, 'parameter_strategy': 'RANDOM', 'x0': None, 'backend': <QAOA_Tester.Backend.NoisyEstimatorBackend object at 0x7f14ee3141c0>}","[([1, 1, 0, 0, 0], -36.0)]","[array([ 4.39940005,  0.30924944,  3.82227973,  0.8667943 ,  3.76747788,
        0.83825277,  6.24726233,  5.27432452,  2.38930271,  1.12009491,
        4.86517069,  4.64991303, -0.01214206,  5.33420298,  0.66877394,
        3.97544147,  3.65170913,  3.9394825 ,  1.19001279,  0.12280295,
        2.95583369,  1.10631255,  5.74742437,  4.57705848,  0.75980837,
        4.21350639,  6.61714824,  4.24158706,  3.49351224,  1.58362169,
        3.105057  ,  5.60068386,  3.4240429 ,  4.33176253,  0.68680177,
        3.12413245,  4.84429852,  3.3870242 ,  0.33040514,  5.72176643,
        2.85305976,  5.34966593,  4.40637456,  2.96571308,  6.26469702,
        5.22565119,  3.36501469,  2.82848377,  6.0554152 ,  2.64194582,
        4.24376278,  4.29633295,  3.86021222,  5.90869581])]",[593.9036085605621]
