,problem,layers,optimizer,solutions,parameters,time
0,"{'type': 'maxcut', 'graph': {'directed': False, 'multigraph': False, 'graph': {}, 'nodes': [{'id': 0}, {'id': 1}, {'id': 2}, {'id': 3}, {'id': 4}], 'links': [{'weight': 1, 'source': 0, 'target': 1}, {'weight': 7, 'source': 0, 'target': 2}, {'weight': 1, 'source': 0, 'target': 3}, {'weight': 7, 'source': 0, 'target': 4}, {'weight': 9, 'source': 1, 'target': 2}, {'weight': 7, 'source': 1, 'target': 3}, {'weight': 5, 'source': 1, 'target': 4}, {'weight': 6, 'source': 2, 'target': 3}, {'weight': 1, 'source': 2, 'target': 4}, {'weight': 5, 'source': 3, 'target': 4}]}, 'position': {0: [-1.0, 0.19306311148226846], 1: [0.6487986200945854, 0.17922345757500216], 2: [-0.23059649502081692, -0.5189640061498542], 3: [0.672239837510958, -0.5713801483347366], 4: [-0.09044196258472671, 0.7180575854273197]}, 'solution': ([0, 0, 1, 0, 1], 39.0)}",23,"{'optimizer': 'COBYLA', 'maxiter': 100, 'shots': 1024, 'parameter_strategy': 'RANDOM', 'x0': None, 'backend': <QAOA_Tester.Backend.NoisyEstimatorBackend object at 0x7f8f38b202b0>}","[([1, 0, 0, 1, 1], -27.0)]","[array([ 1.53682159,  4.69543617,  3.29026287,  3.86962498,  0.45851969,
        3.26293   ,  0.55012559,  4.03994705,  4.73067558,  3.68574801,
        1.18816484,  2.40610274,  0.20109267,  4.50252185,  3.4913132 ,
       -0.00704288,  3.64829681,  5.77571655,  5.21610733,  2.46181514,
        1.87778147,  4.81750743,  3.78906643,  5.48404008,  1.10737558,
        3.2317085 ,  2.33500645,  3.78913472,  5.91796059,  0.9621492 ,
        5.39750145,  0.14680216,  3.92118885,  5.37454278,  6.26136598,
        3.36589759,  1.61062519,  0.17151542,  4.77857184,  5.61801075,
        1.37249736,  3.15327122,  5.88883359,  3.516041  ,  5.09081712,
        1.59438722])]",[654.8743076324463]
