,problem,layers,optimizer,solutions,parameters,time
0,"{'type': 'maxcut', 'graph': {'directed': False, 'multigraph': False, 'graph': {}, 'nodes': [{'id': 0}, {'id': 1}, {'id': 2}, {'id': 3}, {'id': 4}], 'links': [{'weight': 1, 'source': 0, 'target': 1}, {'weight': 7, 'source': 0, 'target': 2}, {'weight': 1, 'source': 0, 'target': 3}, {'weight': 7, 'source': 0, 'target': 4}, {'weight': 9, 'source': 1, 'target': 2}, {'weight': 7, 'source': 1, 'target': 3}, {'weight': 5, 'source': 1, 'target': 4}, {'weight': 6, 'source': 2, 'target': 3}, {'weight': 1, 'source': 2, 'target': 4}, {'weight': 5, 'source': 3, 'target': 4}]}, 'position': {0: [-1.0, 0.19306311148226846], 1: [0.6487986200945854, 0.17922345757500216], 2: [-0.23059649502081692, -0.5189640061498542], 3: [0.672239837510958, -0.5713801483347366], 4: [-0.09044196258472671, 0.7180575854273197]}, 'solution': ([0, 0, 1, 0, 1], 39.0)}",18,"{'optimizer': 'COBYLA', 'maxiter': 100, 'shots': 1024, 'parameter_strategy': 'RANDOM', 'x0': None, 'backend': <QAOA_Tester.Backend.NoisyEstimatorBackend object at 0x7f0f7ea9df60>}","[([1, 1, 0, 0, 0], -36.0)]","[array([3.60240024, 3.87633325, 4.52249814, 4.58875061, 2.59726841,
       0.93343902, 1.78832097, 5.32240857, 3.34609163, 1.23848575,
       1.69059711, 2.10048916, 2.122042  , 5.73129561, 4.58273856,
       1.96223606, 1.57463511, 3.57646649, 0.6701183 , 0.81232417,
       5.38016313, 0.15383824, 1.04226278, 4.02708965, 0.23549402,
       0.2438494 , 4.96510211, 5.17653062, 0.42741503, 4.62045487,
       4.41077455, 3.62060741, 5.60822419, 3.55449696, 2.35048649,
       1.32358176])]",[634.6294114589691]
