,problem,layers,optimizer,solutions,parameters,time
0,"{'type': 'maxcut', 'graph': {'directed': False, 'multigraph': False, 'graph': {}, 'nodes': [{'id': 0}, {'id': 1}, {'id': 2}, {'id': 3}, {'id': 4}], 'links': [{'weight': 1, 'source': 0, 'target': 1}, {'weight': 7, 'source': 0, 'target': 2}, {'weight': 1, 'source': 0, 'target': 3}, {'weight': 7, 'source': 0, 'target': 4}, {'weight': 9, 'source': 1, 'target': 2}, {'weight': 7, 'source': 1, 'target': 3}, {'weight': 5, 'source': 1, 'target': 4}, {'weight': 6, 'source': 2, 'target': 3}, {'weight': 1, 'source': 2, 'target': 4}, {'weight': 5, 'source': 3, 'target': 4}]}, 'position': {0: [-1.0, 0.19306311148226846], 1: [0.6487986200945854, 0.17922345757500216], 2: [-0.23059649502081692, -0.5189640061498542], 3: [0.672239837510958, -0.5713801483347366], 4: [-0.09044196258472671, 0.7180575854273197]}, 'solution': ([0, 0, 1, 0, 1], 39.0)}",22,"{'optimizer': 'COBYLA', 'maxiter': 100, 'shots': 1024, 'parameter_strategy': 'RANDOM', 'x0': None, 'backend': <QAOA_Tester.Backend.NoisyEstimatorBackend object at 0x7fad0a3e2080>}","[([1, 0, 0, 0, 0], -16.0)]","[array([3.00067544, 5.37327857, 0.03175186, 4.63545039, 6.27635951,
       3.69861726, 3.29596637, 4.7901334 , 4.45326798, 4.63839878,
       3.26570265, 5.39144517, 0.22198712, 4.37057625, 1.21465138,
       3.569144  , 3.61515507, 0.50526147, 4.99837588, 3.76450661,
       4.28161143, 4.22800447, 1.02370586, 5.16460318, 5.01413437,
       0.337456  , 2.59728088, 5.17773242, 5.57840536, 5.69804615,
       3.24295249, 2.33560744, 3.14822466, 1.56030077, 2.73430749,
       4.69663409, 0.91817231, 3.11552402, 5.75847613, 6.01684322,
       6.03858612, 2.2135302 , 1.82933899, 0.5677762 ])]",[617.3032081127167]
