,problem,layers,optimizer,solutions,parameters,time
0,"{'type': 'maxcut', 'graph': {'directed': False, 'multigraph': False, 'graph': {}, 'nodes': [{'id': 0}, {'id': 1}, {'id': 2}, {'id': 3}, {'id': 4}], 'links': [{'weight': 1, 'source': 0, 'target': 1}, {'weight': 7, 'source': 0, 'target': 2}, {'weight': 1, 'source': 0, 'target': 3}, {'weight': 7, 'source': 0, 'target': 4}, {'weight': 9, 'source': 1, 'target': 2}, {'weight': 7, 'source': 1, 'target': 3}, {'weight': 5, 'source': 1, 'target': 4}, {'weight': 6, 'source': 2, 'target': 3}, {'weight': 1, 'source': 2, 'target': 4}, {'weight': 5, 'source': 3, 'target': 4}]}, 'position': {0: [-1.0, 0.19306311148226846], 1: [0.6487986200945854, 0.17922345757500216], 2: [-0.23059649502081692, -0.5189640061498542], 3: [0.672239837510958, -0.5713801483347366], 4: [-0.09044196258472671, 0.7180575854273197]}, 'solution': ([0, 0, 1, 0, 1], 39.0)}",19,"{'optimizer': 'COBYLA', 'maxiter': 100, 'shots': 1024, 'parameter_strategy': 'RANDOM', 'x0': None, 'backend': <QAOA_Tester.Backend.NoisyEstimatorBackend object at 0x7f41f4356080>}","[([1, 1, 0, 0, 0], -36.0)]","[array([2.12677573, 5.21366724, 3.84247798, 5.85935403, 2.64745159,
       2.6842226 , 0.09157084, 2.37472851, 2.91289304, 4.14591023,
       1.28277835, 4.55030733, 2.70591152, 5.4129686 , 2.47632821,
       2.88094637, 4.29421157, 5.17075778, 3.14435747, 0.90646417,
       5.30210893, 1.0752211 , 5.12520326, 6.08130338, 2.61306973,
       4.4193758 , 0.42205825, 1.98638443, 6.22946907, 6.12266285,
       5.17223092, 5.33989911, 3.23272081, 2.81597043, 3.54763368,
       4.56786865, 3.93277415, 1.95205199])]",[614.5005717277527]
