,problem,layers,optimizer,solutions,parameters,time
0,"{'type': 'maxcut', 'graph': {'directed': False, 'multigraph': False, 'graph': {}, 'nodes': [{'id': 0}, {'id': 1}, {'id': 2}, {'id': 3}, {'id': 4}], 'links': [{'weight': 1, 'source': 0, 'target': 1}, {'weight': 7, 'source': 0, 'target': 2}, {'weight': 1, 'source': 0, 'target': 3}, {'weight': 7, 'source': 0, 'target': 4}, {'weight': 9, 'source': 1, 'target': 2}, {'weight': 7, 'source': 1, 'target': 3}, {'weight': 5, 'source': 1, 'target': 4}, {'weight': 6, 'source': 2, 'target': 3}, {'weight': 1, 'source': 2, 'target': 4}, {'weight': 5, 'source': 3, 'target': 4}]}, 'position': {0: [-1.0, 0.19306311148226846], 1: [0.6487986200945854, 0.17922345757500216], 2: [-0.23059649502081692, -0.5189640061498542], 3: [0.672239837510958, -0.5713801483347366], 4: [-0.09044196258472671, 0.7180575854273197]}, 'solution': ([0, 0, 1, 0, 1], 39.0)}",24,"{'optimizer': 'COBYLA', 'maxiter': 100, 'shots': 1024, 'parameter_strategy': 'RANDOM', 'x0': None, 'backend': <QAOA_Tester.Backend.NoisyEstimatorBackend object at 0x7f0d71224a30>}","[([0, 0, 1, 0, 0], -23.0)]","[array([1.43257997, 1.18952753, 2.33137486, 5.8613222 , 3.36421473,
       2.68239494, 1.0496198 , 4.07938092, 0.83132461, 0.57200067,
       4.05040722, 2.33489283, 4.09592157, 5.84285613, 5.93106497,
       3.3453994 , 3.56501382, 5.1159663 , 0.70845549, 1.28450576,
       3.5780264 , 5.46837494, 1.71348126, 6.10157023, 4.11215915,
       3.59494137, 2.78916278, 5.39669003, 4.49580551, 5.71426287,
       3.14855069, 1.69353826, 5.74497541, 4.13583507, 3.6542282 ,
       6.07790229, 3.11944998, 1.0976624 , 2.29770241, 4.33025731,
       4.67592774, 4.23341317, 3.07074727, 4.10160292, 4.87422496,
       3.85733347, 0.42637962, 2.72100308])]",[619.7129552364349]
