,problem,layers,optimizer,solutions,parameters,time
0,"{'type': 'maxcut', 'graph': {'directed': False, 'multigraph': False, 'graph': {}, 'nodes': [{'id': 0}, {'id': 1}, {'id': 2}, {'id': 3}, {'id': 4}], 'links': [{'weight': 1, 'source': 0, 'target': 1}, {'weight': 7, 'source': 0, 'target': 2}, {'weight': 1, 'source': 0, 'target': 3}, {'weight': 7, 'source': 0, 'target': 4}, {'weight': 9, 'source': 1, 'target': 2}, {'weight': 7, 'source': 1, 'target': 3}, {'weight': 5, 'source': 1, 'target': 4}, {'weight': 6, 'source': 2, 'target': 3}, {'weight': 1, 'source': 2, 'target': 4}, {'weight': 5, 'source': 3, 'target': 4}]}, 'position': {0: [-1.0, 0.19306311148226846], 1: [0.6487986200945854, 0.17922345757500216], 2: [-0.23059649502081692, -0.5189640061498542], 3: [0.672239837510958, -0.5713801483347366], 4: [-0.09044196258472671, 0.7180575854273197]}, 'solution': ([0, 0, 1, 0, 1], 39.0)}",20,"{'optimizer': 'COBYLA', 'maxiter': 100, 'shots': 1024, 'parameter_strategy': 'RANDOM', 'x0': None, 'backend': <QAOA_Tester.Backend.NoisyEstimatorBackend object at 0x7fc25ef7a080>}","[([1, 1, 0, 1, 0], -39.0)]","[array([3.9204194 , 5.97588282, 6.34193665, 6.40133745, 5.09286799,
       0.57808296, 4.41738474, 4.84344615, 3.95527015, 0.68315233,
       4.33881569, 3.40091279, 3.16146581, 6.2887713 , 2.28700615,
       3.5048352 , 4.72241199, 3.75753215, 5.18147485, 3.18505441,
       2.03356849, 4.15037741, 3.66466736, 4.25302943, 4.43956779,
       4.8202079 , 0.26940571, 5.08929803, 0.56569096, 4.26883989,
       0.29106993, 4.04381118, 0.46420567, 6.26664996, 1.08246272,
       5.14359236, 0.28190999, 1.21718222, 5.65707052, 5.216152  ])]",[607.0553045272827]
