,problem,layers,optimizer,solutions,parameters,time
0,"{'type': 'maxcut', 'graph': {'directed': False, 'multigraph': False, 'graph': {}, 'nodes': [{'id': 0}, {'id': 1}, {'id': 2}, {'id': 3}, {'id': 4}], 'links': [{'weight': 1, 'source': 0, 'target': 1}, {'weight': 7, 'source': 0, 'target': 2}, {'weight': 1, 'source': 0, 'target': 3}, {'weight': 7, 'source': 0, 'target': 4}, {'weight': 9, 'source': 1, 'target': 2}, {'weight': 7, 'source': 1, 'target': 3}, {'weight': 5, 'source': 1, 'target': 4}, {'weight': 6, 'source': 2, 'target': 3}, {'weight': 1, 'source': 2, 'target': 4}, {'weight': 5, 'source': 3, 'target': 4}]}, 'position': {0: [-1.0, 0.19306311148226846], 1: [0.6487986200945854, 0.17922345757500216], 2: [-0.23059649502081692, -0.5189640061498542], 3: [0.672239837510958, -0.5713801483347366], 4: [-0.09044196258472671, 0.7180575854273197]}, 'solution': ([0, 0, 1, 0, 1], 39.0)}",27,"{'optimizer': 'COBYLA', 'maxiter': 100, 'shots': 1024, 'parameter_strategy': 'RANDOM', 'x0': None, 'backend': <QAOA_Tester.Backend.NoisyEstimatorBackend object at 0x7f65344c4c70>}","[([0, 0, 1, 0, 0], -23.0)]","[array([0.03696966, 4.09205186, 4.28489307, 2.53011202, 4.60070816,
       1.66604884, 3.04007131, 5.00133555, 5.42942558, 3.40470858,
       4.57185294, 3.37284838, 0.0967202 , 2.97186785, 1.37444073,
       0.38771222, 0.07616274, 1.12627279, 5.11522701, 5.6802847 ,
       3.18970439, 1.25920322, 1.82733875, 5.21337471, 3.9266824 ,
       0.73288157, 4.58801148, 1.92746989, 3.96933913, 4.67641412,
       2.87757429, 0.04929636, 3.64232497, 4.91040732, 4.39959797,
       5.35256331, 4.67541954, 0.80604857, 6.03560639, 2.97444829,
       3.84146362, 2.53375894, 4.87943342, 0.32249817, 1.40572685,
       0.05288795, 4.86693449, 5.55275981, 5.68786397, 1.57850702,
       3.3327928 , 0.27336624, 2.15464223, 2.91819235])]",[642.1554312705994]
