,problem,layers,optimizer,solutions,parameters,time
0,"{'type': 'maxcut', 'graph': {'directed': False, 'multigraph': False, 'graph': {}, 'nodes': [{'id': 0}, {'id': 1}, {'id': 2}, {'id': 3}, {'id': 4}], 'links': [{'weight': 1, 'source': 0, 'target': 1}, {'weight': 7, 'source': 0, 'target': 2}, {'weight': 1, 'source': 0, 'target': 3}, {'weight': 7, 'source': 0, 'target': 4}, {'weight': 9, 'source': 1, 'target': 2}, {'weight': 7, 'source': 1, 'target': 3}, {'weight': 5, 'source': 1, 'target': 4}, {'weight': 6, 'source': 2, 'target': 3}, {'weight': 1, 'source': 2, 'target': 4}, {'weight': 5, 'source': 3, 'target': 4}]}, 'position': {0: [-1.0, 0.19306311148226846], 1: [0.6487986200945854, 0.17922345757500216], 2: [-0.23059649502081692, -0.5189640061498542], 3: [0.672239837510958, -0.5713801483347366], 4: [-0.09044196258472671, 0.7180575854273197]}, 'solution': ([0, 0, 1, 0, 1], 39.0)}",26,"{'optimizer': 'COBYLA', 'maxiter': 100, 'shots': 1024, 'parameter_strategy': 'RANDOM', 'x0': None, 'backend': <QAOA_Tester.Backend.NoisyEstimatorBackend object at 0x7ff5b274e0e0>}","[([0, 1, 0, 0, 0], -22.0)]","[array([4.49162029, 4.01014562, 0.58056857, 0.10798686, 3.11157717,
       0.5557334 , 5.54262459, 0.63707309, 6.3192839 , 5.9011545 ,
       4.91655235, 5.08482163, 3.70879919, 3.34404631, 3.90279916,
       2.10496037, 4.89982252, 0.56293406, 5.36015054, 5.8737086 ,
       5.32027569, 2.46686206, 1.86081152, 4.80311601, 4.97961904,
       6.62035315, 3.58304554, 4.79312776, 2.31991562, 4.85768343,
       4.04401811, 3.99149065, 5.86650211, 1.34331719, 3.07209703,
       5.18786318, 3.92211753, 0.67822556, 0.2878728 , 5.31911542,
       3.57296815, 2.64056437, 3.82453318, 5.88410822, 6.05291431,
       3.04031462, 3.97036874, 4.71127676, 1.89567384, 5.78025394,
       5.48053135, 4.15574253])]",[610.8589887619019]
