,problem,layers,optimizer,solutions,parameters,time
0,"{'type': 'maxcut', 'graph': {'directed': False, 'multigraph': False, 'graph': {}, 'nodes': [{'id': 0}, {'id': 1}, {'id': 2}, {'id': 3}, {'id': 4}], 'links': [{'weight': 1, 'source': 0, 'target': 1}, {'weight': 7, 'source': 0, 'target': 2}, {'weight': 1, 'source': 0, 'target': 3}, {'weight': 7, 'source': 0, 'target': 4}, {'weight': 9, 'source': 1, 'target': 2}, {'weight': 7, 'source': 1, 'target': 3}, {'weight': 5, 'source': 1, 'target': 4}, {'weight': 6, 'source': 2, 'target': 3}, {'weight': 1, 'source': 2, 'target': 4}, {'weight': 5, 'source': 3, 'target': 4}]}, 'position': {0: [-1.0, 0.19306311148226846], 1: [0.6487986200945854, 0.17922345757500216], 2: [-0.23059649502081692, -0.5189640061498542], 3: [0.672239837510958, -0.5713801483347366], 4: [-0.09044196258472671, 0.7180575854273197]}, 'solution': ([0, 0, 1, 0, 1], 39.0)}",27,"{'optimizer': 'COBYLA', 'maxiter': 100, 'shots': 1024, 'parameter_strategy': 'RANDOM', 'x0': None, 'backend': <QAOA_Tester.Backend.NoisyEstimatorBackend object at 0x7f6263f401f0>}","[([1, 1, 0, 0, 1], -30.0)]","[array([3.02519075, 1.71532874, 2.68760092, 3.46458244, 4.87354876,
       3.13393178, 1.63088646, 3.23590462, 1.00135339, 3.155117  ,
       6.28322226, 3.92606049, 2.49042754, 4.98902205, 0.06857694,
       5.37764484, 3.81606969, 1.68580275, 4.14047947, 1.86537277,
       1.35842664, 3.19543558, 6.13156601, 1.65228892, 5.22436346,
       3.66237011, 2.88499709, 4.16049788, 4.63186373, 0.65717962,
       3.63118767, 1.04635343, 5.42553105, 1.2289322 , 4.25691117,
       3.15402608, 5.03934101, 1.55722937, 1.46266635, 3.41448808,
       0.43362734, 6.05070118, 0.89024491, 4.86059897, 4.67028174,
       2.44663743, 2.44420861, 1.5736569 , 2.53725334, 4.33953006,
       1.75351543, 2.97721662, 3.17756182, 0.50009395])]",[609.6020231246948]
