,problem,layers,optimizer,solutions,parameters,time
0,"{'type': 'maxcut', 'graph': {'directed': False, 'multigraph': False, 'graph': {}, 'nodes': [{'id': 0}, {'id': 1}, {'id': 2}, {'id': 3}, {'id': 4}], 'links': [{'weight': 1, 'source': 0, 'target': 1}, {'weight': 7, 'source': 0, 'target': 2}, {'weight': 1, 'source': 0, 'target': 3}, {'weight': 7, 'source': 0, 'target': 4}, {'weight': 9, 'source': 1, 'target': 2}, {'weight': 7, 'source': 1, 'target': 3}, {'weight': 5, 'source': 1, 'target': 4}, {'weight': 6, 'source': 2, 'target': 3}, {'weight': 1, 'source': 2, 'target': 4}, {'weight': 5, 'source': 3, 'target': 4}]}, 'position': {0: [-1.0, 0.19306311148226846], 1: [0.6487986200945854, 0.17922345757500216], 2: [-0.23059649502081692, -0.5189640061498542], 3: [0.672239837510958, -0.5713801483347366], 4: [-0.09044196258472671, 0.7180575854273197]}, 'solution': ([0, 0, 1, 0, 1], 39.0)}",28,"{'optimizer': 'COBYLA', 'maxiter': 100, 'shots': 1024, 'parameter_strategy': 'RANDOM', 'x0': None, 'backend': <QAOA_Tester.Backend.NoisyEstimatorBackend object at 0x7fb5747f0280>}","[([1, 0, 0, 0, 1], -20.0)]","[array([3.91315598, 4.26443843, 5.08108188, 4.67102972, 0.23328653,
       2.55245033, 1.77717327, 4.76835981, 2.86499918, 6.06514568,
       5.62271783, 4.3171297 , 2.08234415, 5.67307123, 2.26666175,
       4.36867594, 1.65573912, 1.29870041, 0.48664254, 4.63998787,
       1.81277049, 4.92097032, 4.88331627, 2.43986708, 5.73547026,
       0.46168152, 2.2162488 , 3.13840144, 1.40062602, 5.45993158,
       4.01604259, 1.6859612 , 1.32786465, 1.44666317, 0.10538108,
       1.64309902, 5.08545129, 1.49819434, 5.70762164, 3.4717227 ,
       2.38373697, 2.31333094, 2.51450922, 5.53601352, 1.60709198,
       3.82073876, 5.68220166, 6.11256301, 5.4361383 , 3.23883778,
       4.76599741, 5.12775937, 0.21159987, 0.57982517, 2.915286  ,
       3.31963129])]",[644.8323545455933]
