,problem,layers,optimizer,solutions,parameters,time
0,"{'type': 'maxcut', 'graph': {'directed': False, 'multigraph': False, 'graph': {}, 'nodes': [{'id': 0}, {'id': 1}, {'id': 2}, {'id': 3}, {'id': 4}], 'links': [{'weight': 1, 'source': 0, 'target': 1}, {'weight': 7, 'source': 0, 'target': 2}, {'weight': 1, 'source': 0, 'target': 3}, {'weight': 7, 'source': 0, 'target': 4}, {'weight': 9, 'source': 1, 'target': 2}, {'weight': 7, 'source': 1, 'target': 3}, {'weight': 5, 'source': 1, 'target': 4}, {'weight': 6, 'source': 2, 'target': 3}, {'weight': 1, 'source': 2, 'target': 4}, {'weight': 5, 'source': 3, 'target': 4}]}, 'position': {0: [-1.0, 0.19306311148226846], 1: [0.6487986200945854, 0.17922345757500216], 2: [-0.23059649502081692, -0.5189640061498542], 3: [0.672239837510958, -0.5713801483347366], 4: [-0.09044196258472671, 0.7180575854273197]}, 'solution': ([0, 0, 1, 0, 1], 39.0)}",25,"{'optimizer': 'COBYLA', 'maxiter': 100, 'shots': 1024, 'parameter_strategy': 'RANDOM', 'x0': None, 'backend': <QAOA_Tester.Backend.NoisyEstimatorBackend object at 0x7f4f7a4158a0>}","[([1, 1, 1, 1, 0], -18.0)]","[array([2.25473082e+00, 3.02388494e+00, 5.88247927e+00, 4.49547903e+00,
       5.45857270e-02, 3.42843985e+00, 5.53195150e+00, 2.85356865e+00,
       3.13539883e+00, 4.75381884e+00, 3.95994400e-01, 4.79391489e+00,
       5.11735688e+00, 8.52511289e-01, 1.34172921e+00, 6.20544987e+00,
       1.19790177e+00, 5.50491742e+00, 5.83038996e+00, 3.23003813e+00,
       2.11665090e+00, 5.35386774e+00, 7.08009388e-01, 2.87524568e+00,
       7.95497907e+00, 1.69831597e+00, 5.90838722e+00, 3.62329560e+00,
       2.10610446e-03, 4.66649209e+00, 2.71360565e+00, 1.56379316e+00,
       3.63984738e+00, 2.03407982e+00, 3.44752878e+00, 2.94665377e+00,
       4.49583792e+00, 1.14882163e-01, 2.75120151e-01, 5.60728674e+00,
       5.11567903e+00, 4.64654694e+00, 2.47406459e+00, 1.48532661e+00,
       1.89981020e+00, 3.46526758e+00, 8.15055645e-01, 1.55726889e+00,
       1.23062335e+00, 5.47167057e+00])]",[601.5380351543427]
