,problem,layers,optimizer,solutions,parameters,time
0,"{'type': 'maxcut', 'graph': {'directed': False, 'multigraph': False, 'graph': {}, 'nodes': [{'id': 0}, {'id': 1}, {'id': 2}, {'id': 3}, {'id': 4}], 'links': [{'weight': 1, 'source': 0, 'target': 1}, {'weight': 7, 'source': 0, 'target': 2}, {'weight': 1, 'source': 0, 'target': 3}, {'weight': 7, 'source': 0, 'target': 4}, {'weight': 9, 'source': 1, 'target': 2}, {'weight': 7, 'source': 1, 'target': 3}, {'weight': 5, 'source': 1, 'target': 4}, {'weight': 6, 'source': 2, 'target': 3}, {'weight': 1, 'source': 2, 'target': 4}, {'weight': 5, 'source': 3, 'target': 4}]}, 'position': {0: [-1.0, 0.19306311148226846], 1: [0.6487986200945854, 0.17922345757500216], 2: [-0.23059649502081692, -0.5189640061498542], 3: [0.672239837510958, -0.5713801483347366], 4: [-0.09044196258472671, 0.7180575854273197]}, 'solution': ([0, 0, 1, 0, 1], 39.0)}",18,"{'optimizer': 'COBYLA', 'maxiter': 100, 'shots': 1024, 'parameter_strategy': 'RANDOM', 'x0': None, 'backend': <QAOA_Tester.Backend.NoisyEstimatorBackend object at 0x7fd40bc840d0>}","[([0, 1, 0, 1, 0], -27.0)]","[array([1.28505395, 0.3692349 , 5.91840877, 1.68248806, 2.31307471,
       0.96514812, 3.90989814, 0.6039914 , 3.03088247, 3.90123097,
       1.34835559, 4.4951569 , 4.28824787, 4.88686037, 4.88842548,
       3.29658301, 2.77141204, 7.08729896, 4.80828527, 5.18456508,
       0.97414615, 4.24909896, 1.42066683, 1.62183938, 5.72032503,
       0.80241235, 0.88755512, 0.77669081, 1.66738423, 5.98289006,
       5.65065789, 3.90171954, 2.14984282, 0.75790943, 2.77494044,
       5.68506224])]",[613.7601916790009]
