,problem,layers,optimizer,solutions,parameters,time
0,"{'type': 'maxcut', 'graph': {'directed': False, 'multigraph': False, 'graph': {}, 'nodes': [{'id': 0}, {'id': 1}, {'id': 2}, {'id': 3}, {'id': 4}], 'links': [{'weight': 1, 'source': 0, 'target': 1}, {'weight': 7, 'source': 0, 'target': 2}, {'weight': 1, 'source': 0, 'target': 3}, {'weight': 7, 'source': 0, 'target': 4}, {'weight': 9, 'source': 1, 'target': 2}, {'weight': 7, 'source': 1, 'target': 3}, {'weight': 5, 'source': 1, 'target': 4}, {'weight': 6, 'source': 2, 'target': 3}, {'weight': 1, 'source': 2, 'target': 4}, {'weight': 5, 'source': 3, 'target': 4}]}, 'position': {0: [-1.0, 0.19306311148226846], 1: [0.6487986200945854, 0.17922345757500216], 2: [-0.23059649502081692, -0.5189640061498542], 3: [0.672239837510958, -0.5713801483347366], 4: [-0.09044196258472671, 0.7180575854273197]}, 'solution': ([0, 0, 1, 0, 1], 39.0)}",28,"{'optimizer': 'COBYLA', 'maxiter': 100, 'shots': 1024, 'parameter_strategy': 'RANDOM', 'x0': None, 'backend': <QAOA_Tester.Backend.NoisyEstimatorBackend object at 0x7f507cf53460>}","[([1, 1, 0, 1, 0], -39.0)]","[array([ 2.96991164, -0.04284432,  4.06514607,  1.94078678,  0.73397584,
        1.0272981 ,  0.69294673,  1.48693565,  6.04162864,  0.30852258,
        4.87630793, -0.07180926,  0.4684011 ,  0.84218304,  3.72138894,
        1.56463427,  1.50025813,  6.03725924,  1.29907671,  0.19664445,
        4.65293116,  0.6609996 ,  1.32623201,  4.74027751,  3.3634304 ,
        1.45413394,  5.79188871,  5.25978746,  3.1356971 ,  2.29843589,
        5.1853161 ,  0.86629123,  2.47789999,  1.9652405 ,  5.62397014,
        6.15157634,  4.62037075,  1.57822997,  4.06227624,  4.08993336,
        5.97239962,  3.90587033,  3.77378097,  2.51913725,  0.63273715,
        2.83647497,  4.21168486,  1.50468932,  2.5365445 ,  0.7939046 ,
        2.38068581,  6.13062173,  6.15965044,  2.34843573,  4.23795964,
        4.24897565])]",[601.6457998752594]
