,problem,layers,optimizer,solutions,parameters,time
0,"{'type': 'maxcut', 'graph': {'directed': False, 'multigraph': False, 'graph': {}, 'nodes': [{'id': 0}, {'id': 1}, {'id': 2}, {'id': 3}, {'id': 4}], 'links': [{'weight': 1, 'source': 0, 'target': 1}, {'weight': 7, 'source': 0, 'target': 2}, {'weight': 1, 'source': 0, 'target': 3}, {'weight': 7, 'source': 0, 'target': 4}, {'weight': 9, 'source': 1, 'target': 2}, {'weight': 7, 'source': 1, 'target': 3}, {'weight': 5, 'source': 1, 'target': 4}, {'weight': 6, 'source': 2, 'target': 3}, {'weight': 1, 'source': 2, 'target': 4}, {'weight': 5, 'source': 3, 'target': 4}]}, 'position': {0: [-1.0, 0.19306311148226846], 1: [0.6487986200945854, 0.17922345757500216], 2: [-0.23059649502081692, -0.5189640061498542], 3: [0.672239837510958, -0.5713801483347366], 4: [-0.09044196258472671, 0.7180575854273197]}, 'solution': ([0, 0, 1, 0, 1], 39.0)}",30,"{'optimizer': 'COBYLA', 'maxiter': 100, 'shots': 1024, 'parameter_strategy': 'RANDOM', 'x0': None, 'backend': <QAOA_Tester.Backend.NoisyEstimatorBackend object at 0x7f36b4ad2200>}","[([0, 0, 1, 1, 1], -36.0)]","[array([3.30775332, 5.3048179 , 1.46250411, 0.49208892, 4.46512979,
       5.92064762, 2.8764188 , 4.79363698, 4.70317626, 1.76213171,
       5.33198162, 3.32810672, 4.50920965, 4.70277834, 1.46035856,
       0.81306301, 0.45786051, 1.57593566, 5.32844727, 4.15670019,
       5.88603122, 1.94379929, 5.0399996 , 3.40770586, 2.6943398 ,
       4.47627196, 0.57691742, 5.96566529, 2.47278365, 5.55807414,
       4.79456892, 1.54466338, 2.25382339, 4.99179742, 1.02038968,
       3.40545153, 5.50916674, 6.24258056, 2.04329192, 5.2746697 ,
       4.00325693, 2.37941301, 2.59029494, 2.35662865, 1.43856344,
       4.09447786, 5.36322468, 1.65739943, 1.02790514, 4.89982371,
       2.36555008, 3.45042043, 4.96518762, 4.49176957, 5.60272512,
       5.77719417, 1.88841439, 3.06853566, 2.92065713, 0.41175634])]",[505.1758658885956]
