,problem,layers,optimizer,solutions,parameters,time
0,"{'type': 'maxcut', 'graph': {'directed': False, 'multigraph': False, 'graph': {}, 'nodes': [{'id': 0}, {'id': 1}, {'id': 2}, {'id': 3}, {'id': 4}], 'links': [{'weight': 1, 'source': 0, 'target': 1}, {'weight': 7, 'source': 0, 'target': 2}, {'weight': 1, 'source': 0, 'target': 3}, {'weight': 7, 'source': 0, 'target': 4}, {'weight': 9, 'source': 1, 'target': 2}, {'weight': 7, 'source': 1, 'target': 3}, {'weight': 5, 'source': 1, 'target': 4}, {'weight': 6, 'source': 2, 'target': 3}, {'weight': 1, 'source': 2, 'target': 4}, {'weight': 5, 'source': 3, 'target': 4}]}, 'position': {0: [-1.0, 0.19306311148226846], 1: [0.6487986200945854, 0.17922345757500216], 2: [-0.23059649502081692, -0.5189640061498542], 3: [0.672239837510958, -0.5713801483347366], 4: [-0.09044196258472671, 0.7180575854273197]}, 'solution': ([0, 0, 1, 0, 1], 39.0)}",17,"{'optimizer': 'COBYLA', 'maxiter': 100, 'shots': 1024, 'parameter_strategy': 'RANDOM', 'x0': None, 'backend': <QAOA_Tester.Backend.NoisyEstimatorBackend object at 0x7f89dc0e5db0>}","[([0, 0, 1, 0, 1], -39.0)]","[array([3.43560316e+00, 5.83301847e+00, 3.16705365e+00, 5.03201691e+00,
       4.48816758e+00, 5.35160001e+00, 6.18472368e-01, 9.21025218e-02,
       5.34346982e+00, 3.18077503e+00, 3.79247044e+00, 4.10085221e+00,
       2.98178652e+00, 2.11057796e+00, 2.17598908e+00, 3.65075145e+00,
       3.17973130e+00, 4.98574954e+00, 1.58843274e+00, 1.35694500e+00,
       1.62954028e+00, 1.10814284e+00, 4.94457666e+00, 1.43585351e-01,
       1.05521125e-01, 1.99891135e-01, 5.78927207e-04, 6.74167799e-01,
       2.34412434e+00, 4.26654565e+00, 2.00969909e+00, 4.08751651e+00,
       9.94375123e-01, 7.57242929e-01])]",[578.840616941452]
