,problem,layers,optimizer,solutions,parameters,time
0,"{'type': 'maxcut', 'graph': {'directed': False, 'multigraph': False, 'graph': {}, 'nodes': [{'id': 0}, {'id': 1}, {'id': 2}, {'id': 3}, {'id': 4}], 'links': [{'weight': 1, 'source': 0, 'target': 1}, {'weight': 7, 'source': 0, 'target': 2}, {'weight': 1, 'source': 0, 'target': 3}, {'weight': 7, 'source': 0, 'target': 4}, {'weight': 9, 'source': 1, 'target': 2}, {'weight': 7, 'source': 1, 'target': 3}, {'weight': 5, 'source': 1, 'target': 4}, {'weight': 6, 'source': 2, 'target': 3}, {'weight': 1, 'source': 2, 'target': 4}, {'weight': 5, 'source': 3, 'target': 4}]}, 'position': {0: [-1.0, 0.19306311148226846], 1: [0.6487986200945854, 0.17922345757500216], 2: [-0.23059649502081692, -0.5189640061498542], 3: [0.672239837510958, -0.5713801483347366], 4: [-0.09044196258472671, 0.7180575854273197]}, 'solution': ([0, 0, 1, 0, 1], 39.0)}",24,"{'optimizer': 'COBYLA', 'maxiter': 100, 'shots': 1024, 'parameter_strategy': 'RANDOM', 'x0': None, 'backend': <QAOA_Tester.Backend.NoisyEstimatorBackend object at 0x7f63545bd180>}","[([0, 1, 0, 1, 1], -25.0)]","[array([2.94580927e+00, 1.85170343e+00, 2.60312187e+00, 5.20965534e+00,
       3.06013655e+00, 1.49105295e+00, 2.15509094e+00, 5.13204196e-01,
       3.48112956e-01, 5.00321877e+00, 2.44824121e-03, 4.09664121e+00,
       5.35384779e+00, 9.56654488e-02, 5.22509249e+00, 3.01822623e+00,
       4.45682992e+00, 4.97385089e+00, 4.81763237e+00, 1.85932216e+00,
       2.27851414e+00, 3.95276584e+00, 4.46654121e+00, 5.99095362e+00,
       7.54192838e-01, 7.53019102e-01, 3.00532096e+00, 6.07965988e+00,
       5.37098245e+00, 2.09437558e+00, 3.76247202e+00, 4.66677229e+00,
       2.16720295e+00, 1.08064429e+00, 4.35323649e+00, 2.62170204e+00,
       5.66466406e-01, 1.60517540e+00, 5.50286336e+00, 1.12200871e+00,
       1.78665083e+00, 9.94049060e-02, 3.06479740e+00, 1.97566339e+00,
       2.81705948e+00, 2.49003639e+00, 1.62991029e+00, 1.20312557e+00])]",[632.9164338111877]
