,problem,layers,optimizer,solutions,parameters,time
0,"{'type': 'maxcut', 'graph': {'directed': False, 'multigraph': False, 'graph': {}, 'nodes': [{'id': 0}, {'id': 1}, {'id': 2}, {'id': 3}, {'id': 4}], 'links': [{'weight': 1, 'source': 0, 'target': 1}, {'weight': 7, 'source': 0, 'target': 2}, {'weight': 1, 'source': 0, 'target': 3}, {'weight': 7, 'source': 0, 'target': 4}, {'weight': 9, 'source': 1, 'target': 2}, {'weight': 7, 'source': 1, 'target': 3}, {'weight': 5, 'source': 1, 'target': 4}, {'weight': 6, 'source': 2, 'target': 3}, {'weight': 1, 'source': 2, 'target': 4}, {'weight': 5, 'source': 3, 'target': 4}]}, 'position': {0: [-1.0, 0.19306311148226846], 1: [0.6487986200945854, 0.17922345757500216], 2: [-0.23059649502081692, -0.5189640061498542], 3: [0.672239837510958, -0.5713801483347366], 4: [-0.09044196258472671, 0.7180575854273197]}, 'solution': ([0, 0, 1, 0, 1], 39.0)}",19,"{'optimizer': 'COBYLA', 'maxiter': 100, 'shots': 1024, 'parameter_strategy': 'RANDOM', 'x0': None, 'backend': <QAOA_Tester.Backend.NoisyEstimatorBackend object at 0x7fd973475660>}","[([0, 1, 0, 1, 0], -27.0)]","[array([1.05556286e+00, 1.45411917e+00, 3.95852637e+00, 1.06312117e+00,
       2.67870468e+00, 1.03053901e+00, 5.40821839e+00, 4.97529349e-01,
       3.05542538e+00, 3.52241567e+00, 3.91157265e+00, 4.73831336e+00,
       3.23588854e+00, 4.30875077e+00, 1.87129789e+00, 1.90628864e+00,
       3.47849004e+00, 3.47157289e+00, 6.34319539e+00, 1.67627682e+00,
       2.83267970e-01, 5.65775488e-03, 4.19862007e+00, 3.08224667e+00,
       5.92179065e+00, 4.42716612e+00, 3.60938677e+00, 3.34522248e+00,
       5.27127016e+00, 3.01767037e+00, 6.01115349e+00, 1.52397208e+00,
       1.95266524e+00, 3.79895762e+00, 4.13978166e+00, 1.00348324e+00,
       4.35716958e+00, 8.93275517e-01])]",[640.974191904068]
