,problem,layers,optimizer,solutions,parameters,time
0,"{'type': 'maxcut', 'graph': {'directed': False, 'multigraph': False, 'graph': {}, 'nodes': [{'id': 0}, {'id': 1}, {'id': 2}, {'id': 3}, {'id': 4}], 'links': [{'weight': 1, 'source': 0, 'target': 1}, {'weight': 7, 'source': 0, 'target': 2}, {'weight': 1, 'source': 0, 'target': 3}, {'weight': 7, 'source': 0, 'target': 4}, {'weight': 9, 'source': 1, 'target': 2}, {'weight': 7, 'source': 1, 'target': 3}, {'weight': 5, 'source': 1, 'target': 4}, {'weight': 6, 'source': 2, 'target': 3}, {'weight': 1, 'source': 2, 'target': 4}, {'weight': 5, 'source': 3, 'target': 4}]}, 'position': {0: [-1.0, 0.19306311148226846], 1: [0.6487986200945854, 0.17922345757500216], 2: [-0.23059649502081692, -0.5189640061498542], 3: [0.672239837510958, -0.5713801483347366], 4: [-0.09044196258472671, 0.7180575854273197]}, 'solution': ([0, 0, 1, 0, 1], 39.0)}",24,"{'optimizer': 'COBYLA', 'maxiter': 100, 'shots': 1024, 'parameter_strategy': 'RANDOM', 'x0': None, 'backend': <QAOA_Tester.Backend.NoisyEstimatorBackend object at 0x7f9535974160>}","[([0, 0, 0, 1, 1], -27.0)]","[array([2.65769884, 4.36114531, 5.62273925, 4.92478493, 1.50771803,
       1.02962588, 3.15236365, 2.2076729 , 0.11461434, 1.31448857,
       3.34696102, 5.99872202, 0.62793512, 2.16265797, 0.22650928,
       0.6795897 , 4.23923178, 4.32246628, 5.1810868 , 0.9487059 ,
       1.39133596, 5.67035835, 5.72007182, 4.46955402, 0.20294889,
       3.6230811 , 6.24414479, 3.06139415, 5.15857604, 2.24980806,
       3.00835456, 5.37974583, 1.70459888, 5.64618786, 0.83977374,
       1.58859756, 0.87663713, 0.46189952, 3.40316246, 3.37726534,
       1.88840089, 3.07608739, 3.18570937, 0.69182458, 2.70812043,
       4.96683887, 4.94853854, 5.02150042])]",[602.5952594280243]
