,problem,layers,optimizer,solutions,parameters,time
0,"{'type': 'maxcut', 'graph': {'directed': False, 'multigraph': False, 'graph': {}, 'nodes': [{'id': 0}, {'id': 1}, {'id': 2}, {'id': 3}, {'id': 4}], 'links': [{'weight': 1, 'source': 0, 'target': 1}, {'weight': 7, 'source': 0, 'target': 2}, {'weight': 1, 'source': 0, 'target': 3}, {'weight': 7, 'source': 0, 'target': 4}, {'weight': 9, 'source': 1, 'target': 2}, {'weight': 7, 'source': 1, 'target': 3}, {'weight': 5, 'source': 1, 'target': 4}, {'weight': 6, 'source': 2, 'target': 3}, {'weight': 1, 'source': 2, 'target': 4}, {'weight': 5, 'source': 3, 'target': 4}]}, 'position': {0: [-1.0, 0.19306311148226846], 1: [0.6487986200945854, 0.17922345757500216], 2: [-0.23059649502081692, -0.5189640061498542], 3: [0.672239837510958, -0.5713801483347366], 4: [-0.09044196258472671, 0.7180575854273197]}, 'solution': ([0, 0, 1, 0, 1], 39.0)}",20,"{'optimizer': 'COBYLA', 'maxiter': 100, 'shots': 1024, 'parameter_strategy': 'RANDOM', 'x0': None, 'backend': <QAOA_Tester.Backend.NoisyEstimatorBackend object at 0x7f39b0f96440>}","[([1, 0, 0, 0, 0], -16.0)]","[array([1.65487353, 5.96672289, 1.1581831 , 1.13624852, 2.45554843,
       4.15681357, 2.59723902, 0.91713833, 3.66867125, 1.06451156,
       2.92627908, 1.19817275, 5.81463938, 4.90184653, 1.12311885,
       5.06539294, 5.00595293, 3.38824588, 4.73619217, 1.86816874,
       3.48826786, 2.73717228, 5.15342546, 4.19930918, 5.36662337,
       4.32608704, 2.88685349, 3.43895196, 3.86505421, 2.58782978,
       4.64423328, 2.84898329, 5.8171478 , 3.50745688, 5.54818781,
       4.72268186, 4.46742203, 0.74135333, 0.65167837, 4.71393224])]",[581.4030086994171]
