,problem,layers,optimizer,solutions,parameters,time
0,"{'type': 'maxcut', 'graph': {'directed': False, 'multigraph': False, 'graph': {}, 'nodes': [{'id': 0}, {'id': 1}, {'id': 2}, {'id': 3}, {'id': 4}], 'links': [{'weight': 1, 'source': 0, 'target': 1}, {'weight': 7, 'source': 0, 'target': 2}, {'weight': 1, 'source': 0, 'target': 3}, {'weight': 7, 'source': 0, 'target': 4}, {'weight': 9, 'source': 1, 'target': 2}, {'weight': 7, 'source': 1, 'target': 3}, {'weight': 5, 'source': 1, 'target': 4}, {'weight': 6, 'source': 2, 'target': 3}, {'weight': 1, 'source': 2, 'target': 4}, {'weight': 5, 'source': 3, 'target': 4}]}, 'position': {0: [-1.0, 0.19306311148226846], 1: [0.6487986200945854, 0.17922345757500216], 2: [-0.23059649502081692, -0.5189640061498542], 3: [0.672239837510958, -0.5713801483347366], 4: [-0.09044196258472671, 0.7180575854273197]}, 'solution': ([0, 0, 1, 0, 1], 39.0)}",22,"{'optimizer': 'COBYLA', 'maxiter': 100, 'shots': 1024, 'parameter_strategy': 'RANDOM', 'x0': None, 'backend': <QAOA_Tester.Backend.NoisyEstimatorBackend object at 0x7f3cc31fe890>}","[([1, 0, 1, 1, 0], -30.0)]","[array([0.32678613, 6.025382  , 2.88738995, 0.89715724, 1.86436065,
       3.11882112, 3.56886174, 5.39995093, 2.76043481, 3.2998119 ,
       0.92810678, 4.408093  , 5.05913954, 2.91837047, 0.6938301 ,
       2.28494571, 6.11438686, 2.0524916 , 2.47888409, 0.45044667,
       1.53428618, 3.52623643, 2.66804484, 2.98787999, 4.68472034,
       1.65957598, 6.16816305, 5.7182469 , 3.78008285, 0.34597266,
       3.63458347, 4.64571333, 5.33802956, 0.35936128, 5.06919657,
       0.21416421, 0.31282203, 1.38297055, 2.68228966, 1.31729147,
       0.51629371, 4.14828627, 1.1515112 , 3.41314914])]",[604.6745550632477]
