,problem,layers,optimizer,solutions,parameters,time
0,"{'type': 'maxcut', 'graph': {'directed': False, 'multigraph': False, 'graph': {}, 'nodes': [{'id': 0}, {'id': 1}, {'id': 2}, {'id': 3}, {'id': 4}], 'links': [{'weight': 1, 'source': 0, 'target': 1}, {'weight': 7, 'source': 0, 'target': 2}, {'weight': 1, 'source': 0, 'target': 3}, {'weight': 7, 'source': 0, 'target': 4}, {'weight': 9, 'source': 1, 'target': 2}, {'weight': 7, 'source': 1, 'target': 3}, {'weight': 5, 'source': 1, 'target': 4}, {'weight': 6, 'source': 2, 'target': 3}, {'weight': 1, 'source': 2, 'target': 4}, {'weight': 5, 'source': 3, 'target': 4}]}, 'position': {0: [-1.0, 0.19306311148226846], 1: [0.6487986200945854, 0.17922345757500216], 2: [-0.23059649502081692, -0.5189640061498542], 3: [0.672239837510958, -0.5713801483347366], 4: [-0.09044196258472671, 0.7180575854273197]}, 'solution': ([0, 0, 1, 0, 1], 39.0)}",24,"{'optimizer': 'COBYLA', 'maxiter': 100, 'shots': 1024, 'parameter_strategy': 'RANDOM', 'x0': None, 'backend': <QAOA_Tester.Backend.NoisyEstimatorBackend object at 0x7f68c320df00>}","[([0, 1, 0, 0, 1], -30.0)]","[array([1.56549011, 4.09529643, 5.16666928, 3.3997994 , 0.28961143,
       1.0903193 , 5.56435965, 3.49820902, 1.40494744, 3.9876854 ,
       3.7928754 , 4.35755652, 0.18794878, 2.27410566, 1.88579472,
       5.52597275, 2.2487042 , 4.52395132, 6.12560542, 0.52873415,
       0.68867622, 0.26018676, 6.16257116, 6.26616145, 4.80288745,
       2.97861978, 0.87149982, 4.70791753, 5.66054052, 1.77475616,
       3.70777539, 0.34088855, 3.02140827, 5.1853046 , 3.78566714,
       2.32086328, 5.88776419, 0.23534477, 0.82447234, 6.26092974,
       0.09871553, 4.23210128, 5.19454665, 0.81141692, 5.16385398,
       3.34104684, 1.19305607, 5.06542135])]",[581.116614818573]
