,problem,layers,optimizer,solutions,parameters,time
0,"{'type': 'maxcut', 'graph': {'directed': False, 'multigraph': False, 'graph': {}, 'nodes': [{'id': 0}, {'id': 1}, {'id': 2}, {'id': 3}, {'id': 4}], 'links': [{'weight': 1, 'source': 0, 'target': 1}, {'weight': 7, 'source': 0, 'target': 2}, {'weight': 1, 'source': 0, 'target': 3}, {'weight': 7, 'source': 0, 'target': 4}, {'weight': 9, 'source': 1, 'target': 2}, {'weight': 7, 'source': 1, 'target': 3}, {'weight': 5, 'source': 1, 'target': 4}, {'weight': 6, 'source': 2, 'target': 3}, {'weight': 1, 'source': 2, 'target': 4}, {'weight': 5, 'source': 3, 'target': 4}]}, 'position': {0: [-1.0, 0.19306311148226846], 1: [0.6487986200945854, 0.17922345757500216], 2: [-0.23059649502081692, -0.5189640061498542], 3: [0.672239837510958, -0.5713801483347366], 4: [-0.09044196258472671, 0.7180575854273197]}, 'solution': ([0, 0, 1, 0, 1], 39.0)}",23,"{'optimizer': 'COBYLA', 'maxiter': 100, 'shots': 1024, 'parameter_strategy': 'RANDOM', 'x0': None, 'backend': <QAOA_Tester.Backend.NoisyEstimatorBackend object at 0x7f99022ee050>}","[([1, 0, 0, 1, 1], -27.0)]","[array([ 0.24579957,  1.85025838,  5.76737712,  2.08274883,  3.6446316 ,
        2.08098322,  3.81857545,  3.37518565,  5.05719433,  2.20964895,
        1.17692666,  3.03117472,  4.24147685,  6.31649511,  1.69579668,
        1.81145919,  1.09171327,  0.61706643,  2.48772365,  2.75841113,
        4.11784255,  2.10452536, -0.23115835,  3.64901964,  2.95191536,
        2.06087638,  6.21559196,  5.19751447,  4.49286316,  3.1954904 ,
        0.64292539,  5.13242795,  5.4234233 ,  5.45382796,  1.24564578,
        3.98218266,  3.69539146,  3.69693029,  3.45029772,  6.25470623,
        3.70844757,  3.85276577,  0.34549592,  4.51559167,  0.64298683,
        4.16125645])]",[627.8354771137238]
