,problem,layers,optimizer,solutions,parameters,time
0,"{'type': 'maxcut', 'graph': {'directed': False, 'multigraph': False, 'graph': {}, 'nodes': [{'id': 0}, {'id': 1}, {'id': 2}, {'id': 3}, {'id': 4}], 'links': [{'weight': 1, 'source': 0, 'target': 1}, {'weight': 7, 'source': 0, 'target': 2}, {'weight': 1, 'source': 0, 'target': 3}, {'weight': 7, 'source': 0, 'target': 4}, {'weight': 9, 'source': 1, 'target': 2}, {'weight': 7, 'source': 1, 'target': 3}, {'weight': 5, 'source': 1, 'target': 4}, {'weight': 6, 'source': 2, 'target': 3}, {'weight': 1, 'source': 2, 'target': 4}, {'weight': 5, 'source': 3, 'target': 4}]}, 'position': {0: [-1.0, 0.19306311148226846], 1: [0.6487986200945854, 0.17922345757500216], 2: [-0.23059649502081692, -0.5189640061498542], 3: [0.672239837510958, -0.5713801483347366], 4: [-0.09044196258472671, 0.7180575854273197]}, 'solution': ([0, 0, 1, 0, 1], 39.0)}",29,"{'optimizer': 'COBYLA', 'maxiter': 100, 'shots': 1024, 'parameter_strategy': 'RANDOM', 'x0': None, 'backend': <QAOA_Tester.Backend.NoisyEstimatorBackend object at 0x7fb8e510e4a0>}","[([0, 0, 0, 1, 0], -19.0)]","[array([0.09315698, 1.60121642, 4.43195746, 4.13191479, 4.77538837,
       2.84616864, 1.3071822 , 6.10088808, 1.13761923, 3.61790312,
       1.13846426, 5.77027024, 4.53365611, 4.08403047, 2.21983965,
       2.99485777, 3.32734898, 4.94175027, 3.01061961, 6.21061336,
       0.66071932, 6.32853403, 5.73921015, 3.71922206, 2.24525169,
       4.89634422, 3.6445119 , 2.98229437, 4.25691663, 6.27009474,
       4.32641748, 5.05166667, 6.25198414, 5.20610273, 4.56957181,
       5.54985429, 5.03228151, 1.17679786, 3.58885637, 3.01154508,
       1.78285891, 4.44783782, 0.33658989, 5.18582224, 0.43469452,
       3.29520015, 4.48349508, 4.52653217, 5.97793866, 1.98617565,
       2.17917321, 0.68182785, 5.75855715, 4.2718498 , 4.04798157,
       3.25900111, 2.82190636, 6.08971591])]",[583.9949867725372]
