,problem,layers,optimizer,solutions,parameters,time
0,"{'type': 'maxcut', 'graph': {'directed': False, 'multigraph': False, 'graph': {}, 'nodes': [{'id': 0}, {'id': 1}, {'id': 2}, {'id': 3}, {'id': 4}], 'links': [{'weight': 1, 'source': 0, 'target': 1}, {'weight': 7, 'source': 0, 'target': 2}, {'weight': 1, 'source': 0, 'target': 3}, {'weight': 7, 'source': 0, 'target': 4}, {'weight': 9, 'source': 1, 'target': 2}, {'weight': 7, 'source': 1, 'target': 3}, {'weight': 5, 'source': 1, 'target': 4}, {'weight': 6, 'source': 2, 'target': 3}, {'weight': 1, 'source': 2, 'target': 4}, {'weight': 5, 'source': 3, 'target': 4}]}, 'position': {0: [-1.0, 0.19306311148226846], 1: [0.6487986200945854, 0.17922345757500216], 2: [-0.23059649502081692, -0.5189640061498542], 3: [0.672239837510958, -0.5713801483347366], 4: [-0.09044196258472671, 0.7180575854273197]}, 'solution': ([0, 0, 1, 0, 1], 39.0)}",19,"{'optimizer': 'COBYLA', 'maxiter': 100, 'shots': 1024, 'parameter_strategy': 'RANDOM', 'x0': None, 'backend': <QAOA_Tester.Backend.NoisyEstimatorBackend object at 0x7fcd2aeba8c0>}","[([1, 1, 1, 0, 1], -19.0)]","[array([3.579051  , 5.56223688, 1.71633379, 0.3653074 , 1.27081825,
       1.81388253, 2.31791892, 1.94962074, 5.01695738, 4.37750868,
       6.22446335, 2.3633858 , 3.9975277 , 1.11953818, 2.02084231,
       2.28341753, 5.53859214, 5.82913516, 4.47182737, 4.15348057,
       1.06226351, 5.70753041, 5.82940048, 5.35970571, 4.73248737,
       3.12516359, 0.7287193 , 1.47231015, 1.05973151, 3.53048945,
       3.47533201, 0.44737614, 5.64532184, 1.00457388, 2.86859522,
       5.39941575, 1.56798721, 2.05617052])]",[593.7690348625183]
