,problem,layers,optimizer,solutions,parameters,time
0,"{'type': 'maxcut', 'graph': {'directed': False, 'multigraph': False, 'graph': {}, 'nodes': [{'id': 0}, {'id': 1}, {'id': 2}, {'id': 3}, {'id': 4}], 'links': [{'weight': 1, 'source': 0, 'target': 1}, {'weight': 7, 'source': 0, 'target': 2}, {'weight': 1, 'source': 0, 'target': 3}, {'weight': 7, 'source': 0, 'target': 4}, {'weight': 9, 'source': 1, 'target': 2}, {'weight': 7, 'source': 1, 'target': 3}, {'weight': 5, 'source': 1, 'target': 4}, {'weight': 6, 'source': 2, 'target': 3}, {'weight': 1, 'source': 2, 'target': 4}, {'weight': 5, 'source': 3, 'target': 4}]}, 'position': {0: [-1.0, 0.19306311148226846], 1: [0.6487986200945854, 0.17922345757500216], 2: [-0.23059649502081692, -0.5189640061498542], 3: [0.672239837510958, -0.5713801483347366], 4: [-0.09044196258472671, 0.7180575854273197]}, 'solution': ([0, 0, 1, 0, 1], 39.0)}",24,"{'optimizer': 'COBYLA', 'maxiter': 100, 'shots': 1024, 'parameter_strategy': 'RANDOM', 'x0': None, 'backend': <QAOA_Tester.Backend.NoisyEstimatorBackend object at 0x7fe8a2722ad0>}","[([0, 1, 0, 1, 1], -25.0)]","[array([6.27192856, 4.101448  , 4.71221372, 6.23828155, 0.25480944,
       2.02599631, 5.33574981, 4.04681187, 1.0783764 , 3.32825962,
       2.97721485, 5.83355729, 1.18363981, 1.40343626, 3.00314383,
       6.18774293, 5.82567046, 6.02148726, 1.03153785, 0.94968052,
       4.78789394, 6.03038921, 5.56509658, 6.36649869, 3.03153872,
       0.31027248, 1.1882538 , 3.83583922, 6.02974129, 1.82461416,
       2.78889374, 5.43320028, 4.50579835, 1.43248451, 3.74720412,
       2.09581911, 5.28776069, 4.84879587, 4.98765095, 3.10226937,
       1.05080628, 2.19209501, 6.001524  , 1.0794189 , 5.2489554 ,
       2.20565845, 0.19519358, 0.70957917])]",[583.9977247714996]
