,problem,layers,optimizer,solutions,parameters,time
0,"{'type': 'maxcut', 'graph': {'directed': False, 'multigraph': False, 'graph': {}, 'nodes': [{'id': 0}, {'id': 1}, {'id': 2}, {'id': 3}, {'id': 4}], 'links': [{'weight': 1, 'source': 0, 'target': 1}, {'weight': 7, 'source': 0, 'target': 2}, {'weight': 1, 'source': 0, 'target': 3}, {'weight': 7, 'source': 0, 'target': 4}, {'weight': 9, 'source': 1, 'target': 2}, {'weight': 7, 'source': 1, 'target': 3}, {'weight': 5, 'source': 1, 'target': 4}, {'weight': 6, 'source': 2, 'target': 3}, {'weight': 1, 'source': 2, 'target': 4}, {'weight': 5, 'source': 3, 'target': 4}]}, 'position': {0: [-1.0, 0.19306311148226846], 1: [0.6487986200945854, 0.17922345757500216], 2: [-0.23059649502081692, -0.5189640061498542], 3: [0.672239837510958, -0.5713801483347366], 4: [-0.09044196258472671, 0.7180575854273197]}, 'solution': ([0, 0, 1, 0, 1], 39.0)}",30,"{'optimizer': 'COBYLA', 'maxiter': 100, 'shots': 1024, 'parameter_strategy': 'RANDOM', 'x0': None, 'backend': <QAOA_Tester.Backend.NoisyEstimatorBackend object at 0x7f055f378100>}","[([0, 0, 1, 0, 1], -39.0)]","[array([0.44503852, 3.67534755, 2.33504584, 5.93002041, 5.35793121,
       3.28050622, 1.09026591, 6.05893157, 2.65805812, 4.84140626,
       2.36734413, 0.92467471, 1.12416924, 2.35172123, 5.03691893,
       2.66511124, 4.50296917, 0.98962443, 5.80858326, 3.91053274,
       5.39450097, 0.80760825, 2.38683302, 5.13571979, 0.10663675,
       0.72211235, 2.72455483, 2.99025284, 5.72845261, 4.90597233,
       5.18825535, 4.16386679, 3.29753406, 3.96806672, 3.66967819,
       5.79591607, 4.02324471, 0.41321974, 2.96677273, 0.31748216,
       2.988877  , 1.71084267, 3.86130755, 1.78301107, 6.13716081,
       3.79392375, 1.33913861, 1.16796684, 2.40425353, 4.68799847,
       2.46269878, 2.05774913, 2.77690881, 2.36790595, 2.8973032 ,
       5.45329604, 0.05512985, 2.60815156, 4.09792334, 0.10849072])]",[511.29806208610535]
