,problem,layers,optimizer,solutions,parameters,time
0,"{'type': 'maxcut', 'graph': {'directed': False, 'multigraph': False, 'graph': {}, 'nodes': [{'id': 0}, {'id': 1}, {'id': 2}, {'id': 3}, {'id': 4}], 'links': [{'weight': 1, 'source': 0, 'target': 1}, {'weight': 7, 'source': 0, 'target': 2}, {'weight': 1, 'source': 0, 'target': 3}, {'weight': 7, 'source': 0, 'target': 4}, {'weight': 9, 'source': 1, 'target': 2}, {'weight': 7, 'source': 1, 'target': 3}, {'weight': 5, 'source': 1, 'target': 4}, {'weight': 6, 'source': 2, 'target': 3}, {'weight': 1, 'source': 2, 'target': 4}, {'weight': 5, 'source': 3, 'target': 4}]}, 'position': {0: [-1.0, 0.19306311148226846], 1: [0.6487986200945854, 0.17922345757500216], 2: [-0.23059649502081692, -0.5189640061498542], 3: [0.672239837510958, -0.5713801483347366], 4: [-0.09044196258472671, 0.7180575854273197]}, 'solution': ([0, 0, 1, 0, 1], 39.0)}",20,"{'optimizer': 'COBYLA', 'maxiter': 100, 'shots': 1024, 'parameter_strategy': 'RANDOM', 'x0': None, 'backend': <QAOA_Tester.Backend.NoisyEstimatorBackend object at 0x7ff89b436a70>}","[([0, 0, 1, 1, 0], -30.0)]","[array([ 0.93425462,  2.45747539,  3.27984944,  6.02492955,  2.03331269,
        4.92190701,  0.92375051,  3.7236095 ,  4.16375901,  1.61603245,
        0.5702648 ,  4.01761993,  3.11411566,  4.42149449,  5.93850567,
        0.68227507,  2.34309136,  6.09741136,  1.81152796,  5.05254163,
        3.44047317, -0.0218147 ,  3.9259678 ,  2.56795993,  0.87733792,
        2.0902316 ,  2.65197264,  2.56985073,  3.99222052,  3.75524961,
        4.34084399,  3.65949404,  4.30649128,  4.62807978,  2.13684441,
        3.14817891,  0.21646768,  3.38694495,  1.16430564,  2.99360211])]",[623.8409645557404]
