,problem,layers,optimizer,solutions,parameters,time
0,"{'type': 'maxcut', 'graph': {'directed': False, 'multigraph': False, 'graph': {}, 'nodes': [{'id': 0}, {'id': 1}, {'id': 2}, {'id': 3}, {'id': 4}], 'links': [{'weight': 1, 'source': 0, 'target': 1}, {'weight': 7, 'source': 0, 'target': 2}, {'weight': 1, 'source': 0, 'target': 3}, {'weight': 7, 'source': 0, 'target': 4}, {'weight': 9, 'source': 1, 'target': 2}, {'weight': 7, 'source': 1, 'target': 3}, {'weight': 5, 'source': 1, 'target': 4}, {'weight': 6, 'source': 2, 'target': 3}, {'weight': 1, 'source': 2, 'target': 4}, {'weight': 5, 'source': 3, 'target': 4}]}, 'position': {0: [-1.0, 0.19306311148226846], 1: [0.6487986200945854, 0.17922345757500216], 2: [-0.23059649502081692, -0.5189640061498542], 3: [0.672239837510958, -0.5713801483347366], 4: [-0.09044196258472671, 0.7180575854273197]}, 'solution': ([0, 0, 1, 0, 1], 39.0)}",25,"{'optimizer': 'COBYLA', 'maxiter': 100, 'shots': 1024, 'parameter_strategy': 'RANDOM', 'x0': None, 'backend': <QAOA_Tester.Backend.NoisyEstimatorBackend object at 0x7f6ff0bddab0>}","[([1, 0, 1, 1, 0], -30.0)]","[array([2.43473145, 3.87727695, 4.42189668, 5.70858118, 4.16156594,
       3.27778014, 1.88692775, 1.78071885, 3.26722878, 3.6663038 ,
       1.48719656, 4.01368393, 3.36550207, 5.1715553 , 1.20725336,
       4.45242292, 3.18475842, 0.15448218, 3.83366956, 2.74766806,
       5.65615265, 0.18717613, 0.90446142, 1.24430614, 3.32563771,
       4.49452474, 1.96079252, 5.39718607, 6.22157134, 2.10779324,
       4.70240448, 4.02798713, 6.02834114, 0.44881211, 5.71396389,
       1.76305739, 4.99052352, 5.09030846, 2.92609146, 0.03285246,
       3.08666522, 4.74488647, 1.99239443, 3.88651053, 0.32121569,
       4.63208484, 1.70271661, 2.75698194, 1.79860763, 4.50938224])]",[625.933483839035]
