,problem,layers,optimizer,solutions,parameters,time
0,"{'type': 'maxcut', 'graph': {'directed': False, 'multigraph': False, 'graph': {}, 'nodes': [{'id': 0}, {'id': 1}, {'id': 2}, {'id': 3}, {'id': 4}], 'links': [{'weight': 1, 'source': 0, 'target': 1}, {'weight': 7, 'source': 0, 'target': 2}, {'weight': 1, 'source': 0, 'target': 3}, {'weight': 7, 'source': 0, 'target': 4}, {'weight': 9, 'source': 1, 'target': 2}, {'weight': 7, 'source': 1, 'target': 3}, {'weight': 5, 'source': 1, 'target': 4}, {'weight': 6, 'source': 2, 'target': 3}, {'weight': 1, 'source': 2, 'target': 4}, {'weight': 5, 'source': 3, 'target': 4}]}, 'position': {0: [-1.0, 0.19306311148226846], 1: [0.6487986200945854, 0.17922345757500216], 2: [-0.23059649502081692, -0.5189640061498542], 3: [0.672239837510958, -0.5713801483347366], 4: [-0.09044196258472671, 0.7180575854273197]}, 'solution': ([0, 0, 1, 0, 1], 39.0)}",23,"{'optimizer': 'COBYLA', 'maxiter': 100, 'shots': 1024, 'parameter_strategy': 'RANDOM', 'x0': None, 'backend': <QAOA_Tester.Backend.NoisyEstimatorBackend object at 0x7f3975645690>}","[([0, 0, 1, 1, 0], -30.0)]","[array([3.47472434, 1.96541406, 2.26738774, 4.16234817, 0.91087364,
       4.08111461, 3.70220322, 4.14455269, 5.84709998, 1.68589648,
       1.6665208 , 2.61946443, 4.39776014, 3.84684761, 0.42877978,
       1.07466371, 0.55302288, 4.66553433, 3.77253087, 3.57030356,
       1.40179158, 5.81369577, 3.15260918, 5.59876583, 2.69022446,
       4.82254182, 5.90141565, 1.898319  , 4.89746839, 5.61687424,
       4.36368708, 5.53951828, 5.87093224, 3.72470705, 3.19689833,
       3.52499306, 2.13955071, 5.05851289, 2.37712095, 2.68817923,
       0.4610421 , 4.42616175, 0.45833682, 3.23107004, 4.99479455,
       1.43383193])]",[630.9947605133057]
