,problem,layers,optimizer,solutions,parameters,time
0,"{'type': 'maxcut', 'graph': {'directed': False, 'multigraph': False, 'graph': {}, 'nodes': [{'id': 0}, {'id': 1}, {'id': 2}, {'id': 3}, {'id': 4}], 'links': [{'weight': 1, 'source': 0, 'target': 1}, {'weight': 7, 'source': 0, 'target': 2}, {'weight': 1, 'source': 0, 'target': 3}, {'weight': 7, 'source': 0, 'target': 4}, {'weight': 9, 'source': 1, 'target': 2}, {'weight': 7, 'source': 1, 'target': 3}, {'weight': 5, 'source': 1, 'target': 4}, {'weight': 6, 'source': 2, 'target': 3}, {'weight': 1, 'source': 2, 'target': 4}, {'weight': 5, 'source': 3, 'target': 4}]}, 'position': {0: [-1.0, 0.19306311148226846], 1: [0.6487986200945854, 0.17922345757500216], 2: [-0.23059649502081692, -0.5189640061498542], 3: [0.672239837510958, -0.5713801483347366], 4: [-0.09044196258472671, 0.7180575854273197]}, 'solution': ([0, 0, 1, 0, 1], 39.0)}",21,"{'optimizer': 'COBYLA', 'maxiter': 100, 'shots': 1024, 'parameter_strategy': 'RANDOM', 'x0': None, 'backend': <QAOA_Tester.Backend.NoisyEstimatorBackend object at 0x7fdf921cc1c0>}","[([1, 1, 1, 1, 0], -18.0)]","[array([0.55435302, 0.58580518, 4.64080945, 2.01496332, 5.9656218 ,
       2.86115101, 1.21338329, 3.54046709, 4.56294384, 0.54564789,
       1.44419791, 5.14434132, 0.30440624, 0.7113511 , 2.91324113,
       0.31690854, 2.37813083, 3.92179388, 0.30305089, 2.88385292,
       3.73229434, 4.75120064, 1.159938  , 0.29898914, 3.22635276,
       0.43509428, 0.13887074, 2.17408167, 5.65357157, 2.82088292,
       5.96284782, 2.7849817 , 5.9387763 , 5.37800296, 5.28161727,
       4.07275248, 1.93649026, 3.59377606, 0.5893183 , 4.29885238,
       2.07331966, 3.43284809])]",[566.7668128013611]
