,problem,layers,optimizer,solutions,parameters,time
0,"{'type': 'maxcut', 'graph': {'directed': False, 'multigraph': False, 'graph': {}, 'nodes': [{'id': 0}, {'id': 1}, {'id': 2}, {'id': 3}, {'id': 4}], 'links': [{'weight': 1, 'source': 0, 'target': 1}, {'weight': 7, 'source': 0, 'target': 2}, {'weight': 1, 'source': 0, 'target': 3}, {'weight': 7, 'source': 0, 'target': 4}, {'weight': 9, 'source': 1, 'target': 2}, {'weight': 7, 'source': 1, 'target': 3}, {'weight': 5, 'source': 1, 'target': 4}, {'weight': 6, 'source': 2, 'target': 3}, {'weight': 1, 'source': 2, 'target': 4}, {'weight': 5, 'source': 3, 'target': 4}]}, 'position': {0: [-1.0, 0.19306311148226846], 1: [0.6487986200945854, 0.17922345757500216], 2: [-0.23059649502081692, -0.5189640061498542], 3: [0.672239837510958, -0.5713801483347366], 4: [-0.09044196258472671, 0.7180575854273197]}, 'solution': ([0, 0, 1, 0, 1], 39.0)}",28,"{'optimizer': 'COBYLA', 'maxiter': 100, 'shots': 1024, 'parameter_strategy': 'RANDOM', 'x0': None, 'backend': <QAOA_Tester.Backend.NoisyEstimatorBackend object at 0x7f5a893f94b0>}","[([1, 1, 1, 1, 0], -18.0)]","[array([0.43287634, 5.03950962, 1.02596728, 2.70513831, 5.11713344,
       3.89698199, 4.42591492, 1.40297758, 4.67897305, 1.96739456,
       1.13342038, 0.16682251, 0.76674733, 0.90905395, 0.5759677 ,
       4.81107129, 3.4540233 , 5.61385565, 3.02418399, 4.57789958,
       4.51456443, 3.22954651, 0.05836884, 6.06441081, 3.04392822,
       6.26063295, 1.04781761, 0.05665769, 4.02712076, 5.23543274,
       5.52818455, 6.0144167 , 5.1716148 , 5.68163817, 0.55825551,
       0.88301632, 3.11017812, 3.23847009, 0.08583788, 5.92268048,
       1.92501098, 1.73600593, 2.17976044, 3.38267129, 0.45670455,
       2.87483026, 2.34613366, 2.82475777, 4.42433336, 0.45410371,
       3.83347608, 3.97610834, 2.17451132, 4.9538223 , 5.65567759,
       2.76854997])]",[605.2040565013885]
