,problem,layers,optimizer,solutions,parameters,time
0,"{'type': 'maxcut', 'graph': {'directed': False, 'multigraph': False, 'graph': {}, 'nodes': [{'id': 0}, {'id': 1}, {'id': 2}, {'id': 3}, {'id': 4}], 'links': [{'weight': 1, 'source': 0, 'target': 1}, {'weight': 7, 'source': 0, 'target': 2}, {'weight': 1, 'source': 0, 'target': 3}, {'weight': 7, 'source': 0, 'target': 4}, {'weight': 9, 'source': 1, 'target': 2}, {'weight': 7, 'source': 1, 'target': 3}, {'weight': 5, 'source': 1, 'target': 4}, {'weight': 6, 'source': 2, 'target': 3}, {'weight': 1, 'source': 2, 'target': 4}, {'weight': 5, 'source': 3, 'target': 4}]}, 'position': {0: [-1.0, 0.19306311148226846], 1: [0.6487986200945854, 0.17922345757500216], 2: [-0.23059649502081692, -0.5189640061498542], 3: [0.672239837510958, -0.5713801483347366], 4: [-0.09044196258472671, 0.7180575854273197]}, 'solution': ([0, 0, 1, 0, 1], 39.0)}",22,"{'optimizer': 'COBYLA', 'maxiter': 100, 'shots': 1024, 'parameter_strategy': 'RANDOM', 'x0': None, 'backend': <QAOA_Tester.Backend.NoisyEstimatorBackend object at 0x7fe172be5f00>}","[([0, 0, 0, 0, 1], -18.0)]","[array([3.68928417, 5.73520261, 2.25192221, 0.44331801, 5.20608074,
       4.60315284, 3.63852767, 1.93352632, 2.31916081, 3.90317467,
       1.13680656, 6.14597051, 2.79804424, 4.79700848, 5.86443584,
       1.66163707, 3.19865953, 3.40058049, 2.70913384, 2.44363813,
       3.4450317 , 3.20172065, 5.42670306, 3.02253773, 5.40255672,
       6.12356186, 0.62218428, 3.06842329, 5.84210665, 0.27286372,
       5.18598665, 4.5018804 , 2.74253042, 2.52673056, 5.8969237 ,
       4.40253961, 2.26586483, 2.8011997 , 0.11965588, 4.58463388,
       1.13934326, 3.78581427, 2.09215921, 0.57201301])]",[608.2168762683868]
