,problem,layers,optimizer,solutions,parameters,time
0,"{'type': 'maxcut', 'graph': {'directed': False, 'multigraph': False, 'graph': {}, 'nodes': [{'id': 0}, {'id': 1}, {'id': 2}, {'id': 3}, {'id': 4}], 'links': [{'weight': 1, 'source': 0, 'target': 1}, {'weight': 7, 'source': 0, 'target': 2}, {'weight': 1, 'source': 0, 'target': 3}, {'weight': 7, 'source': 0, 'target': 4}, {'weight': 9, 'source': 1, 'target': 2}, {'weight': 7, 'source': 1, 'target': 3}, {'weight': 5, 'source': 1, 'target': 4}, {'weight': 6, 'source': 2, 'target': 3}, {'weight': 1, 'source': 2, 'target': 4}, {'weight': 5, 'source': 3, 'target': 4}]}, 'position': {0: [-1.0, 0.19306311148226846], 1: [0.6487986200945854, 0.17922345757500216], 2: [-0.23059649502081692, -0.5189640061498542], 3: [0.672239837510958, -0.5713801483347366], 4: [-0.09044196258472671, 0.7180575854273197]}, 'solution': ([0, 0, 1, 0, 1], 39.0)}",24,"{'optimizer': 'COBYLA', 'maxiter': 100, 'shots': 1024, 'parameter_strategy': 'RANDOM', 'x0': None, 'backend': <QAOA_Tester.Backend.NoisyEstimatorBackend object at 0x7f1a9593a140>}","[([1, 0, 1, 1, 1], -22.0)]","[array([5.47674518, 0.16946338, 5.68639746, 2.01447367, 1.79192617,
       4.83067788, 3.17856938, 1.07119671, 2.53441169, 4.03096577,
       3.78792766, 3.98455716, 0.31951964, 5.72495992, 3.76910795,
       3.46437556, 4.40989712, 3.53018322, 0.52130936, 4.12284863,
       1.2831383 , 3.81350406, 0.29095416, 5.21074946, 4.94289147,
       6.25250646, 6.26902404, 0.17675347, 4.69503774, 4.88850146,
       1.0517991 , 5.74712854, 2.88034125, 1.92130845, 3.74418211,
       5.56905118, 2.70815766, 3.49128156, 0.39588447, 2.66712131,
       2.28291519, 5.46075443, 3.11586882, 2.09035263, 2.23144325,
       3.57163813, 5.1738711 , 5.74731414])]",[603.7589354515076]
