,problem,layers,optimizer,solutions,parameters,time
0,"{'type': 'maxcut', 'graph': {'directed': False, 'multigraph': False, 'graph': {}, 'nodes': [{'id': 0}, {'id': 1}, {'id': 2}, {'id': 3}, {'id': 4}], 'links': [{'weight': 1, 'source': 0, 'target': 1}, {'weight': 7, 'source': 0, 'target': 2}, {'weight': 1, 'source': 0, 'target': 3}, {'weight': 7, 'source': 0, 'target': 4}, {'weight': 9, 'source': 1, 'target': 2}, {'weight': 7, 'source': 1, 'target': 3}, {'weight': 5, 'source': 1, 'target': 4}, {'weight': 6, 'source': 2, 'target': 3}, {'weight': 1, 'source': 2, 'target': 4}, {'weight': 5, 'source': 3, 'target': 4}]}, 'position': {0: [-1.0, 0.19306311148226846], 1: [0.6487986200945854, 0.17922345757500216], 2: [-0.23059649502081692, -0.5189640061498542], 3: [0.672239837510958, -0.5713801483347366], 4: [-0.09044196258472671, 0.7180575854273197]}, 'solution': ([0, 0, 1, 0, 1], 39.0)}",25,"{'optimizer': 'COBYLA', 'maxiter': 100, 'shots': 1024, 'parameter_strategy': 'RANDOM', 'x0': None, 'backend': <QAOA_Tester.Backend.NoisyEstimatorBackend object at 0x7f0c765d1930>}","[([0, 1, 1, 0, 0], -27.0)]","[array([1.30108014, 1.66859063, 3.01614588, 0.69099854, 3.19862107,
       2.60636815, 4.82804963, 0.69201706, 4.15029914, 0.64361512,
       1.38803537, 3.59099274, 3.41184709, 2.71411596, 0.30458532,
       2.84524874, 4.20729573, 2.03623509, 3.93218186, 5.92405085,
       2.83415845, 4.7260391 , 2.39363314, 4.79693032, 7.12408986,
       3.90486387, 4.70997573, 2.50546477, 3.88123035, 4.20715108,
       3.35966173, 5.37469088, 6.27720098, 4.3083814 , 1.46815829,
       1.66670806, 1.73290841, 1.4092096 , 5.53819995, 2.16275135,
       0.86788838, 4.63777633, 4.25735991, 1.31538555, 0.97087551,
       5.13513143, 4.4730844 , 0.6842237 , 0.11326757, 4.3437493 ])]",[602.0495250225067]
