,problem,layers,optimizer,solutions,parameters,time
0,"{'type': 'maxcut', 'graph': {'directed': False, 'multigraph': False, 'graph': {}, 'nodes': [{'id': 0}, {'id': 1}, {'id': 2}, {'id': 3}, {'id': 4}], 'links': [{'weight': 1, 'source': 0, 'target': 1}, {'weight': 7, 'source': 0, 'target': 2}, {'weight': 1, 'source': 0, 'target': 3}, {'weight': 7, 'source': 0, 'target': 4}, {'weight': 9, 'source': 1, 'target': 2}, {'weight': 7, 'source': 1, 'target': 3}, {'weight': 5, 'source': 1, 'target': 4}, {'weight': 6, 'source': 2, 'target': 3}, {'weight': 1, 'source': 2, 'target': 4}, {'weight': 5, 'source': 3, 'target': 4}]}, 'position': {0: [-1.0, 0.19306311148226846], 1: [0.6487986200945854, 0.17922345757500216], 2: [-0.23059649502081692, -0.5189640061498542], 3: [0.672239837510958, -0.5713801483347366], 4: [-0.09044196258472671, 0.7180575854273197]}, 'solution': ([0, 0, 1, 0, 1], 39.0)}",28,"{'optimizer': 'COBYLA', 'maxiter': 100, 'shots': 1024, 'parameter_strategy': 'RANDOM', 'x0': None, 'backend': <QAOA_Tester.Backend.NoisyEstimatorBackend object at 0x7fa9af9d02e0>}","[([0, 1, 0, 0, 1], -30.0)]","[array([3.96985316, 1.59907765, 6.20944423, 4.39462219, 2.43337704,
       3.76189243, 5.41653722, 0.38931437, 1.18289963, 1.52412382,
       1.40575765, 3.65037619, 0.88845389, 3.62469591, 4.02260255,
       1.96768634, 0.33741541, 5.64180483, 1.37749341, 5.40845151,
       3.68575803, 2.74365953, 2.93120672, 5.5433835 , 3.5726563 ,
       2.06996761, 5.11247719, 5.6766065 , 0.63503168, 0.09374252,
       2.75481115, 2.5844566 , 6.12668543, 5.47763646, 0.95178782,
       4.10176313, 2.74818747, 2.37208283, 1.66445671, 0.59066397,
       2.16791986, 1.91404445, 2.20571953, 5.64430836, 4.23606137,
       5.35325951, 3.49741378, 1.89155833, 1.77728954, 1.2763774 ,
       3.29280123, 1.88893832, 1.62660848, 3.47379346, 4.67266765,
       4.67156365])]",[608.336936712265]
