,problem,layers,optimizer,solutions,parameters,time
0,"{'type': 'maxcut', 'graph': {'directed': False, 'multigraph': False, 'graph': {}, 'nodes': [{'id': 0}, {'id': 1}, {'id': 2}, {'id': 3}, {'id': 4}], 'links': [{'weight': 1, 'source': 0, 'target': 1}, {'weight': 7, 'source': 0, 'target': 2}, {'weight': 1, 'source': 0, 'target': 3}, {'weight': 7, 'source': 0, 'target': 4}, {'weight': 9, 'source': 1, 'target': 2}, {'weight': 7, 'source': 1, 'target': 3}, {'weight': 5, 'source': 1, 'target': 4}, {'weight': 6, 'source': 2, 'target': 3}, {'weight': 1, 'source': 2, 'target': 4}, {'weight': 5, 'source': 3, 'target': 4}]}, 'position': {0: [-1.0, 0.19306311148226846], 1: [0.6487986200945854, 0.17922345757500216], 2: [-0.23059649502081692, -0.5189640061498542], 3: [0.672239837510958, -0.5713801483347366], 4: [-0.09044196258472671, 0.7180575854273197]}, 'solution': ([0, 0, 1, 0, 1], 39.0)}",26,"{'optimizer': 'COBYLA', 'maxiter': 100, 'shots': 1024, 'parameter_strategy': 'RANDOM', 'x0': None, 'backend': <QAOA_Tester.Backend.NoisyEstimatorBackend object at 0x7fcb9ea81150>}","[([0, 1, 0, 1, 1], -25.0)]","[array([4.53098615, 4.47142241, 1.02814638, 1.67931866, 2.03345011,
       4.4047483 , 1.91586764, 1.62887067, 0.72023078, 0.17504129,
       2.78270595, 1.80171541, 3.71495773, 1.41464829, 1.90541818,
       1.66818598, 5.23166838, 3.65974945, 1.21914485, 0.80112058,
       4.10626239, 0.62024083, 4.78542847, 4.86688817, 1.69698904,
       6.64509006, 3.95296311, 6.13848143, 2.2534871 , 6.25374922,
       3.32096298, 4.97188284, 0.31836507, 1.63491481, 1.60706294,
       0.66577381, 0.98275535, 0.16253691, 3.09897177, 0.05343975,
       6.26083947, 3.92781319, 0.32723539, 4.4020163 , 2.08839042,
       5.80794308, 4.63860747, 1.92503423, 5.88624234, 3.10845946,
       6.24390503, 6.17514867])]",[623.0703082084656]
