,problem,layers,optimizer,solutions,parameters,time
0,"{'type': 'maxcut', 'graph': {'directed': False, 'multigraph': False, 'graph': {}, 'nodes': [{'id': 0}, {'id': 1}, {'id': 2}, {'id': 3}, {'id': 4}], 'links': [{'weight': 1, 'source': 0, 'target': 1}, {'weight': 7, 'source': 0, 'target': 2}, {'weight': 1, 'source': 0, 'target': 3}, {'weight': 7, 'source': 0, 'target': 4}, {'weight': 9, 'source': 1, 'target': 2}, {'weight': 7, 'source': 1, 'target': 3}, {'weight': 5, 'source': 1, 'target': 4}, {'weight': 6, 'source': 2, 'target': 3}, {'weight': 1, 'source': 2, 'target': 4}, {'weight': 5, 'source': 3, 'target': 4}]}, 'position': {0: [-1.0, 0.19306311148226846], 1: [0.6487986200945854, 0.17922345757500216], 2: [-0.23059649502081692, -0.5189640061498542], 3: [0.672239837510958, -0.5713801483347366], 4: [-0.09044196258472671, 0.7180575854273197]}, 'solution': ([0, 0, 1, 0, 1], 39.0)}",29,"{'optimizer': 'COBYLA', 'maxiter': 100, 'shots': 1024, 'parameter_strategy': 'RANDOM', 'x0': None, 'backend': <QAOA_Tester.Backend.NoisyEstimatorBackend object at 0x7fc4a4085990>}","[([1, 1, 1, 0, 1], -19.0)]","[array([3.93678212, 3.40594956, 5.59514007, 3.64189309, 1.63263305,
       4.47252308, 0.43504522, 1.32392482, 2.25217164, 4.80582763,
       5.76020303, 3.81534885, 5.14728637, 4.7261406 , 6.24017156,
       2.43579205, 2.84480277, 5.27102861, 0.07832817, 1.5445081 ,
       6.21138222, 1.06681799, 2.59248862, 4.64704496, 0.06921914,
       5.35826194, 1.83159431, 2.98568363, 3.154439  , 4.586924  ,
       5.82542133, 4.97509894, 5.79274439, 6.11921937, 4.88688261,
       5.55168038, 0.23429324, 2.67602049, 6.22446561, 4.82496094,
       1.68047663, 0.80795932, 2.78075837, 0.885548  , 5.41100858,
       3.92100969, 5.75117629, 0.2648251 , 1.39005168, 2.57135413,
       2.68518975, 2.48574234, 6.19192977, 5.8000026 , 1.22201355,
       3.60288276, 3.28792031, 1.1614594 ])]",[567.3461055755615]
