,problem,layers,optimizer,solutions,parameters,time
0,"{'type': 'maxcut', 'graph': {'directed': False, 'multigraph': False, 'graph': {}, 'nodes': [{'id': 0}, {'id': 1}, {'id': 2}, {'id': 3}, {'id': 4}], 'links': [{'weight': 1, 'source': 0, 'target': 1}, {'weight': 7, 'source': 0, 'target': 2}, {'weight': 1, 'source': 0, 'target': 3}, {'weight': 7, 'source': 0, 'target': 4}, {'weight': 9, 'source': 1, 'target': 2}, {'weight': 7, 'source': 1, 'target': 3}, {'weight': 5, 'source': 1, 'target': 4}, {'weight': 6, 'source': 2, 'target': 3}, {'weight': 1, 'source': 2, 'target': 4}, {'weight': 5, 'source': 3, 'target': 4}]}, 'position': {0: [-1.0, 0.19306311148226846], 1: [0.6487986200945854, 0.17922345757500216], 2: [-0.23059649502081692, -0.5189640061498542], 3: [0.672239837510958, -0.5713801483347366], 4: [-0.09044196258472671, 0.7180575854273197]}, 'solution': ([0, 0, 1, 0, 1], 39.0)}",30,"{'optimizer': 'COBYLA', 'maxiter': 100, 'shots': 1024, 'parameter_strategy': 'RANDOM', 'x0': None, 'backend': <QAOA_Tester.Backend.NoisyEstimatorBackend object at 0x7f4ab106aaa0>}","[([0, 1, 0, 1, 0], -27.0)]","[array([3.24386038, 5.03912552, 4.9654796 , 3.50911196, 4.36524117,
       2.50501784, 2.90604203, 2.05912795, 3.28938838, 1.2247972 ,
       0.27911451, 4.83221563, 3.46136987, 5.65975074, 2.6047027 ,
       3.54347928, 4.8098116 , 3.89843544, 4.07335878, 5.91377816,
       0.25800725, 5.70080393, 4.22211183, 4.70115048, 6.14397033,
       4.14566135, 3.1578079 , 3.44920077, 4.88678166, 2.4975903 ,
       4.61155494, 3.8517716 , 5.63910886, 6.04121977, 0.68444953,
       0.34317938, 4.23874148, 1.52562039, 3.15715449, 1.10951618,
       6.05239512, 4.4417934 , 5.91737465, 0.70581161, 0.19290396,
       4.23210402, 5.27072219, 4.94747036, 4.48595401, 2.83905059,
       2.9478884 , 0.83543587, 2.45073347, 6.1401771 , 2.01574373,
       5.29662842, 2.50150624, 1.84127002, 2.71783034, 0.51666908])]",[557.1751871109009]
