,problem,layers,optimizer,solutions,parameters,time
0,"{'type': 'maxcut', 'graph': {'directed': False, 'multigraph': False, 'graph': {}, 'nodes': [{'id': 0}, {'id': 1}, {'id': 2}, {'id': 3}, {'id': 4}], 'links': [{'weight': 1, 'source': 0, 'target': 1}, {'weight': 7, 'source': 0, 'target': 2}, {'weight': 1, 'source': 0, 'target': 3}, {'weight': 7, 'source': 0, 'target': 4}, {'weight': 9, 'source': 1, 'target': 2}, {'weight': 7, 'source': 1, 'target': 3}, {'weight': 5, 'source': 1, 'target': 4}, {'weight': 6, 'source': 2, 'target': 3}, {'weight': 1, 'source': 2, 'target': 4}, {'weight': 5, 'source': 3, 'target': 4}]}, 'position': {0: [-1.0, 0.19306311148226846], 1: [0.6487986200945854, 0.17922345757500216], 2: [-0.23059649502081692, -0.5189640061498542], 3: [0.672239837510958, -0.5713801483347366], 4: [-0.09044196258472671, 0.7180575854273197]}, 'solution': ([0, 0, 1, 0, 1], 39.0)}",24,"{'optimizer': 'COBYLA', 'maxiter': 100, 'shots': 1024, 'parameter_strategy': 'RANDOM', 'x0': None, 'backend': <QAOA_Tester.Backend.NoisyEstimatorBackend object at 0x7f3aeb716590>}","[([1, 0, 1, 1, 1], -22.0)]","[array([0.42649716, 6.2429571 , 1.2298963 , 4.25673154, 4.88285935,
       1.48788289, 5.7745095 , 6.22885401, 0.03664226, 2.62711507,
       1.53219341, 1.59654891, 5.91706099, 0.5621421 , 1.77879924,
       4.23521968, 5.80759639, 0.9550172 , 5.93782022, 4.16386017,
       5.43465939, 0.25934217, 0.557719  , 3.32164816, 5.94920313,
       1.59844519, 0.52751331, 1.00023884, 3.54947482, 3.38191453,
       6.08390508, 3.56781646, 3.38249953, 5.375268  , 0.85166599,
       0.58556392, 6.06185094, 6.0698642 , 1.81845574, 5.71891719,
       1.38367835, 1.18756035, 5.53938294, 4.70111558, 2.86020934,
       0.89858493, 2.49012973, 1.76259345])]",[593.3384745121002]
