,problem,layers,optimizer,solutions,parameters,time
0,"{'type': 'maxcut', 'graph': {'directed': False, 'multigraph': False, 'graph': {}, 'nodes': [{'id': 0}, {'id': 1}, {'id': 2}, {'id': 3}, {'id': 4}], 'links': [{'weight': 1, 'source': 0, 'target': 1}, {'weight': 7, 'source': 0, 'target': 2}, {'weight': 1, 'source': 0, 'target': 3}, {'weight': 7, 'source': 0, 'target': 4}, {'weight': 9, 'source': 1, 'target': 2}, {'weight': 7, 'source': 1, 'target': 3}, {'weight': 5, 'source': 1, 'target': 4}, {'weight': 6, 'source': 2, 'target': 3}, {'weight': 1, 'source': 2, 'target': 4}, {'weight': 5, 'source': 3, 'target': 4}]}, 'position': {0: [-1.0, 0.19306311148226846], 1: [0.6487986200945854, 0.17922345757500216], 2: [-0.23059649502081692, -0.5189640061498542], 3: [0.672239837510958, -0.5713801483347366], 4: [-0.09044196258472671, 0.7180575854273197]}, 'solution': ([0, 0, 1, 0, 1], 39.0)}",25,"{'optimizer': 'COBYLA', 'maxiter': 100, 'shots': 1024, 'parameter_strategy': 'RANDOM', 'x0': None, 'backend': <QAOA_Tester.Backend.NoisyEstimatorBackend object at 0x7f7e6715e380>}","[([0, 0, 1, 0, 0], -23.0)]","[array([4.63098538, 5.25591969, 2.97394779, 5.26813295, 1.87929294,
       5.78903079, 2.83164812, 5.88210583, 0.66762794, 6.04599688,
       0.42564929, 5.94580665, 6.17748878, 2.02346597, 2.55895825,
       3.29238572, 3.26858389, 1.71406942, 4.64858452, 1.30519362,
       1.19177098, 2.26331274, 1.91385598, 4.75814341, 7.97161541,
       1.69594973, 4.11743449, 0.59657697, 2.58687003, 2.82318637,
       1.66346639, 0.55360142, 3.12331123, 0.51755235, 2.59443356,
       5.22900685, 5.80898095, 6.06319394, 5.70008044, 4.72742036,
       1.91359923, 1.18926735, 3.18700033, 1.03193565, 0.31039385,
       5.94551069, 1.56191115, 1.71414796, 2.94248265, 1.13838514])]",[613.5912673473358]
