,problem,layers,optimizer,solutions,parameters,time
0,"{'type': 'maxcut', 'graph': {'directed': False, 'multigraph': False, 'graph': {}, 'nodes': [{'id': 0}, {'id': 1}, {'id': 2}, {'id': 3}, {'id': 4}], 'links': [{'weight': 1, 'source': 0, 'target': 1}, {'weight': 7, 'source': 0, 'target': 2}, {'weight': 1, 'source': 0, 'target': 3}, {'weight': 7, 'source': 0, 'target': 4}, {'weight': 9, 'source': 1, 'target': 2}, {'weight': 7, 'source': 1, 'target': 3}, {'weight': 5, 'source': 1, 'target': 4}, {'weight': 6, 'source': 2, 'target': 3}, {'weight': 1, 'source': 2, 'target': 4}, {'weight': 5, 'source': 3, 'target': 4}]}, 'position': {0: [-1.0, 0.19306311148226846], 1: [0.6487986200945854, 0.17922345757500216], 2: [-0.23059649502081692, -0.5189640061498542], 3: [0.672239837510958, -0.5713801483347366], 4: [-0.09044196258472671, 0.7180575854273197]}, 'solution': ([0, 0, 1, 0, 1], 39.0)}",19,"{'optimizer': 'COBYLA', 'maxiter': 100, 'shots': 1024, 'parameter_strategy': 'RANDOM', 'x0': None, 'backend': <QAOA_Tester.Backend.NoisyEstimatorBackend object at 0x7fe7b7626c20>}","[([0, 1, 1, 1, 0], -20.0)]","[array([3.10357126, 0.07957409, 6.03213215, 4.25288322, 1.20015248,
       0.1561277 , 3.53762285, 2.21040854, 2.82591855, 0.37535719,
       5.50115529, 0.67652612, 4.84833485, 4.39094369, 2.90147634,
       1.53113135, 5.12271402, 5.92656684, 3.1139425 , 1.99582468,
       0.87143383, 4.52148767, 5.00436468, 6.27340839, 3.67869186,
       3.6705699 , 2.15440259, 1.92974706, 5.6320319 , 2.03644674,
       5.79685119, 0.34657194, 1.90530556, 5.09536146, 1.86943097,
       5.84805358, 5.67745692, 5.88569775])]",[605.3848023414612]
