,problem,layers,optimizer,solutions,parameters,time
0,"{'type': 'maxcut', 'graph': {'directed': False, 'multigraph': False, 'graph': {}, 'nodes': [{'id': 0}, {'id': 1}, {'id': 2}, {'id': 3}, {'id': 4}], 'links': [{'weight': 1, 'source': 0, 'target': 1}, {'weight': 7, 'source': 0, 'target': 2}, {'weight': 1, 'source': 0, 'target': 3}, {'weight': 7, 'source': 0, 'target': 4}, {'weight': 9, 'source': 1, 'target': 2}, {'weight': 7, 'source': 1, 'target': 3}, {'weight': 5, 'source': 1, 'target': 4}, {'weight': 6, 'source': 2, 'target': 3}, {'weight': 1, 'source': 2, 'target': 4}, {'weight': 5, 'source': 3, 'target': 4}]}, 'position': {0: [-1.0, 0.19306311148226846], 1: [0.6487986200945854, 0.17922345757500216], 2: [-0.23059649502081692, -0.5189640061498542], 3: [0.672239837510958, -0.5713801483347366], 4: [-0.09044196258472671, 0.7180575854273197]}, 'solution': ([0, 0, 1, 0, 1], 39.0)}",26,"{'optimizer': 'COBYLA', 'maxiter': 100, 'shots': 1024, 'parameter_strategy': 'RANDOM', 'x0': None, 'backend': <QAOA_Tester.Backend.NoisyEstimatorBackend object at 0x7faaa8cd53f0>}","[([1, 0, 0, 1, 1], -27.0)]","[array([5.79015639, 2.35727725, 5.65653101, 0.93622736, 2.52709648,
       5.82309746, 4.4697686 , 5.09863898, 4.73654058, 1.8696409 ,
       4.29760804, 5.25936126, 5.85365549, 4.01097449, 0.59856188,
       0.97306644, 5.22768602, 2.07429759, 4.340463  , 1.3466023 ,
       6.24419193, 0.36492302, 6.19405841, 5.08195746, 3.88186684,
       2.78255803, 2.18351071, 2.39419783, 6.05252531, 5.0049607 ,
       1.1809918 , 1.95795489, 2.42754938, 5.12832542, 3.19968054,
       5.22240587, 3.45835905, 2.17080762, 4.81738854, 4.69543957,
       2.1341602 , 2.56725633, 4.4534863 , 2.06742261, 6.02137025,
       5.40740633, 2.7080802 , 5.62275546, 5.52224526, 4.66555919,
       0.66496903, 1.15933339])]",[593.6756343841553]
