,problem,layers,optimizer,solutions,parameters,time
0,"{'type': 'maxcut', 'graph': {'directed': False, 'multigraph': False, 'graph': {}, 'nodes': [{'id': 0}, {'id': 1}, {'id': 2}, {'id': 3}, {'id': 4}], 'links': [{'weight': 1, 'source': 0, 'target': 1}, {'weight': 7, 'source': 0, 'target': 2}, {'weight': 1, 'source': 0, 'target': 3}, {'weight': 7, 'source': 0, 'target': 4}, {'weight': 9, 'source': 1, 'target': 2}, {'weight': 7, 'source': 1, 'target': 3}, {'weight': 5, 'source': 1, 'target': 4}, {'weight': 6, 'source': 2, 'target': 3}, {'weight': 1, 'source': 2, 'target': 4}, {'weight': 5, 'source': 3, 'target': 4}]}, 'position': {0: [-1.0, 0.19306311148226846], 1: [0.6487986200945854, 0.17922345757500216], 2: [-0.23059649502081692, -0.5189640061498542], 3: [0.672239837510958, -0.5713801483347366], 4: [-0.09044196258472671, 0.7180575854273197]}, 'solution': ([0, 0, 1, 0, 1], 39.0)}",20,"{'optimizer': 'COBYLA', 'maxiter': 100, 'shots': 1024, 'parameter_strategy': 'RANDOM', 'x0': None, 'backend': <QAOA_Tester.Backend.NoisyEstimatorBackend object at 0x7f600ab45db0>}","[([1, 1, 1, 0, 0], -27.0)]","[array([1.49335401, 5.653465  , 2.77292697, 0.24143609, 5.14949006,
       2.31462033, 5.63121785, 4.38808434, 1.48381008, 3.66950079,
       5.39822408, 4.9781572 , 1.09210042, 1.21796983, 3.44232178,
       2.27614393, 1.84291705, 0.75263338, 3.85910416, 6.79461235,
       1.22722542, 2.53562277, 4.27146558, 5.96820725, 1.3305351 ,
       0.83704197, 1.8199371 , 0.94515622, 0.34309889, 2.61423268,
       1.97208815, 3.82171463, 3.45429413, 4.45855369, 4.37405901,
       3.40125809, 0.98679564, 5.80133034, 2.91286343, 5.7656494 ])]",[600.93403840065]
