,problem,layers,optimizer,solutions,parameters,time
0,"{'type': 'maxcut', 'graph': {'directed': False, 'multigraph': False, 'graph': {}, 'nodes': [{'id': 0}, {'id': 1}, {'id': 2}, {'id': 3}, {'id': 4}], 'links': [{'weight': 1, 'source': 0, 'target': 1}, {'weight': 7, 'source': 0, 'target': 2}, {'weight': 1, 'source': 0, 'target': 3}, {'weight': 7, 'source': 0, 'target': 4}, {'weight': 9, 'source': 1, 'target': 2}, {'weight': 7, 'source': 1, 'target': 3}, {'weight': 5, 'source': 1, 'target': 4}, {'weight': 6, 'source': 2, 'target': 3}, {'weight': 1, 'source': 2, 'target': 4}, {'weight': 5, 'source': 3, 'target': 4}]}, 'position': {0: [-1.0, 0.19306311148226846], 1: [0.6487986200945854, 0.17922345757500216], 2: [-0.23059649502081692, -0.5189640061498542], 3: [0.672239837510958, -0.5713801483347366], 4: [-0.09044196258472671, 0.7180575854273197]}, 'solution': ([0, 0, 1, 0, 1], 39.0)}",30,"{'optimizer': 'COBYLA', 'maxiter': 100, 'shots': 1024, 'parameter_strategy': 'RANDOM', 'x0': None, 'backend': <QAOA_Tester.Backend.NoisyEstimatorBackend object at 0x7f531d5ae110>}","[([0, 0, 0, 0, 0], 0.0)]","[array([5.0239652 , 1.21205054, 0.96293811, 4.32660214, 3.66595413,
       1.77127595, 0.14669591, 5.27039709, 3.25430221, 4.13667017,
       3.5671308 , 1.58060902, 3.70841973, 4.83238515, 4.61409406,
       2.273598  , 5.9943164 , 5.33525771, 0.67371606, 1.36596801,
       2.05171171, 3.83392802, 4.06598394, 0.34873782, 0.78542173,
       2.24699606, 4.83514787, 3.95742951, 1.45015369, 0.17381616,
       3.70884591, 0.16758394, 5.55815417, 4.61840567, 4.0968296 ,
       1.61779886, 1.45080842, 5.60393739, 4.76829543, 3.98339579,
       1.46304809, 1.76028548, 1.18315483, 1.51760822, 0.58485465,
       3.44323624, 2.25647407, 4.64597463, 4.00514121, 4.99966801,
       2.21015442, 5.76385791, 0.18320988, 3.38897145, 1.38868879,
       4.64185259, 3.84330605, 2.55208693, 0.9280048 , 1.72954631])]",[517.5053651332855]
