,problem,layers,optimizer,solutions,parameters,time
0,"{'type': 'maxcut', 'graph': {'directed': False, 'multigraph': False, 'graph': {}, 'nodes': [{'id': 0}, {'id': 1}, {'id': 2}, {'id': 3}, {'id': 4}], 'links': [{'weight': 1, 'source': 0, 'target': 1}, {'weight': 7, 'source': 0, 'target': 2}, {'weight': 1, 'source': 0, 'target': 3}, {'weight': 7, 'source': 0, 'target': 4}, {'weight': 9, 'source': 1, 'target': 2}, {'weight': 7, 'source': 1, 'target': 3}, {'weight': 5, 'source': 1, 'target': 4}, {'weight': 6, 'source': 2, 'target': 3}, {'weight': 1, 'source': 2, 'target': 4}, {'weight': 5, 'source': 3, 'target': 4}]}, 'position': {0: [-1.0, 0.19306311148226846], 1: [0.6487986200945854, 0.17922345757500216], 2: [-0.23059649502081692, -0.5189640061498542], 3: [0.672239837510958, -0.5713801483347366], 4: [-0.09044196258472671, 0.7180575854273197]}, 'solution': ([0, 0, 1, 0, 1], 39.0)}",19,"{'optimizer': 'COBYLA', 'maxiter': 100, 'shots': 1024, 'parameter_strategy': 'RANDOM', 'x0': None, 'backend': <QAOA_Tester.Backend.NoisyEstimatorBackend object at 0x7fb90315aa10>}","[([0, 1, 0, 1, 0], -27.0)]","[array([0.31602102, 5.91378362, 0.49771124, 4.62474545, 3.662304  ,
       0.21477961, 3.42894447, 4.39105617, 3.78949652, 5.63337359,
       5.09345078, 3.49442361, 2.68982315, 2.30360111, 2.65641768,
       2.57488164, 1.68601206, 0.25439331, 5.55175408, 0.03721467,
       4.18560489, 2.16699457, 2.58054316, 1.10900154, 2.17549919,
       1.15329446, 1.96438541, 3.20310121, 4.38584313, 0.05397094,
       4.73680447, 3.11983717, 1.84054147, 6.10920474, 2.40206165,
       0.98183323, 3.76295553, 3.7288688 ])]",[593.3774268627167]
