,problem,layers,optimizer,solutions,parameters,time
0,"{'type': 'maxcut', 'graph': {'directed': False, 'multigraph': False, 'graph': {}, 'nodes': [{'id': 0}, {'id': 1}, {'id': 2}, {'id': 3}, {'id': 4}], 'links': [{'weight': 1, 'source': 0, 'target': 1}, {'weight': 7, 'source': 0, 'target': 2}, {'weight': 1, 'source': 0, 'target': 3}, {'weight': 7, 'source': 0, 'target': 4}, {'weight': 9, 'source': 1, 'target': 2}, {'weight': 7, 'source': 1, 'target': 3}, {'weight': 5, 'source': 1, 'target': 4}, {'weight': 6, 'source': 2, 'target': 3}, {'weight': 1, 'source': 2, 'target': 4}, {'weight': 5, 'source': 3, 'target': 4}]}, 'position': {0: [-1.0, 0.19306311148226846], 1: [0.6487986200945854, 0.17922345757500216], 2: [-0.23059649502081692, -0.5189640061498542], 3: [0.672239837510958, -0.5713801483347366], 4: [-0.09044196258472671, 0.7180575854273197]}, 'solution': ([0, 0, 1, 0, 1], 39.0)}",29,"{'optimizer': 'COBYLA', 'maxiter': 100, 'shots': 1024, 'parameter_strategy': 'RANDOM', 'x0': None, 'backend': <QAOA_Tester.Backend.NoisyEstimatorBackend object at 0x7f81e576a050>}","[([0, 0, 0, 1, 1], -27.0)]","[array([3.81182134, 0.12461542, 1.33067039, 0.62261045, 4.98030764,
       4.80454848, 4.7167138 , 0.67411961, 5.81871126, 3.99287482,
       2.45951929, 0.30395915, 1.23146769, 3.8289028 , 1.53870865,
       5.00511696, 5.5323392 , 0.35609974, 5.8893282 , 0.52679969,
       2.22331453, 4.06307517, 4.85291148, 1.87099194, 3.08263188,
       0.99006848, 3.62989658, 1.85158904, 2.00077361, 1.26439745,
       3.09517627, 4.5037916 , 5.89873215, 4.92529867, 0.03769391,
       0.02195336, 5.62144397, 3.60157278, 2.14506078, 5.26471437,
       3.83949471, 6.05875043, 1.7875187 , 2.8186509 , 4.32702167,
       3.66365211, 1.04813143, 4.25991174, 2.94847554, 4.88128978,
       4.65920274, 0.39982863, 2.19859799, 3.55934128, 0.04561692,
       1.8943346 , 4.05440714, 0.20456214])]",[596.198965549469]
