,problem,layers,optimizer,solutions,parameters,time
0,"{'type': 'maxcut', 'graph': {'directed': False, 'multigraph': False, 'graph': {}, 'nodes': [{'id': 0}, {'id': 1}, {'id': 2}, {'id': 3}, {'id': 4}], 'links': [{'weight': 1, 'source': 0, 'target': 1}, {'weight': 7, 'source': 0, 'target': 2}, {'weight': 1, 'source': 0, 'target': 3}, {'weight': 7, 'source': 0, 'target': 4}, {'weight': 9, 'source': 1, 'target': 2}, {'weight': 7, 'source': 1, 'target': 3}, {'weight': 5, 'source': 1, 'target': 4}, {'weight': 6, 'source': 2, 'target': 3}, {'weight': 1, 'source': 2, 'target': 4}, {'weight': 5, 'source': 3, 'target': 4}]}, 'position': {0: [-1.0, 0.19306311148226846], 1: [0.6487986200945854, 0.17922345757500216], 2: [-0.23059649502081692, -0.5189640061498542], 3: [0.672239837510958, -0.5713801483347366], 4: [-0.09044196258472671, 0.7180575854273197]}, 'solution': ([0, 0, 1, 0, 1], 39.0)}",21,"{'optimizer': 'COBYLA', 'maxiter': 100, 'shots': 1024, 'parameter_strategy': 'RANDOM', 'x0': None, 'backend': <QAOA_Tester.Backend.NoisyEstimatorBackend object at 0x7fc7efd2cc70>}","[([0, 1, 0, 0, 0], -22.0)]","[array([1.89079584, 2.94768935, 3.96612976, 3.62134198, 3.36405319,
       3.01676339, 3.21582539, 1.89095626, 5.78590303, 5.80757043,
       5.3684658 , 2.26723413, 2.37820098, 2.93740856, 5.119465  ,
       5.16751987, 4.60634227, 0.78812103, 1.85253705, 2.22142566,
       1.58784829, 0.45658052, 3.13687223, 5.65552417, 1.6943283 ,
       0.83897624, 0.53111062, 1.66783679, 4.96110811, 2.38322033,
       4.30874571, 6.15340193, 5.49799017, 1.15966269, 5.81511349,
       5.70938705, 5.00635576, 2.24571751, 2.17609825, 5.08041858,
       3.02895743, 0.55773986])]",[572.5825817584991]
