,problem,layers,optimizer,solutions,parameters,time
0,"{'type': 'maxcut', 'graph': {'directed': False, 'multigraph': False, 'graph': {}, 'nodes': [{'id': 0}, {'id': 1}, {'id': 2}, {'id': 3}, {'id': 4}], 'links': [{'weight': 1, 'source': 0, 'target': 1}, {'weight': 7, 'source': 0, 'target': 2}, {'weight': 1, 'source': 0, 'target': 3}, {'weight': 7, 'source': 0, 'target': 4}, {'weight': 9, 'source': 1, 'target': 2}, {'weight': 7, 'source': 1, 'target': 3}, {'weight': 5, 'source': 1, 'target': 4}, {'weight': 6, 'source': 2, 'target': 3}, {'weight': 1, 'source': 2, 'target': 4}, {'weight': 5, 'source': 3, 'target': 4}]}, 'position': {0: [-1.0, 0.19306311148226846], 1: [0.6487986200945854, 0.17922345757500216], 2: [-0.23059649502081692, -0.5189640061498542], 3: [0.672239837510958, -0.5713801483347366], 4: [-0.09044196258472671, 0.7180575854273197]}, 'solution': ([0, 0, 1, 0, 1], 39.0)}",25,"{'optimizer': 'COBYLA', 'maxiter': 100, 'shots': 1024, 'parameter_strategy': 'RANDOM', 'x0': None, 'backend': <QAOA_Tester.Backend.NoisyEstimatorBackend object at 0x7fc5ed6319f0>}","[([0, 1, 1, 1, 1], -16.0)]","[array([5.89743031, 1.05687051, 0.0801291 , 4.32217019, 6.25937093,
       4.87389158, 0.8343421 , 0.12217013, 0.50846165, 0.69890065,
       5.17715887, 3.81677694, 1.1447713 , 0.47874356, 2.08855833,
       5.55334861, 0.66442481, 0.84688511, 1.9724163 , 1.98249088,
       2.52713569, 5.44623394, 2.1496966 , 1.59139196, 4.40911834,
       1.52155019, 6.0142334 , 6.14369564, 1.70246145, 2.59216813,
       2.19538862, 3.60838329, 1.02442411, 5.12091613, 5.65744362,
       0.30206547, 5.60338751, 1.83675482, 5.78526164, 3.67785732,
       5.42759818, 4.131579  , 4.56236653, 5.36752335, 3.65388263,
       0.98656308, 5.10436181, 1.98778322, 0.81933242, 1.66288218])]",[583.0608370304108]
