,problem,layers,optimizer,solutions,parameters,time
0,"{'type': 'maxcut', 'graph': {'directed': False, 'multigraph': False, 'graph': {}, 'nodes': [{'id': 0}, {'id': 1}, {'id': 2}, {'id': 3}, {'id': 4}], 'links': [{'weight': 1, 'source': 0, 'target': 1}, {'weight': 7, 'source': 0, 'target': 2}, {'weight': 1, 'source': 0, 'target': 3}, {'weight': 7, 'source': 0, 'target': 4}, {'weight': 9, 'source': 1, 'target': 2}, {'weight': 7, 'source': 1, 'target': 3}, {'weight': 5, 'source': 1, 'target': 4}, {'weight': 6, 'source': 2, 'target': 3}, {'weight': 1, 'source': 2, 'target': 4}, {'weight': 5, 'source': 3, 'target': 4}]}, 'position': {0: [-1.0, 0.19306311148226846], 1: [0.6487986200945854, 0.17922345757500216], 2: [-0.23059649502081692, -0.5189640061498542], 3: [0.672239837510958, -0.5713801483347366], 4: [-0.09044196258472671, 0.7180575854273197]}, 'solution': ([0, 0, 1, 0, 1], 39.0)}",29,"{'optimizer': 'COBYLA', 'maxiter': 100, 'shots': 1024, 'parameter_strategy': 'RANDOM', 'x0': None, 'backend': <QAOA_Tester.Backend.NoisyEstimatorBackend object at 0x7fdc7c9fe890>}","[([1, 0, 0, 1, 0], -33.0)]","[array([0.67556689, 2.74376709, 4.45366782, 1.4625175 , 4.6533874 ,
       3.28746486, 4.59508317, 1.56746215, 2.52682451, 2.83226907,
       2.48188578, 4.69858591, 5.92646513, 3.34174578, 6.10676734,
       1.79613978, 0.37882858, 3.73597832, 2.45036701, 0.74988939,
       5.93137156, 0.17766185, 0.30978284, 1.7306004 , 4.28888584,
       6.11613481, 5.94019434, 2.20373445, 3.0550516 , 2.65749323,
       3.77377169, 2.57857782, 5.49220347, 3.99446505, 5.34835634,
       1.99088252, 6.14182798, 1.31327837, 2.95859483, 1.61248425,
       1.4241046 , 3.84273268, 5.80778226, 5.47273409, 0.69183925,
       3.5187393 , 0.2567268 , 0.81918396, 5.86785949, 2.81069618,
       1.01034428, 5.01734639, 6.27584877, 4.82141718, 1.72413661,
       0.19851003, 6.17533205, 1.09855037])]",[582.1797969341278]
