,problem,layers,optimizer,solutions,parameters,time
0,"{'type': 'maxcut', 'graph': {'directed': False, 'multigraph': False, 'graph': {}, 'nodes': [{'id': 0}, {'id': 1}, {'id': 2}, {'id': 3}, {'id': 4}], 'links': [{'weight': 1, 'source': 0, 'target': 1}, {'weight': 7, 'source': 0, 'target': 2}, {'weight': 1, 'source': 0, 'target': 3}, {'weight': 7, 'source': 0, 'target': 4}, {'weight': 9, 'source': 1, 'target': 2}, {'weight': 7, 'source': 1, 'target': 3}, {'weight': 5, 'source': 1, 'target': 4}, {'weight': 6, 'source': 2, 'target': 3}, {'weight': 1, 'source': 2, 'target': 4}, {'weight': 5, 'source': 3, 'target': 4}]}, 'position': {0: [-1.0, 0.19306311148226846], 1: [0.6487986200945854, 0.17922345757500216], 2: [-0.23059649502081692, -0.5189640061498542], 3: [0.672239837510958, -0.5713801483347366], 4: [-0.09044196258472671, 0.7180575854273197]}, 'solution': ([0, 0, 1, 0, 1], 39.0)}",30,"{'optimizer': 'COBYLA', 'maxiter': 100, 'shots': 1024, 'parameter_strategy': 'RANDOM', 'x0': None, 'backend': <QAOA_Tester.Backend.NoisyEstimatorBackend object at 0x7f7684246410>}","[([0, 0, 1, 0, 0], -23.0)]","[array([5.31185045, 0.64993632, 5.45010396, 4.6928949 , 0.18072821,
       4.36444164, 2.89787342, 1.10679234, 3.31875189, 4.816322  ,
       1.78241867, 4.80493182, 6.22891642, 0.94144333, 2.8119544 ,
       2.95072368, 3.93129736, 0.61473993, 1.29022883, 3.78428013,
       2.0044207 , 6.08113364, 5.56483372, 6.19303009, 1.15248327,
       1.53539682, 4.09849264, 3.39427524, 4.63409343, 1.41909584,
       3.79510677, 4.02011727, 1.54444822, 1.32000911, 4.17161101,
       0.12339115, 3.87486242, 2.25504504, 5.19355123, 1.94046906,
       1.00226659, 0.56974197, 0.71757748, 0.94222869, 1.35629283,
       1.24585435, 1.01069862, 0.98568258, 5.41768935, 4.74055256,
       2.30958782, 5.34426538, 2.78925947, 1.37415443, 1.55332301,
       1.70206259, 3.43072997, 2.75143744, 4.45759818, 6.07946704])]",[557.9843845367432]
