,problem,layers,optimizer,solutions,parameters,time
0,"{'type': 'maxcut', 'graph': {'directed': False, 'multigraph': False, 'graph': {}, 'nodes': [{'id': 0}, {'id': 1}, {'id': 2}, {'id': 3}, {'id': 4}], 'links': [{'weight': 1, 'source': 0, 'target': 1}, {'weight': 7, 'source': 0, 'target': 2}, {'weight': 1, 'source': 0, 'target': 3}, {'weight': 7, 'source': 0, 'target': 4}, {'weight': 9, 'source': 1, 'target': 2}, {'weight': 7, 'source': 1, 'target': 3}, {'weight': 5, 'source': 1, 'target': 4}, {'weight': 6, 'source': 2, 'target': 3}, {'weight': 1, 'source': 2, 'target': 4}, {'weight': 5, 'source': 3, 'target': 4}]}, 'position': {0: [-1.0, 0.19306311148226846], 1: [0.6487986200945854, 0.17922345757500216], 2: [-0.23059649502081692, -0.5189640061498542], 3: [0.672239837510958, -0.5713801483347366], 4: [-0.09044196258472671, 0.7180575854273197]}, 'solution': ([0, 0, 1, 0, 1], 39.0)}",20,"{'optimizer': 'COBYLA', 'maxiter': 100, 'shots': 1024, 'parameter_strategy': 'RANDOM', 'x0': None, 'backend': <QAOA_Tester.Backend.NoisyEstimatorBackend object at 0x7f7b13fc6ce0>}","[([1, 1, 1, 1, 0], -18.0)]","[array([ 4.21743153e+00,  3.56893746e+00,  5.85158043e+00,  1.72926923e+00,
        2.04285741e+00,  5.26745578e+00,  4.05860959e+00,  2.93332833e+00,
        1.75861275e-01,  1.62196807e+00,  6.07966596e+00,  5.39841638e+00,
        4.40059986e+00,  8.60998040e-01,  1.10125790e+00,  1.97572716e+00,
        4.30195747e+00,  6.06950309e-02,  9.88019294e-01,  5.18007107e+00,
        7.28831616e-02,  5.63188128e+00,  5.54812962e+00,  5.07618943e+00,
        3.42064077e+00,  5.21904366e-01,  2.79950242e+00,  3.41528534e+00,
        4.40438441e+00,  1.72846229e-01,  4.72078831e+00,  1.94054678e+00,
        3.93734774e+00,  2.86919446e+00,  3.33898576e+00,  4.38973749e+00,
        1.42429136e+00, -3.78383360e-03,  2.59058561e+00,  1.56110457e+00])]",[612.1904940605164]
