,problem,layers,optimizer,solutions,parameters,time
0,"{'type': 'maxcut', 'graph': {'directed': False, 'multigraph': False, 'graph': {}, 'nodes': [{'id': 0}, {'id': 1}, {'id': 2}, {'id': 3}, {'id': 4}], 'links': [{'weight': 1, 'source': 0, 'target': 1}, {'weight': 7, 'source': 0, 'target': 2}, {'weight': 1, 'source': 0, 'target': 3}, {'weight': 7, 'source': 0, 'target': 4}, {'weight': 9, 'source': 1, 'target': 2}, {'weight': 7, 'source': 1, 'target': 3}, {'weight': 5, 'source': 1, 'target': 4}, {'weight': 6, 'source': 2, 'target': 3}, {'weight': 1, 'source': 2, 'target': 4}, {'weight': 5, 'source': 3, 'target': 4}]}, 'position': {0: [-1.0, 0.19306311148226846], 1: [0.6487986200945854, 0.17922345757500216], 2: [-0.23059649502081692, -0.5189640061498542], 3: [0.672239837510958, -0.5713801483347366], 4: [-0.09044196258472671, 0.7180575854273197]}, 'solution': ([0, 0, 1, 0, 1], 39.0)}",26,"{'optimizer': 'COBYLA', 'maxiter': 100, 'shots': 1024, 'parameter_strategy': 'RANDOM', 'x0': None, 'backend': <QAOA_Tester.Backend.NoisyEstimatorBackend object at 0x7fe6f001a230>}","[([0, 1, 0, 0, 0], -22.0)]","[array([4.82050037e+00, 1.83985053e+00, 4.59378431e+00, 4.06203824e+00,
       3.82796269e+00, 5.53898454e+00, 3.05389667e+00, 4.34179388e+00,
       1.54530015e+00, 4.01153128e+00, 3.80483490e+00, 3.76464081e+00,
       4.20763934e+00, 3.61562641e+00, 9.08701715e-01, 5.03845774e+00,
       3.08828452e+00, 6.05714614e+00, 3.81730894e+00, 4.48720941e+00,
       4.42928913e+00, 1.73048691e+00, 4.86117908e+00, 4.52411165e+00,
       4.88426652e+00, 2.90746709e+00, 4.33869192e+00, 9.30935959e-01,
       2.11838011e+00, 6.10815795e+00, 3.35188083e-03, 3.11549850e+00,
       5.68041461e+00, 6.11606432e+00, 8.77478040e-01, 4.26604243e+00,
       6.20196334e+00, 5.75988546e+00, 3.38396334e-02, 2.64922337e+00,
       3.18995411e+00, 6.25422001e+00, 5.00914976e+00, 4.33294010e+00,
       3.57754385e+00, 9.99675490e-01, 4.83165346e+00, 4.85504794e+00,
       2.90027547e+00, 3.35436321e-01, 5.14067742e+00, 3.02149757e+00])]",[588.3081936836243]
