,problem,layers,optimizer,solutions,parameters,time
0,"{'type': 'maxcut', 'graph': {'directed': False, 'multigraph': False, 'graph': {}, 'nodes': [{'id': 0}, {'id': 1}, {'id': 2}, {'id': 3}, {'id': 4}], 'links': [{'weight': 1, 'source': 0, 'target': 1}, {'weight': 7, 'source': 0, 'target': 2}, {'weight': 1, 'source': 0, 'target': 3}, {'weight': 7, 'source': 0, 'target': 4}, {'weight': 9, 'source': 1, 'target': 2}, {'weight': 7, 'source': 1, 'target': 3}, {'weight': 5, 'source': 1, 'target': 4}, {'weight': 6, 'source': 2, 'target': 3}, {'weight': 1, 'source': 2, 'target': 4}, {'weight': 5, 'source': 3, 'target': 4}]}, 'position': {0: [-1.0, 0.19306311148226846], 1: [0.6487986200945854, 0.17922345757500216], 2: [-0.23059649502081692, -0.5189640061498542], 3: [0.672239837510958, -0.5713801483347366], 4: [-0.09044196258472671, 0.7180575854273197]}, 'solution': ([0, 0, 1, 0, 1], 39.0)}",27,"{'optimizer': 'COBYLA', 'maxiter': 100, 'shots': 1024, 'parameter_strategy': 'RANDOM', 'x0': None, 'backend': <QAOA_Tester.Backend.NoisyEstimatorBackend object at 0x7fb0f5fea740>}","[([1, 1, 0, 1, 1], -23.0)]","[array([4.31035344, 1.53096628, 6.10080338, 3.43671778, 1.52379694,
       0.8577979 , 3.24376982, 0.21166745, 4.33664263, 5.1916893 ,
       3.33420015, 4.72569217, 5.01971022, 2.97689403, 5.78177258,
       2.81920314, 5.41613779, 2.53185213, 3.23397676, 3.37019691,
       0.19459061, 0.78440047, 3.42573267, 2.78927134, 5.86834989,
       2.27685624, 5.81049541, 4.40348499, 0.37535654, 0.0752256 ,
       5.4748368 , 1.76750181, 5.92195952, 2.11672037, 1.92071483,
       1.79295372, 0.4992089 , 0.28602114, 0.66545036, 0.68948008,
       0.32772112, 4.14327584, 4.65592839, 3.30647141, 2.78414937,
       2.54912351, 5.02952594, 0.90055988, 4.73907103, 4.14355255,
       4.74609894, 6.17861685, 4.97987294, 2.04161694])]",[593.1449024677277]
