,problem,layers,optimizer,solutions,parameters,time
0,"{'type': 'maxcut', 'graph': {'directed': False, 'multigraph': False, 'graph': {}, 'nodes': [{'id': 0}, {'id': 1}, {'id': 2}, {'id': 3}, {'id': 4}], 'links': [{'weight': 1, 'source': 0, 'target': 1}, {'weight': 7, 'source': 0, 'target': 2}, {'weight': 1, 'source': 0, 'target': 3}, {'weight': 7, 'source': 0, 'target': 4}, {'weight': 9, 'source': 1, 'target': 2}, {'weight': 7, 'source': 1, 'target': 3}, {'weight': 5, 'source': 1, 'target': 4}, {'weight': 6, 'source': 2, 'target': 3}, {'weight': 1, 'source': 2, 'target': 4}, {'weight': 5, 'source': 3, 'target': 4}]}, 'position': {0: [-1.0, 0.19306311148226846], 1: [0.6487986200945854, 0.17922345757500216], 2: [-0.23059649502081692, -0.5189640061498542], 3: [0.672239837510958, -0.5713801483347366], 4: [-0.09044196258472671, 0.7180575854273197]}, 'solution': ([0, 0, 1, 0, 1], 39.0)}",24,"{'optimizer': 'COBYLA', 'maxiter': 100, 'shots': 1024, 'parameter_strategy': 'RANDOM', 'x0': None, 'backend': <QAOA_Tester.Backend.NoisyEstimatorBackend object at 0x7fb8108f5540>}","[([0, 0, 0, 0, 0], 0.0)]","[array([0.27940619, 5.45637542, 4.3216201 , 1.5261107 , 5.47808673,
       2.74556203, 5.62255919, 2.92292566, 0.95495296, 5.32891909,
       2.48713114, 0.6921266 , 6.26674941, 2.14682572, 4.83910028,
       4.19785526, 0.56667728, 0.13637782, 1.57282385, 3.45456286,
       0.25935599, 1.99148807, 1.16421718, 6.4795226 , 1.50462464,
       5.14109583, 5.62041528, 3.93518833, 2.03022232, 4.38142783,
       1.90923041, 0.63871567, 2.11292039, 3.50331196, 4.58408254,
       5.28933289, 4.33775237, 3.59109829, 5.88891944, 4.36233123,
       0.59849212, 4.49926633, 4.68110371, 4.94605141, 4.82586004,
       1.95387978, 5.10552911, 5.75599945])]",[594.8335564136505]
