,problem,layers,optimizer,solutions,parameters,time
0,"{'type': 'maxcut', 'graph': {'directed': False, 'multigraph': False, 'graph': {}, 'nodes': [{'id': 0}, {'id': 1}, {'id': 2}, {'id': 3}, {'id': 4}], 'links': [{'weight': 1, 'source': 0, 'target': 1}, {'weight': 7, 'source': 0, 'target': 2}, {'weight': 1, 'source': 0, 'target': 3}, {'weight': 7, 'source': 0, 'target': 4}, {'weight': 9, 'source': 1, 'target': 2}, {'weight': 7, 'source': 1, 'target': 3}, {'weight': 5, 'source': 1, 'target': 4}, {'weight': 6, 'source': 2, 'target': 3}, {'weight': 1, 'source': 2, 'target': 4}, {'weight': 5, 'source': 3, 'target': 4}]}, 'position': {0: [-1.0, 0.19306311148226846], 1: [0.6487986200945854, 0.17922345757500216], 2: [-0.23059649502081692, -0.5189640061498542], 3: [0.672239837510958, -0.5713801483347366], 4: [-0.09044196258472671, 0.7180575854273197]}, 'solution': ([0, 0, 1, 0, 1], 39.0)}",24,"{'optimizer': 'COBYLA', 'maxiter': 100, 'shots': 1024, 'parameter_strategy': 'RANDOM', 'x0': None, 'backend': <QAOA_Tester.Backend.NoisyEstimatorBackend object at 0x7fe4e0066380>}","[([0, 1, 0, 0, 0], -22.0)]","[array([0.36512169, 5.06735067, 3.73732653, 0.83855065, 5.40608118,
       2.88613703, 5.6778117 , 5.44100245, 2.92829047, 4.27373549,
       5.82365665, 2.02815703, 3.5183809 , 2.3145426 , 4.92247907,
       2.27551487, 4.09436848, 4.81838165, 1.55213803, 3.29721657,
       0.84063635, 4.5587943 , 0.55422494, 4.54399786, 5.31361747,
       1.20642406, 0.2076117 , 3.39390942, 3.85184199, 4.12442935,
       4.31408699, 5.63915377, 1.26259115, 2.02246813, 4.50532237,
       4.62398944, 1.82628242, 0.46355504, 1.76402173, 5.35621367,
       0.38500322, 4.43728252, 2.75041726, 3.99616294, 3.15640241,
       1.26995394, 1.00100605, 3.44073634])]",[619.0603561401367]
