,problem,layers,optimizer,solutions,parameters,time
0,"{'type': 'maxcut', 'graph': {'directed': False, 'multigraph': False, 'graph': {}, 'nodes': [{'id': 0}, {'id': 1}, {'id': 2}, {'id': 3}, {'id': 4}], 'links': [{'weight': 1, 'source': 0, 'target': 1}, {'weight': 7, 'source': 0, 'target': 2}, {'weight': 1, 'source': 0, 'target': 3}, {'weight': 7, 'source': 0, 'target': 4}, {'weight': 9, 'source': 1, 'target': 2}, {'weight': 7, 'source': 1, 'target': 3}, {'weight': 5, 'source': 1, 'target': 4}, {'weight': 6, 'source': 2, 'target': 3}, {'weight': 1, 'source': 2, 'target': 4}, {'weight': 5, 'source': 3, 'target': 4}]}, 'position': {0: [-1.0, 0.19306311148226846], 1: [0.6487986200945854, 0.17922345757500216], 2: [-0.23059649502081692, -0.5189640061498542], 3: [0.672239837510958, -0.5713801483347366], 4: [-0.09044196258472671, 0.7180575854273197]}, 'solution': ([0, 0, 1, 0, 1], 39.0)}",28,"{'optimizer': 'COBYLA', 'maxiter': 100, 'shots': 1024, 'parameter_strategy': 'RANDOM', 'x0': None, 'backend': <QAOA_Tester.Backend.NoisyEstimatorBackend object at 0x7fa939075b70>}","[([1, 1, 0, 1, 0], -39.0)]","[array([2.75647332, 2.99603122, 3.53529429, 1.67061107, 4.90631378,
       3.55312099, 0.70959848, 2.27364761, 1.98910619, 0.4193728 ,
       1.8823928 , 0.68131092, 5.86504394, 1.38640934, 3.28829889,
       0.97489205, 2.01583285, 0.77662853, 3.44343793, 3.56351633,
       5.09687526, 1.37623203, 4.44251965, 4.44811183, 3.47254884,
       2.65000301, 4.29346707, 3.06287168, 0.55749511, 1.94097359,
       0.10634669, 6.25439005, 5.78358945, 0.83309856, 6.02917351,
       2.79287892, 1.34037957, 5.65624614, 2.17159132, 0.02276617,
       6.12524325, 0.59991456, 3.20263266, 5.36854992, 0.01802636,
       5.9323173 , 0.61333087, 1.13678919, 5.5005273 , 3.21290944,
       3.67932532, 1.83885048, 1.64387285, 1.97271321, 0.78959448,
       0.88695114])]",[602.0935645103455]
