,problem,layers,optimizer,solutions,parameters,time
0,"{'type': 'maxcut', 'graph': {'directed': False, 'multigraph': False, 'graph': {}, 'nodes': [{'id': 0}, {'id': 1}, {'id': 2}, {'id': 3}, {'id': 4}], 'links': [{'weight': 1, 'source': 0, 'target': 1}, {'weight': 7, 'source': 0, 'target': 2}, {'weight': 1, 'source': 0, 'target': 3}, {'weight': 7, 'source': 0, 'target': 4}, {'weight': 9, 'source': 1, 'target': 2}, {'weight': 7, 'source': 1, 'target': 3}, {'weight': 5, 'source': 1, 'target': 4}, {'weight': 6, 'source': 2, 'target': 3}, {'weight': 1, 'source': 2, 'target': 4}, {'weight': 5, 'source': 3, 'target': 4}]}, 'position': {0: [-1.0, 0.19306311148226846], 1: [0.6487986200945854, 0.17922345757500216], 2: [-0.23059649502081692, -0.5189640061498542], 3: [0.672239837510958, -0.5713801483347366], 4: [-0.09044196258472671, 0.7180575854273197]}, 'solution': ([0, 0, 1, 0, 1], 39.0)}",26,"{'optimizer': 'COBYLA', 'maxiter': 100, 'shots': 1024, 'parameter_strategy': 'RANDOM', 'x0': None, 'backend': <QAOA_Tester.Backend.NoisyEstimatorBackend object at 0x7f968d1154b0>}","[([0, 0, 1, 1, 1], -36.0)]","[array([3.97892515, 5.4696381 , 4.29309272, 5.48369743, 1.97092796,
       0.99430583, 4.75089368, 1.27307368, 4.5689824 , 4.41408536,
       4.75618798, 2.50930639, 1.55111445, 5.78377633, 0.89621265,
       4.20623851, 5.97777737, 2.07699269, 2.58653589, 3.91646539,
       1.63014217, 3.89518056, 1.19306282, 3.3413628 , 2.40510921,
       4.49327086, 2.6885937 , 4.33840571, 3.69399517, 6.20531224,
       1.5370788 , 2.89910799, 6.21906108, 3.21221914, 3.64982483,
       0.92437537, 2.23539653, 5.23676742, 3.1620539 , 0.05851997,
       4.56740944, 0.89377183, 3.78336453, 0.92299972, 1.2557822 ,
       5.94009265, 1.6869044 , 1.73307484, 6.02483209, 4.67226032,
       5.27415199, 0.96199423])]",[661.1886262893677]
