,problem,layers,optimizer,solutions,parameters,time
0,"{'type': 'maxcut', 'graph': {'directed': False, 'multigraph': False, 'graph': {}, 'nodes': [{'id': 0}, {'id': 1}, {'id': 2}, {'id': 3}, {'id': 4}], 'links': [{'weight': 1, 'source': 0, 'target': 1}, {'weight': 7, 'source': 0, 'target': 2}, {'weight': 1, 'source': 0, 'target': 3}, {'weight': 7, 'source': 0, 'target': 4}, {'weight': 9, 'source': 1, 'target': 2}, {'weight': 7, 'source': 1, 'target': 3}, {'weight': 5, 'source': 1, 'target': 4}, {'weight': 6, 'source': 2, 'target': 3}, {'weight': 1, 'source': 2, 'target': 4}, {'weight': 5, 'source': 3, 'target': 4}]}, 'position': {0: [-1.0, 0.19306311148226846], 1: [0.6487986200945854, 0.17922345757500216], 2: [-0.23059649502081692, -0.5189640061498542], 3: [0.672239837510958, -0.5713801483347366], 4: [-0.09044196258472671, 0.7180575854273197]}, 'solution': ([0, 0, 1, 0, 1], 39.0)}",25,"{'optimizer': 'COBYLA', 'maxiter': 100, 'shots': 1024, 'parameter_strategy': 'RANDOM', 'x0': None, 'backend': <QAOA_Tester.Backend.NoisyEstimatorBackend object at 0x7f2153fa99c0>}","[([1, 0, 1, 0, 1], -27.0)]","[array([ 4.76627573,  0.83439933,  5.51903886,  1.67433155,  1.11792042,
        0.44053734, -0.21112265,  0.2366809 ,  1.67361856,  3.14618625,
        0.70276074,  1.63541756,  4.84610294,  1.8520099 ,  0.34287367,
        3.70341572,  1.6809486 ,  4.20996423, -0.44196878,  1.29874992,
        0.10716293,  5.26874839, -0.14128055,  0.0840842 ,  8.03196885,
        3.00182384,  4.97245327,  0.65702623,  2.21227358,  2.16770878,
        4.97367047,  3.70980367,  5.12589736,  5.12504573,  2.64564826,
        0.94514328,  4.25131097,  4.98121492,  0.05510806,  4.49564035,
        5.6839102 ,  4.71117151,  2.48710357,  4.25446282,  1.35837835,
        0.06169673,  1.52415312,  2.1069303 ,  0.91030236,  4.91313441])]",[627.3919384479523]
