,problem,layers,optimizer,solutions,parameters,time
0,"{'type': 'maxcut', 'graph': {'directed': False, 'multigraph': False, 'graph': {}, 'nodes': [{'id': 0}, {'id': 1}, {'id': 2}, {'id': 3}, {'id': 4}], 'links': [{'weight': 1, 'source': 0, 'target': 1}, {'weight': 7, 'source': 0, 'target': 2}, {'weight': 1, 'source': 0, 'target': 3}, {'weight': 7, 'source': 0, 'target': 4}, {'weight': 9, 'source': 1, 'target': 2}, {'weight': 7, 'source': 1, 'target': 3}, {'weight': 5, 'source': 1, 'target': 4}, {'weight': 6, 'source': 2, 'target': 3}, {'weight': 1, 'source': 2, 'target': 4}, {'weight': 5, 'source': 3, 'target': 4}]}, 'position': {0: [-1.0, 0.19306311148226846], 1: [0.6487986200945854, 0.17922345757500216], 2: [-0.23059649502081692, -0.5189640061498542], 3: [0.672239837510958, -0.5713801483347366], 4: [-0.09044196258472671, 0.7180575854273197]}, 'solution': ([0, 0, 1, 0, 1], 39.0)}",24,"{'optimizer': 'COBYLA', 'maxiter': 100, 'shots': 1024, 'parameter_strategy': 'RANDOM', 'x0': None, 'backend': <QAOA_Tester.Backend.NoisyEstimatorBackend object at 0x7f15e2e92350>}","[([0, 1, 0, 1, 0], -27.0)]","[array([2.49029447, 0.94110715, 3.85259784, 3.02593709, 5.3698145 ,
       6.17918858, 4.49586657, 2.17976076, 1.9276956 , 5.72052649,
       5.59968949, 3.61808463, 1.42499852, 4.91610247, 4.02097361,
       5.72030874, 2.57747006, 5.38526216, 3.21012436, 6.09076688,
       2.50082268, 2.3605119 , 3.11355531, 4.45227971, 0.5577233 ,
       2.65713164, 0.18534359, 3.05230136, 0.11047442, 5.51629561,
       4.86534562, 5.83744755, 5.59776309, 4.18407469, 0.37169337,
       3.96756721, 4.61006547, 1.34095584, 3.9326938 , 0.54805296,
       5.37224701, 2.2349604 , 5.41462224, 2.35128981, 2.11154109,
       3.25434053, 2.27098945, 4.60735387])]",[603.3313148021698]
