,problem,layers,optimizer,solutions,parameters,time
0,"{'type': 'maxcut', 'graph': {'directed': False, 'multigraph': False, 'graph': {}, 'nodes': [{'id': 0}, {'id': 1}, {'id': 2}, {'id': 3}, {'id': 4}], 'links': [{'weight': 1, 'source': 0, 'target': 1}, {'weight': 7, 'source': 0, 'target': 2}, {'weight': 1, 'source': 0, 'target': 3}, {'weight': 7, 'source': 0, 'target': 4}, {'weight': 9, 'source': 1, 'target': 2}, {'weight': 7, 'source': 1, 'target': 3}, {'weight': 5, 'source': 1, 'target': 4}, {'weight': 6, 'source': 2, 'target': 3}, {'weight': 1, 'source': 2, 'target': 4}, {'weight': 5, 'source': 3, 'target': 4}]}, 'position': {0: [-1.0, 0.19306311148226846], 1: [0.6487986200945854, 0.17922345757500216], 2: [-0.23059649502081692, -0.5189640061498542], 3: [0.672239837510958, -0.5713801483347366], 4: [-0.09044196258472671, 0.7180575854273197]}, 'solution': ([0, 0, 1, 0, 1], 39.0)}",26,"{'optimizer': 'COBYLA', 'maxiter': 100, 'shots': 1024, 'parameter_strategy': 'RANDOM', 'x0': None, 'backend': <QAOA_Tester.Backend.NoisyEstimatorBackend object at 0x7f171fbd20b0>}","[([0, 1, 1, 1, 0], -20.0)]","[array([6.18732641, 1.07507725, 3.62460199, 3.23268612, 1.05857082,
       4.09093135, 4.48171221, 6.14316311, 5.05985518, 2.64258166,
       5.15858253, 5.56902598, 4.90176196, 2.27854241, 0.57857712,
       0.81321026, 0.17774689, 4.56315215, 2.78383466, 3.58605107,
       5.63546835, 0.55663975, 2.31288434, 0.07818469, 2.71594325,
       6.85343986, 5.32012191, 1.50158808, 1.75828066, 3.48909225,
       2.1389224 , 5.40727533, 5.28094651, 4.40946674, 4.65397117,
       5.82612673, 5.80655674, 6.22539454, 5.4756802 , 2.37386238,
       2.99986627, 3.3589933 , 5.17512746, 2.47076183, 6.28242338,
       3.91909558, 3.02390168, 4.88809357, 0.66376736, 1.8476623 ,
       3.48455366, 5.4182721 ])]",[609.0024838447571]
