,problem,layers,optimizer,solutions,parameters,time
0,"{'type': 'maxcut', 'graph': {'directed': False, 'multigraph': False, 'graph': {}, 'nodes': [{'id': 0}, {'id': 1}, {'id': 2}, {'id': 3}, {'id': 4}], 'links': [{'weight': 1, 'source': 0, 'target': 1}, {'weight': 7, 'source': 0, 'target': 2}, {'weight': 1, 'source': 0, 'target': 3}, {'weight': 7, 'source': 0, 'target': 4}, {'weight': 9, 'source': 1, 'target': 2}, {'weight': 7, 'source': 1, 'target': 3}, {'weight': 5, 'source': 1, 'target': 4}, {'weight': 6, 'source': 2, 'target': 3}, {'weight': 1, 'source': 2, 'target': 4}, {'weight': 5, 'source': 3, 'target': 4}]}, 'position': {0: [-1.0, 0.19306311148226846], 1: [0.6487986200945854, 0.17922345757500216], 2: [-0.23059649502081692, -0.5189640061498542], 3: [0.672239837510958, -0.5713801483347366], 4: [-0.09044196258472671, 0.7180575854273197]}, 'solution': ([0, 0, 1, 0, 1], 39.0)}",19,"{'optimizer': 'COBYLA', 'maxiter': 100, 'shots': 1024, 'parameter_strategy': 'RANDOM', 'x0': None, 'backend': <QAOA_Tester.Backend.NoisyEstimatorBackend object at 0x7fb946f00ca0>}","[([1, 0, 0, 0, 0], -16.0)]","[array([3.55334958, 4.12195058, 5.01430202, 3.60167515, 6.09583743,
       1.27378491, 2.23993706, 0.23074931, 1.06597771, 3.99229258,
       0.21289514, 5.0043186 , 4.51883769, 3.42443958, 0.04449874,
       2.00143924, 1.03187802, 4.85484667, 7.0817134 , 2.67487966,
       3.4774788 , 2.09220806, 1.21639644, 6.0285695 , 0.56756218,
       3.85427812, 4.68197678, 5.96748471, 0.21563197, 1.1521119 ,
       3.14150203, 5.69154365, 2.84913831, 3.8174689 , 0.66400886,
       0.87274811, 2.65661674, 0.7989871 ])]",[568.369957447052]
