,problem,layers,optimizer,solutions,parameters,time
0,"{'type': 'maxcut', 'graph': {'directed': False, 'multigraph': False, 'graph': {}, 'nodes': [{'id': 0}, {'id': 1}, {'id': 2}, {'id': 3}, {'id': 4}], 'links': [{'weight': 1, 'source': 0, 'target': 1}, {'weight': 7, 'source': 0, 'target': 2}, {'weight': 1, 'source': 0, 'target': 3}, {'weight': 7, 'source': 0, 'target': 4}, {'weight': 9, 'source': 1, 'target': 2}, {'weight': 7, 'source': 1, 'target': 3}, {'weight': 5, 'source': 1, 'target': 4}, {'weight': 6, 'source': 2, 'target': 3}, {'weight': 1, 'source': 2, 'target': 4}, {'weight': 5, 'source': 3, 'target': 4}]}, 'position': {0: [-1.0, 0.19306311148226846], 1: [0.6487986200945854, 0.17922345757500216], 2: [-0.23059649502081692, -0.5189640061498542], 3: [0.672239837510958, -0.5713801483347366], 4: [-0.09044196258472671, 0.7180575854273197]}, 'solution': ([0, 0, 1, 0, 1], 39.0)}",27,"{'optimizer': 'COBYLA', 'maxiter': 100, 'shots': 1024, 'parameter_strategy': 'RANDOM', 'x0': None, 'backend': <QAOA_Tester.Backend.NoisyEstimatorBackend object at 0x7f14b82a19c0>}","[([1, 0, 1, 1, 1], -22.0)]","[array([0.91501011, 2.44736229, 0.48205755, 6.20711908, 1.36421218,
       0.11538618, 0.2571351 , 0.13195176, 1.91360292, 0.99173558,
       3.747114  , 6.07064802, 5.98765701, 4.09237039, 2.27933202,
       2.97865454, 3.71161111, 0.28193638, 0.74587515, 0.08958492,
       1.06903579, 1.44926801, 0.98620106, 4.03343313, 5.12326425,
       1.39347947, 4.49099823, 4.18309771, 1.39390617, 1.45492993,
       2.40861787, 0.32649931, 1.1813498 , 3.42894025, 3.30196995,
       3.9886683 , 2.58991921, 5.41161592, 5.27412341, 4.61568498,
       4.62462515, 1.11489152, 3.27769317, 5.33179914, 1.99090049,
       1.18708698, 0.32967513, 4.38158682, 2.43229377, 0.08498374,
       5.24608906, 4.89717641, 0.92419925, 3.55416785])]",[635.5533692836761]
