,problem,layers,optimizer,solutions,parameters,time
0,"{'type': 'maxcut', 'graph': {'directed': False, 'multigraph': False, 'graph': {}, 'nodes': [{'id': 0}, {'id': 1}, {'id': 2}, {'id': 3}, {'id': 4}], 'links': [{'weight': 1, 'source': 0, 'target': 1}, {'weight': 7, 'source': 0, 'target': 2}, {'weight': 1, 'source': 0, 'target': 3}, {'weight': 7, 'source': 0, 'target': 4}, {'weight': 9, 'source': 1, 'target': 2}, {'weight': 7, 'source': 1, 'target': 3}, {'weight': 5, 'source': 1, 'target': 4}, {'weight': 6, 'source': 2, 'target': 3}, {'weight': 1, 'source': 2, 'target': 4}, {'weight': 5, 'source': 3, 'target': 4}]}, 'position': {0: [-1.0, 0.19306311148226846], 1: [0.6487986200945854, 0.17922345757500216], 2: [-0.23059649502081692, -0.5189640061498542], 3: [0.672239837510958, -0.5713801483347366], 4: [-0.09044196258472671, 0.7180575854273197]}, 'solution': ([0, 0, 1, 0, 1], 39.0)}",19,"{'optimizer': 'COBYLA', 'maxiter': 100, 'shots': 1024, 'parameter_strategy': 'RANDOM', 'x0': None, 'backend': <QAOA_Tester.Backend.NoisyEstimatorBackend object at 0x7f76a033f460>}","[([1, 0, 0, 1, 0], -33.0)]","[array([5.8794324 , 1.98395462, 2.65170852, 3.39297887, 0.14434327,
       4.63167036, 3.41474793, 1.7873473 , 0.56427591, 4.43068726,
       1.28438808, 4.00314045, 1.11222566, 3.13535605, 0.5451576 ,
       4.87761934, 0.29039309, 0.6977779 , 6.27302492, 0.27727885,
       2.62055557, 4.2041309 , 3.45542352, 5.38345273, 4.3884936 ,
       4.76815721, 5.55445318, 4.10913357, 0.46294726, 0.08198351,
       2.0828094 , 2.9036743 , 3.91398315, 0.10597522, 3.14235514,
       5.56444808, 4.95289603, 5.22773955])]",[614.8624887466431]
