,problem,layers,optimizer,solutions,parameters,time
0,"{'type': 'maxcut', 'graph': {'directed': False, 'multigraph': False, 'graph': {}, 'nodes': [{'id': 0}, {'id': 1}, {'id': 2}, {'id': 3}, {'id': 4}], 'links': [{'weight': 1, 'source': 0, 'target': 1}, {'weight': 7, 'source': 0, 'target': 2}, {'weight': 1, 'source': 0, 'target': 3}, {'weight': 7, 'source': 0, 'target': 4}, {'weight': 9, 'source': 1, 'target': 2}, {'weight': 7, 'source': 1, 'target': 3}, {'weight': 5, 'source': 1, 'target': 4}, {'weight': 6, 'source': 2, 'target': 3}, {'weight': 1, 'source': 2, 'target': 4}, {'weight': 5, 'source': 3, 'target': 4}]}, 'position': {0: [-1.0, 0.19306311148226846], 1: [0.6487986200945854, 0.17922345757500216], 2: [-0.23059649502081692, -0.5189640061498542], 3: [0.672239837510958, -0.5713801483347366], 4: [-0.09044196258472671, 0.7180575854273197]}, 'solution': ([0, 0, 1, 0, 1], 39.0)}",26,"{'optimizer': 'COBYLA', 'maxiter': 100, 'shots': 1024, 'parameter_strategy': 'RANDOM', 'x0': None, 'backend': <QAOA_Tester.Backend.NoisyEstimatorBackend object at 0x7f29915f6470>}","[([1, 0, 1, 1, 0], -30.0)]","[array([4.55734718, 5.88997924, 1.79984626, 2.99570308, 1.61087742,
       0.51279829, 5.22510041, 5.55306637, 0.19422205, 2.91133995,
       1.59141472, 2.52078902, 0.15827363, 2.329909  , 3.31319755,
       5.81514368, 4.80894915, 4.16001497, 0.94719063, 0.65982993,
       2.14712368, 4.99272235, 1.74065504, 4.96209227, 0.21171324,
       2.9126233 , 6.17254011, 4.90646253, 0.51977247, 5.52874444,
       6.09980531, 4.95823087, 3.10158902, 5.59693363, 5.36882611,
       3.14469711, 3.11047448, 5.62328652, 2.64825292, 1.91764438,
       6.15815349, 4.1666564 , 2.09304764, 4.23775287, 4.40709569,
       2.70629565, 2.79396048, 0.06403461, 5.77612248, 4.09201766,
       0.08819081, 0.79045408])]",[628.4917826652527]
