,problem,layers,optimizer,solutions,parameters,time
0,"{'type': 'maxcut', 'graph': {'directed': False, 'multigraph': False, 'graph': {}, 'nodes': [{'id': 0}, {'id': 1}, {'id': 2}, {'id': 3}, {'id': 4}], 'links': [{'weight': 1, 'source': 0, 'target': 1}, {'weight': 7, 'source': 0, 'target': 2}, {'weight': 1, 'source': 0, 'target': 3}, {'weight': 7, 'source': 0, 'target': 4}, {'weight': 9, 'source': 1, 'target': 2}, {'weight': 7, 'source': 1, 'target': 3}, {'weight': 5, 'source': 1, 'target': 4}, {'weight': 6, 'source': 2, 'target': 3}, {'weight': 1, 'source': 2, 'target': 4}, {'weight': 5, 'source': 3, 'target': 4}]}, 'position': {0: [-1.0, 0.19306311148226846], 1: [0.6487986200945854, 0.17922345757500216], 2: [-0.23059649502081692, -0.5189640061498542], 3: [0.672239837510958, -0.5713801483347366], 4: [-0.09044196258472671, 0.7180575854273197]}, 'solution': ([0, 0, 1, 0, 1], 39.0)}",28,"{'optimizer': 'COBYLA', 'maxiter': 100, 'shots': 1024, 'parameter_strategy': 'RANDOM', 'x0': None, 'backend': <QAOA_Tester.Backend.NoisyEstimatorBackend object at 0x7f304a4fa9e0>}","[([1, 0, 1, 1, 1], -22.0)]","[array([3.14983124e+00, 5.67238850e+00, 6.25759202e+00, 1.66141145e+00,
       1.44944867e+00, 4.69881417e+00, 3.83935075e+00, 4.69257238e-01,
       2.12795885e+00, 4.43102748e+00, 1.52367303e+00, 4.28749180e-03,
       1.79408099e+00, 1.43967460e+00, 2.52354291e+00, 3.45976631e+00,
       5.42812845e+00, 4.24395104e+00, 1.96304790e+00, 4.02122775e+00,
       9.91104202e-01, 3.79516444e+00, 4.38871999e+00, 3.00143315e+00,
       1.54112932e+00, 1.10146463e-01, 2.14148497e+00, 3.03451810e-01,
       5.73434632e+00, 2.91633159e+00, 2.10989933e+00, 3.05193997e+00,
       6.71243413e-02, 4.88361424e+00, 2.24908148e+00, 2.79801203e+00,
       4.37412496e+00, 1.55561594e-01, 3.82441595e+00, 3.82775357e+00,
       4.81368513e+00, 2.45625332e+00, 3.03079499e+00, 4.05891314e+00,
       5.21580984e-01, 6.19419619e+00, 2.01970223e-01, 1.04837230e+00,
       1.05160768e+00, 6.14583763e+00, 6.00142974e+00, 1.46551421e+00,
       2.46243057e+00, 3.65697555e+00, 2.51431207e+00, 3.87104580e+00])]",[618.6354973316193]
