,problem,layers,optimizer,solutions,parameters,time
0,"{'type': 'maxcut', 'graph': {'directed': False, 'multigraph': False, 'graph': {}, 'nodes': [{'id': 0}, {'id': 1}, {'id': 2}, {'id': 3}, {'id': 4}], 'links': [{'weight': 1, 'source': 0, 'target': 1}, {'weight': 7, 'source': 0, 'target': 2}, {'weight': 1, 'source': 0, 'target': 3}, {'weight': 7, 'source': 0, 'target': 4}, {'weight': 9, 'source': 1, 'target': 2}, {'weight': 7, 'source': 1, 'target': 3}, {'weight': 5, 'source': 1, 'target': 4}, {'weight': 6, 'source': 2, 'target': 3}, {'weight': 1, 'source': 2, 'target': 4}, {'weight': 5, 'source': 3, 'target': 4}]}, 'position': {0: [-1.0, 0.19306311148226846], 1: [0.6487986200945854, 0.17922345757500216], 2: [-0.23059649502081692, -0.5189640061498542], 3: [0.672239837510958, -0.5713801483347366], 4: [-0.09044196258472671, 0.7180575854273197]}, 'solution': ([0, 0, 1, 0, 1], 39.0)}",29,"{'optimizer': 'COBYLA', 'maxiter': 100, 'shots': 1024, 'parameter_strategy': 'RANDOM', 'x0': None, 'backend': <QAOA_Tester.Backend.NoisyEstimatorBackend object at 0x7f08bd4399f0>}","[([1, 1, 0, 0, 1], -30.0)]","[array([5.58564343, 3.78358732, 3.29365276, 0.54622709, 0.62805666,
       1.52042932, 5.76008193, 4.04321196, 2.35244665, 0.37580814,
       3.55783429, 0.37903362, 2.14293933, 1.52134046, 3.67277123,
       1.39237621, 5.84643722, 2.93028431, 6.0792812 , 4.02646698,
       3.08683212, 2.67234027, 4.68402661, 5.32117096, 3.21596801,
       6.04459915, 0.39694268, 0.78701381, 3.27789009, 3.74120112,
       1.65133533, 4.36377772, 1.92295182, 2.20630457, 4.17535947,
       4.67979516, 3.25000223, 5.15906878, 2.37202285, 0.99790092,
       4.07660691, 5.78220172, 3.31514473, 5.80595725, 5.71799164,
       0.84841166, 0.10488681, 3.30965237, 1.53789919, 1.70560044,
       5.41473896, 2.24094907, 0.88939559, 2.83602251, 1.93697984,
       1.00804195, 3.99750592, 5.52574041])]",[591.3010919094086]
