,problem,layers,optimizer,solutions,parameters,time
0,"{'type': 'maxcut', 'graph': {'directed': False, 'multigraph': False, 'graph': {}, 'nodes': [{'id': 0}, {'id': 1}, {'id': 2}, {'id': 3}, {'id': 4}], 'links': [{'weight': 1, 'source': 0, 'target': 1}, {'weight': 7, 'source': 0, 'target': 2}, {'weight': 1, 'source': 0, 'target': 3}, {'weight': 7, 'source': 0, 'target': 4}, {'weight': 9, 'source': 1, 'target': 2}, {'weight': 7, 'source': 1, 'target': 3}, {'weight': 5, 'source': 1, 'target': 4}, {'weight': 6, 'source': 2, 'target': 3}, {'weight': 1, 'source': 2, 'target': 4}, {'weight': 5, 'source': 3, 'target': 4}]}, 'position': {0: [-1.0, 0.19306311148226846], 1: [0.6487986200945854, 0.17922345757500216], 2: [-0.23059649502081692, -0.5189640061498542], 3: [0.672239837510958, -0.5713801483347366], 4: [-0.09044196258472671, 0.7180575854273197]}, 'solution': ([0, 0, 1, 0, 1], 39.0)}",27,"{'optimizer': 'COBYLA', 'maxiter': 100, 'shots': 1024, 'parameter_strategy': 'RANDOM', 'x0': None, 'backend': <QAOA_Tester.Backend.NoisyEstimatorBackend object at 0x7f71d3b958d0>}","[([0, 0, 1, 1, 0], -30.0)]","[array([6.07954986, 0.08603556, 2.53337355, 1.48234952, 1.5591036 ,
       2.46103336, 0.31028993, 2.60896129, 0.46928778, 3.45233682,
       1.27431761, 4.85437229, 0.89815791, 0.17059531, 4.70176107,
       5.08381284, 4.17337874, 2.56826127, 6.0261445 , 4.16589206,
       0.41276347, 2.37287887, 1.3259072 , 0.19863669, 1.6834197 ,
       2.36636535, 4.788457  , 5.34160586, 2.31708531, 1.46619734,
       6.02491685, 3.23723046, 0.62694183, 2.28003628, 5.23961909,
       3.1908824 , 1.35319986, 4.90998489, 3.97376031, 4.63315595,
       2.01686219, 1.21618468, 1.70908692, 0.42564938, 1.58358808,
       1.78232869, 3.84303223, 1.31515132, 0.73070496, 2.65064495,
       5.23131853, 2.4363611 , 0.57824352, 5.7269175 ])]",[597.6157395839691]
