,problem,layers,optimizer,solutions,parameters,time
0,"{'type': 'maxcut', 'graph': {'directed': False, 'multigraph': False, 'graph': {}, 'nodes': [{'id': 0}, {'id': 1}, {'id': 2}, {'id': 3}, {'id': 4}], 'links': [{'weight': 1, 'source': 0, 'target': 1}, {'weight': 7, 'source': 0, 'target': 2}, {'weight': 1, 'source': 0, 'target': 3}, {'weight': 7, 'source': 0, 'target': 4}, {'weight': 9, 'source': 1, 'target': 2}, {'weight': 7, 'source': 1, 'target': 3}, {'weight': 5, 'source': 1, 'target': 4}, {'weight': 6, 'source': 2, 'target': 3}, {'weight': 1, 'source': 2, 'target': 4}, {'weight': 5, 'source': 3, 'target': 4}]}, 'position': {0: [-1.0, 0.19306311148226846], 1: [0.6487986200945854, 0.17922345757500216], 2: [-0.23059649502081692, -0.5189640061498542], 3: [0.672239837510958, -0.5713801483347366], 4: [-0.09044196258472671, 0.7180575854273197]}, 'solution': ([0, 0, 1, 0, 1], 39.0)}",18,"{'optimizer': 'COBYLA', 'maxiter': 100, 'shots': 1024, 'parameter_strategy': 'RANDOM', 'x0': None, 'backend': <QAOA_Tester.Backend.NoisyEstimatorBackend object at 0x7fea449b40d0>}","[([1, 0, 0, 1, 0], -33.0)]","[array([6.16825739, 3.22897576, 3.60480205, 3.57805802, 2.98513844,
       2.07875967, 0.86723452, 0.46939651, 1.31615373, 3.89274172,
       5.30301718, 3.93202636, 5.11755547, 3.76367612, 2.23497741,
       0.86049057, 4.64572158, 3.05457278, 1.12597057, 5.42142135,
       1.87967897, 2.68196454, 6.14295687, 0.47795111, 0.8168275 ,
       0.34321591, 5.4540207 , 4.91384345, 2.99600511, 5.46736167,
       2.45909935, 6.09891671, 1.16295422, 0.98914259, 4.57209533,
       5.3836973 ])]",[575.0161120891571]
