,problem,layers,optimizer,solutions,parameters,time
0,"{'type': 'maxcut', 'graph': {'directed': False, 'multigraph': False, 'graph': {}, 'nodes': [{'id': 0}, {'id': 1}, {'id': 2}, {'id': 3}, {'id': 4}], 'links': [{'weight': 1, 'source': 0, 'target': 1}, {'weight': 7, 'source': 0, 'target': 2}, {'weight': 1, 'source': 0, 'target': 3}, {'weight': 7, 'source': 0, 'target': 4}, {'weight': 9, 'source': 1, 'target': 2}, {'weight': 7, 'source': 1, 'target': 3}, {'weight': 5, 'source': 1, 'target': 4}, {'weight': 6, 'source': 2, 'target': 3}, {'weight': 1, 'source': 2, 'target': 4}, {'weight': 5, 'source': 3, 'target': 4}]}, 'position': {0: [-1.0, 0.19306311148226846], 1: [0.6487986200945854, 0.17922345757500216], 2: [-0.23059649502081692, -0.5189640061498542], 3: [0.672239837510958, -0.5713801483347366], 4: [-0.09044196258472671, 0.7180575854273197]}, 'solution': ([0, 0, 1, 0, 1], 39.0)}",23,"{'optimizer': 'COBYLA', 'maxiter': 100, 'shots': 1024, 'parameter_strategy': 'RANDOM', 'x0': None, 'backend': <QAOA_Tester.Backend.NoisyEstimatorBackend object at 0x7f7913e2e290>}","[([1, 0, 1, 1, 1], -22.0)]","[array([0.46041753, 5.7282867 , 5.3158166 , 5.53611716, 0.74302137,
       4.65062489, 3.8439095 , 0.0802781 , 2.44075891, 4.92882894,
       1.1148474 , 3.4395615 , 2.77302008, 5.13049147, 5.57937846,
       5.46872722, 1.15995665, 5.15167845, 1.78656045, 4.48575763,
       2.30875165, 1.09526304, 1.40369838, 3.62953064, 4.01084191,
       4.59848388, 0.49182256, 3.02062688, 6.35689231, 1.87815505,
       2.84401359, 3.76086168, 4.96395285, 0.11256666, 1.60471901,
       4.53973646, 5.74266541, 0.22966912, 5.27652434, 4.96309353,
       0.71825316, 4.14591487, 5.98039435, 4.72530945, 2.24478324,
       6.79299631])]",[614.836710691452]
