,problem,layers,optimizer,solutions,parameters,time
0,"{'type': 'maxcut', 'graph': {'directed': False, 'multigraph': False, 'graph': {}, 'nodes': [{'id': 0}, {'id': 1}, {'id': 2}, {'id': 3}, {'id': 4}], 'links': [{'weight': 1, 'source': 0, 'target': 1}, {'weight': 7, 'source': 0, 'target': 2}, {'weight': 1, 'source': 0, 'target': 3}, {'weight': 7, 'source': 0, 'target': 4}, {'weight': 9, 'source': 1, 'target': 2}, {'weight': 7, 'source': 1, 'target': 3}, {'weight': 5, 'source': 1, 'target': 4}, {'weight': 6, 'source': 2, 'target': 3}, {'weight': 1, 'source': 2, 'target': 4}, {'weight': 5, 'source': 3, 'target': 4}]}, 'position': {0: [-1.0, 0.19306311148226846], 1: [0.6487986200945854, 0.17922345757500216], 2: [-0.23059649502081692, -0.5189640061498542], 3: [0.672239837510958, -0.5713801483347366], 4: [-0.09044196258472671, 0.7180575854273197]}, 'solution': ([0, 0, 1, 0, 1], 39.0)}",28,"{'optimizer': 'COBYLA', 'maxiter': 100, 'shots': 1024, 'parameter_strategy': 'RANDOM', 'x0': None, 'backend': <QAOA_Tester.Backend.NoisyEstimatorBackend object at 0x7fdd88cedc00>}","[([0, 0, 1, 1, 0], -30.0)]","[array([5.11301104, 0.11286382, 4.39974608, 2.22532682, 1.25218339,
       2.50247245, 4.03516609, 2.30819208, 5.23571386, 3.37835362,
       6.07921234, 3.21099022, 5.94832514, 3.40343682, 2.60843433,
       6.12129827, 5.87926278, 4.77722677, 2.66599029, 3.32217113,
       0.67380639, 3.75309172, 5.95610156, 0.04150491, 1.27634493,
       1.99698532, 3.71681904, 3.3088621 , 2.93831689, 3.5410798 ,
       0.54926042, 2.31116771, 1.09503536, 3.91739583, 3.44143653,
       0.44113835, 1.44096384, 6.09850047, 2.57830501, 1.98460844,
       4.11914069, 3.30621483, 2.8151898 , 3.53218149, 0.39407076,
       0.48445396, 2.86389782, 2.65858073, 3.95695909, 3.99351645,
       5.23202132, 0.51346665, 4.78026876, 3.16364744, 4.65644807,
       5.23687873])]",[595.8233013153076]
