,problem,layers,optimizer,solutions,parameters,time
0,"{'type': 'maxcut', 'graph': {'directed': False, 'multigraph': False, 'graph': {}, 'nodes': [{'id': 0}, {'id': 1}, {'id': 2}, {'id': 3}, {'id': 4}], 'links': [{'weight': 1, 'source': 0, 'target': 1}, {'weight': 7, 'source': 0, 'target': 2}, {'weight': 1, 'source': 0, 'target': 3}, {'weight': 7, 'source': 0, 'target': 4}, {'weight': 9, 'source': 1, 'target': 2}, {'weight': 7, 'source': 1, 'target': 3}, {'weight': 5, 'source': 1, 'target': 4}, {'weight': 6, 'source': 2, 'target': 3}, {'weight': 1, 'source': 2, 'target': 4}, {'weight': 5, 'source': 3, 'target': 4}]}, 'position': {0: [-1.0, 0.19306311148226846], 1: [0.6487986200945854, 0.17922345757500216], 2: [-0.23059649502081692, -0.5189640061498542], 3: [0.672239837510958, -0.5713801483347366], 4: [-0.09044196258472671, 0.7180575854273197]}, 'solution': ([0, 0, 1, 0, 1], 39.0)}",26,"{'optimizer': 'COBYLA', 'maxiter': 100, 'shots': 1024, 'parameter_strategy': 'RANDOM', 'x0': None, 'backend': <QAOA_Tester.Backend.NoisyEstimatorBackend object at 0x7f08c4e69660>}","[([1, 1, 0, 0, 1], -30.0)]","[array([4.7388802 , 3.95014464, 4.85391559, 6.12981109, 2.95193177,
       0.29438226, 2.09952377, 4.08360764, 3.30454039, 3.96221108,
       0.58044853, 0.07414903, 3.9160946 , 3.61156264, 5.3185405 ,
       2.12192195, 4.33281095, 1.49115481, 0.28123611, 4.93989508,
       2.95838389, 4.54706843, 1.01374768, 2.89407144, 3.92619106,
       2.52767867, 0.57224517, 2.1592766 , 6.1840464 , 0.83183756,
       2.78059059, 4.060047  , 1.29815492, 0.62186779, 0.41154105,
       5.65966347, 0.99144067, 1.42202382, 0.03910879, 0.28685259,
       0.28478425, 2.0200214 , 5.1166636 , 1.86286081, 2.09916916,
       3.67364775, 0.12323805, 6.05458295, 1.06567866, 4.74402943,
       0.18000391, 3.13536281])]",[593.1330809593201]
