,problem,layers,optimizer,solutions,parameters,time
0,"{'type': 'maxcut', 'graph': {'directed': False, 'multigraph': False, 'graph': {}, 'nodes': [{'id': 0}, {'id': 1}, {'id': 2}, {'id': 3}, {'id': 4}], 'links': [{'weight': 1, 'source': 0, 'target': 1}, {'weight': 7, 'source': 0, 'target': 2}, {'weight': 1, 'source': 0, 'target': 3}, {'weight': 7, 'source': 0, 'target': 4}, {'weight': 9, 'source': 1, 'target': 2}, {'weight': 7, 'source': 1, 'target': 3}, {'weight': 5, 'source': 1, 'target': 4}, {'weight': 6, 'source': 2, 'target': 3}, {'weight': 1, 'source': 2, 'target': 4}, {'weight': 5, 'source': 3, 'target': 4}]}, 'position': {0: [-1.0, 0.19306311148226846], 1: [0.6487986200945854, 0.17922345757500216], 2: [-0.23059649502081692, -0.5189640061498542], 3: [0.672239837510958, -0.5713801483347366], 4: [-0.09044196258472671, 0.7180575854273197]}, 'solution': ([0, 0, 1, 0, 1], 39.0)}",25,"{'optimizer': 'COBYLA', 'maxiter': 100, 'shots': 1024, 'parameter_strategy': 'RANDOM', 'x0': None, 'backend': <QAOA_Tester.Backend.NoisyEstimatorBackend object at 0x7f6765f59a80>}","[([0, 0, 0, 1, 1], -27.0)]","[array([1.64262198, 2.89781196, 4.66413893, 5.70231151, 3.23088873,
       2.20773172, 2.69998255, 3.15484374, 3.48095726, 3.49711427,
       0.74295303, 3.91014532, 1.97019656, 6.21655676, 4.26979982,
       2.26285809, 5.46196009, 2.83270537, 1.10885947, 0.82320795,
       1.1108377 , 3.40491762, 0.65088203, 1.85552242, 2.8442559 ,
       2.38365268, 2.84819168, 2.89846949, 0.75062151, 2.60308494,
       5.0832412 , 3.7153039 , 0.4376948 , 4.25259329, 4.0292391 ,
       5.2364013 , 5.61824575, 2.53370708, 5.06200178, 0.46806616,
       2.82787318, 2.87792851, 3.74831046, 2.34033485, 4.33271467,
       3.50330898, 3.54530723, 0.79070201, 3.39254176, 3.08116835])]",[636.353621006012]
