,problem,layers,optimizer,solutions,parameters,time
0,"{'type': 'maxcut', 'graph': {'directed': False, 'multigraph': False, 'graph': {}, 'nodes': [{'id': 0}, {'id': 1}, {'id': 2}, {'id': 3}, {'id': 4}], 'links': [{'weight': 1, 'source': 0, 'target': 1}, {'weight': 7, 'source': 0, 'target': 2}, {'weight': 1, 'source': 0, 'target': 3}, {'weight': 7, 'source': 0, 'target': 4}, {'weight': 9, 'source': 1, 'target': 2}, {'weight': 7, 'source': 1, 'target': 3}, {'weight': 5, 'source': 1, 'target': 4}, {'weight': 6, 'source': 2, 'target': 3}, {'weight': 1, 'source': 2, 'target': 4}, {'weight': 5, 'source': 3, 'target': 4}]}, 'position': {0: [-1.0, 0.19306311148226846], 1: [0.6487986200945854, 0.17922345757500216], 2: [-0.23059649502081692, -0.5189640061498542], 3: [0.672239837510958, -0.5713801483347366], 4: [-0.09044196258472671, 0.7180575854273197]}, 'solution': ([0, 0, 1, 0, 1], 39.0)}",28,"{'optimizer': 'COBYLA', 'maxiter': 100, 'shots': 1024, 'parameter_strategy': 'RANDOM', 'x0': None, 'backend': <QAOA_Tester.Backend.NoisyEstimatorBackend object at 0x7f8b7d8a63e0>}","[([1, 0, 1, 0, 0], -25.0)]","[array([2.56581754, 5.72333875, 3.93040221, 3.8024856 , 2.47553401,
       4.9208365 , 2.69748284, 3.0110765 , 5.34733154, 2.83410628,
       0.99974827, 1.23550175, 4.53436393, 3.5160964 , 3.28038039,
       3.12041999, 6.08722221, 2.1078231 , 2.57967279, 4.71846921,
       2.61077781, 4.88140612, 5.8925542 , 2.60256167, 5.37286089,
       5.87631714, 0.91261212, 0.69041056, 2.74534893, 3.1324411 ,
       2.82345496, 0.44388828, 0.81211409, 5.927214  , 5.81958207,
       1.33907786, 4.59172804, 5.51597664, 3.21309606, 1.82723831,
       1.67858848, 3.28969639, 3.37438425, 3.78084366, 4.89764385,
       0.8757746 , 0.49806294, 1.48764192, 5.1125423 , 0.46909754,
       5.77877813, 4.59402291, 1.49210858, 5.17569848, 5.90197479,
       0.35406506])]",[604.5661041736603]
