,problem,layers,optimizer,solutions,parameters,time
0,"{'type': 'maxcut', 'graph': {'directed': False, 'multigraph': False, 'graph': {}, 'nodes': [{'id': 0}, {'id': 1}, {'id': 2}, {'id': 3}, {'id': 4}], 'links': [{'weight': 1, 'source': 0, 'target': 1}, {'weight': 7, 'source': 0, 'target': 2}, {'weight': 1, 'source': 0, 'target': 3}, {'weight': 7, 'source': 0, 'target': 4}, {'weight': 9, 'source': 1, 'target': 2}, {'weight': 7, 'source': 1, 'target': 3}, {'weight': 5, 'source': 1, 'target': 4}, {'weight': 6, 'source': 2, 'target': 3}, {'weight': 1, 'source': 2, 'target': 4}, {'weight': 5, 'source': 3, 'target': 4}]}, 'position': {0: [-1.0, 0.19306311148226846], 1: [0.6487986200945854, 0.17922345757500216], 2: [-0.23059649502081692, -0.5189640061498542], 3: [0.672239837510958, -0.5713801483347366], 4: [-0.09044196258472671, 0.7180575854273197]}, 'solution': ([0, 0, 1, 0, 1], 39.0)}",26,"{'optimizer': 'COBYLA', 'maxiter': 100, 'shots': 1024, 'parameter_strategy': 'RANDOM', 'x0': None, 'backend': <QAOA_Tester.Backend.NoisyEstimatorBackend object at 0x7f6fe14f4040>}","[([1, 0, 1, 0, 1], -27.0)]","[array([1.21915101e+00, 2.74600678e+00, 9.23252576e-01, 1.58696760e+00,
       4.05770656e-01, 4.43955805e+00, 5.33061254e+00, 4.95534076e+00,
       1.12647531e+00, 2.72755173e-01, 2.47564500e+00, 6.33243932e-01,
       1.30440115e+00, 3.97028474e+00, 5.44320264e-02, 4.41671626e+00,
       5.23956510e+00, 5.60653059e+00, 3.64104692e+00, 1.40179132e-01,
       5.34522304e+00, 3.64637194e+00, 5.65611308e+00, 9.27632090e-01,
       1.40022100e+00, 6.63151973e+00, 1.68437945e+00, 2.06740290e+00,
       3.25484623e+00, 1.93968442e+00, 4.82685019e-03, 2.33239536e+00,
       1.64139475e+00, 9.04607990e-01, 2.76383820e+00, 1.99363539e-01,
       4.92492621e-01, 4.27812319e+00, 3.77742888e+00, 6.19579501e+00,
       4.74633599e+00, 5.78039818e+00, 7.11188948e-01, 5.57660082e-01,
       3.34178201e+00, 3.12592851e+00, 6.67296960e-01, 5.95911034e+00,
       1.37926315e+00, 6.08325176e+00, 6.28176178e+00, 1.75755264e+00])]",[617.0189077854156]
