,problem,layers,optimizer,solutions,parameters,time
0,"{'type': 'maxcut', 'graph': {'directed': False, 'multigraph': False, 'graph': {}, 'nodes': [{'id': 0}, {'id': 1}, {'id': 2}, {'id': 3}, {'id': 4}], 'links': [{'weight': 1, 'source': 0, 'target': 1}, {'weight': 7, 'source': 0, 'target': 2}, {'weight': 1, 'source': 0, 'target': 3}, {'weight': 7, 'source': 0, 'target': 4}, {'weight': 9, 'source': 1, 'target': 2}, {'weight': 7, 'source': 1, 'target': 3}, {'weight': 5, 'source': 1, 'target': 4}, {'weight': 6, 'source': 2, 'target': 3}, {'weight': 1, 'source': 2, 'target': 4}, {'weight': 5, 'source': 3, 'target': 4}]}, 'position': {0: [-1.0, 0.19306311148226846], 1: [0.6487986200945854, 0.17922345757500216], 2: [-0.23059649502081692, -0.5189640061498542], 3: [0.672239837510958, -0.5713801483347366], 4: [-0.09044196258472671, 0.7180575854273197]}, 'solution': ([0, 0, 1, 0, 1], 39.0)}",22,"{'optimizer': 'COBYLA', 'maxiter': 100, 'shots': 1024, 'parameter_strategy': 'RANDOM', 'x0': None, 'backend': <QAOA_Tester.Backend.NoisyEstimatorBackend object at 0x7fb36e34e5f0>}","[([0, 1, 0, 0, 1], -30.0)]","[array([ 0.78506973,  1.89929232,  4.26409291,  6.35558318,  1.57897659,
        1.17572709,  1.76436791,  5.07353229,  6.19349769,  4.15053507,
        3.52521878,  5.9697204 ,  5.5710025 ,  0.76643416,  3.48753725,
        4.81287452,  3.15330829,  4.09496948,  2.62547706,  2.33275076,
        4.20019575,  3.48335824,  1.36325804,  2.86651118,  4.11415636,
        4.06323648,  3.1785338 ,  0.74869668,  3.91487374,  4.85775784,
        5.8755543 ,  3.49516757,  4.89079541,  4.30108949,  6.12812662,
        4.57261085,  2.14088777,  0.40537722,  4.45920692,  0.16732542,
       -0.14604295,  4.8634141 ,  0.16673164,  0.44742773])]",[609.2617766857147]
