,problem,layers,optimizer,solutions,parameters,time
0,"{'type': 'maxcut', 'graph': {'directed': False, 'multigraph': False, 'graph': {}, 'nodes': [{'id': 0}, {'id': 1}, {'id': 2}, {'id': 3}, {'id': 4}], 'links': [{'weight': 1, 'source': 0, 'target': 1}, {'weight': 7, 'source': 0, 'target': 2}, {'weight': 1, 'source': 0, 'target': 3}, {'weight': 7, 'source': 0, 'target': 4}, {'weight': 9, 'source': 1, 'target': 2}, {'weight': 7, 'source': 1, 'target': 3}, {'weight': 5, 'source': 1, 'target': 4}, {'weight': 6, 'source': 2, 'target': 3}, {'weight': 1, 'source': 2, 'target': 4}, {'weight': 5, 'source': 3, 'target': 4}]}, 'position': {0: [-1.0, 0.19306311148226846], 1: [0.6487986200945854, 0.17922345757500216], 2: [-0.23059649502081692, -0.5189640061498542], 3: [0.672239837510958, -0.5713801483347366], 4: [-0.09044196258472671, 0.7180575854273197]}, 'solution': ([0, 0, 1, 0, 1], 39.0)}",19,"{'optimizer': 'COBYLA', 'maxiter': 100, 'shots': 1024, 'parameter_strategy': 'RANDOM', 'x0': None, 'backend': <QAOA_Tester.Backend.NoisyEstimatorBackend object at 0x7efc37e9a1a0>}","[([0, 1, 0, 0, 1], -30.0)]","[array([1.61900505, 4.34444038, 0.46225371, 2.62371777, 1.26823045,
       2.3398022 , 2.81651709, 4.17609977, 4.83645532, 5.49798514,
       4.12202262, 0.38545413, 1.17017508, 3.66720667, 0.28000167,
       6.08245142, 2.12420117, 5.55882823, 4.26357392, 3.4417234 ,
       3.15073101, 5.60655831, 3.4444717 , 5.73239518, 0.91025348,
       5.90134099, 5.81245152, 5.63910659, 4.44760014, 0.1785202 ,
       2.73704119, 2.8319499 , 5.90199457, 5.72059423, 5.27822092,
       2.06472618, 4.11214939, 5.95389618])]",[564.3507370948792]
