,problem,layers,optimizer,solutions,parameters,time
0,"{'type': 'maxcut', 'graph': {'directed': False, 'multigraph': False, 'graph': {}, 'nodes': [{'id': 0}, {'id': 1}, {'id': 2}, {'id': 3}, {'id': 4}], 'links': [{'weight': 1, 'source': 0, 'target': 1}, {'weight': 7, 'source': 0, 'target': 2}, {'weight': 1, 'source': 0, 'target': 3}, {'weight': 7, 'source': 0, 'target': 4}, {'weight': 9, 'source': 1, 'target': 2}, {'weight': 7, 'source': 1, 'target': 3}, {'weight': 5, 'source': 1, 'target': 4}, {'weight': 6, 'source': 2, 'target': 3}, {'weight': 1, 'source': 2, 'target': 4}, {'weight': 5, 'source': 3, 'target': 4}]}, 'position': {0: [-1.0, 0.19306311148226846], 1: [0.6487986200945854, 0.17922345757500216], 2: [-0.23059649502081692, -0.5189640061498542], 3: [0.672239837510958, -0.5713801483347366], 4: [-0.09044196258472671, 0.7180575854273197]}, 'solution': ([0, 0, 1, 0, 1], 39.0)}",25,"{'optimizer': 'COBYLA', 'maxiter': 100, 'shots': 1024, 'parameter_strategy': 'RANDOM', 'x0': None, 'backend': <QAOA_Tester.Backend.NoisyEstimatorBackend object at 0x7fdbc1f41f60>}","[([0, 1, 0, 0, 1], -30.0)]","[array([1.89487319, 0.4423343 , 2.82094501, 0.95773817, 2.60073859,
       5.51238054, 4.33449119, 5.1315961 , 5.22261779, 4.17377319,
       3.48876922, 4.49362397, 4.42254649, 1.50590545, 4.97542855,
       4.12476356, 5.59871141, 1.28401278, 0.60219544, 4.30959124,
       3.40121167, 4.04203909, 5.08178209, 0.27687289, 3.5082702 ,
       0.7985913 , 6.17796256, 2.90198081, 5.23650941, 1.27653294,
       0.24319056, 5.03966043, 5.05745494, 2.37165452, 1.63795093,
       6.21909423, 1.01905165, 5.86740455, 4.64497625, 3.30458088,
       0.74418989, 0.84551268, 0.23055377, 1.83364913, 5.21050269,
       6.01934857, 2.1496295 , 3.52555846, 4.48104698, 3.05834011])]",[603.931333065033]
