,problem,layers,optimizer,solutions,parameters,time
0,"{'type': 'maxcut', 'graph': {'directed': False, 'multigraph': False, 'graph': {}, 'nodes': [{'id': 0}, {'id': 1}, {'id': 2}, {'id': 3}, {'id': 4}], 'links': [{'weight': 1, 'source': 0, 'target': 1}, {'weight': 7, 'source': 0, 'target': 2}, {'weight': 1, 'source': 0, 'target': 3}, {'weight': 7, 'source': 0, 'target': 4}, {'weight': 9, 'source': 1, 'target': 2}, {'weight': 7, 'source': 1, 'target': 3}, {'weight': 5, 'source': 1, 'target': 4}, {'weight': 6, 'source': 2, 'target': 3}, {'weight': 1, 'source': 2, 'target': 4}, {'weight': 5, 'source': 3, 'target': 4}]}, 'position': {0: [-1.0, 0.19306311148226846], 1: [0.6487986200945854, 0.17922345757500216], 2: [-0.23059649502081692, -0.5189640061498542], 3: [0.672239837510958, -0.5713801483347366], 4: [-0.09044196258472671, 0.7180575854273197]}, 'solution': ([0, 0, 1, 0, 1], 39.0)}",29,"{'optimizer': 'COBYLA', 'maxiter': 100, 'shots': 1024, 'parameter_strategy': 'RANDOM', 'x0': None, 'backend': <QAOA_Tester.Backend.NoisyEstimatorBackend object at 0x7fe5ec0b6050>}","[([1, 0, 1, 0, 1], -27.0)]","[array([3.73271684, 6.48045887, 3.12855463, 0.68002466, 0.80395877,
       5.80629988, 5.92490228, 2.12571774, 5.24452974, 2.15526561,
       5.63235704, 4.19236617, 0.41005658, 0.96680983, 5.73770259,
       6.32362852, 1.64985618, 2.96144936, 1.36590756, 1.12259256,
       5.01569415, 0.35895949, 6.23094769, 6.51841408, 1.0807674 ,
       1.01942608, 2.91913752, 3.23171617, 6.67098731, 5.74291641,
       4.44699271, 2.74675239, 4.88796771, 3.72324422, 1.34047657,
       6.06150712, 3.08130191, 2.25828056, 4.68328815, 5.18654282,
       0.995935  , 1.58831568, 0.14688373, 3.89528752, 0.37897489,
       0.35420201, 3.62137745, 1.82764231, 3.7555648 , 4.82728571,
       0.23880845, 5.79992049, 4.01639918, 3.46813072, 0.95547948,
       1.7184805 , 5.3897921 , 2.94050206])]",[585.2637038230896]
