,problem,layers,optimizer,solutions,parameters,time
0,"{'type': 'maxcut', 'graph': {'directed': False, 'multigraph': False, 'graph': {}, 'nodes': [{'id': 0}, {'id': 1}, {'id': 2}, {'id': 3}, {'id': 4}], 'links': [{'weight': 1, 'source': 0, 'target': 1}, {'weight': 7, 'source': 0, 'target': 2}, {'weight': 1, 'source': 0, 'target': 3}, {'weight': 7, 'source': 0, 'target': 4}, {'weight': 9, 'source': 1, 'target': 2}, {'weight': 7, 'source': 1, 'target': 3}, {'weight': 5, 'source': 1, 'target': 4}, {'weight': 6, 'source': 2, 'target': 3}, {'weight': 1, 'source': 2, 'target': 4}, {'weight': 5, 'source': 3, 'target': 4}]}, 'position': {0: [-1.0, 0.19306311148226846], 1: [0.6487986200945854, 0.17922345757500216], 2: [-0.23059649502081692, -0.5189640061498542], 3: [0.672239837510958, -0.5713801483347366], 4: [-0.09044196258472671, 0.7180575854273197]}, 'solution': ([0, 0, 1, 0, 1], 39.0)}",24,"{'optimizer': 'COBYLA', 'maxiter': 100, 'shots': 1024, 'parameter_strategy': 'RANDOM', 'x0': None, 'backend': <QAOA_Tester.Backend.NoisyEstimatorBackend object at 0x7f3fb306a410>}","[([0, 0, 1, 0, 1], -39.0)]","[array([3.09252097, 1.97837719, 6.03883   , 4.35421502, 1.66718556,
       6.35139195, 4.73877622, 3.96854193, 2.7007339 , 0.17491961,
       2.17704163, 4.40240303, 0.91549101, 3.65854419, 4.09933109,
       5.56225279, 4.61805095, 3.63411088, 2.25551359, 3.28059553,
       3.03208953, 2.74374525, 6.05749768, 3.37213129, 0.02887461,
       3.37067341, 5.88976364, 5.96750108, 2.76514092, 0.82031395,
       5.8645713 , 0.09107509, 2.79540319, 0.64136867, 4.55294488,
       2.05948609, 5.43170039, 3.46091554, 5.4299355 , 2.54253665,
       3.573658  , 1.62862625, 2.34658285, 6.05707201, 1.03736293,
       3.07775873, 6.08394804, 6.00718203])]",[613.5860702991486]
