,problem,layers,optimizer,solutions,parameters,time
0,"{'type': 'maxcut', 'graph': {'directed': False, 'multigraph': False, 'graph': {}, 'nodes': [{'id': 0}, {'id': 1}, {'id': 2}, {'id': 3}, {'id': 4}], 'links': [{'weight': 1, 'source': 0, 'target': 1}, {'weight': 7, 'source': 0, 'target': 2}, {'weight': 1, 'source': 0, 'target': 3}, {'weight': 7, 'source': 0, 'target': 4}, {'weight': 9, 'source': 1, 'target': 2}, {'weight': 7, 'source': 1, 'target': 3}, {'weight': 5, 'source': 1, 'target': 4}, {'weight': 6, 'source': 2, 'target': 3}, {'weight': 1, 'source': 2, 'target': 4}, {'weight': 5, 'source': 3, 'target': 4}]}, 'position': {0: [-1.0, 0.19306311148226846], 1: [0.6487986200945854, 0.17922345757500216], 2: [-0.23059649502081692, -0.5189640061498542], 3: [0.672239837510958, -0.5713801483347366], 4: [-0.09044196258472671, 0.7180575854273197]}, 'solution': ([0, 0, 1, 0, 1], 39.0)}",27,"{'optimizer': 'COBYLA', 'maxiter': 100, 'shots': 1024, 'parameter_strategy': 'RANDOM', 'x0': None, 'backend': <QAOA_Tester.Backend.NoisyEstimatorBackend object at 0x7f47b0c774c0>}","[([0, 0, 0, 1, 1], -27.0)]","[array([5.2024244 , 2.61634856, 3.71942002, 5.32846747, 5.60148777,
       4.73458157, 0.61533733, 2.96036547, 1.15390615, 1.65330844,
       3.77823397, 0.9483991 , 3.11818159, 2.41994404, 0.04573251,
       3.48545823, 3.33855204, 1.9663192 , 4.32566575, 2.87414445,
       3.45155693, 3.59638195, 4.15788943, 3.78793137, 0.38714454,
       2.62407407, 4.72850235, 0.24735441, 1.12006709, 3.49506878,
       1.51566135, 6.09667245, 5.69979327, 1.36243483, 5.84379192,
       5.5981968 , 4.4137831 , 0.65294422, 0.08528217, 2.70054021,
       0.95093766, 1.19944843, 6.07103615, 3.30896171, 0.33327221,
       5.34600836, 5.16013153, 0.55319243, 4.77908709, 4.24546836,
       5.03286043, 3.14332768, 2.21686278, 0.57505431])]",[593.990852355957]
