,problem,layers,optimizer,solutions,parameters,time
0,"{'type': 'maxcut', 'graph': {'directed': False, 'multigraph': False, 'graph': {}, 'nodes': [{'id': 0}, {'id': 1}, {'id': 2}, {'id': 3}, {'id': 4}], 'links': [{'weight': 1, 'source': 0, 'target': 1}, {'weight': 7, 'source': 0, 'target': 2}, {'weight': 1, 'source': 0, 'target': 3}, {'weight': 7, 'source': 0, 'target': 4}, {'weight': 9, 'source': 1, 'target': 2}, {'weight': 7, 'source': 1, 'target': 3}, {'weight': 5, 'source': 1, 'target': 4}, {'weight': 6, 'source': 2, 'target': 3}, {'weight': 1, 'source': 2, 'target': 4}, {'weight': 5, 'source': 3, 'target': 4}]}, 'position': {0: [-1.0, 0.19306311148226846], 1: [0.6487986200945854, 0.17922345757500216], 2: [-0.23059649502081692, -0.5189640061498542], 3: [0.672239837510958, -0.5713801483347366], 4: [-0.09044196258472671, 0.7180575854273197]}, 'solution': ([0, 0, 1, 0, 1], 39.0)}",27,"{'optimizer': 'COBYLA', 'maxiter': 100, 'shots': 1024, 'parameter_strategy': 'RANDOM', 'x0': None, 'backend': <QAOA_Tester.Backend.NoisyEstimatorBackend object at 0x7f3626b29db0>}","[([1, 1, 0, 0, 0], -36.0)]","[array([1.41231598, 0.24716239, 3.61280387, 0.48963187, 2.09117648,
       3.95752845, 4.03286489, 0.36130941, 2.08201347, 5.71570444,
       2.6123184 , 4.9582352 , 4.57494566, 1.73445472, 3.36545105,
       5.57462581, 3.08367277, 3.17911696, 4.07885107, 2.17872928,
       0.67187156, 0.79365404, 5.58166279, 3.31079674, 1.40588505,
       2.65627353, 2.40138162, 4.53813277, 4.59636703, 3.79122529,
       0.67710651, 1.8008739 , 5.55548636, 5.53592829, 2.92173226,
       2.96570269, 2.96949933, 3.43841441, 0.19585212, 6.2616378 ,
       5.59003376, 5.74356925, 5.10524059, 2.89961789, 5.92921037,
       3.3504949 , 5.7351368 , 1.05175211, 0.47370581, 0.68686926,
       2.22365054, 6.08174263, 3.25378143, 5.12579881])]",[623.5645771026611]
