,problem,layers,optimizer,solutions,parameters,time
0,"{'type': 'maxcut', 'graph': {'directed': False, 'multigraph': False, 'graph': {}, 'nodes': [{'id': 0}, {'id': 1}, {'id': 2}, {'id': 3}, {'id': 4}], 'links': [{'weight': 1, 'source': 0, 'target': 1}, {'weight': 7, 'source': 0, 'target': 2}, {'weight': 1, 'source': 0, 'target': 3}, {'weight': 7, 'source': 0, 'target': 4}, {'weight': 9, 'source': 1, 'target': 2}, {'weight': 7, 'source': 1, 'target': 3}, {'weight': 5, 'source': 1, 'target': 4}, {'weight': 6, 'source': 2, 'target': 3}, {'weight': 1, 'source': 2, 'target': 4}, {'weight': 5, 'source': 3, 'target': 4}]}, 'position': {0: [-1.0, 0.19306311148226846], 1: [0.6487986200945854, 0.17922345757500216], 2: [-0.23059649502081692, -0.5189640061498542], 3: [0.672239837510958, -0.5713801483347366], 4: [-0.09044196258472671, 0.7180575854273197]}, 'solution': ([0, 0, 1, 0, 1], 39.0)}",22,"{'optimizer': 'COBYLA', 'maxiter': 100, 'shots': 1024, 'parameter_strategy': 'RANDOM', 'x0': None, 'backend': <QAOA_Tester.Backend.NoisyEstimatorBackend object at 0x7f0c87829f30>}","[([1, 1, 1, 1, 0], -18.0)]","[array([ 5.85324309,  5.82136715,  5.07750056,  1.17199363,  1.68414185,
        0.9351829 ,  4.46992309,  4.00521318,  5.86452792,  0.4661805 ,
        4.51743085,  4.9886039 ,  3.75290036,  0.70185322,  1.97941016,
        1.07861743,  4.28655824,  0.62930931,  2.99489317,  2.63594472,
        5.26085292, -0.20574318,  4.25054086,  5.82824174,  5.46239987,
        1.12649679,  1.00059626,  2.82855506,  1.58888406,  0.83840032,
        2.48199381,  2.52727207,  2.1848665 ,  4.22655854,  3.91616423,
        0.99292913,  5.4898905 ,  2.60144183,  3.92352452,  1.05066678,
        0.71072401,  0.92474218,  2.463925  ,  1.54544946])]",[597.102064371109]
