,problem,layers,optimizer,solutions,parameters,time
0,"{'type': 'maxcut', 'graph': {'directed': False, 'multigraph': False, 'graph': {}, 'nodes': [{'id': 0}, {'id': 1}, {'id': 2}, {'id': 3}, {'id': 4}], 'links': [{'weight': 1, 'source': 0, 'target': 1}, {'weight': 7, 'source': 0, 'target': 2}, {'weight': 1, 'source': 0, 'target': 3}, {'weight': 7, 'source': 0, 'target': 4}, {'weight': 9, 'source': 1, 'target': 2}, {'weight': 7, 'source': 1, 'target': 3}, {'weight': 5, 'source': 1, 'target': 4}, {'weight': 6, 'source': 2, 'target': 3}, {'weight': 1, 'source': 2, 'target': 4}, {'weight': 5, 'source': 3, 'target': 4}]}, 'position': {0: [-1.0, 0.19306311148226846], 1: [0.6487986200945854, 0.17922345757500216], 2: [-0.23059649502081692, -0.5189640061498542], 3: [0.672239837510958, -0.5713801483347366], 4: [-0.09044196258472671, 0.7180575854273197]}, 'solution': ([0, 0, 1, 0, 1], 39.0)}",23,"{'optimizer': 'COBYLA', 'maxiter': 100, 'shots': 1024, 'parameter_strategy': 'RANDOM', 'x0': None, 'backend': <QAOA_Tester.Backend.NoisyEstimatorBackend object at 0x7f59b02e90c0>}","[([0, 0, 0, 1, 0], -19.0)]","[array([2.96957444, 3.50837912, 5.94958565, 3.75495268, 0.18105453,
       2.16827352, 5.5808365 , 3.62415634, 3.07077859, 2.74830704,
       4.18270741, 0.24701599, 5.9762258 , 5.00812229, 4.09548829,
       1.22431293, 4.02299549, 5.94305744, 3.82473715, 5.09552791,
       2.07573586, 5.57286953, 3.24900885, 2.13728228, 4.05918265,
       5.21175286, 1.12762219, 5.87002441, 1.8933872 , 2.69867401,
       1.63563318, 1.9017477 , 2.15082607, 0.26058961, 3.63429167,
       5.63300972, 1.1910267 , 3.09396256, 3.276423  , 0.36365088,
       1.32531717, 0.32137171, 5.2980278 , 1.84276577, 1.18190684,
       4.04166654])]",[605.8543591499329]
