,problem,layers,optimizer,solutions,parameters,time
0,"{'type': 'maxcut', 'graph': {'directed': False, 'multigraph': False, 'graph': {}, 'nodes': [{'id': 0}, {'id': 1}, {'id': 2}, {'id': 3}, {'id': 4}], 'links': [{'weight': 1, 'source': 0, 'target': 1}, {'weight': 7, 'source': 0, 'target': 2}, {'weight': 1, 'source': 0, 'target': 3}, {'weight': 7, 'source': 0, 'target': 4}, {'weight': 9, 'source': 1, 'target': 2}, {'weight': 7, 'source': 1, 'target': 3}, {'weight': 5, 'source': 1, 'target': 4}, {'weight': 6, 'source': 2, 'target': 3}, {'weight': 1, 'source': 2, 'target': 4}, {'weight': 5, 'source': 3, 'target': 4}]}, 'position': {0: [-1.0, 0.19306311148226846], 1: [0.6487986200945854, 0.17922345757500216], 2: [-0.23059649502081692, -0.5189640061498542], 3: [0.672239837510958, -0.5713801483347366], 4: [-0.09044196258472671, 0.7180575854273197]}, 'solution': ([0, 0, 1, 0, 1], 39.0)}",30,"{'optimizer': 'COBYLA', 'maxiter': 100, 'shots': 1024, 'parameter_strategy': 'RANDOM', 'x0': None, 'backend': <QAOA_Tester.Backend.NoisyEstimatorBackend object at 0x7f859ff456f0>}","[([1, 0, 1, 1, 0], -30.0)]","[array([2.86626362, 3.3685267 , 1.50002261, 3.75463105, 1.32133795,
       5.02569907, 3.32417486, 4.7218572 , 2.49681537, 1.19305359,
       0.0387279 , 5.39736989, 0.29508261, 2.81623272, 5.91468187,
       0.24651848, 0.39325066, 3.97250629, 2.79724659, 0.52865058,
       1.66206928, 0.80997331, 5.90876091, 3.28062835, 4.7735279 ,
       4.6544146 , 3.33668419, 3.7710215 , 0.41282995, 4.68106558,
       6.24773846, 1.96249883, 2.10409397, 2.67467286, 0.73994722,
       0.76839974, 2.5742432 , 1.18794471, 2.46039339, 4.94887438,
       0.92729446, 1.09104742, 5.06899759, 5.26431215, 1.17104135,
       5.61433606, 0.71402975, 6.1534611 , 5.45870073, 3.16654113,
       4.02833014, 2.76890217, 3.10492373, 3.5444611 , 2.46516536,
       2.16767164, 4.71089285, 3.32867654, 2.59818108, 0.82527267])]",[544.2845542430878]
