,problem,layers,optimizer,solutions,parameters,time
0,"{'type': 'maxcut', 'graph': {'directed': False, 'multigraph': False, 'graph': {}, 'nodes': [{'id': 0}, {'id': 1}, {'id': 2}, {'id': 3}, {'id': 4}], 'links': [{'weight': 1, 'source': 0, 'target': 1}, {'weight': 7, 'source': 0, 'target': 2}, {'weight': 1, 'source': 0, 'target': 3}, {'weight': 7, 'source': 0, 'target': 4}, {'weight': 9, 'source': 1, 'target': 2}, {'weight': 7, 'source': 1, 'target': 3}, {'weight': 5, 'source': 1, 'target': 4}, {'weight': 6, 'source': 2, 'target': 3}, {'weight': 1, 'source': 2, 'target': 4}, {'weight': 5, 'source': 3, 'target': 4}]}, 'position': {0: [-1.0, 0.19306311148226846], 1: [0.6487986200945854, 0.17922345757500216], 2: [-0.23059649502081692, -0.5189640061498542], 3: [0.672239837510958, -0.5713801483347366], 4: [-0.09044196258472671, 0.7180575854273197]}, 'solution': ([0, 0, 1, 0, 1], 39.0)}",26,"{'optimizer': 'COBYLA', 'maxiter': 100, 'shots': 1024, 'parameter_strategy': 'RANDOM', 'x0': None, 'backend': <QAOA_Tester.Backend.NoisyEstimatorBackend object at 0x7f0dc65cdf30>}","[([1, 1, 0, 0, 0], -36.0)]","[array([3.49471102, 0.84347643, 2.75368273, 4.18888656, 0.41729682,
       6.01336163, 2.89036364, 0.16126651, 1.33147123, 2.45510784,
       3.60010685, 2.50096939, 2.41953893, 5.64594283, 4.98970062,
       0.73912231, 2.57064748, 1.13120899, 0.0578836 , 3.81222528,
       2.57118511, 2.35234996, 1.42793902, 1.26857552, 5.03909188,
       2.92690811, 5.79552859, 1.96193528, 0.68441646, 0.67870777,
       1.74654374, 0.2377254 , 2.26140932, 3.61912177, 0.38479339,
       1.22598404, 5.16905464, 4.13658317, 6.08072129, 2.85557269,
       4.72585091, 4.95568256, 0.56794807, 0.98678906, 4.13154004,
       5.6858575 , 4.25680735, 5.50620374, 1.26696076, 0.75429463,
       5.45201075, 3.2069784 ])]",[597.7720098495483]
