,problem,layers,optimizer,solutions,parameters,time
0,"{'type': 'maxcut', 'graph': {'directed': False, 'multigraph': False, 'graph': {}, 'nodes': [{'id': 0}, {'id': 1}, {'id': 2}, {'id': 3}, {'id': 4}], 'links': [{'weight': 1, 'source': 0, 'target': 1}, {'weight': 7, 'source': 0, 'target': 2}, {'weight': 1, 'source': 0, 'target': 3}, {'weight': 7, 'source': 0, 'target': 4}, {'weight': 9, 'source': 1, 'target': 2}, {'weight': 7, 'source': 1, 'target': 3}, {'weight': 5, 'source': 1, 'target': 4}, {'weight': 6, 'source': 2, 'target': 3}, {'weight': 1, 'source': 2, 'target': 4}, {'weight': 5, 'source': 3, 'target': 4}]}, 'position': {0: [-1.0, 0.19306311148226846], 1: [0.6487986200945854, 0.17922345757500216], 2: [-0.23059649502081692, -0.5189640061498542], 3: [0.672239837510958, -0.5713801483347366], 4: [-0.09044196258472671, 0.7180575854273197]}, 'solution': ([0, 0, 1, 0, 1], 39.0)}",26,"{'optimizer': 'COBYLA', 'maxiter': 100, 'shots': 1024, 'parameter_strategy': 'RANDOM', 'x0': None, 'backend': <QAOA_Tester.Backend.NoisyEstimatorBackend object at 0x7f552fbe6c20>}","[([0, 0, 0, 0, 1], -18.0)]","[array([ 3.58666349,  5.96362177,  6.20129773,  5.56740025,  2.54392403,
        3.89308761,  1.81324716,  0.81152414,  1.19416578,  0.25696475,
        1.70069739,  0.40364998,  0.40094571,  0.32584203,  4.07713889,
        5.84732081,  1.8073863 ,  2.17440145,  5.9148027 ,  3.68910521,
        0.44776021,  0.60043335,  3.68945338,  5.75240952,  4.7016157 ,
       -0.026145  ,  5.49690703,  3.01744031,  5.46177729,  0.98610327,
        3.09561961,  4.55184705,  3.37191655,  0.34548495,  4.31081986,
        1.09647549,  6.13901682,  4.08116764,  3.60838761,  5.91962008,
        1.17555365,  5.93847734,  1.9344534 ,  4.5391083 ,  2.55054036,
        0.72493637,  0.8464374 ,  1.46808033,  0.1132062 ,  1.26154816,
        4.92650216,  0.96990098])]",[617.698263168335]
