,problem,layers,optimizer,solutions,parameters,time
0,"{'type': 'maxcut', 'graph': {'directed': False, 'multigraph': False, 'graph': {}, 'nodes': [{'id': 0}, {'id': 1}, {'id': 2}, {'id': 3}, {'id': 4}], 'links': [{'weight': 1, 'source': 0, 'target': 1}, {'weight': 7, 'source': 0, 'target': 2}, {'weight': 1, 'source': 0, 'target': 3}, {'weight': 7, 'source': 0, 'target': 4}, {'weight': 9, 'source': 1, 'target': 2}, {'weight': 7, 'source': 1, 'target': 3}, {'weight': 5, 'source': 1, 'target': 4}, {'weight': 6, 'source': 2, 'target': 3}, {'weight': 1, 'source': 2, 'target': 4}, {'weight': 5, 'source': 3, 'target': 4}]}, 'position': {0: [-1.0, 0.19306311148226846], 1: [0.6487986200945854, 0.17922345757500216], 2: [-0.23059649502081692, -0.5189640061498542], 3: [0.672239837510958, -0.5713801483347366], 4: [-0.09044196258472671, 0.7180575854273197]}, 'solution': ([0, 0, 1, 0, 1], 39.0)}",23,"{'optimizer': 'COBYLA', 'maxiter': 100, 'shots': 1024, 'parameter_strategy': 'RANDOM', 'x0': None, 'backend': <QAOA_Tester.Backend.NoisyEstimatorBackend object at 0x7f2e19742230>}","[([0, 1, 0, 1, 0], -27.0)]","[array([2.11255227, 0.88561902, 4.97712982, 4.42992087, 2.08349273,
       5.74081755, 0.78353515, 2.95202818, 5.35632125, 1.50897773,
       0.12677176, 2.6398245 , 1.63718474, 4.00624571, 1.50543446,
       3.12539089, 1.4472471 , 0.25506295, 2.08795735, 4.33403222,
       3.04732699, 4.14718287, 6.20347945, 4.10449523, 4.23006888,
       0.90452291, 4.45655441, 0.600119  , 5.03844673, 0.69172363,
       1.26666955, 3.05864754, 3.12800523, 3.14505642, 0.85112424,
       2.86770106, 1.77291194, 4.23530911, 0.34529992, 5.97115432,
       0.95281824, 1.79712195, 6.16856759, 4.06501918, 3.88180806,
       0.9570694 ])]",[581.5611534118652]
