,problem,layers,optimizer,solutions,parameters,time
0,"{'type': 'maxcut', 'graph': {'directed': False, 'multigraph': False, 'graph': {}, 'nodes': [{'id': 0}, {'id': 1}, {'id': 2}, {'id': 3}, {'id': 4}], 'links': [{'weight': 1, 'source': 0, 'target': 1}, {'weight': 7, 'source': 0, 'target': 2}, {'weight': 1, 'source': 0, 'target': 3}, {'weight': 7, 'source': 0, 'target': 4}, {'weight': 9, 'source': 1, 'target': 2}, {'weight': 7, 'source': 1, 'target': 3}, {'weight': 5, 'source': 1, 'target': 4}, {'weight': 6, 'source': 2, 'target': 3}, {'weight': 1, 'source': 2, 'target': 4}, {'weight': 5, 'source': 3, 'target': 4}]}, 'position': {0: [-1.0, 0.19306311148226846], 1: [0.6487986200945854, 0.17922345757500216], 2: [-0.23059649502081692, -0.5189640061498542], 3: [0.672239837510958, -0.5713801483347366], 4: [-0.09044196258472671, 0.7180575854273197]}, 'solution': ([0, 0, 1, 0, 1], 39.0)}",27,"{'optimizer': 'COBYLA', 'maxiter': 100, 'shots': 1024, 'parameter_strategy': 'RANDOM', 'x0': None, 'backend': <QAOA_Tester.Backend.NoisyEstimatorBackend object at 0x7fd2d7c5c9a0>}","[([1, 1, 0, 1, 0], -39.0)]","[array([3.05742702, 1.27938357, 3.80402011, 2.03443402, 0.69356322,
       1.0123392 , 2.90763886, 4.70144493, 3.34220113, 5.66550665,
       4.16801492, 2.44918742, 2.30231456, 3.68526651, 3.38218555,
       0.25181395, 3.6212857 , 4.37620541, 1.94508357, 4.10277874,
       4.10266379, 3.11140702, 2.09875849, 3.48488632, 1.20318044,
       3.56838136, 1.27793882, 2.65884142, 4.10670836, 3.08708209,
       0.52618857, 5.68043895, 3.40006285, 3.35673269, 0.97212487,
       5.92625999, 4.20656243, 5.64922359, 3.05392994, 0.14292109,
       5.92291037, 1.48513255, 6.03121193, 0.94404397, 6.23222807,
       3.75458316, 4.56674201, 5.88119046, 1.1241495 , 2.72264972,
       5.05437234, 6.19264429, 1.05900311, 3.23932764])]",[601.983357667923]
