,problem,layers,optimizer,solutions,parameters,time
0,"{'type': 'maxcut', 'graph': {'directed': False, 'multigraph': False, 'graph': {}, 'nodes': [{'id': 0}, {'id': 1}, {'id': 2}, {'id': 3}, {'id': 4}], 'links': [{'weight': 1, 'source': 0, 'target': 1}, {'weight': 7, 'source': 0, 'target': 2}, {'weight': 1, 'source': 0, 'target': 3}, {'weight': 7, 'source': 0, 'target': 4}, {'weight': 9, 'source': 1, 'target': 2}, {'weight': 7, 'source': 1, 'target': 3}, {'weight': 5, 'source': 1, 'target': 4}, {'weight': 6, 'source': 2, 'target': 3}, {'weight': 1, 'source': 2, 'target': 4}, {'weight': 5, 'source': 3, 'target': 4}]}, 'position': {0: [-1.0, 0.19306311148226846], 1: [0.6487986200945854, 0.17922345757500216], 2: [-0.23059649502081692, -0.5189640061498542], 3: [0.672239837510958, -0.5713801483347366], 4: [-0.09044196258472671, 0.7180575854273197]}, 'solution': ([0, 0, 1, 0, 1], 39.0)}",25,"{'optimizer': 'COBYLA', 'maxiter': 100, 'shots': 1024, 'parameter_strategy': 'RANDOM', 'x0': None, 'backend': <QAOA_Tester.Backend.NoisyEstimatorBackend object at 0x7ff681c95bd0>}","[([1, 0, 0, 0, 0], -16.0)]","[array([ 6.44377681,  2.54463281,  2.09963884,  2.44008501,  5.8186345 ,
        4.82796848,  3.68158549,  2.51094479,  0.23881057,  3.33197996,
       -0.02003815,  3.05421607,  0.21964619,  5.06345631,  1.72546327,
        5.12064349, -0.13209055,  2.09373214,  2.59964315,  3.78303096,
        2.49443583,  0.9444181 ,  6.0596243 ,  0.45221937,  1.78627992,
        5.60680875,  0.37914572,  0.86100749,  0.84792016,  3.1222796 ,
        4.42888015,  5.40240517,  1.05444904,  0.17185584,  2.8914044 ,
        3.02066067,  3.64596917,  1.69977597,  3.63356011,  5.74168615,
        5.46472429,  4.66503073,  1.37045704,  4.81095538,  1.91695202,
        1.9920965 ,  3.34644854,  2.15262065,  6.06383885,  2.02900595])]",[598.7065086364746]
