,problem,layers,optimizer,solutions,parameters,time
0,"{'type': 'maxcut', 'graph': {'directed': False, 'multigraph': False, 'graph': {}, 'nodes': [{'id': 0}, {'id': 1}, {'id': 2}, {'id': 3}, {'id': 4}], 'links': [{'weight': 1, 'source': 0, 'target': 1}, {'weight': 7, 'source': 0, 'target': 2}, {'weight': 1, 'source': 0, 'target': 3}, {'weight': 7, 'source': 0, 'target': 4}, {'weight': 9, 'source': 1, 'target': 2}, {'weight': 7, 'source': 1, 'target': 3}, {'weight': 5, 'source': 1, 'target': 4}, {'weight': 6, 'source': 2, 'target': 3}, {'weight': 1, 'source': 2, 'target': 4}, {'weight': 5, 'source': 3, 'target': 4}]}, 'position': {0: [-1.0, 0.19306311148226846], 1: [0.6487986200945854, 0.17922345757500216], 2: [-0.23059649502081692, -0.5189640061498542], 3: [0.672239837510958, -0.5713801483347366], 4: [-0.09044196258472671, 0.7180575854273197]}, 'solution': ([0, 0, 1, 0, 1], 39.0)}",23,"{'optimizer': 'COBYLA', 'maxiter': 100, 'shots': 1024, 'parameter_strategy': 'RANDOM', 'x0': None, 'backend': <QAOA_Tester.Backend.NoisyEstimatorBackend object at 0x7fe20e584eb0>}","[([1, 1, 0, 0, 0], -36.0)]","[array([6.09589535, 6.00202901, 4.12701976, 0.76885603, 1.58765536,
       0.7800604 , 1.46884004, 0.44384872, 4.90375255, 3.00947138,
       2.41702008, 2.23927947, 0.26137217, 0.95284898, 1.02794158,
       3.27563522, 5.44254637, 4.22640478, 6.16294054, 5.44473095,
       0.33089276, 0.57455537, 4.46033764, 2.92781543, 2.15593302,
       1.11886564, 2.52859844, 2.36866234, 5.26782448, 5.45425641,
       4.37113397, 6.16192373, 4.86420986, 3.9626812 , 6.23867067,
       5.52678285, 5.48011151, 1.90718304, 4.73711777, 3.06589939,
       5.91042004, 2.684622  , 0.02978829, 1.03204288, 6.22931425,
       3.35729708])]",[604.9111959934235]
