,problem,layers,optimizer,solutions,parameters,time
0,"{'type': 'maxcut', 'graph': {'directed': False, 'multigraph': False, 'graph': {}, 'nodes': [{'id': 0}, {'id': 1}, {'id': 2}, {'id': 3}, {'id': 4}], 'links': [{'weight': 1, 'source': 0, 'target': 1}, {'weight': 7, 'source': 0, 'target': 2}, {'weight': 1, 'source': 0, 'target': 3}, {'weight': 7, 'source': 0, 'target': 4}, {'weight': 9, 'source': 1, 'target': 2}, {'weight': 7, 'source': 1, 'target': 3}, {'weight': 5, 'source': 1, 'target': 4}, {'weight': 6, 'source': 2, 'target': 3}, {'weight': 1, 'source': 2, 'target': 4}, {'weight': 5, 'source': 3, 'target': 4}]}, 'position': {0: [-1.0, 0.19306311148226846], 1: [0.6487986200945854, 0.17922345757500216], 2: [-0.23059649502081692, -0.5189640061498542], 3: [0.672239837510958, -0.5713801483347366], 4: [-0.09044196258472671, 0.7180575854273197]}, 'solution': ([0, 0, 1, 0, 1], 39.0)}",18,"{'optimizer': 'COBYLA', 'maxiter': 100, 'shots': 1024, 'parameter_strategy': 'RANDOM', 'x0': None, 'backend': <QAOA_Tester.Backend.NoisyEstimatorBackend object at 0x7f158d0e0130>}","[([1, 0, 0, 0, 0], -16.0)]","[array([ 1.7513874 ,  0.29871294,  5.34263344,  3.32495648,  2.0510089 ,
        1.05228479,  0.32887684,  1.61840409,  4.54794854,  2.24043652,
       -0.15233402,  5.12904346,  6.21770362,  0.60625986,  0.5437009 ,
        6.54067828,  0.98276306,  3.22753696,  2.42513369,  3.71545621,
        5.03483738,  0.62898514,  4.81368321,  1.06948784,  2.84763245,
        0.70061934,  4.05261656,  4.44285413,  6.19444306,  0.88153293,
        2.83069504,  5.36148476,  2.7332713 ,  0.11674762,  0.39017205,
        4.90541478])]",[615.1398682594299]
