,problem,layers,optimizer,solutions,parameters,time
0,"{'type': 'maxcut', 'graph': {'directed': False, 'multigraph': False, 'graph': {}, 'nodes': [{'id': 0}, {'id': 1}, {'id': 2}], 'links': [{'weight': 6, 'source': 0, 'target': 1}, {'weight': 7, 'source': 0, 'target': 2}, {'weight': 1, 'source': 1, 'target': 2}]}, 'position': {0: [0.07851080556038943, 0.24969078637319295], 1: [-1.0, 0.10034683312306583], 2: [0.9214891944396112, -0.3500376194962584]}, 'solution': ([0, 1, 1], 13.0)}",30,"{'optimizer': 'COBYLA', 'maxiter': 100, 'shots': 1024, 'parameter_strategy': 'RANDOM', 'x0': None, 'backend': <QAOA_Tester.Backend.NoisyEstimatorBackend object at 0x7faea7b21a20>}","[([0, 0, 1], -8.0)]","[array([3.71354192, 3.44554474, 4.72614126, 1.52079242, 3.54435037,
       1.10454813, 5.31270222, 3.12472195, 4.98221371, 1.56128946,
       1.20917285, 4.17070939, 6.14306876, 4.81615939, 0.94648332,
       3.63358663, 0.5003669 , 2.35211244, 2.27236403, 1.79513894,
       5.20837042, 4.01377705, 3.52307335, 1.18276307, 0.10017216,
       3.37031097, 2.77489504, 0.81059906, 5.18064061, 4.02335176,
       4.90170222, 0.9105646 , 1.41650092, 1.50218271, 4.16728734,
       0.71007714, 2.39645603, 2.55749939, 1.16813887, 4.73428417,
       6.21283818, 5.43912823, 4.9219742 , 3.8980449 , 3.81490369,
       0.95183224, 0.22234885, 3.25852752, 1.85028381, 2.8056754 ,
       0.11639164, 5.01136845, 3.17902334, 5.54849755, 5.48682494,
       4.92305668, 5.42914236, 2.57913677, 2.47837016, 2.9188224 ])]",[558.120867729187]
