,problem,layers,optimizer,solutions,parameters,time
0,"{'type': 'maxcut', 'graph': {'directed': False, 'multigraph': False, 'graph': {}, 'nodes': [{'id': 0}, {'id': 1}, {'id': 2}], 'links': [{'weight': 6, 'source': 0, 'target': 1}, {'weight': 7, 'source': 0, 'target': 2}, {'weight': 1, 'source': 1, 'target': 2}]}, 'position': {0: [0.07851080556038943, 0.24969078637319295], 1: [-1.0, 0.10034683312306583], 2: [0.9214891944396112, -0.3500376194962584]}, 'solution': ([0, 1, 1], 13.0)}",15,"{'optimizer': 'COBYLA', 'maxiter': 100, 'shots': 1024, 'parameter_strategy': 'RANDOM', 'x0': None, 'backend': <QAOA_Tester.Backend.NoisyEstimatorBackend object at 0x7fc8385d55a0>}","[([1, 1, 1], 0.0)]","[array([5.61457336, 1.20790582, 1.41198748, 3.16070127, 1.69895655,
       2.25223306, 2.91205398, 2.12551851, 4.80577755, 0.02229052,
       4.43346759, 0.68864816, 3.52531151, 2.46368216, 2.52785239,
       0.92692565, 3.76257086, 2.40830303, 4.47697585, 1.25513604,
       3.41347392, 1.93507155, 4.39750326, 1.56476042, 5.12964561,
       0.81905607, 3.35640558, 3.86566034, 5.83696947, 2.96820867])]",[595.6609101295471]
