,problem,layers,optimizer,solutions,parameters,time
0,"{'type': 'maxcut', 'graph': {'directed': False, 'multigraph': False, 'graph': {}, 'nodes': [{'id': 0}, {'id': 1}, {'id': 2}], 'links': [{'weight': 6, 'source': 0, 'target': 1}, {'weight': 7, 'source': 0, 'target': 2}, {'weight': 1, 'source': 1, 'target': 2}]}, 'position': {0: [0.07851080556038943, 0.24969078637319295], 1: [-1.0, 0.10034683312306583], 2: [0.9214891944396112, -0.3500376194962584]}, 'solution': ([0, 1, 1], 13.0)}",26,"{'optimizer': 'COBYLA', 'maxiter': 100, 'shots': 1024, 'parameter_strategy': 'RANDOM', 'x0': None, 'backend': <QAOA_Tester.Backend.NoisyEstimatorBackend object at 0x7f0d498e0e50>}","[([0, 0, 1], -8.0)]","[array([1.52075316, 4.27469958, 4.00632414, 1.6596125 , 3.39831719,
       4.05385724, 5.18057391, 5.67344391, 4.32753546, 0.63618638,
       1.39092593, 0.29291987, 0.51537405, 5.67145311, 2.00457603,
       4.44059207, 0.11457317, 3.79261263, 2.62967424, 2.33086425,
       1.55060629, 6.0852467 , 4.78639137, 5.84119177, 5.55037068,
       4.4644649 , 1.97411729, 5.99229301, 0.69159922, 1.79909959,
       5.34346342, 2.32280984, 1.21663456, 2.09285426, 3.44875965,
       2.94774423, 2.09602057, 2.14903035, 4.82914085, 5.68418427,
       2.69521641, 1.34975045, 1.7433776 , 5.02900411, 4.23829538,
       1.44593698, 2.56725384, 1.17400942, 4.57468013, 3.92803807,
       4.26845216, 1.53355256])]",[585.8969767093658]
