,problem,layers,optimizer,solutions,parameters,time
0,"{'type': 'maxcut', 'graph': {'directed': False, 'multigraph': False, 'graph': {}, 'nodes': [{'id': 0}, {'id': 1}, {'id': 2}], 'links': [{'weight': 6, 'source': 0, 'target': 1}, {'weight': 7, 'source': 0, 'target': 2}, {'weight': 1, 'source': 1, 'target': 2}]}, 'position': {0: [0.07851080556038943, 0.24969078637319295], 1: [-1.0, 0.10034683312306583], 2: [0.9214891944396112, -0.3500376194962584]}, 'solution': ([0, 1, 1], 13.0)}",27,"{'optimizer': 'COBYLA', 'maxiter': 100, 'shots': 1024, 'parameter_strategy': 'RANDOM', 'x0': None, 'backend': <QAOA_Tester.Backend.NoisyEstimatorBackend object at 0x7fcea170fc70>}","[([1, 0, 0], -13.0)]","[array([2.75545247, 3.35177747, 4.8720677 , 3.05728037, 5.95568986,
       2.15114865, 4.91698494, 6.20168561, 1.51350524, 2.00999134,
       1.40018137, 0.62252078, 1.4587193 , 3.0652616 , 0.88559529,
       1.5951249 , 0.73563815, 5.37227815, 1.39067786, 3.0575525 ,
       4.52867805, 1.44139925, 1.62078959, 3.22168043, 1.33288358,
       0.50992495, 2.3992509 , 4.05196662, 3.64873407, 3.57530622,
       1.95288668, 2.23410607, 6.2619546 , 1.70262397, 2.42329086,
       3.23454042, 0.4833878 , 2.23063765, 4.71144704, 5.64027933,
       0.88871206, 4.95204106, 0.08506634, 5.53888311, 0.20201232,
       0.9557389 , 4.11568288, 3.84652686, 1.0606008 , 2.56928612,
       5.82400269, 3.96235075, 2.29751587, 3.59730828])]",[586.8162653446198]
