,problem,layers,optimizer,solutions,parameters,time
0,"{'type': 'maxcut', 'graph': {'directed': False, 'multigraph': False, 'graph': {}, 'nodes': [{'id': 0}, {'id': 1}, {'id': 2}], 'links': [{'weight': 6, 'source': 0, 'target': 1}, {'weight': 7, 'source': 0, 'target': 2}, {'weight': 1, 'source': 1, 'target': 2}]}, 'position': {0: [0.07851080556038943, 0.24969078637319295], 1: [-1.0, 0.10034683312306583], 2: [0.9214891944396112, -0.3500376194962584]}, 'solution': ([0, 1, 1], 13.0)}",27,"{'optimizer': 'COBYLA', 'maxiter': 100, 'shots': 1024, 'parameter_strategy': 'RANDOM', 'x0': None, 'backend': <QAOA_Tester.Backend.NoisyEstimatorBackend object at 0x7f52db055300>}","[([0, 1, 1], -13.0)]","[array([2.54065164, 1.07094667, 4.74289579, 5.61954792, 1.87147722,
       0.8847764 , 2.79164265, 1.53069309, 2.13547553, 4.20712906,
       4.21892081, 1.58419302, 3.42165714, 4.74937734, 2.67904397,
       3.88324935, 5.8307144 , 3.63923296, 1.6025391 , 3.29500539,
       4.17165118, 1.70656902, 5.01719168, 0.91266524, 2.18433456,
       0.33965915, 2.71883458, 3.13537209, 2.27568028, 5.33871243,
       2.75678964, 0.07139813, 5.15072176, 4.33284896, 4.94583926,
       4.26090921, 4.89650208, 3.03043539, 0.44628372, 1.86287259,
       2.35951599, 2.01245992, 5.12934797, 3.68826101, 0.80015874,
       4.36442614, 3.50707151, 6.06941524, 4.31833407, 5.65243988,
       1.77574758, 4.56906184, 4.65947252, 0.37153929])]",[598.8641657829285]
