,problem,layers,optimizer,solutions,parameters,time
0,"{'type': 'maxcut', 'graph': {'directed': False, 'multigraph': False, 'graph': {}, 'nodes': [{'id': 0}, {'id': 1}, {'id': 2}], 'links': [{'weight': 6, 'source': 0, 'target': 1}, {'weight': 7, 'source': 0, 'target': 2}, {'weight': 1, 'source': 1, 'target': 2}]}, 'position': {0: [0.07851080556038943, 0.24969078637319295], 1: [-1.0, 0.10034683312306583], 2: [0.9214891944396112, -0.3500376194962584]}, 'solution': ([0, 1, 1], 13.0)}",18,"{'optimizer': 'COBYLA', 'maxiter': 100, 'shots': 1024, 'parameter_strategy': 'RANDOM', 'x0': None, 'backend': <QAOA_Tester.Backend.NoisyEstimatorBackend object at 0x7f319e0bce20>}","[([1, 1, 0], -8.0)]","[array([2.19873301, 2.13717967, 0.06803956, 2.82772978, 6.23822698,
       2.99474291, 1.59372081, 4.50705784, 2.36347339, 2.64200118,
       3.75795997, 2.95726209, 5.38851965, 2.06030007, 5.873155  ,
       5.11997716, 2.59144441, 1.73810179, 5.27018592, 5.94262262,
       2.42651243, 4.26219181, 3.58921623, 3.61245999, 2.99633154,
       5.99459111, 4.6355513 , 0.24855736, 3.42266676, 5.57644848,
       3.09559359, 0.53170214, 2.89646727, 5.194424  , 3.30659059,
       6.22178383])]",[565.1884679794312]
