,problem,layers,optimizer,solutions,parameters,time
0,"{'type': 'maxcut', 'graph': {'directed': False, 'multigraph': False, 'graph': {}, 'nodes': [{'id': 0}, {'id': 1}, {'id': 2}], 'links': [{'weight': 6, 'source': 0, 'target': 1}, {'weight': 7, 'source': 0, 'target': 2}, {'weight': 1, 'source': 1, 'target': 2}]}, 'position': {0: [0.07851080556038943, 0.24969078637319295], 1: [-1.0, 0.10034683312306583], 2: [0.9214891944396112, -0.3500376194962584]}, 'solution': ([0, 1, 1], 13.0)}",28,"{'optimizer': 'COBYLA', 'maxiter': 100, 'shots': 1024, 'parameter_strategy': 'RANDOM', 'x0': None, 'backend': <QAOA_Tester.Backend.NoisyEstimatorBackend object at 0x7fd7bb2c1a20>}","[([0, 1, 1], -13.0)]","[array([1.98104293, 4.04929238, 3.31402902, 5.71517924, 4.43456482,
       2.78769391, 3.01551253, 3.29923021, 2.99318495, 3.74140009,
       4.75091774, 4.80738262, 4.48578258, 4.46041082, 1.16649013,
       5.88074278, 1.40700863, 2.32929365, 0.20878984, 4.4038087 ,
       2.44675536, 2.65537995, 2.99761351, 5.26448779, 5.408086  ,
       2.76658291, 5.86073834, 3.18829641, 0.65494533, 2.516638  ,
       5.06803895, 3.55009387, 1.31865702, 0.12715172, 0.46090555,
       0.72755611, 0.47682942, 2.7345208 , 5.99852594, 3.67477592,
       3.2773429 , 0.90946036, 1.00206992, 6.09088904, 2.10005534,
       4.8374722 , 0.60463342, 0.04964454, 0.94326898, 2.1702808 ,
       3.02676695, 0.92532655, 0.90240457, 3.329857  , 4.67648738,
       4.43917016])]",[598.4837598800659]
