,problem,layers,optimizer,solutions,parameters,time
0,"{'type': 'maxcut', 'graph': {'directed': False, 'multigraph': False, 'graph': {}, 'nodes': [{'id': 0}, {'id': 1}, {'id': 2}], 'links': [{'weight': 6, 'source': 0, 'target': 1}, {'weight': 7, 'source': 0, 'target': 2}, {'weight': 1, 'source': 1, 'target': 2}]}, 'position': {0: [0.07851080556038943, 0.24969078637319295], 1: [-1.0, 0.10034683312306583], 2: [0.9214891944396112, -0.3500376194962584]}, 'solution': ([0, 1, 1], 13.0)}",26,"{'optimizer': 'COBYLA', 'maxiter': 100, 'shots': 1024, 'parameter_strategy': 'RANDOM', 'x0': None, 'backend': <QAOA_Tester.Backend.NoisyEstimatorBackend object at 0x7f04e69f10f0>}","[([0, 0, 0], 0.0)]","[array([5.5053595 , 5.92107339, 2.97323676, 1.7643242 , 5.31158841,
       4.33093322, 3.88913692, 3.58395234, 5.65730204, 2.30646931,
       1.92385844, 0.62172572, 0.85694073, 5.93754878, 5.10151759,
       0.86016873, 0.72571836, 1.62194741, 2.28201387, 4.0126292 ,
       4.28654258, 0.44399252, 2.53561875, 1.37451011, 1.89426088,
       3.26411651, 5.03421176, 5.52444061, 4.55287556, 3.51881337,
       5.14428959, 0.55869146, 5.6605148 , 6.20989334, 0.35426883,
       4.33733658, 2.65252746, 1.9213876 , 2.1266546 , 3.89848116,
       5.42035867, 5.29088574, 0.78079068, 4.34608186, 3.5188268 ,
       5.74225793, 4.48651305, 0.71508709, 5.83737897, 3.03617239,
       3.12142767, 5.95387979])]",[624.4708437919617]
