,problem,layers,optimizer,solutions,parameters,time
0,"{'type': 'maxcut', 'graph': {'directed': False, 'multigraph': False, 'graph': {}, 'nodes': [{'id': 0}, {'id': 1}, {'id': 2}], 'links': [{'weight': 6, 'source': 0, 'target': 1}, {'weight': 7, 'source': 0, 'target': 2}, {'weight': 1, 'source': 1, 'target': 2}]}, 'position': {0: [0.07851080556038943, 0.24969078637319295], 1: [-1.0, 0.10034683312306583], 2: [0.9214891944396112, -0.3500376194962584]}, 'solution': ([0, 1, 1], 13.0)}",22,"{'optimizer': 'COBYLA', 'maxiter': 100, 'shots': 1024, 'parameter_strategy': 'RANDOM', 'x0': None, 'backend': <QAOA_Tester.Backend.NoisyEstimatorBackend object at 0x7f2539fc8e20>}","[([1, 1, 0], -8.0)]","[array([4.91441422, 5.17626681, 2.02299068, 0.41995831, 5.29009079,
       5.44285748, 0.78329896, 0.2020635 , 0.69342477, 2.13747946,
       4.48110805, 2.5007367 , 3.36316778, 5.02989762, 1.28680422,
       0.16379996, 1.61671971, 5.95027202, 4.78586863, 0.33649046,
       5.83719953, 4.89509482, 5.43860317, 2.41073265, 4.50897762,
       2.30129395, 4.32968869, 5.40940716, 1.1103409 , 1.57682657,
       4.39601645, 5.4823137 , 1.12768338, 4.20144407, 2.29855942,
       0.3419401 , 3.07291384, 6.1583937 , 5.95366343, 3.33670188,
       3.33847853, 0.68889485, 3.62582038, 4.55275867])]",[580.1733646392822]
