,problem,layers,optimizer,solutions,parameters,time
0,"{'type': 'maxcut', 'graph': {'directed': False, 'multigraph': False, 'graph': {}, 'nodes': [{'id': 0}, {'id': 1}, {'id': 2}], 'links': [{'weight': 6, 'source': 0, 'target': 1}, {'weight': 7, 'source': 0, 'target': 2}, {'weight': 1, 'source': 1, 'target': 2}]}, 'position': {0: [0.07851080556038943, 0.24969078637319295], 1: [-1.0, 0.10034683312306583], 2: [0.9214891944396112, -0.3500376194962584]}, 'solution': ([0, 1, 1], 13.0)}",18,"{'optimizer': 'COBYLA', 'maxiter': 100, 'shots': 1024, 'parameter_strategy': 'RANDOM', 'x0': None, 'backend': <QAOA_Tester.Backend.NoisyEstimatorBackend object at 0x7fda16b6d810>}","[([1, 0, 0], -13.0)]","[array([4.78059629, 0.94333646, 5.24072895, 5.6516875 , 3.08766648,
       3.4305411 , 5.04730975, 2.71775925, 3.63820727, 1.86928396,
       1.35958034, 1.84703695, 2.35262872, 3.8095634 , 5.45890596,
       5.18827543, 3.47027052, 1.36905629, 0.39300408, 1.93125134,
       0.29433468, 3.85650412, 5.62416819, 4.78173264, 0.67164455,
       2.88637011, 0.15505979, 3.67694921, 5.8341721 , 5.26642201,
       5.8138504 , 2.92616305, 3.18565818, 4.44544581, 5.36454344,
       5.89923464])]",[577.6137344837189]
