,problem,layers,optimizer,solutions,parameters,time
0,"{'type': 'maxcut', 'graph': {'directed': False, 'multigraph': False, 'graph': {}, 'nodes': [{'id': 0}, {'id': 1}, {'id': 2}], 'links': [{'weight': 6, 'source': 0, 'target': 1}, {'weight': 7, 'source': 0, 'target': 2}, {'weight': 1, 'source': 1, 'target': 2}]}, 'position': {0: [0.07851080556038943, 0.24969078637319295], 1: [-1.0, 0.10034683312306583], 2: [0.9214891944396112, -0.3500376194962584]}, 'solution': ([0, 1, 1], 13.0)}",26,"{'optimizer': 'COBYLA', 'maxiter': 100, 'shots': 1024, 'parameter_strategy': 'RANDOM', 'x0': None, 'backend': <QAOA_Tester.Backend.NoisyEstimatorBackend object at 0x7f64b8702ef0>}","[([0, 1, 0], -7.0)]","[array([4.56965752, 6.21670235, 3.02172342, 1.20158033, 5.2916086 ,
       1.98766848, 4.19046623, 0.47559728, 5.13604263, 0.87812849,
       3.15391305, 4.06074238, 5.28102074, 4.15718391, 4.48951984,
       3.76455273, 6.04101289, 2.97878441, 1.88456614, 2.62659078,
       1.48932936, 5.7125842 , 0.5511252 , 3.86571093, 1.03194906,
       5.03904267, 4.91697178, 1.2172712 , 5.80018724, 6.06748547,
       1.09529271, 3.24718045, 5.74589172, 2.69840826, 3.68140776,
       4.69414296, 2.10085915, 3.65044904, 4.71501751, 3.85913385,
       0.2429982 , 2.80638697, 3.86580191, 4.93748225, 6.18209491,
       0.42431357, 2.45511659, 0.02160018, 2.94662774, 2.85445036,
       2.14816319, 0.92433179])]",[609.1025257110596]
