,problem,layers,optimizer,solutions,parameters,time
0,"{'type': 'maxcut', 'graph': {'directed': False, 'multigraph': False, 'graph': {}, 'nodes': [{'id': 0}, {'id': 1}, {'id': 2}], 'links': [{'weight': 6, 'source': 0, 'target': 1}, {'weight': 7, 'source': 0, 'target': 2}, {'weight': 1, 'source': 1, 'target': 2}]}, 'position': {0: [0.07851080556038943, 0.24969078637319295], 1: [-1.0, 0.10034683312306583], 2: [0.9214891944396112, -0.3500376194962584]}, 'solution': ([0, 1, 1], 13.0)}",16,"{'optimizer': 'COBYLA', 'maxiter': 100, 'shots': 1024, 'parameter_strategy': 'RANDOM', 'x0': None, 'backend': <QAOA_Tester.Backend.NoisyEstimatorBackend object at 0x7f2915447850>}","[([1, 0, 1], -7.0)]","[array([5.90809425, 4.81397666, 0.08759929, 5.45583196, 0.85954084,
       4.20072412, 3.36173556, 3.6601825 , 4.81079251, 1.51426072,
       3.2492263 , 4.0987905 , 2.03500253, 0.21035594, 2.0955078 ,
       2.49398068, 3.85941078, 4.9621095 , 0.53344441, 4.50317798,
       3.6265402 , 1.88607919, 1.94159178, 1.58468755, 1.44422672,
       2.98094776, 1.94755839, 5.52116601, 4.21153455, 0.28234446,
       0.44143363, 2.87330192])]",[571.6977319717407]
