,problem,layers,optimizer,solutions,parameters,time
0,"{'type': 'maxcut', 'graph': {'directed': False, 'multigraph': False, 'graph': {}, 'nodes': [{'id': 0}, {'id': 1}, {'id': 2}], 'links': [{'weight': 6, 'source': 0, 'target': 1}, {'weight': 7, 'source': 0, 'target': 2}, {'weight': 1, 'source': 1, 'target': 2}]}, 'position': {0: [0.07851080556038943, 0.24969078637319295], 1: [-1.0, 0.10034683312306583], 2: [0.9214891944396112, -0.3500376194962584]}, 'solution': ([0, 1, 1], 13.0)}",28,"{'optimizer': 'COBYLA', 'maxiter': 100, 'shots': 1024, 'parameter_strategy': 'RANDOM', 'x0': None, 'backend': <QAOA_Tester.Backend.NoisyEstimatorBackend object at 0x7f19891152a0>}","[([0, 1, 1], -13.0)]","[array([4.25495192, 2.05993668, 1.58478945, 6.18199807, 0.9143711 ,
       5.75429446, 3.6910481 , 2.03376326, 0.77952908, 3.58993986,
       1.30737071, 4.24569191, 4.21494546, 1.35734438, 1.41482411,
       2.42829966, 0.65499703, 2.19725588, 6.1741953 , 4.63564261,
       0.0565546 , 4.30796502, 5.3472757 , 1.10895202, 0.28266004,
       1.52737758, 3.73943416, 5.44597775, 1.86808697, 1.86867479,
       5.306587  , 5.49662822, 0.61256732, 2.70643003, 5.36664523,
       4.17836063, 3.44283249, 4.89648712, 2.09207558, 5.22894738,
       0.24160347, 2.11444139, 2.83234835, 0.86382614, 3.72472453,
       4.23865244, 3.50943672, 5.74673741, 3.04875938, 1.3289662 ,
       5.93371052, 5.69180053, 2.05747807, 4.15736365, 3.30746576,
       3.8768279 ])]",[620.3952841758728]
