,problem,layers,optimizer,solutions,parameters,time
0,"{'type': 'maxcut', 'graph': {'directed': False, 'multigraph': False, 'graph': {}, 'nodes': [{'id': 0}, {'id': 1}, {'id': 2}], 'links': [{'weight': 6, 'source': 0, 'target': 1}, {'weight': 7, 'source': 0, 'target': 2}, {'weight': 1, 'source': 1, 'target': 2}]}, 'position': {0: [0.07851080556038943, 0.24969078637319295], 1: [-1.0, 0.10034683312306583], 2: [0.9214891944396112, -0.3500376194962584]}, 'solution': ([0, 1, 1], 13.0)}",23,"{'optimizer': 'COBYLA', 'maxiter': 100, 'shots': 1024, 'parameter_strategy': 'RANDOM', 'x0': None, 'backend': <QAOA_Tester.Backend.NoisyEstimatorBackend object at 0x7f9aec7bbf10>}","[([0, 0, 1], -8.0)]","[array([0.27099584, 3.62515261, 5.00495654, 0.37099358, 4.56309612,
       6.05492075, 3.04561423, 3.82137154, 4.38224437, 1.28964049,
       1.34769189, 2.60376035, 4.17144743, 4.24565606, 5.47043799,
       1.21072612, 0.50938992, 5.67636206, 2.96884305, 4.57880854,
       1.78730633, 1.87726361, 0.73951708, 5.28264319, 2.66881688,
       4.83831031, 2.74179039, 0.29098611, 2.96131024, 3.79455084,
       4.76439413, 1.09867937, 3.43017288, 5.12722708, 6.2149601 ,
       2.19178636, 4.5219679 , 5.1369793 , 2.04774005, 5.68425228,
       5.24535741, 3.9695274 , 0.34111263, 3.58178503, 1.88637798,
       2.3642821 ])]",[588.7476193904877]
