,problem,layers,optimizer,solutions,parameters,time
0,"{'type': 'maxcut', 'graph': {'directed': False, 'multigraph': False, 'graph': {}, 'nodes': [{'id': 0}, {'id': 1}, {'id': 2}], 'links': [{'weight': 6, 'source': 0, 'target': 1}, {'weight': 7, 'source': 0, 'target': 2}, {'weight': 1, 'source': 1, 'target': 2}]}, 'position': {0: [0.07851080556038943, 0.24969078637319295], 1: [-1.0, 0.10034683312306583], 2: [0.9214891944396112, -0.3500376194962584]}, 'solution': ([0, 1, 1], 13.0)}",20,"{'optimizer': 'COBYLA', 'maxiter': 100, 'shots': 1024, 'parameter_strategy': 'RANDOM', 'x0': None, 'backend': <QAOA_Tester.Backend.NoisyEstimatorBackend object at 0x7fb23f3058d0>}","[([0, 0, 0], 0.0)]","[array([4.51382088, 6.22078092, 4.17356721, 4.71891975, 1.80928707,
       0.6674287 , 0.9150796 , 4.08102879, 3.19347507, 5.59134382,
       5.71862077, 5.30156391, 0.28655605, 0.32443577, 6.2185232 ,
       2.86411885, 4.83733556, 1.78223157, 3.80918297, 4.5472337 ,
       4.89018643, 4.46158239, 5.54905951, 4.86866927, 2.05756114,
       2.11305875, 5.68108523, 4.87490736, 2.35118711, 4.87852552,
       0.54740634, 4.30433814, 5.12453144, 1.32975318, 4.58164392,
       3.10396355, 3.12875016, 5.54231971, 4.52713708, 5.85325276])]",[594.5646533966064]
