,problem,layers,optimizer,solutions,parameters,time
0,"{'type': 'maxcut', 'graph': {'directed': False, 'multigraph': False, 'graph': {}, 'nodes': [{'id': 0}, {'id': 1}, {'id': 2}], 'links': [{'weight': 6, 'source': 0, 'target': 1}, {'weight': 7, 'source': 0, 'target': 2}, {'weight': 1, 'source': 1, 'target': 2}]}, 'position': {0: [0.07851080556038943, 0.24969078637319295], 1: [-1.0, 0.10034683312306583], 2: [0.9214891944396112, -0.3500376194962584]}, 'solution': ([0, 1, 1], 13.0)}",28,"{'optimizer': 'COBYLA', 'maxiter': 100, 'shots': 1024, 'parameter_strategy': 'RANDOM', 'x0': None, 'backend': <QAOA_Tester.Backend.NoisyEstimatorBackend object at 0x7f07842d7a90>}","[([1, 1, 0], -8.0)]","[array([5.43967318, 6.00977038, 3.19082831, 1.20440265, 1.68363779,
       1.01118178, 5.62761096, 6.25929426, 1.77914112, 1.44623781,
       4.00012163, 3.14745012, 3.93460021, 2.31773822, 6.22436114,
       5.30953919, 2.95675671, 2.00368696, 3.57118369, 1.45894618,
       0.10577408, 3.17487792, 1.89946674, 5.73790509, 4.45267548,
       4.21376176, 6.2227355 , 3.07821388, 2.73415506, 5.97313045,
       5.18421663, 1.86052598, 1.63447297, 4.77494279, 3.07777182,
       4.89016208, 1.87345063, 0.80750392, 5.50417095, 1.08605165,
       6.17343563, 3.02636072, 2.96220387, 6.20131159, 0.87272562,
       2.88082129, 3.29632165, 1.79952152, 5.11094476, 0.28805877,
       4.34252186, 1.07836248, 5.55400013, 3.19024871, 0.84518429,
       3.65199526])]",[575.3916299343109]
