,problem,layers,optimizer,solutions,parameters,time
0,"{'type': 'maxcut', 'graph': {'directed': False, 'multigraph': False, 'graph': {}, 'nodes': [{'id': 0}, {'id': 1}, {'id': 2}], 'links': [{'weight': 6, 'source': 0, 'target': 1}, {'weight': 7, 'source': 0, 'target': 2}, {'weight': 1, 'source': 1, 'target': 2}]}, 'position': {0: [0.07851080556038943, 0.24969078637319295], 1: [-1.0, 0.10034683312306583], 2: [0.9214891944396112, -0.3500376194962584]}, 'solution': ([0, 1, 1], 13.0)}",18,"{'optimizer': 'COBYLA', 'maxiter': 100, 'shots': 1024, 'parameter_strategy': 'RANDOM', 'x0': None, 'backend': <QAOA_Tester.Backend.NoisyEstimatorBackend object at 0x7f88f84c96c0>}","[([1, 1, 1], 0.0)]","[array([2.77835638, 1.59980535, 1.66737173, 4.36936231, 5.54030224,
       3.81963589, 0.2756069 , 2.71586808, 5.51073177, 5.28236175,
       5.45903449, 1.47529645, 3.50631173, 4.40986283, 1.51026034,
       4.27753291, 1.41115456, 4.12615543, 4.44642563, 4.99928806,
       1.19367988, 0.02146864, 0.41958032, 6.04041406, 0.43619546,
       2.66963355, 5.06287962, 3.61313973, 4.73459682, 0.40706464,
       2.71162116, 3.18214627, 0.64353764, 1.19854401, 1.9162495 ,
       3.45930122])]",[611.4621324539185]
