,problem,layers,optimizer,solutions,parameters,time
0,"{'type': 'maxcut', 'graph': {'directed': False, 'multigraph': False, 'graph': {}, 'nodes': [{'id': 0}, {'id': 1}, {'id': 2}], 'links': [{'weight': 6, 'source': 0, 'target': 1}, {'weight': 7, 'source': 0, 'target': 2}, {'weight': 1, 'source': 1, 'target': 2}]}, 'position': {0: [0.07851080556038943, 0.24969078637319295], 1: [-1.0, 0.10034683312306583], 2: [0.9214891944396112, -0.3500376194962584]}, 'solution': ([0, 1, 1], 13.0)}",25,"{'optimizer': 'COBYLA', 'maxiter': 100, 'shots': 1024, 'parameter_strategy': 'RANDOM', 'x0': None, 'backend': <QAOA_Tester.Backend.NoisyEstimatorBackend object at 0x7f1383b1faf0>}","[([1, 0, 1], -7.0)]","[array([2.61622041, 1.53926424, 3.42066144, 4.30338272, 4.92948984,
       5.82413545, 3.3629723 , 1.37210208, 5.50834432, 4.18257964,
       1.73278525, 2.6979706 , 1.65593884, 4.92668005, 1.18005399,
       2.31804912, 4.92722758, 3.08837745, 4.76314232, 0.29870696,
       4.98148614, 2.03666666, 6.24464131, 5.89253561, 6.72239898,
       4.84321807, 4.09790803, 0.16798585, 1.6967558 , 2.14016605,
       1.39174216, 5.6704725 , 3.49814378, 3.17501359, 0.31751353,
       0.70824034, 2.8921037 , 3.35130297, 2.63461155, 4.67584124,
       5.92977321, 2.4405074 , 5.76133103, 4.13252823, 6.14235657,
       4.7885741 , 3.42152146, 2.71586363, 4.36961572, 2.13329258])]",[586.6727161407471]
