,problem,layers,optimizer,solutions,parameters,time
0,"{'type': 'maxcut', 'graph': {'directed': False, 'multigraph': False, 'graph': {}, 'nodes': [{'id': 0}, {'id': 1}, {'id': 2}], 'links': [{'weight': 6, 'source': 0, 'target': 1}, {'weight': 7, 'source': 0, 'target': 2}, {'weight': 1, 'source': 1, 'target': 2}]}, 'position': {0: [0.07851080556038943, 0.24969078637319295], 1: [-1.0, 0.10034683312306583], 2: [0.9214891944396112, -0.3500376194962584]}, 'solution': ([0, 1, 1], 13.0)}",29,"{'optimizer': 'COBYLA', 'maxiter': 100, 'shots': 1024, 'parameter_strategy': 'RANDOM', 'x0': None, 'backend': <QAOA_Tester.Backend.NoisyEstimatorBackend object at 0x7f402b241720>}","[([0, 0, 1], -8.0)]","[array([5.6554921 , 0.65412509, 2.17464869, 3.93551424, 2.75579593,
       0.37117361, 3.80244712, 1.76172622, 2.65247763, 2.36180005,
       5.89367813, 1.61062736, 0.30730858, 3.2023786 , 0.1139225 ,
       1.23090869, 2.25272501, 3.75226183, 0.67745518, 2.28154405,
       5.94280256, 5.82361354, 0.20932826, 1.39982425, 3.25690516,
       3.99773562, 5.62362773, 0.21705515, 5.32088936, 4.45351715,
       0.24014564, 1.03593072, 2.80932391, 2.2415982 , 1.06547044,
       4.75245807, 0.94301413, 5.17839954, 0.19808795, 1.19577156,
       0.75486997, 1.61356742, 5.02026779, 1.33974754, 1.11133619,
       4.66771386, 3.27895513, 0.67433724, 3.63958166, 3.06940668,
       6.11260639, 0.65826796, 5.16176165, 1.30004202, 0.5268755 ,
       4.55604703, 4.44939596, 2.53352249])]",[594.1919512748718]
