,problem,layers,optimizer,solutions,parameters,time
0,"{'type': 'maxcut', 'graph': {'directed': False, 'multigraph': False, 'graph': {}, 'nodes': [{'id': 0}, {'id': 1}, {'id': 2}], 'links': [{'weight': 6, 'source': 0, 'target': 1}, {'weight': 7, 'source': 0, 'target': 2}, {'weight': 1, 'source': 1, 'target': 2}]}, 'position': {0: [0.07851080556038943, 0.24969078637319295], 1: [-1.0, 0.10034683312306583], 2: [0.9214891944396112, -0.3500376194962584]}, 'solution': ([0, 1, 1], 13.0)}",19,"{'optimizer': 'COBYLA', 'maxiter': 100, 'shots': 1024, 'parameter_strategy': 'RANDOM', 'x0': None, 'backend': <QAOA_Tester.Backend.NoisyEstimatorBackend object at 0x7fa045de1390>}","[([0, 0, 1], -8.0)]","[array([ 0.58072921,  2.95823733,  0.94088504,  5.40636591,  2.5194867 ,
        1.72813365,  5.22569981,  0.25100139,  5.77864671,  6.1161634 ,
        1.08210605,  3.77683916,  3.52109408,  1.81762182,  3.59271711,
        3.17675517,  5.98112126,  6.01000492, -1.15191967,  0.76543052,
        4.36573451,  3.71224156,  0.98895623,  0.19215431,  1.75557974,
        1.14881805,  3.1317516 ,  4.83325405,  2.07228002,  6.04522652,
        0.25213571,  2.48899143,  4.90957784,  5.19819355,  0.62546852,
        1.54400678,  4.59332479,  2.93446276])]",[606.1783056259155]
