,problem,layers,optimizer,solutions,parameters,time
0,"{'type': 'maxcut', 'graph': {'directed': False, 'multigraph': False, 'graph': {}, 'nodes': [{'id': 0}, {'id': 1}, {'id': 2}], 'links': [{'weight': 6, 'source': 0, 'target': 1}, {'weight': 7, 'source': 0, 'target': 2}, {'weight': 1, 'source': 1, 'target': 2}]}, 'position': {0: [0.07851080556038943, 0.24969078637319295], 1: [-1.0, 0.10034683312306583], 2: [0.9214891944396112, -0.3500376194962584]}, 'solution': ([0, 1, 1], 13.0)}",21,"{'optimizer': 'COBYLA', 'maxiter': 100, 'shots': 1024, 'parameter_strategy': 'RANDOM', 'x0': None, 'backend': <QAOA_Tester.Backend.NoisyEstimatorBackend object at 0x7f0951b11870>}","[([0, 0, 0], 0.0)]","[array([2.41957704, 5.42912032, 1.61614555, 4.60130982, 2.77526289,
       5.02221463, 4.58662444, 1.06829483, 1.11508905, 1.6167475 ,
       1.35422748, 5.03102568, 5.9762824 , 3.88363398, 2.54069543,
       0.55657014, 0.68745811, 4.84722595, 6.1048661 , 4.57545734,
       1.89057219, 5.85902241, 0.97430029, 6.15700194, 1.70134242,
       5.5791763 , 1.66865456, 0.88090066, 2.94948405, 6.26637693,
       6.20257704, 3.21359004, 5.95534746, 5.40712332, 4.29803713,
       0.5476952 , 0.06040242, 2.47060511, 3.25871943, 5.64472854,
       0.2770244 , 3.00066133])]",[565.6562836170197]
