,problem,layers,optimizer,solutions,parameters,time
0,"{'type': 'maxcut', 'graph': {'directed': False, 'multigraph': False, 'graph': {}, 'nodes': [{'id': 0}, {'id': 1}, {'id': 2}], 'links': [{'weight': 6, 'source': 0, 'target': 1}, {'weight': 7, 'source': 0, 'target': 2}, {'weight': 1, 'source': 1, 'target': 2}]}, 'position': {0: [0.07851080556038943, 0.24969078637319295], 1: [-1.0, 0.10034683312306583], 2: [0.9214891944396112, -0.3500376194962584]}, 'solution': ([0, 1, 1], 13.0)}",26,"{'optimizer': 'COBYLA', 'maxiter': 100, 'shots': 1024, 'parameter_strategy': 'RANDOM', 'x0': None, 'backend': <QAOA_Tester.Backend.NoisyEstimatorBackend object at 0x7f22f0a159c0>}","[([1, 0, 1], -7.0)]","[array([5.86051721, 2.7699061 , 4.12484442, 2.88972648, 0.33076085,
       4.61946097, 5.24396801, 6.01841455, 1.8360758 , 4.21265855,
       0.37174803, 1.56825941, 5.56338188, 2.67122092, 1.1397687 ,
       6.13243752, 2.65538785, 2.16870737, 5.84638201, 0.00836915,
       3.29990707, 0.15579358, 0.90170084, 3.91178447, 1.30805351,
       0.43660958, 5.6708345 , 5.83863511, 5.29205166, 2.7913022 ,
       6.0944213 , 6.22308782, 6.14733875, 5.68346681, 3.8459191 ,
       2.32831332, 3.10154901, 1.0905365 , 3.98205836, 3.55281474,
       0.43145844, 2.56162837, 1.24870143, 2.91011275, 1.07923537,
       2.18910687, 0.023571  , 0.7855483 , 4.66937028, 1.15914605,
       1.23185725, 5.08116498])]",[624.8177003860474]
