,problem,layers,optimizer,solutions,parameters,time
0,"{'type': 'maxcut', 'graph': {'directed': False, 'multigraph': False, 'graph': {}, 'nodes': [{'id': 0}, {'id': 1}, {'id': 2}], 'links': [{'weight': 6, 'source': 0, 'target': 1}, {'weight': 7, 'source': 0, 'target': 2}, {'weight': 1, 'source': 1, 'target': 2}]}, 'position': {0: [0.07851080556038943, 0.24969078637319295], 1: [-1.0, 0.10034683312306583], 2: [0.9214891944396112, -0.3500376194962584]}, 'solution': ([0, 1, 1], 13.0)}",24,"{'optimizer': 'COBYLA', 'maxiter': 100, 'shots': 1024, 'parameter_strategy': 'RANDOM', 'x0': None, 'backend': <QAOA_Tester.Backend.NoisyEstimatorBackend object at 0x7feb0aec5600>}","[([0, 1, 1], -13.0)]","[array([4.4380396 , 1.19312028, 2.11808098, 5.12756727, 4.08925189,
       4.37651893, 4.42575467, 1.52781342, 0.82422603, 3.90077115,
       2.90451447, 2.02952964, 2.03502159, 0.65413638, 3.56704409,
       6.18349114, 5.4072259 , 5.05677914, 5.71377796, 6.22908658,
       1.53087694, 2.03790866, 0.01210608, 5.19487636, 4.39388346,
       1.15449172, 5.55049236, 1.41495822, 5.00647584, 5.21302977,
       3.11001218, 0.68033326, 2.40217896, 6.11611623, 2.83907536,
       5.51643473, 1.48420839, 1.71595337, 3.47840857, 0.75699551,
       5.44478696, 4.76592259, 2.44788724, 4.17103357, 1.66109373,
       4.47675354, 1.28052697, 5.85791027])]",[584.2960541248322]
