,problem,layers,optimizer,solutions,parameters,time
0,"{'type': 'maxcut', 'graph': {'directed': False, 'multigraph': False, 'graph': {}, 'nodes': [{'id': 0}, {'id': 1}, {'id': 2}], 'links': [{'weight': 6, 'source': 0, 'target': 1}, {'weight': 7, 'source': 0, 'target': 2}, {'weight': 1, 'source': 1, 'target': 2}]}, 'position': {0: [0.07851080556038943, 0.24969078637319295], 1: [-1.0, 0.10034683312306583], 2: [0.9214891944396112, -0.3500376194962584]}, 'solution': ([0, 1, 1], 13.0)}",22,"{'optimizer': 'COBYLA', 'maxiter': 100, 'shots': 1024, 'parameter_strategy': 'RANDOM', 'x0': None, 'backend': <QAOA_Tester.Backend.NoisyEstimatorBackend object at 0x7fc1a15c99f0>}","[([1, 1, 0], -8.0)]","[array([1.74951296, 1.77266569, 4.83107279, 4.46562263, 4.37118227,
       4.98080594, 2.12537502, 5.24555876, 5.30282365, 5.2518064 ,
       4.80694547, 4.17387711, 4.49445074, 0.14787933, 3.36585155,
       4.51691898, 5.56214308, 0.65822548, 5.84112088, 3.56564276,
       0.57628028, 0.40249565, 2.42279158, 6.1040415 , 4.16470944,
       5.46075547, 4.75062089, 5.69003045, 0.20014018, 5.38611239,
       2.87764232, 2.27993538, 0.15997438, 5.2751563 , 1.71148861,
       5.84312611, 4.18415551, 4.98588856, 5.9045276 , 0.71208737,
       5.91832345, 1.00445063, 1.61623785, 3.64353279])]",[629.3286755084991]
