,problem,layers,optimizer,solutions,parameters,time
0,"{'type': 'maxcut', 'graph': {'directed': False, 'multigraph': False, 'graph': {}, 'nodes': [{'id': 0}, {'id': 1}, {'id': 2}], 'links': [{'weight': 6, 'source': 0, 'target': 1}, {'weight': 7, 'source': 0, 'target': 2}, {'weight': 1, 'source': 1, 'target': 2}]}, 'position': {0: [0.07851080556038943, 0.24969078637319295], 1: [-1.0, 0.10034683312306583], 2: [0.9214891944396112, -0.3500376194962584]}, 'solution': ([0, 1, 1], 13.0)}",29,"{'optimizer': 'COBYLA', 'maxiter': 100, 'shots': 1024, 'parameter_strategy': 'RANDOM', 'x0': None, 'backend': <QAOA_Tester.Backend.NoisyEstimatorBackend object at 0x7f8cfd0bdb10>}","[([0, 1, 1], -13.0)]","[array([5.87318447, 1.78596055, 0.55030459, 1.62432426, 3.15310109,
       6.03183224, 2.61351754, 6.00782048, 3.92182985, 3.10052366,
       4.1128826 , 2.83769449, 0.21973491, 1.0876106 , 0.62385514,
       0.68260335, 5.98187959, 1.54492583, 4.99008699, 1.07517481,
       3.00330694, 2.79991934, 3.21103258, 4.01520614, 0.50519254,
       3.9202803 , 3.4194007 , 2.44026315, 0.7842098 , 5.93864201,
       6.19325674, 5.45479798, 1.63196168, 5.42476161, 3.67356881,
       2.67087842, 5.9276371 , 1.91179393, 0.57187119, 4.5005857 ,
       3.61425466, 6.23101582, 0.74277926, 3.55298649, 0.95785744,
       6.26613315, 5.69120762, 4.26143374, 3.92189871, 5.26152294,
       2.00605918, 0.56354737, 3.94456905, 5.04139752, 1.16468244,
       6.27789261, 0.28119639, 4.60901555])]",[609.8573293685913]
