,problem,layers,optimizer,solutions,parameters,time
0,"{'type': 'maxcut', 'graph': {'directed': False, 'multigraph': False, 'graph': {}, 'nodes': [{'id': 0}, {'id': 1}, {'id': 2}], 'links': [{'weight': 6, 'source': 0, 'target': 1}, {'weight': 7, 'source': 0, 'target': 2}, {'weight': 1, 'source': 1, 'target': 2}]}, 'position': {0: [0.07851080556038943, 0.24969078637319295], 1: [-1.0, 0.10034683312306583], 2: [0.9214891944396112, -0.3500376194962584]}, 'solution': ([0, 1, 1], 13.0)}",23,"{'optimizer': 'COBYLA', 'maxiter': 100, 'shots': 1024, 'parameter_strategy': 'RANDOM', 'x0': None, 'backend': <QAOA_Tester.Backend.NoisyEstimatorBackend object at 0x7f1bcff816f0>}","[([0, 1, 1], -13.0)]","[array([6.00009069, 2.54358586, 5.00787297, 2.78995049, 2.67089328,
       2.31649758, 3.68068702, 0.80634421, 6.01348446, 3.03306758,
       2.88389155, 3.33953639, 3.28389488, 4.24667699, 5.57662769,
       1.68709971, 4.00439112, 4.10704053, 0.75690248, 1.18823591,
       5.9025587 , 1.315043  , 0.15826968, 2.40482909, 0.69647878,
       2.54317502, 4.02566981, 3.37845585, 4.89753562, 4.82382666,
       4.39678385, 4.33713037, 5.28329627, 4.86678542, 4.4173083 ,
       3.26909137, 0.94793683, 0.57259162, 4.48747989, 5.70573511,
       5.36500862, 0.62646631, 2.94229403, 1.4914186 , 5.55278743,
       3.44220206])]",[588.3903625011444]
