,problem,layers,optimizer,solutions,parameters,time
0,"{'type': 'maxcut', 'graph': {'directed': False, 'multigraph': False, 'graph': {}, 'nodes': [{'id': 0}, {'id': 1}, {'id': 2}], 'links': [{'weight': 6, 'source': 0, 'target': 1}, {'weight': 7, 'source': 0, 'target': 2}, {'weight': 1, 'source': 1, 'target': 2}]}, 'position': {0: [0.07851080556038943, 0.24969078637319295], 1: [-1.0, 0.10034683312306583], 2: [0.9214891944396112, -0.3500376194962584]}, 'solution': ([0, 1, 1], 13.0)}",26,"{'optimizer': 'COBYLA', 'maxiter': 100, 'shots': 1024, 'parameter_strategy': 'RANDOM', 'x0': None, 'backend': <QAOA_Tester.Backend.NoisyEstimatorBackend object at 0x7f3ff09a5ab0>}","[([1, 1, 1], 0.0)]","[array([3.08146129, 1.69981338, 4.50727914, 0.86795015, 4.17974568,
       1.70388331, 5.11793253, 5.34535354, 1.50878988, 0.35531731,
       2.40037649, 1.15621599, 0.32327202, 2.72998641, 2.58656416,
       1.24832749, 3.3929708 , 3.91433005, 3.1777858 , 2.67050262,
       3.04363635, 1.06774787, 2.19511545, 2.00806833, 2.7242189 ,
       5.24161849, 1.92538249, 3.15305382, 0.43427466, 4.06084291,
       1.26241596, 4.71814496, 0.38000453, 1.64156032, 0.78780092,
       1.37601621, 1.50442294, 5.7636932 , 3.18056089, 3.50900208,
       1.54100173, 5.90049479, 4.14252262, 3.28114706, 1.38315107,
       2.07367669, 2.07159531, 1.3697423 , 6.0469883 , 4.16220123,
       3.09290422, 6.18409473])]",[585.3342568874359]
