,problem,layers,optimizer,solutions,parameters,time
0,"{'type': 'maxcut', 'graph': {'directed': False, 'multigraph': False, 'graph': {}, 'nodes': [{'id': 0}, {'id': 1}, {'id': 2}], 'links': [{'weight': 6, 'source': 0, 'target': 1}, {'weight': 7, 'source': 0, 'target': 2}, {'weight': 1, 'source': 1, 'target': 2}]}, 'position': {0: [0.07851080556038943, 0.24969078637319295], 1: [-1.0, 0.10034683312306583], 2: [0.9214891944396112, -0.3500376194962584]}, 'solution': ([0, 1, 1], 13.0)}",16,"{'optimizer': 'COBYLA', 'maxiter': 100, 'shots': 1024, 'parameter_strategy': 'RANDOM', 'x0': None, 'backend': <QAOA_Tester.Backend.NoisyEstimatorBackend object at 0x7ff177ef7c10>}","[([1, 0, 0], -13.0)]","[array([0.48640184, 2.77315238, 1.46058757, 6.15117078, 4.40888107,
       1.92745952, 0.26066226, 4.22111744, 1.00677627, 4.38294008,
       2.87477321, 5.65952161, 3.43478423, 3.14035409, 2.02958968,
       5.24992644, 3.36137315, 0.27404795, 2.92116607, 1.90730961,
       1.55237202, 3.44148683, 1.1223238 , 0.95296118, 2.0724854 ,
       4.613953  , 2.47570952, 1.14990488, 2.07637949, 4.41854539,
       5.08603672, 2.65432889])]",[635.7764022350311]
