,problem,layers,optimizer,solutions,parameters,time
0,"{'type': 'maxcut', 'graph': {'directed': False, 'multigraph': False, 'graph': {}, 'nodes': [{'id': 0}, {'id': 1}, {'id': 2}], 'links': [{'weight': 6, 'source': 0, 'target': 1}, {'weight': 7, 'source': 0, 'target': 2}, {'weight': 1, 'source': 1, 'target': 2}]}, 'position': {0: [0.07851080556038943, 0.24969078637319295], 1: [-1.0, 0.10034683312306583], 2: [0.9214891944396112, -0.3500376194962584]}, 'solution': ([0, 1, 1], 13.0)}",28,"{'optimizer': 'COBYLA', 'maxiter': 100, 'shots': 1024, 'parameter_strategy': 'RANDOM', 'x0': None, 'backend': <QAOA_Tester.Backend.NoisyEstimatorBackend object at 0x7f2a84211ba0>}","[([0, 1, 0], -7.0)]","[array([5.89768655, 2.92945076, 2.33509321, 0.12649002, 3.63124033,
       5.04896798, 5.53062137, 4.63791589, 0.70621837, 3.86668363,
       4.84520373, 0.50239296, 5.1107722 , 0.18982531, 6.08000968,
       1.50918777, 3.2261415 , 6.03937932, 1.02236681, 4.67459084,
       0.70670574, 4.86605551, 2.52707204, 3.49403895, 0.70039098,
       2.57199255, 5.00958519, 2.61208231, 0.11859571, 3.80071545,
       4.08370907, 2.73843455, 2.92029338, 2.89013047, 5.18345623,
       5.34219913, 4.78573171, 1.20549498, 3.25383295, 6.15934326,
       4.80202845, 4.29855516, 4.10179659, 0.41672752, 0.86381664,
       1.94592484, 3.68198476, 1.28190793, 4.58092618, 3.05616313,
       0.65696528, 0.19202118, 2.53832969, 4.90319984, 1.08711634,
       4.29980341])]",[618.6832051277161]
