,problem,layers,optimizer,solutions,parameters,time
0,"{'type': 'maxcut', 'graph': {'directed': False, 'multigraph': False, 'graph': {}, 'nodes': [{'id': 0}, {'id': 1}, {'id': 2}], 'links': [{'weight': 6, 'source': 0, 'target': 1}, {'weight': 7, 'source': 0, 'target': 2}, {'weight': 1, 'source': 1, 'target': 2}]}, 'position': {0: [0.07851080556038943, 0.24969078637319295], 1: [-1.0, 0.10034683312306583], 2: [0.9214891944396112, -0.3500376194962584]}, 'solution': ([0, 1, 1], 13.0)}",21,"{'optimizer': 'COBYLA', 'maxiter': 100, 'shots': 1024, 'parameter_strategy': 'RANDOM', 'x0': None, 'backend': <QAOA_Tester.Backend.NoisyEstimatorBackend object at 0x7f9a56539bd0>}","[([1, 0, 0], -13.0)]","[array([2.47729297, 4.48497752, 1.08172601, 0.04237323, 3.64949513,
       5.01923802, 3.0823585 , 2.09161153, 2.13033923, 5.61203833,
       5.4940566 , 5.14673378, 2.1386595 , 4.25620926, 2.88203319,
       4.09239025, 5.47002896, 5.4455027 , 4.91009225, 3.89676651,
       4.1079706 , 5.08008117, 0.03612551, 1.96997694, 5.26487208,
       3.334133  , 1.86342954, 0.82464833, 1.00195172, 2.89198075,
       5.01262202, 1.55220605, 0.45786363, 4.733744  , 0.45421615,
       5.74515644, 3.48842561, 1.05616226, 5.40434964, 6.15371984,
       5.83206754, 0.09285177])]",[565.9752721786499]
