,problem,layers,optimizer,solutions,parameters,time
0,"{'type': 'maxcut', 'graph': {'directed': False, 'multigraph': False, 'graph': {}, 'nodes': [{'id': 0}, {'id': 1}, {'id': 2}], 'links': [{'weight': 6, 'source': 0, 'target': 1}, {'weight': 7, 'source': 0, 'target': 2}, {'weight': 1, 'source': 1, 'target': 2}]}, 'position': {0: [0.07851080556038943, 0.24969078637319295], 1: [-1.0, 0.10034683312306583], 2: [0.9214891944396112, -0.3500376194962584]}, 'solution': ([0, 1, 1], 13.0)}",24,"{'optimizer': 'COBYLA', 'maxiter': 100, 'shots': 1024, 'parameter_strategy': 'RANDOM', 'x0': None, 'backend': <QAOA_Tester.Backend.NoisyEstimatorBackend object at 0x7f5fee4bfd30>}","[([0, 0, 1], -8.0)]","[array([4.47710297, 3.14445473, 0.19994205, 3.52783006, 2.35127647,
       0.32209295, 0.94267804, 5.23858397, 6.05800095, 3.33110592,
       2.8022028 , 6.27186427, 1.87301723, 0.9096352 , 0.84085797,
       4.95338884, 0.72058468, 0.9868267 , 1.4289117 , 0.28091429,
       6.14057354, 2.2132497 , 3.18613991, 2.00266452, 0.22912988,
       1.71660273, 1.0185704 , 1.43577283, 4.73015307, 2.74735097,
       0.87685121, 2.51845493, 6.02349478, 3.70825279, 2.22895042,
       5.76189705, 5.75429963, 5.80573293, 0.776679  , 1.06857159,
       5.40052903, 1.73613845, 4.30914028, 5.8329748 , 3.23983142,
       1.75751445, 3.9899575 , 1.99755923])]",[581.1568102836609]
