,problem,layers,optimizer,solutions,parameters,time
0,"{'type': 'maxcut', 'graph': {'directed': False, 'multigraph': False, 'graph': {}, 'nodes': [{'id': 0}, {'id': 1}, {'id': 2}], 'links': [{'weight': 6, 'source': 0, 'target': 1}, {'weight': 7, 'source': 0, 'target': 2}, {'weight': 1, 'source': 1, 'target': 2}]}, 'position': {0: [0.07851080556038943, 0.24969078637319295], 1: [-1.0, 0.10034683312306583], 2: [0.9214891944396112, -0.3500376194962584]}, 'solution': ([0, 1, 1], 13.0)}",28,"{'optimizer': 'COBYLA', 'maxiter': 100, 'shots': 1024, 'parameter_strategy': 'RANDOM', 'x0': None, 'backend': <QAOA_Tester.Backend.NoisyEstimatorBackend object at 0x7f90571d9570>}","[([0, 0, 0], 0.0)]","[array([4.17860458, 0.78608332, 0.55414087, 4.32439336, 2.94357845,
       3.26305515, 0.98709868, 0.10087775, 5.08163906, 5.21104409,
       3.73636805, 5.31394813, 1.82488819, 3.79193297, 5.01082199,
       5.16238481, 2.94627702, 2.01165689, 4.59701566, 1.43465578,
       1.06763473, 2.59078334, 5.03356196, 5.84493555, 1.11950745,
       4.89990296, 5.74051928, 1.30207929, 3.19705703, 0.36028778,
       5.21374215, 5.36718335, 2.80117113, 2.7608147 , 0.28458147,
       3.39424947, 2.29178868, 3.03674361, 4.5337637 , 3.49576401,
       3.82012774, 2.13629303, 0.76760519, 1.09317329, 4.1898757 ,
       3.49796193, 1.58973749, 0.81454078, 1.12718813, 3.06486662,
       4.01994616, 1.05910041, 2.74357047, 2.69998827, 0.62256427,
       6.22476916])]",[608.7382483482361]
