,problem,layers,optimizer,solutions,parameters,time
0,"{'type': 'maxcut', 'graph': {'directed': False, 'multigraph': False, 'graph': {}, 'nodes': [{'id': 0}, {'id': 1}, {'id': 2}], 'links': [{'weight': 6, 'source': 0, 'target': 1}, {'weight': 7, 'source': 0, 'target': 2}, {'weight': 1, 'source': 1, 'target': 2}]}, 'position': {0: [0.07851080556038943, 0.24969078637319295], 1: [-1.0, 0.10034683312306583], 2: [0.9214891944396112, -0.3500376194962584]}, 'solution': ([0, 1, 1], 13.0)}",24,"{'optimizer': 'COBYLA', 'maxiter': 100, 'shots': 1024, 'parameter_strategy': 'RANDOM', 'x0': None, 'backend': <QAOA_Tester.Backend.NoisyEstimatorBackend object at 0x7ff008dad5d0>}","[([0, 0, 1], -8.0)]","[array([1.26781815, 0.80684483, 4.50343254, 1.99004586, 0.27087707,
       1.24374413, 6.22691007, 2.99329372, 6.02394293, 4.55834912,
       1.03811931, 0.5659997 , 2.24709973, 6.03326798, 6.00275493,
       1.46291615, 3.56980883, 5.19242362, 4.95110291, 5.83260487,
       2.15651419, 4.41536586, 1.03523645, 5.24787954, 0.79907012,
       1.90538032, 2.86971284, 4.73668968, 4.67463668, 0.60321862,
       1.42681158, 5.28269577, 4.39903543, 5.34183909, 2.32002828,
       6.18589747, 5.74119276, 4.38178907, 0.84420711, 4.71366055,
       2.81057012, 1.78062076, 1.30782333, 1.96347468, 3.79154721,
       4.4525337 , 5.9505707 , 1.4147113 ])]",[618.9953589439392]
