,problem,layers,optimizer,solutions,parameters,time
0,"{'type': 'maxcut', 'graph': {'directed': False, 'multigraph': False, 'graph': {}, 'nodes': [{'id': 0}, {'id': 1}, {'id': 2}], 'links': [{'weight': 6, 'source': 0, 'target': 1}, {'weight': 7, 'source': 0, 'target': 2}, {'weight': 1, 'source': 1, 'target': 2}]}, 'position': {0: [0.07851080556038943, 0.24969078637319295], 1: [-1.0, 0.10034683312306583], 2: [0.9214891944396112, -0.3500376194962584]}, 'solution': ([0, 1, 1], 13.0)}",26,"{'optimizer': 'COBYLA', 'maxiter': 100, 'shots': 1024, 'parameter_strategy': 'RANDOM', 'x0': None, 'backend': <QAOA_Tester.Backend.NoisyEstimatorBackend object at 0x7fd1c96295a0>}","[([1, 1, 1], 0.0)]","[array([5.38458498, 4.31989675, 4.21751982, 0.22905585, 1.45775763,
       4.65989362, 2.22960654, 5.69458843, 3.91345838, 5.61487981,
       3.75552301, 2.750114  , 5.77892834, 3.98770413, 4.0247255 ,
       1.16143525, 2.02369328, 6.09992307, 3.64141822, 0.35106843,
       2.49376288, 2.13065528, 2.19466539, 2.49108065, 3.47922073,
       5.00762873, 2.91161873, 0.3842649 , 5.99950724, 1.049307  ,
       6.13590294, 1.50832894, 0.66260705, 2.71373787, 5.33187901,
       5.13723953, 5.80902279, 3.74763484, 0.49431039, 2.31946   ,
       1.6996223 , 4.50129206, 5.03301352, 0.10697739, 3.77977172,
       6.02186011, 3.64587208, 0.88690453, 1.75431792, 2.03189472,
       0.96246618, 3.40053025])]",[633.9107885360718]
