,problem,layers,optimizer,solutions,parameters,time
0,"{'type': 'maxcut', 'graph': {'directed': False, 'multigraph': False, 'graph': {}, 'nodes': [{'id': 0}, {'id': 1}, {'id': 2}], 'links': [{'weight': 6, 'source': 0, 'target': 1}, {'weight': 7, 'source': 0, 'target': 2}, {'weight': 1, 'source': 1, 'target': 2}]}, 'position': {0: [0.07851080556038943, 0.24969078637319295], 1: [-1.0, 0.10034683312306583], 2: [0.9214891944396112, -0.3500376194962584]}, 'solution': ([0, 1, 1], 13.0)}",27,"{'optimizer': 'COBYLA', 'maxiter': 100, 'shots': 1024, 'parameter_strategy': 'RANDOM', 'x0': None, 'backend': <QAOA_Tester.Backend.NoisyEstimatorBackend object at 0x7f135b3d7e20>}","[([0, 1, 1], -13.0)]","[array([2.7260074 , 2.12346795, 4.19886749, 3.43311867, 1.98915458,
       5.45554281, 2.24231372, 4.39922642, 3.62214172, 3.41802879,
       4.60594212, 6.21605773, 0.35923528, 2.78756544, 4.21229268,
       1.97995404, 0.4364825 , 4.65720178, 4.62837432, 0.1791119 ,
       3.35775297, 3.91986305, 4.83922034, 2.84161262, 5.56181321,
       4.78851984, 0.87601227, 4.41725867, 5.17551095, 1.71018757,
       3.46637508, 3.90646276, 0.63442992, 5.303687  , 3.84847518,
       4.77005102, 5.99490497, 4.43557159, 3.23709882, 2.39286819,
       3.42112423, 5.47289089, 1.8459488 , 3.19203717, 1.9108591 ,
       5.54732536, 0.41001271, 3.77885826, 1.21107238, 3.40241999,
       3.16782671, 3.33612323, 1.07407068, 1.41286606])]",[565.6294136047363]
