,problem,layers,optimizer,solutions,parameters,time
0,"{'type': 'maxcut', 'graph': {'directed': False, 'multigraph': False, 'graph': {}, 'nodes': [{'id': 0}, {'id': 1}, {'id': 2}], 'links': [{'weight': 6, 'source': 0, 'target': 1}, {'weight': 7, 'source': 0, 'target': 2}, {'weight': 1, 'source': 1, 'target': 2}]}, 'position': {0: [0.07851080556038943, 0.24969078637319295], 1: [-1.0, 0.10034683312306583], 2: [0.9214891944396112, -0.3500376194962584]}, 'solution': ([0, 1, 1], 13.0)}",21,"{'optimizer': 'COBYLA', 'maxiter': 100, 'shots': 1024, 'parameter_strategy': 'RANDOM', 'x0': None, 'backend': <QAOA_Tester.Backend.NoisyEstimatorBackend object at 0x7f3966259960>}","[([1, 0, 1], -7.0)]","[array([1.53560233, 2.3354025 , 5.82252718, 4.65932383, 0.99905373,
       0.39897842, 4.08012674, 2.28806365, 3.65220987, 1.40718458,
       5.75044148, 1.17059194, 2.45648884, 2.00579785, 5.38701652,
       5.56142302, 5.58998088, 3.16439176, 6.3301635 , 3.36108507,
       8.36557179, 5.85383529, 3.69637947, 4.62098607, 4.13213149,
       4.81566472, 2.95767568, 4.09840066, 3.30855159, 1.47281286,
       3.61046765, 5.5410784 , 1.10874566, 4.72416803, 4.8650785 ,
       1.23720629, 2.05148856, 5.7466012 , 4.37470524, 2.43109156,
       1.08115989, 0.49798526])]",[566.8971648216248]
