,problem,layers,optimizer,solutions,parameters,time
0,"{'type': 'maxcut', 'graph': {'directed': False, 'multigraph': False, 'graph': {}, 'nodes': [{'id': 0}, {'id': 1}, {'id': 2}], 'links': [{'weight': 6, 'source': 0, 'target': 1}, {'weight': 7, 'source': 0, 'target': 2}, {'weight': 1, 'source': 1, 'target': 2}]}, 'position': {0: [0.07851080556038943, 0.24969078637319295], 1: [-1.0, 0.10034683312306583], 2: [0.9214891944396112, -0.3500376194962584]}, 'solution': ([0, 1, 1], 13.0)}",21,"{'optimizer': 'COBYLA', 'maxiter': 100, 'shots': 1024, 'parameter_strategy': 'RANDOM', 'x0': None, 'backend': <QAOA_Tester.Backend.NoisyEstimatorBackend object at 0x7f15f4f41390>}","[([0, 0, 0], 0.0)]","[array([6.08711614, 5.63065654, 0.30697757, 2.91879601, 5.33186053,
       3.40175846, 3.48292   , 0.90774115, 3.26965812, 4.68427631,
       4.77051627, 2.37125622, 4.33166407, 0.25908883, 3.93173085,
       5.28907287, 6.13610254, 5.22182576, 0.82645467, 4.25347194,
       2.74500147, 2.0908434 , 4.54551311, 1.56182529, 0.88734175,
       0.23487351, 1.4085611 , 6.25445455, 5.06807194, 1.12874734,
       5.86093906, 2.50249147, 3.7434999 , 0.47184073, 3.34603712,
       4.62361609, 4.24486301, 1.69221911, 5.04396806, 0.58744362,
       4.97579462, 4.0152115 ])]",[562.4984543323517]
