,problem,layers,optimizer,solutions,parameters,time
0,"{'type': 'maxcut', 'graph': {'directed': False, 'multigraph': False, 'graph': {}, 'nodes': [{'id': 0}, {'id': 1}, {'id': 2}], 'links': [{'weight': 6, 'source': 0, 'target': 1}, {'weight': 7, 'source': 0, 'target': 2}, {'weight': 1, 'source': 1, 'target': 2}]}, 'position': {0: [0.07851080556038943, 0.24969078637319295], 1: [-1.0, 0.10034683312306583], 2: [0.9214891944396112, -0.3500376194962584]}, 'solution': ([0, 1, 1], 13.0)}",16,"{'optimizer': 'COBYLA', 'maxiter': 100, 'shots': 1024, 'parameter_strategy': 'RANDOM', 'x0': None, 'backend': <QAOA_Tester.Backend.NoisyEstimatorBackend object at 0x7fd199993d60>}","[([1, 0, 0], -13.0)]","[array([2.30519443, 1.90906085, 3.77797068, 1.28359647, 1.66295737,
       5.84744218, 3.3900478 , 3.43435632, 5.57815336, 3.37575596,
       1.69996844, 4.90353329, 2.51024505, 0.52594926, 0.28119339,
       5.12778792, 4.25683903, 0.15170017, 1.53824803, 1.30689337,
       5.07878218, 4.74109778, 1.56213403, 3.82325323, 3.86038788,
       0.70463625, 4.5623186 , 2.94171008, 1.74535621, 5.63428429,
       4.86582927, 1.7979285 ])]",[589.7245619297028]
