,problem,layers,optimizer,solutions,parameters,time
0,"{'type': 'maxcut', 'graph': {'directed': False, 'multigraph': False, 'graph': {}, 'nodes': [{'id': 0}, {'id': 1}, {'id': 2}], 'links': [{'weight': 6, 'source': 0, 'target': 1}, {'weight': 7, 'source': 0, 'target': 2}, {'weight': 1, 'source': 1, 'target': 2}]}, 'position': {0: [0.07851080556038943, 0.24969078637319295], 1: [-1.0, 0.10034683312306583], 2: [0.9214891944396112, -0.3500376194962584]}, 'solution': ([0, 1, 1], 13.0)}",28,"{'optimizer': 'COBYLA', 'maxiter': 100, 'shots': 1024, 'parameter_strategy': 'RANDOM', 'x0': None, 'backend': <QAOA_Tester.Backend.NoisyEstimatorBackend object at 0x7f7baabd12d0>}","[([1, 1, 0], -8.0)]","[array([5.50997884, 3.90855828, 4.54733624, 5.41319165, 5.97495534,
       4.23965107, 0.88201204, 1.47006487, 1.78759675, 5.86334696,
       0.76070476, 5.7961258 , 1.25805459, 3.77927019, 5.1719061 ,
       3.19666322, 0.59079049, 0.87024891, 4.40769457, 2.32486485,
       4.16914044, 3.31651388, 4.15678698, 4.51885584, 5.39189253,
       1.41045283, 4.23865994, 2.86045934, 1.39098992, 2.92887682,
       0.49879032, 4.89384634, 3.63836295, 5.50130704, 1.57789555,
       3.49837272, 1.23415938, 0.91020536, 1.28413123, 4.02157712,
       3.88206653, 0.80469566, 5.99996821, 5.9180534 , 3.20530145,
       0.72700276, 3.88055629, 4.56344314, 3.3940972 , 5.80789282,
       3.99736134, 1.84706234, 1.08715549, 0.96727029, 3.15678027,
       4.08657028])]",[580.392650604248]
