,problem,layers,optimizer,solutions,parameters,time
0,"{'type': 'maxcut', 'graph': {'directed': False, 'multigraph': False, 'graph': {}, 'nodes': [{'id': 0}, {'id': 1}, {'id': 2}], 'links': [{'weight': 6, 'source': 0, 'target': 1}, {'weight': 7, 'source': 0, 'target': 2}, {'weight': 1, 'source': 1, 'target': 2}]}, 'position': {0: [0.07851080556038943, 0.24969078637319295], 1: [-1.0, 0.10034683312306583], 2: [0.9214891944396112, -0.3500376194962584]}, 'solution': ([0, 1, 1], 13.0)}",25,"{'optimizer': 'COBYLA', 'maxiter': 100, 'shots': 1024, 'parameter_strategy': 'RANDOM', 'x0': None, 'backend': <QAOA_Tester.Backend.NoisyEstimatorBackend object at 0x7fa37a779960>}","[([1, 0, 1], -7.0)]","[array([3.83768752, 5.92059583, 5.45124634, 1.11803939, 2.31091134,
       3.66254618, 6.03006093, 0.41141116, 5.13329861, 3.38810801,
       4.33341463, 4.63479941, 5.74830729, 3.57965193, 2.36732765,
       5.85381532, 0.11300471, 1.09499289, 0.25774311, 5.314908  ,
       2.41601631, 2.52917955, 5.90297311, 4.9135603 , 5.89209802,
       3.9571312 , 6.27800686, 6.10604208, 6.15592985, 5.55142234,
       0.34892845, 1.25439393, 2.84864181, 1.63755243, 0.80669235,
       3.66560542, 4.89520136, 3.35494747, 3.57201786, 1.09556607,
       1.52248058, 3.69427431, 0.73286568, 0.21555961, 5.95319969,
       1.96163802, 2.97117445, 2.33552039, 5.62962667, 1.19837081])]",[566.0673291683197]
