,problem,layers,optimizer,solutions,parameters,time
0,"{'type': 'maxcut', 'graph': {'directed': False, 'multigraph': False, 'graph': {}, 'nodes': [{'id': 0}, {'id': 1}, {'id': 2}], 'links': [{'weight': 6, 'source': 0, 'target': 1}, {'weight': 7, 'source': 0, 'target': 2}, {'weight': 1, 'source': 1, 'target': 2}]}, 'position': {0: [0.07851080556038943, 0.24969078637319295], 1: [-1.0, 0.10034683312306583], 2: [0.9214891944396112, -0.3500376194962584]}, 'solution': ([0, 1, 1], 13.0)}",30,"{'optimizer': 'COBYLA', 'maxiter': 100, 'shots': 1024, 'parameter_strategy': 'RANDOM', 'x0': None, 'backend': <QAOA_Tester.Backend.NoisyEstimatorBackend object at 0x7f5634a995a0>}","[([0, 0, 0], 0.0)]","[array([ 1.77867109,  1.48548726,  0.46392915,  1.21485642,  4.90256074,
        5.03474913,  3.11373049,  0.1287127 ,  2.79434584,  5.3248323 ,
        2.28538454,  3.92262522,  0.18573898,  4.12759325,  4.01949763,
        4.13953108,  6.17474676,  2.21133109,  1.03759786,  1.17032449,
        5.0637938 ,  3.60907759, -0.062145  ,  1.14775422,  2.4642634 ,
        2.13643943,  5.81323333,  2.52199917,  3.15648609,  5.566056  ,
        0.30217396,  4.16252887,  0.33013126,  0.66265555,  0.35374134,
        3.64092023,  4.31353239,  3.39695082,  4.9010021 ,  4.57762314,
        2.83124667,  4.56762191,  1.40638629,  0.86584494,  1.19951341,
        2.88723249,  0.48624447,  5.53200909,  1.51900356,  3.84434763,
        4.64924572,  1.17365122,  1.03867296,  5.2389861 ,  4.31513675,
        6.03217961,  0.44612981,  1.26825089,  3.1778734 ,  6.08049594])]",[509.4766697883606]
