,problem,layers,optimizer,solutions,parameters,time
0,"{'type': 'maxcut', 'graph': {'directed': False, 'multigraph': False, 'graph': {}, 'nodes': [{'id': 0}, {'id': 1}, {'id': 2}], 'links': [{'weight': 6, 'source': 0, 'target': 1}, {'weight': 7, 'source': 0, 'target': 2}, {'weight': 1, 'source': 1, 'target': 2}]}, 'position': {0: [0.07851080556038943, 0.24969078637319295], 1: [-1.0, 0.10034683312306583], 2: [0.9214891944396112, -0.3500376194962584]}, 'solution': ([0, 1, 1], 13.0)}",29,"{'optimizer': 'COBYLA', 'maxiter': 100, 'shots': 1024, 'parameter_strategy': 'RANDOM', 'x0': None, 'backend': <QAOA_Tester.Backend.NoisyEstimatorBackend object at 0x7fc1bfcd5510>}","[([1, 0, 1], -7.0)]","[array([1.71128979, 6.13289437, 3.63564266, 0.92802227, 2.05844903,
       6.26404789, 0.40482432, 4.77364986, 4.97239577, 1.6731556 ,
       3.70706568, 0.11375065, 5.48342268, 2.44102026, 2.00671889,
       6.15793253, 6.20865292, 5.62644346, 1.38869504, 5.44976038,
       2.00017491, 1.08209777, 1.24723666, 3.53138717, 0.46851427,
       2.19199521, 0.56564717, 5.52038374, 0.56180738, 4.97677821,
       5.0940433 , 2.23648937, 6.03233693, 2.81367471, 0.58910244,
       2.19003104, 3.25846769, 0.19369324, 5.97824837, 5.32328526,
       5.09484706, 4.67004496, 6.19835519, 1.87443059, 0.61745131,
       4.27835633, 5.52936845, 0.50016278, 6.10578903, 4.23838114,
       4.74783133, 5.28061671, 4.45839275, 0.16260082, 4.37112841,
       5.3969222 , 1.41418025, 3.76425894])]",[598.3273923397064]
