,problem,layers,optimizer,solutions,parameters,time
0,"{'type': 'maxcut', 'graph': {'directed': False, 'multigraph': False, 'graph': {}, 'nodes': [{'id': 0}, {'id': 1}, {'id': 2}], 'links': [{'weight': 6, 'source': 0, 'target': 1}, {'weight': 7, 'source': 0, 'target': 2}, {'weight': 1, 'source': 1, 'target': 2}]}, 'position': {0: [0.07851080556038943, 0.24969078637319295], 1: [-1.0, 0.10034683312306583], 2: [0.9214891944396112, -0.3500376194962584]}, 'solution': ([0, 1, 1], 13.0)}",19,"{'optimizer': 'COBYLA', 'maxiter': 100, 'shots': 1024, 'parameter_strategy': 'RANDOM', 'x0': None, 'backend': <QAOA_Tester.Backend.NoisyEstimatorBackend object at 0x7f6a75b37b20>}","[([1, 1, 1], 0.0)]","[array([2.95588673, 6.03082092, 1.68720218, 6.02254272, 2.97399743,
       0.80380045, 5.50337707, 6.00905593, 2.94879922, 0.50870058,
       5.26213224, 0.68452294, 2.35674653, 3.59110071, 5.68442083,
       4.81481632, 1.88671944, 1.99613203, 3.0487359 , 4.39667244,
       6.20360657, 2.59500755, 5.57279102, 2.27270806, 1.87978188,
       2.23007145, 0.91226499, 2.48041537, 0.79106466, 3.31011793,
       2.65580326, 1.0275493 , 5.00993443, 5.93974342, 0.91491153,
       1.50537361, 0.02225936, 3.43784353])]",[595.0696165561676]
