,problem,layers,optimizer,solutions,parameters,time
0,"{'type': 'maxcut', 'graph': {'directed': False, 'multigraph': False, 'graph': {}, 'nodes': [{'id': 0}, {'id': 1}, {'id': 2}], 'links': [{'weight': 6, 'source': 0, 'target': 1}, {'weight': 7, 'source': 0, 'target': 2}, {'weight': 1, 'source': 1, 'target': 2}]}, 'position': {0: [0.07851080556038943, 0.24969078637319295], 1: [-1.0, 0.10034683312306583], 2: [0.9214891944396112, -0.3500376194962584]}, 'solution': ([0, 1, 1], 13.0)}",22,"{'optimizer': 'COBYLA', 'maxiter': 100, 'shots': 1024, 'parameter_strategy': 'RANDOM', 'x0': None, 'backend': <QAOA_Tester.Backend.NoisyEstimatorBackend object at 0x7f1ced7491e0>}","[([1, 1, 1], 0.0)]","[array([0.63520086, 1.93991752, 4.10454454, 5.07905154, 2.38954754,
       1.55987163, 5.50501532, 5.48069011, 5.68972942, 0.93030988,
       0.52707926, 0.64444729, 6.00086805, 5.52437067, 1.63471128,
       4.93690905, 0.68445478, 3.73292668, 4.36128862, 5.93821076,
       6.26090905, 2.03147728, 0.72630616, 6.11215058, 2.85144919,
       5.74984127, 1.36301159, 2.66239104, 0.40610306, 5.67866787,
       5.24275868, 1.9378005 , 0.50249859, 5.51252776, 0.99673373,
       4.30523696, 2.35609639, 6.08649588, 1.0731358 , 1.62086432,
       3.29639967, 1.8083031 , 1.22215629, 3.15005188])]",[615.2161893844604]
