,problem,layers,optimizer,solutions,parameters,time
0,"{'type': 'maxcut', 'graph': {'directed': False, 'multigraph': False, 'graph': {}, 'nodes': [{'id': 0}, {'id': 1}, {'id': 2}], 'links': [{'weight': 6, 'source': 0, 'target': 1}, {'weight': 7, 'source': 0, 'target': 2}, {'weight': 1, 'source': 1, 'target': 2}]}, 'position': {0: [0.07851080556038943, 0.24969078637319295], 1: [-1.0, 0.10034683312306583], 2: [0.9214891944396112, -0.3500376194962584]}, 'solution': ([0, 1, 1], 13.0)}",25,"{'optimizer': 'COBYLA', 'maxiter': 100, 'shots': 1024, 'parameter_strategy': 'RANDOM', 'x0': None, 'backend': <QAOA_Tester.Backend.NoisyEstimatorBackend object at 0x7f6c11114df0>}","[([1, 0, 0], -13.0)]","[array([4.54466083, 2.58724185, 1.2597617 , 0.65289254, 3.07874134,
       5.58007899, 3.60688524, 3.97680492, 1.79719363, 5.88628512,
       3.20489037, 3.78184241, 6.12358826, 5.34858974, 4.6416725 ,
       2.79511933, 3.5560229 , 2.45778186, 3.35090507, 0.69119992,
       5.42281139, 0.05349488, 4.07698233, 4.93156095, 1.68638022,
       0.88256896, 2.48260337, 2.77627407, 0.36745149, 1.02884255,
       4.5272866 , 0.90110267, 0.81267946, 2.55036087, 6.24197572,
       3.27971223, 4.19251815, 5.21144124, 4.3649348 , 1.94792472,
       2.31604998, 0.2959409 , 4.02066996, 4.75623273, 0.71950021,
       0.90822255, 2.09634973, 0.388936  , 3.57793807, 3.48997938])]",[566.797768831253]
