,problem,layers,optimizer,solutions,parameters,time
0,"{'type': 'maxcut', 'graph': {'directed': False, 'multigraph': False, 'graph': {}, 'nodes': [{'id': 0}, {'id': 1}, {'id': 2}], 'links': [{'weight': 6, 'source': 0, 'target': 1}, {'weight': 7, 'source': 0, 'target': 2}, {'weight': 1, 'source': 1, 'target': 2}]}, 'position': {0: [0.07851080556038943, 0.24969078637319295], 1: [-1.0, 0.10034683312306583], 2: [0.9214891944396112, -0.3500376194962584]}, 'solution': ([0, 1, 1], 13.0)}",24,"{'optimizer': 'COBYLA', 'maxiter': 100, 'shots': 1024, 'parameter_strategy': 'RANDOM', 'x0': None, 'backend': <QAOA_Tester.Backend.NoisyEstimatorBackend object at 0x7fa5dfbe19c0>}","[([0, 0, 0], 0.0)]","[array([6.00187554, 5.51711   , 2.79956662, 2.63821775, 2.56638104,
       0.78831374, 5.54592616, 4.54929391, 3.53152323, 0.42462516,
       3.41781903, 3.22107221, 6.21301637, 5.32818803, 6.2505877 ,
       1.0322049 , 2.87052027, 1.89005961, 1.25571476, 6.08692966,
       1.66425881, 0.81623119, 3.56659342, 6.18293938, 0.54354015,
       0.65095995, 4.10255882, 1.10463896, 4.99135305, 4.78126016,
       5.46998871, 1.97086139, 2.42303755, 3.53524141, 4.99314282,
       6.25844085, 0.43783955, 5.63286442, 6.06140059, 2.30862504,
       1.15295489, 1.29535117, 0.35768644, 5.59570497, 4.64617487,
       2.28459955, 3.99918462, 4.32810568])]",[576.5984816551208]
