,problem,layers,optimizer,solutions,parameters,time
0,"{'type': 'maxcut', 'graph': {'directed': False, 'multigraph': False, 'graph': {}, 'nodes': [{'id': 0}, {'id': 1}, {'id': 2}], 'links': [{'weight': 6, 'source': 0, 'target': 1}, {'weight': 7, 'source': 0, 'target': 2}, {'weight': 1, 'source': 1, 'target': 2}]}, 'position': {0: [0.07851080556038943, 0.24969078637319295], 1: [-1.0, 0.10034683312306583], 2: [0.9214891944396112, -0.3500376194962584]}, 'solution': ([0, 1, 1], 13.0)}",22,"{'optimizer': 'COBYLA', 'maxiter': 100, 'shots': 1024, 'parameter_strategy': 'RANDOM', 'x0': None, 'backend': <QAOA_Tester.Backend.NoisyEstimatorBackend object at 0x7f2796cb1960>}","[([1, 0, 1], -7.0)]","[array([1.56945231, 0.70339309, 2.88434715, 3.23333809, 0.44689381,
       5.64890678, 6.0088435 , 2.28836662, 0.61972677, 5.56982661,
       1.65911052, 3.60268244, 4.25498345, 4.50246294, 5.36378532,
       2.36341921, 1.01916094, 2.09857135, 5.96371559, 6.19106421,
       4.32856859, 4.21831441, 6.28040781, 0.93028378, 4.99772142,
       2.32144548, 2.27406323, 0.36376363, 1.19611824, 2.64776191,
       4.48132504, 5.42706664, 3.46855976, 0.11515603, 5.6095695 ,
       2.61105875, 3.98598533, 5.85072848, 3.51471855, 0.62604653,
       2.53691517, 2.19618435, 4.01167928, 2.89405456])]",[570.3710827827454]
