,problem,layers,optimizer,solutions,parameters,time
0,"{'type': 'maxcut', 'graph': {'directed': False, 'multigraph': False, 'graph': {}, 'nodes': [{'id': 0}, {'id': 1}, {'id': 2}], 'links': [{'weight': 6, 'source': 0, 'target': 1}, {'weight': 7, 'source': 0, 'target': 2}, {'weight': 1, 'source': 1, 'target': 2}]}, 'position': {0: [0.07851080556038943, 0.24969078637319295], 1: [-1.0, 0.10034683312306583], 2: [0.9214891944396112, -0.3500376194962584]}, 'solution': ([0, 1, 1], 13.0)}",26,"{'optimizer': 'COBYLA', 'maxiter': 100, 'shots': 1024, 'parameter_strategy': 'RANDOM', 'x0': None, 'backend': <QAOA_Tester.Backend.NoisyEstimatorBackend object at 0x7fa749969390>}","[([0, 0, 0], 0.0)]","[array([2.63046238, 3.86893874, 4.51028448, 2.87481867, 6.16650668,
       4.46354125, 0.91345481, 4.12876586, 0.38437717, 1.07481247,
       1.29705862, 2.00275001, 5.46208225, 5.51999923, 2.10836557,
       1.70649359, 1.38116024, 2.68512666, 0.38245088, 1.59527418,
       6.04550944, 4.76687953, 2.85654516, 5.73833937, 4.77774105,
       4.55405712, 3.83279467, 4.56374519, 0.67412025, 4.35587993,
       1.12699132, 3.40423993, 1.54282842, 4.96389934, 0.48675339,
       5.49770627, 5.89214137, 1.20143852, 5.30602702, 2.55128193,
       2.40635847, 5.63309988, 5.41947491, 2.39710399, 5.65334434,
       3.7307754 , 4.74523838, 2.0938915 , 4.86038435, 5.87091056,
       0.10564623, 3.05815007])]",[597.0172798633575]
