,problem,layers,optimizer,solutions,parameters,time
0,"{'type': 'maxcut', 'graph': {'directed': False, 'multigraph': False, 'graph': {}, 'nodes': [{'id': 0}, {'id': 1}, {'id': 2}], 'links': [{'weight': 6, 'source': 0, 'target': 1}, {'weight': 7, 'source': 0, 'target': 2}, {'weight': 1, 'source': 1, 'target': 2}]}, 'position': {0: [0.07851080556038943, 0.24969078637319295], 1: [-1.0, 0.10034683312306583], 2: [0.9214891944396112, -0.3500376194962584]}, 'solution': ([0, 1, 1], 13.0)}",24,"{'optimizer': 'COBYLA', 'maxiter': 100, 'shots': 1024, 'parameter_strategy': 'RANDOM', 'x0': None, 'backend': <QAOA_Tester.Backend.NoisyEstimatorBackend object at 0x7fe7609e1360>}","[([1, 0, 0], -13.0)]","[array([3.70829558e+00, 3.31258272e+00, 6.87836113e-01, 2.39983735e-01,
       4.82176507e+00, 4.51493623e+00, 1.89754575e+00, 1.40438156e+00,
       3.35259271e+00, 1.11898524e+00, 5.75372404e-01, 6.06596536e+00,
       5.34335540e-01, 2.46122677e+00, 6.80319901e-01, 2.59343654e+00,
       4.81853640e+00, 4.72728583e+00, 1.07522847e+00, 2.28681537e+00,
       2.76247855e+00, 2.69711777e+00, 5.98518647e+00, 3.03855833e+00,
       1.87825646e+00, 4.76716320e+00, 3.25156367e+00, 6.08498887e+00,
       4.07159860e+00, 4.88085410e+00, 3.74058246e+00, 6.04742311e+00,
       4.75559018e+00, 3.02522893e-01, 3.74633706e+00, 4.11719520e+00,
       3.15837000e+00, 5.52785389e+00, 2.86608053e+00, 1.60224103e-01,
       5.18983193e+00, 2.79308490e+00, 3.07042699e+00, 4.91882370e-03,
       2.16575043e+00, 4.88796267e-01, 3.56091313e+00, 2.31674191e+00])]",[580.7736368179321]
