,problem,layers,optimizer,solutions,parameters,time
0,"{'type': 'maxcut', 'graph': {'directed': False, 'multigraph': False, 'graph': {}, 'nodes': [{'id': 0}, {'id': 1}, {'id': 2}], 'links': [{'weight': 6, 'source': 0, 'target': 1}, {'weight': 7, 'source': 0, 'target': 2}, {'weight': 1, 'source': 1, 'target': 2}]}, 'position': {0: [0.07851080556038943, 0.24969078637319295], 1: [-1.0, 0.10034683312306583], 2: [0.9214891944396112, -0.3500376194962584]}, 'solution': ([0, 1, 1], 13.0)}",13,"{'optimizer': 'COBYLA', 'maxiter': 100, 'shots': 1024, 'parameter_strategy': 'RANDOM', 'x0': None, 'backend': <QAOA_Tester.Backend.NoisyEstimatorBackend object at 0x7f5599db76d0>}","[([0, 1, 0], -7.0)]","[array([1.24192125, 0.76026995, 4.5675215 , 4.79710174, 4.33867043,
       5.39064522, 2.42697342, 3.01381432, 1.13507583, 1.01335363,
       2.41108166, 5.28755254, 6.16174599, 5.08265511, 1.19776395,
       4.74154826, 1.6369389 , 2.18610437, 1.70022932, 3.86929034,
       4.90821458, 2.36972258, 3.85362393, 0.09711924, 5.44569815,
       3.01492357])]",[611.295303106308]
