,problem,layers,optimizer,solutions,parameters,time
0,"{'type': 'maxcut', 'graph': {'directed': False, 'multigraph': False, 'graph': {}, 'nodes': [{'id': 0}, {'id': 1}, {'id': 2}], 'links': [{'weight': 6, 'source': 0, 'target': 1}, {'weight': 7, 'source': 0, 'target': 2}, {'weight': 1, 'source': 1, 'target': 2}]}, 'position': {0: [0.07851080556038943, 0.24969078637319295], 1: [-1.0, 0.10034683312306583], 2: [0.9214891944396112, -0.3500376194962584]}, 'solution': ([0, 1, 1], 13.0)}",30,"{'optimizer': 'COBYLA', 'maxiter': 100, 'shots': 1024, 'parameter_strategy': 'RANDOM', 'x0': None, 'backend': <QAOA_Tester.Backend.NoisyEstimatorBackend object at 0x7f7626569630>}","[([1, 0, 1], -7.0)]","[array([2.48322285, 4.98899091, 0.12797429, 5.39173107, 6.04201518,
       5.91881969, 0.73666824, 0.10466253, 0.1131468 , 2.24678969,
       4.6125638 , 2.58363336, 5.53435849, 5.12816609, 4.65679867,
       1.81754137, 3.05411262, 5.95230296, 3.00094098, 3.42645874,
       4.44390355, 5.18179391, 3.24813941, 3.35739012, 3.75435968,
       6.18273849, 1.53690918, 1.91512359, 0.51835706, 5.43549874,
       1.10049501, 1.06625671, 4.07584423, 3.75552012, 0.21019305,
       1.74507112, 3.88190343, 5.91556263, 4.13789425, 4.41646875,
       0.57558263, 5.01465463, 4.56536084, 0.73250104, 1.1090919 ,
       2.82758486, 0.67657355, 4.81191366, 5.14367836, 5.86806849,
       1.46063848, 3.34059634, 3.47955245, 2.81899029, 3.54920931,
       0.53129571, 4.06622032, 1.45297518, 2.8500349 , 5.11226726])]",[450.03969526290894]
