,problem,layers,optimizer,solutions,parameters,time
0,"{'type': 'maxcut', 'graph': {'directed': False, 'multigraph': False, 'graph': {}, 'nodes': [{'id': 0}, {'id': 1}, {'id': 2}], 'links': [{'weight': 6, 'source': 0, 'target': 1}, {'weight': 7, 'source': 0, 'target': 2}, {'weight': 1, 'source': 1, 'target': 2}]}, 'position': {0: [0.07851080556038943, 0.24969078637319295], 1: [-1.0, 0.10034683312306583], 2: [0.9214891944396112, -0.3500376194962584]}, 'solution': ([0, 1, 1], 13.0)}",18,"{'optimizer': 'COBYLA', 'maxiter': 100, 'shots': 1024, 'parameter_strategy': 'RANDOM', 'x0': None, 'backend': <QAOA_Tester.Backend.NoisyEstimatorBackend object at 0x7f0017c07670>}","[([1, 1, 0], -8.0)]","[array([4.17827091, 1.72166379, 1.03425552, 3.81474352, 5.73401733,
       2.39637326, 5.23323263, 0.76155774, 5.37718345, 2.46841053,
       1.56266574, 5.85782425, 5.4009169 , 3.29899287, 0.0785563 ,
       4.04527218, 3.89632421, 2.26208994, 5.95146117, 0.76595259,
       2.85370749, 5.79927084, 0.18008224, 5.70638372, 4.3710141 ,
       5.94630353, 5.56820789, 5.27432765, 3.87754953, 5.32109998,
       2.48283355, 4.1317112 , 1.23814587, 4.50095991, 4.13029322,
       3.36647326])]",[593.4817366600037]
