,problem,layers,optimizer,solutions,parameters,time
0,"{'type': 'maxcut', 'graph': {'directed': False, 'multigraph': False, 'graph': {}, 'nodes': [{'id': 0}, {'id': 1}, {'id': 2}], 'links': [{'weight': 6, 'source': 0, 'target': 1}, {'weight': 7, 'source': 0, 'target': 2}, {'weight': 1, 'source': 1, 'target': 2}]}, 'position': {0: [0.07851080556038943, 0.24969078637319295], 1: [-1.0, 0.10034683312306583], 2: [0.9214891944396112, -0.3500376194962584]}, 'solution': ([0, 1, 1], 13.0)}",27,"{'optimizer': 'COBYLA', 'maxiter': 100, 'shots': 1024, 'parameter_strategy': 'RANDOM', 'x0': None, 'backend': <QAOA_Tester.Backend.NoisyEstimatorBackend object at 0x7f182f177820>}","[([1, 0, 1], -7.0)]","[array([5.76649077, 4.27090686, 0.41995176, 3.50531694, 1.03699827,
       3.15168848, 3.30774977, 6.27346815, 4.811571  , 1.57410782,
       4.54836393, 3.93665028, 0.828142  , 1.444696  , 3.33496756,
       1.44100148, 3.33868141, 0.51048151, 1.08899908, 2.3329484 ,
       2.01722807, 4.23226503, 0.58906262, 4.01597411, 4.57366401,
       2.04443652, 1.6955923 , 2.39686473, 4.81176401, 6.12279556,
       0.87883421, 4.22051156, 2.19363693, 0.17493773, 2.60235   ,
       5.54683991, 1.8043912 , 1.69375729, 1.50222889, 1.28068566,
       6.23026436, 0.57295305, 4.97027574, 2.64430104, 1.86286293,
       2.60792689, 2.51564896, 6.06627301, 4.56415134, 5.72067263,
       0.64494253, 0.0361624 , 4.20706453, 3.03704513])]",[589.9409341812134]
