,problem,layers,optimizer,solutions,parameters,time
0,"{'type': 'maxcut', 'graph': {'directed': False, 'multigraph': False, 'graph': {}, 'nodes': [{'id': 0}, {'id': 1}, {'id': 2}], 'links': [{'weight': 6, 'source': 0, 'target': 1}, {'weight': 7, 'source': 0, 'target': 2}, {'weight': 1, 'source': 1, 'target': 2}]}, 'position': {0: [0.07851080556038943, 0.24969078637319295], 1: [-1.0, 0.10034683312306583], 2: [0.9214891944396112, -0.3500376194962584]}, 'solution': ([0, 1, 1], 13.0)}",25,"{'optimizer': 'COBYLA', 'maxiter': 100, 'shots': 1024, 'parameter_strategy': 'RANDOM', 'x0': None, 'backend': <QAOA_Tester.Backend.NoisyEstimatorBackend object at 0x7fdabd615570>}","[([1, 0, 1], -7.0)]","[array([0.93901597, 5.89724634, 5.17740494, 2.95273636, 3.91308349,
       1.09522287, 5.82252679, 5.08049115, 3.9641305 , 2.31885687,
       1.07792053, 0.97691955, 0.77710082, 0.58710022, 5.20897395,
       3.54586585, 3.16463095, 2.93722307, 1.20512309, 1.76469229,
       4.21661312, 1.00915463, 1.52754036, 0.84514156, 2.85791925,
       4.92141382, 1.66427236, 0.32485206, 5.7953183 , 4.3222087 ,
       2.34832011, 0.52934513, 5.11283691, 3.95613782, 1.08701095,
       4.36551896, 5.17918769, 3.83071148, 0.87960473, 0.92458231,
       3.39876344, 4.034002  , 2.32573373, 6.12865817, 5.82382016,
       5.19580524, 0.2109988 , 1.85556442, 6.07090121, 5.828564  ])]",[601.7218072414398]
