,problem,layers,optimizer,solutions,parameters,time
0,"{'type': 'maxcut', 'graph': {'directed': False, 'multigraph': False, 'graph': {}, 'nodes': [{'id': 0}, {'id': 1}, {'id': 2}], 'links': [{'weight': 6, 'source': 0, 'target': 1}, {'weight': 7, 'source': 0, 'target': 2}, {'weight': 1, 'source': 1, 'target': 2}]}, 'position': {0: [0.07851080556038943, 0.24969078637319295], 1: [-1.0, 0.10034683312306583], 2: [0.9214891944396112, -0.3500376194962584]}, 'solution': ([0, 1, 1], 13.0)}",26,"{'optimizer': 'COBYLA', 'maxiter': 100, 'shots': 1024, 'parameter_strategy': 'RANDOM', 'x0': None, 'backend': <QAOA_Tester.Backend.NoisyEstimatorBackend object at 0x7f5938fd7370>}","[([1, 1, 1], 0.0)]","[array([5.81974243, 0.89396629, 3.16799402, 3.4499679 , 0.85364716,
       5.25017468, 0.12959449, 0.33548065, 0.86870702, 3.35215603,
       3.46097482, 0.30400355, 3.32041987, 3.5035805 , 0.34928525,
       3.57883471, 2.94572273, 5.92102035, 4.28420055, 6.17590461,
       0.00694292, 2.63450575, 0.96438659, 2.70176492, 1.59402647,
       4.27662868, 4.56541828, 6.07149121, 4.66714424, 3.53432557,
       2.16915584, 1.43478196, 0.20070049, 1.50132532, 0.13832919,
       5.13086528, 3.7862063 , 1.74593863, 5.3103928 , 2.55136715,
       4.8300427 , 6.13639561, 5.42590005, 5.16446198, 0.77526965,
       0.72425559, 1.17913423, 1.8254002 , 0.73221678, 5.4677631 ,
       2.32999573, 5.42648165])]",[617.5922384262085]
