,problem,layers,optimizer,solutions,parameters,time
0,"{'type': 'maxcut', 'graph': {'directed': False, 'multigraph': False, 'graph': {}, 'nodes': [{'id': 0}, {'id': 1}, {'id': 2}], 'links': [{'weight': 6, 'source': 0, 'target': 1}, {'weight': 7, 'source': 0, 'target': 2}, {'weight': 1, 'source': 1, 'target': 2}]}, 'position': {0: [0.07851080556038943, 0.24969078637319295], 1: [-1.0, 0.10034683312306583], 2: [0.9214891944396112, -0.3500376194962584]}, 'solution': ([0, 1, 1], 13.0)}",23,"{'optimizer': 'COBYLA', 'maxiter': 100, 'shots': 1024, 'parameter_strategy': 'RANDOM', 'x0': None, 'backend': <QAOA_Tester.Backend.NoisyEstimatorBackend object at 0x7fbf3b22d600>}","[([0, 1, 0], -7.0)]","[array([4.03845115, 3.22614323, 2.75253385, 3.24760633, 2.20198718,
       2.90689973, 3.30331   , 4.7357093 , 3.44059757, 3.99834421,
       2.50301483, 2.65083535, 3.45323066, 3.39764757, 2.81978186,
       4.87177517, 4.50504384, 3.21257497, 5.50793331, 0.46323985,
       0.15873783, 1.26512192, 1.52445403, 0.19933943, 5.96214181,
       4.83329015, 5.79546011, 3.67681764, 0.84633918, 5.52861707,
       0.23554   , 5.86667164, 0.36635455, 2.08392462, 2.65708467,
       4.42176103, 4.46334636, 6.08806618, 2.8029949 , 4.52007714,
       6.09991389, 2.36230394, 2.16362112, 3.41292845, 4.37775743,
       3.67543272])]",[574.7834746837616]
