,problem,layers,optimizer,solutions,parameters,time
0,"{'type': 'maxcut', 'graph': {'directed': False, 'multigraph': False, 'graph': {}, 'nodes': [{'id': 0}, {'id': 1}, {'id': 2}], 'links': [{'weight': 6, 'source': 0, 'target': 1}, {'weight': 7, 'source': 0, 'target': 2}, {'weight': 1, 'source': 1, 'target': 2}]}, 'position': {0: [0.07851080556038943, 0.24969078637319295], 1: [-1.0, 0.10034683312306583], 2: [0.9214891944396112, -0.3500376194962584]}, 'solution': ([0, 1, 1], 13.0)}",29,"{'optimizer': 'COBYLA', 'maxiter': 100, 'shots': 1024, 'parameter_strategy': 'RANDOM', 'x0': None, 'backend': <QAOA_Tester.Backend.NoisyEstimatorBackend object at 0x7f0e07ed79a0>}","[([1, 1, 0], -8.0)]","[array([4.01008028, 4.35255849, 5.36747783, 1.52495035, 1.81308291,
       5.74402065, 4.09628609, 1.58997035, 3.69843225, 2.19029083,
       4.4468064 , 4.3712409 , 1.45034807, 1.83375749, 0.08565318,
       2.52213858, 1.32151099, 2.13375733, 0.48801615, 4.53499573,
       4.94066274, 4.41268669, 3.26877292, 6.02808387, 3.98748175,
       4.87676135, 5.64380727, 0.75624278, 3.01802925, 2.14987118,
       0.1562132 , 2.05135164, 4.99128576, 2.45905335, 4.04711568,
       4.28968532, 0.13113749, 5.58195151, 1.37538454, 0.83785772,
       3.89428845, 3.45547985, 4.39036743, 3.08101256, 0.79515422,
       1.93018183, 1.83085439, 2.62702093, 6.28160022, 0.74876662,
       5.76360953, 4.61079263, 4.13234053, 0.54005398, 1.81098378,
       4.43502895, 4.00890979, 0.88653201])]",[563.7270355224609]
