,problem,layers,optimizer,solutions,parameters,time
0,"{'type': 'maxcut', 'graph': {'directed': False, 'multigraph': False, 'graph': {}, 'nodes': [{'id': 0}, {'id': 1}, {'id': 2}], 'links': [{'weight': 6, 'source': 0, 'target': 1}, {'weight': 7, 'source': 0, 'target': 2}, {'weight': 1, 'source': 1, 'target': 2}]}, 'position': {0: [0.07851080556038943, 0.24969078637319295], 1: [-1.0, 0.10034683312306583], 2: [0.9214891944396112, -0.3500376194962584]}, 'solution': ([0, 1, 1], 13.0)}",25,"{'optimizer': 'COBYLA', 'maxiter': 100, 'shots': 1024, 'parameter_strategy': 'RANDOM', 'x0': None, 'backend': <QAOA_Tester.Backend.NoisyEstimatorBackend object at 0x7f1ab3419780>}","[([0, 0, 1], -8.0)]","[array([5.23430943, 2.16150124, 5.4043121 , 6.15333485, 3.08783164,
       0.65198741, 5.40046246, 2.50636059, 1.66839806, 6.10238658,
       3.62714435, 4.21722862, 3.68683484, 2.21986828, 3.85472584,
       2.43351476, 3.41098055, 0.69217013, 5.58647686, 5.19998804,
       1.85933872, 0.45753056, 5.13272027, 5.58570705, 3.35374456,
       0.1486486 , 5.37418651, 2.18954134, 5.7966397 , 0.60632166,
       5.25692321, 0.15766762, 4.55425035, 0.17951195, 2.11138764,
       3.87370057, 1.15938122, 0.04641453, 0.60369007, 5.0085676 ,
       4.87533583, 6.08620761, 3.26615939, 5.92684383, 4.86074484,
       3.96677464, 3.12272882, 5.97465591, 5.23550318, 2.52743989])]",[577.7132818698883]
