,problem,layers,optimizer,solutions,parameters,time
0,"{'type': 'maxcut', 'graph': {'directed': False, 'multigraph': False, 'graph': {}, 'nodes': [{'id': 0}, {'id': 1}, {'id': 2}], 'links': [{'weight': 6, 'source': 0, 'target': 1}, {'weight': 7, 'source': 0, 'target': 2}, {'weight': 1, 'source': 1, 'target': 2}]}, 'position': {0: [0.07851080556038943, 0.24969078637319295], 1: [-1.0, 0.10034683312306583], 2: [0.9214891944396112, -0.3500376194962584]}, 'solution': ([0, 1, 1], 13.0)}",26,"{'optimizer': 'COBYLA', 'maxiter': 100, 'shots': 1024, 'parameter_strategy': 'RANDOM', 'x0': None, 'backend': <QAOA_Tester.Backend.NoisyEstimatorBackend object at 0x7f42dd64d420>}","[([1, 0, 1], -7.0)]","[array([ 2.6867689 ,  2.98815196,  4.20943526,  0.60217551,  5.03582984,
        4.68500275,  0.66418127,  2.97024277,  4.33088709,  5.30600879,
        3.37795085,  2.73793939,  4.06623252,  6.26177716,  5.49043052,
        0.66528269,  2.69397937,  2.77666182,  1.42562826,  4.57270624,
        0.57190557,  3.69485419,  4.70591744,  2.18725426,  4.01735973,
       -0.42802708,  4.32652419,  6.02597005,  1.62294113,  3.28696682,
        2.61975878,  1.59327081,  2.08096145,  3.66583138,  3.35220478,
        3.28433423,  4.96733883,  4.81018402,  3.4758073 ,  0.80879842,
        6.16328639,  1.48500747,  5.15040809,  1.69746015,  1.37658247,
        4.95910432,  5.77554279,  3.16718967,  4.69291278,  0.40767311,
        5.61338941,  5.61663697])]",[585.8177447319031]
