,problem,layers,optimizer,solutions,parameters,time
0,"{'type': 'maxcut', 'graph': {'directed': False, 'multigraph': False, 'graph': {}, 'nodes': [{'id': 0}, {'id': 1}, {'id': 2}], 'links': [{'weight': 6, 'source': 0, 'target': 1}, {'weight': 7, 'source': 0, 'target': 2}, {'weight': 1, 'source': 1, 'target': 2}]}, 'position': {0: [0.07851080556038943, 0.24969078637319295], 1: [-1.0, 0.10034683312306583], 2: [0.9214891944396112, -0.3500376194962584]}, 'solution': ([0, 1, 1], 13.0)}",26,"{'optimizer': 'COBYLA', 'maxiter': 100, 'shots': 1024, 'parameter_strategy': 'RANDOM', 'x0': None, 'backend': <QAOA_Tester.Backend.NoisyEstimatorBackend object at 0x7fd39c665630>}","[([0, 1, 0], -7.0)]","[array([1.7407483 , 3.012351  , 0.99301907, 3.38180513, 3.10668391,
       2.92445689, 0.31846489, 3.3449606 , 1.72430868, 4.5047174 ,
       4.08937155, 4.32922911, 3.73590804, 1.01217012, 5.39265734,
       2.58886881, 2.87852609, 5.16679942, 2.03135738, 2.88060628,
       5.00413518, 4.99730725, 1.47485789, 3.22122951, 5.61716368,
       1.12047068, 5.20283653, 5.0423912 , 4.41572927, 5.35680077,
       3.63442   , 0.01039883, 0.38252643, 0.16815391, 0.29854716,
       1.73217743, 5.75086526, 6.2591765 , 3.26056419, 1.45129116,
       4.01526488, 3.50025828, 5.82411201, 1.66984983, 3.80993119,
       0.88643398, 2.87466212, 4.83856206, 1.84387138, 0.09222989,
       5.49028329, 0.12589673])]",[599.337943315506]
