,problem,layers,optimizer,solutions,parameters,time
0,"{'type': 'maxcut', 'graph': {'directed': False, 'multigraph': False, 'graph': {}, 'nodes': [{'id': 0}, {'id': 1}, {'id': 2}], 'links': [{'weight': 6, 'source': 0, 'target': 1}, {'weight': 7, 'source': 0, 'target': 2}, {'weight': 1, 'source': 1, 'target': 2}]}, 'position': {0: [0.07851080556038943, 0.24969078637319295], 1: [-1.0, 0.10034683312306583], 2: [0.9214891944396112, -0.3500376194962584]}, 'solution': ([0, 1, 1], 13.0)}",16,"{'optimizer': 'COBYLA', 'maxiter': 100, 'shots': 1024, 'parameter_strategy': 'RANDOM', 'x0': None, 'backend': <QAOA_Tester.Backend.NoisyEstimatorBackend object at 0x7f0e24861ab0>}","[([1, 1, 1], 0.0)]","[array([2.88322092, 3.75413768, 0.8985147 , 1.60822106, 1.21316381,
       0.38125863, 4.67398993, 0.06575333, 4.40574171, 1.84548391,
       6.07081215, 0.23647378, 4.28698005, 4.64936406, 5.38193306,
       3.77529892, 3.35422732, 3.92007084, 5.34482649, 3.33517883,
       2.22804433, 2.41516955, 1.08399606, 4.62361695, 1.52115092,
       6.17137878, 0.92858117, 4.6607404 , 2.14037184, 0.48239766,
       2.87285152, 2.08136806])]",[580.6698577404022]
