,problem,layers,optimizer,solutions,parameters,time
0,"{'type': 'maxcut', 'graph': {'directed': False, 'multigraph': False, 'graph': {}, 'nodes': [{'id': 0}, {'id': 1}, {'id': 2}], 'links': [{'weight': 6, 'source': 0, 'target': 1}, {'weight': 7, 'source': 0, 'target': 2}, {'weight': 1, 'source': 1, 'target': 2}]}, 'position': {0: [0.07851080556038943, 0.24969078637319295], 1: [-1.0, 0.10034683312306583], 2: [0.9214891944396112, -0.3500376194962584]}, 'solution': ([0, 1, 1], 13.0)}",25,"{'optimizer': 'COBYLA', 'maxiter': 100, 'shots': 1024, 'parameter_strategy': 'RANDOM', 'x0': None, 'backend': <QAOA_Tester.Backend.NoisyEstimatorBackend object at 0x7f1677401360>}","[([1, 1, 1], 0.0)]","[array([5.18668166, 1.68418191, 0.67220859, 2.39693717, 5.02262541,
       0.83565052, 2.6144694 , 1.73131639, 1.29886733, 2.12492239,
       2.4355406 , 2.0925032 , 1.81425953, 2.35476917, 3.23269927,
       3.21953703, 5.78299924, 4.93855399, 1.63767565, 4.69888874,
       4.20536138, 3.26265558, 2.3523846 , 5.82917011, 4.20018138,
       1.02172057, 1.22539546, 3.39918302, 3.1091032 , 2.24501032,
       1.99663452, 1.63096925, 3.9636862 , 1.22573627, 5.96076317,
       2.08567655, 0.38043464, 3.89220712, 3.25373129, 4.2256803 ,
       4.74828101, 0.32673573, 5.47291437, 0.26581506, 4.37794986,
       4.71709465, 2.44890608, 4.14625465, 1.23689353, 5.43013229])]",[587.2266535758972]
