,problem,layers,optimizer,solutions,parameters,time
0,"{'type': 'maxcut', 'graph': {'directed': False, 'multigraph': False, 'graph': {}, 'nodes': [{'id': 0}, {'id': 1}, {'id': 2}], 'links': [{'weight': 6, 'source': 0, 'target': 1}, {'weight': 7, 'source': 0, 'target': 2}, {'weight': 1, 'source': 1, 'target': 2}]}, 'position': {0: [0.07851080556038943, 0.24969078637319295], 1: [-1.0, 0.10034683312306583], 2: [0.9214891944396112, -0.3500376194962584]}, 'solution': ([0, 1, 1], 13.0)}",23,"{'optimizer': 'COBYLA', 'maxiter': 100, 'shots': 1024, 'parameter_strategy': 'RANDOM', 'x0': None, 'backend': <QAOA_Tester.Backend.NoisyEstimatorBackend object at 0x7f25922c1960>}","[([0, 1, 0], -7.0)]","[array([0.58152442, 4.80861484, 5.53874005, 1.01175549, 5.1901191 ,
       5.57076658, 5.65917155, 3.23785366, 3.75817075, 4.92130202,
       0.46946094, 3.36016882, 0.89863323, 4.35957736, 1.65495046,
       2.59780633, 2.98755586, 4.80167578, 1.01593822, 3.72745268,
       3.67496479, 3.80204732, 3.05907594, 4.02743306, 5.54222199,
       3.90839124, 3.18818716, 2.29587014, 4.50894342, 1.70145851,
       0.91139732, 2.76920581, 2.62063914, 1.90834006, 3.69698942,
       0.97087439, 1.80188248, 2.24647156, 2.60455683, 0.04748679,
       2.55326535, 4.00705383, 3.69367753, 5.14736757, 3.22249101,
       2.72552744])]",[604.5101296901703]
