,problem,layers,optimizer,solutions,parameters,time
0,"{'type': 'maxcut', 'graph': {'directed': False, 'multigraph': False, 'graph': {}, 'nodes': [{'id': 0}, {'id': 1}, {'id': 2}], 'links': [{'weight': 6, 'source': 0, 'target': 1}, {'weight': 7, 'source': 0, 'target': 2}, {'weight': 1, 'source': 1, 'target': 2}]}, 'position': {0: [0.07851080556038943, 0.24969078637319295], 1: [-1.0, 0.10034683312306583], 2: [0.9214891944396112, -0.3500376194962584]}, 'solution': ([0, 1, 1], 13.0)}",19,"{'optimizer': 'COBYLA', 'maxiter': 100, 'shots': 1024, 'parameter_strategy': 'RANDOM', 'x0': None, 'backend': <QAOA_Tester.Backend.NoisyEstimatorBackend object at 0x7f0259ec9a50>}","[([1, 1, 1], 0.0)]","[array([0.49479625, 0.88665163, 3.55463707, 3.55504239, 5.42399337,
       5.96391843, 1.61552728, 0.19391192, 2.19565627, 3.81307675,
       2.2907704 , 0.29960647, 0.36588176, 2.68334074, 2.22741509,
       2.86871179, 0.05175271, 2.44677176, 0.30815792, 0.21650506,
       1.47655064, 5.84442803, 2.34328858, 1.14726001, 4.98138713,
       0.27960833, 2.07575857, 2.04325086, 4.53042124, 6.24739775,
       5.74629088, 1.70287137, 6.130385  , 4.04681907, 3.34330215,
       3.89985346, 1.16274348, 2.31292096])]",[586.5786309242249]
