,problem,layers,optimizer,solutions,parameters,time
0,"{'type': 'maxcut', 'graph': {'directed': False, 'multigraph': False, 'graph': {}, 'nodes': [{'id': 0}, {'id': 1}, {'id': 2}], 'links': [{'weight': 6, 'source': 0, 'target': 1}, {'weight': 7, 'source': 0, 'target': 2}, {'weight': 1, 'source': 1, 'target': 2}]}, 'position': {0: [0.07851080556038943, 0.24969078637319295], 1: [-1.0, 0.10034683312306583], 2: [0.9214891944396112, -0.3500376194962584]}, 'solution': ([0, 1, 1], 13.0)}",29,"{'optimizer': 'COBYLA', 'maxiter': 100, 'shots': 1024, 'parameter_strategy': 'RANDOM', 'x0': None, 'backend': <QAOA_Tester.Backend.NoisyEstimatorBackend object at 0x7f3eacc896c0>}","[([1, 0, 1], -7.0)]","[array([3.36005854, 1.12505748, 5.89763723, 0.07118488, 4.08796634,
       0.0228495 , 3.33445861, 4.27602762, 2.39181695, 1.49153817,
       4.38360411, 2.62999773, 4.89988574, 4.59623842, 1.91663691,
       3.94958668, 0.50795072, 3.86817922, 0.18782848, 0.60483798,
       1.96616821, 2.73764756, 1.76887615, 4.65920235, 2.45067784,
       5.58484226, 3.28752873, 2.75848428, 0.67646242, 4.37371619,
       0.65453757, 2.02923128, 3.70839557, 5.28778453, 1.20466984,
       5.08632311, 4.22252206, 3.24920142, 0.63569677, 0.6318726 ,
       6.14189736, 1.99860018, 1.49681745, 3.41168572, 0.72377029,
       3.73635079, 0.77885545, 4.65994306, 5.23364371, 1.84797486,
       4.29799081, 2.43680856, 1.33220832, 3.12192294, 1.39762685,
       4.67690642, 1.6252169 , 6.04978559])]",[563.0827848911285]
