,problem,layers,optimizer,solutions,parameters,time
0,"{'type': 'maxcut', 'graph': {'directed': False, 'multigraph': False, 'graph': {}, 'nodes': [{'id': 0}, {'id': 1}, {'id': 2}], 'links': [{'weight': 6, 'source': 0, 'target': 1}, {'weight': 7, 'source': 0, 'target': 2}, {'weight': 1, 'source': 1, 'target': 2}]}, 'position': {0: [0.07851080556038943, 0.24969078637319295], 1: [-1.0, 0.10034683312306583], 2: [0.9214891944396112, -0.3500376194962584]}, 'solution': ([0, 1, 1], 13.0)}",15,"{'optimizer': 'COBYLA', 'maxiter': 100, 'shots': 1024, 'parameter_strategy': 'RANDOM', 'x0': None, 'backend': <QAOA_Tester.Backend.NoisyEstimatorBackend object at 0x7f0f168a58a0>}","[([1, 0, 1], -7.0)]","[array([2.31753133, 2.09710372, 2.25939356, 6.04598923, 4.01719085,
       2.51749659, 5.40593253, 4.24735999, 1.78783341, 6.14960803,
       1.44817928, 1.2463862 , 2.91026709, 1.78075963, 2.86151584,
       0.17661279, 5.86500764, 3.51863633, 6.06946191, 3.07920291,
       0.57271417, 3.20488051, 5.51123075, 6.02738647, 1.203762  ,
       4.85139877, 2.95478476, 6.10230645, 3.74087393, 5.47161616])]",[581.4722948074341]
