,problem,layers,optimizer,solutions,parameters,time
0,"{'type': 'maxcut', 'graph': {'directed': False, 'multigraph': False, 'graph': {}, 'nodes': [{'id': 0}, {'id': 1}, {'id': 2}], 'links': [{'weight': 6, 'source': 0, 'target': 1}, {'weight': 7, 'source': 0, 'target': 2}, {'weight': 1, 'source': 1, 'target': 2}]}, 'position': {0: [0.07851080556038943, 0.24969078637319295], 1: [-1.0, 0.10034683312306583], 2: [0.9214891944396112, -0.3500376194962584]}, 'solution': ([0, 1, 1], 13.0)}",22,"{'optimizer': 'COBYLA', 'maxiter': 100, 'shots': 1024, 'parameter_strategy': 'RANDOM', 'x0': None, 'backend': <QAOA_Tester.Backend.NoisyEstimatorBackend object at 0x7f7a493e1ab0>}","[([1, 0, 1], -7.0)]","[array([0.81911169, 3.02367688, 2.89913163, 4.63909323, 2.6271936 ,
       6.15752441, 1.41752518, 4.24881443, 1.53165027, 1.49010843,
       5.94657335, 3.67366311, 0.33843973, 1.62644591, 4.19570886,
       5.82188457, 5.36796186, 1.71343557, 4.75250072, 2.62529863,
       0.88710978, 6.49735384, 5.8872572 , 0.96521176, 5.20096338,
       1.95683487, 5.62761069, 0.84020082, 1.37168601, 0.4115493 ,
       0.80920017, 0.17905922, 1.07848864, 4.14583071, 6.24793305,
       6.20337163, 2.03171931, 3.02289065, 0.78886848, 5.46722723,
       6.12882253, 1.05396797, 5.5254415 , 1.14117881])]",[566.4779541492462]
