,problem,layers,optimizer,solutions,parameters,time
0,"{'type': 'maxcut', 'graph': {'directed': False, 'multigraph': False, 'graph': {}, 'nodes': [{'id': 0}, {'id': 1}, {'id': 2}], 'links': [{'weight': 6, 'source': 0, 'target': 1}, {'weight': 7, 'source': 0, 'target': 2}, {'weight': 1, 'source': 1, 'target': 2}]}, 'position': {0: [0.07851080556038943, 0.24969078637319295], 1: [-1.0, 0.10034683312306583], 2: [0.9214891944396112, -0.3500376194962584]}, 'solution': ([0, 1, 1], 13.0)}",24,"{'optimizer': 'COBYLA', 'maxiter': 100, 'shots': 1024, 'parameter_strategy': 'RANDOM', 'x0': None, 'backend': <QAOA_Tester.Backend.NoisyEstimatorBackend object at 0x7f5bd6f35390>}","[([0, 0, 1], -8.0)]","[array([3.16458478, 2.99562267, 2.89512705, 1.29666965, 4.15946787,
       1.61751557, 4.89307851, 1.14017235, 4.49647002, 6.10531829,
       6.18336373, 2.63202848, 1.37232986, 2.14616981, 2.31510018,
       1.3754424 , 4.34287195, 5.14562523, 2.35024401, 1.05493885,
       6.09069406, 1.21142068, 0.58996117, 1.15866769, 5.82005576,
       4.69958139, 0.22161188, 5.28339228, 0.71163111, 0.09513729,
       4.49453968, 4.37916018, 4.4439495 , 3.94626304, 4.5307741 ,
       1.77747914, 3.63801213, 1.32269977, 4.82378623, 3.2451891 ,
       0.41608458, 3.9840336 , 6.06237952, 0.11387488, 4.67360955,
       0.15497763, 2.2203582 , 0.11473758])]",[634.3210010528564]
