,problem,layers,optimizer,solutions,parameters,time
0,"{'type': 'maxcut', 'graph': {'directed': False, 'multigraph': False, 'graph': {}, 'nodes': [{'id': 0}, {'id': 1}, {'id': 2}], 'links': [{'weight': 6, 'source': 0, 'target': 1}, {'weight': 7, 'source': 0, 'target': 2}, {'weight': 1, 'source': 1, 'target': 2}]}, 'position': {0: [0.07851080556038943, 0.24969078637319295], 1: [-1.0, 0.10034683312306583], 2: [0.9214891944396112, -0.3500376194962584]}, 'solution': ([0, 1, 1], 13.0)}",13,"{'optimizer': 'COBYLA', 'maxiter': 100, 'shots': 1024, 'parameter_strategy': 'RANDOM', 'x0': None, 'backend': <QAOA_Tester.Backend.NoisyEstimatorBackend object at 0x7f2cdb6e7d30>}","[([0, 0, 0], 0.0)]","[array([2.00160129, 1.41756287, 1.80440305, 1.23196756, 4.62551282,
       5.03054762, 4.71038504, 4.13452643, 3.98741976, 2.25894103,
       4.75051831, 6.66963171, 1.69731885, 1.98806059, 5.4406687 ,
       3.22454648, 4.78132965, 5.18655958, 3.72776823, 4.846397  ,
       6.094242  , 0.10054822, 5.99577164, 1.10683707, 1.48249326,
       5.40240163])]",[601.050942659378]
