,problem,layers,optimizer,solutions,parameters,time
0,"{'type': 'maxcut', 'graph': {'directed': False, 'multigraph': False, 'graph': {}, 'nodes': [{'id': 0}, {'id': 1}, {'id': 2}], 'links': [{'weight': 6, 'source': 0, 'target': 1}, {'weight': 7, 'source': 0, 'target': 2}, {'weight': 1, 'source': 1, 'target': 2}]}, 'position': {0: [0.07851080556038943, 0.24969078637319295], 1: [-1.0, 0.10034683312306583], 2: [0.9214891944396112, -0.3500376194962584]}, 'solution': ([0, 1, 1], 13.0)}",15,"{'optimizer': 'COBYLA', 'maxiter': 100, 'shots': 1024, 'parameter_strategy': 'RANDOM', 'x0': None, 'backend': <QAOA_Tester.Backend.NoisyEstimatorBackend object at 0x7f7ea7c6d9f0>}","[([1, 1, 0], -8.0)]","[array([5.68764261, 5.69665243, 2.23123598, 4.88357217, 4.19906004,
       3.63614436, 1.23630461, 0.09869375, 2.85071063, 1.34765029,
       0.21819931, 2.92010601, 2.59121629, 2.18900081, 5.82421719,
       2.19964619, 0.04261265, 4.49629871, 3.25645422, 5.75158477,
       3.32715143, 2.77139175, 4.25068884, 3.52446038, 0.63646541,
       2.70992059, 1.90739611, 0.32794197, 3.8871593 , 5.07824694])]",[596.8843231201172]
