,problem,layers,optimizer,solutions,parameters,time
0,"{'type': 'maxcut', 'graph': {'directed': False, 'multigraph': False, 'graph': {}, 'nodes': [{'id': 0}, {'id': 1}, {'id': 2}], 'links': [{'weight': 6, 'source': 0, 'target': 1}, {'weight': 7, 'source': 0, 'target': 2}, {'weight': 1, 'source': 1, 'target': 2}]}, 'position': {0: [0.07851080556038943, 0.24969078637319295], 1: [-1.0, 0.10034683312306583], 2: [0.9214891944396112, -0.3500376194962584]}, 'solution': ([0, 1, 1], 13.0)}",24,"{'optimizer': 'COBYLA', 'maxiter': 100, 'shots': 1024, 'parameter_strategy': 'RANDOM', 'x0': None, 'backend': <QAOA_Tester.Backend.NoisyEstimatorBackend object at 0x7fa65a965720>}","[([1, 1, 0], -8.0)]","[array([3.59313437, 3.21498698, 1.13033089, 2.99807917, 5.39948537,
       2.81128691, 5.99996276, 2.82813218, 2.9804348 , 0.67997072,
       0.5442874 , 4.2013577 , 1.02757911, 1.84696835, 1.48589406,
       2.80842413, 4.08821564, 5.55381669, 4.70223092, 1.97438902,
       2.61692482, 2.44574016, 1.87583319, 2.74755001, 6.11729882,
       0.69075643, 5.63683248, 0.7294531 , 4.71746864, 4.50584178,
       1.65850914, 3.38969982, 1.01979678, 1.54848555, 3.77557035,
       1.73700329, 0.39123726, 4.34330525, 1.67031168, 0.06957319,
       6.14090458, 0.59167739, 5.76513151, 5.48130585, 5.8324025 ,
       1.98951055, 5.22735043, 2.40398034])]",[577.790691614151]
