,problem,layers,optimizer,solutions,parameters,time
0,"{'type': 'maxcut', 'graph': {'directed': False, 'multigraph': False, 'graph': {}, 'nodes': [{'id': 0}, {'id': 1}, {'id': 2}], 'links': [{'weight': 6, 'source': 0, 'target': 1}, {'weight': 7, 'source': 0, 'target': 2}, {'weight': 1, 'source': 1, 'target': 2}]}, 'position': {0: [0.07851080556038943, 0.24969078637319295], 1: [-1.0, 0.10034683312306583], 2: [0.9214891944396112, -0.3500376194962584]}, 'solution': ([0, 1, 1], 13.0)}",18,"{'optimizer': 'COBYLA', 'maxiter': 100, 'shots': 1024, 'parameter_strategy': 'RANDOM', 'x0': None, 'backend': <QAOA_Tester.Backend.NoisyEstimatorBackend object at 0x7f4f81854e80>}","[([1, 1, 0], -8.0)]","[array([0.83690556, 1.73611805, 0.80252523, 1.55275332, 4.92651576,
       0.42330533, 1.82731297, 4.82736677, 4.70474706, 0.99844576,
       1.93924016, 2.33365165, 3.59463307, 6.22735761, 3.61757309,
       3.53260065, 0.62353531, 4.76446421, 2.92183251, 4.65949607,
       1.23630157, 5.52969764, 3.63810542, 4.9182437 , 3.4465554 ,
       0.30223909, 4.21775394, 1.42303737, 2.18731386, 1.40789418,
       4.77261754, 1.40477089, 4.06637322, 5.47935744, 4.19637825,
       1.87994236])]",[574.9965772628784]
