,problem,layers,optimizer,solutions,parameters,time
0,"{'type': 'maxcut', 'graph': {'directed': False, 'multigraph': False, 'graph': {}, 'nodes': [{'id': 0}, {'id': 1}, {'id': 2}], 'links': [{'weight': 6, 'source': 0, 'target': 1}, {'weight': 7, 'source': 0, 'target': 2}, {'weight': 1, 'source': 1, 'target': 2}]}, 'position': {0: [0.07851080556038943, 0.24969078637319295], 1: [-1.0, 0.10034683312306583], 2: [0.9214891944396112, -0.3500376194962584]}, 'solution': ([0, 1, 1], 13.0)}",14,"{'optimizer': 'COBYLA', 'maxiter': 100, 'shots': 1024, 'parameter_strategy': 'RANDOM', 'x0': None, 'backend': <QAOA_Tester.Backend.NoisyEstimatorBackend object at 0x7f7ad2803610>}","[([1, 0, 1], -7.0)]","[array([3.52402554, 2.37193151, 5.93088223, 1.68078398, 2.68929715,
       3.60965353, 0.14106134, 1.4696077 , 6.13204253, 2.23894547,
       2.66456658, 0.85855562, 3.77772181, 4.37974437, 5.76493068,
       0.43421378, 4.68677373, 0.09012912, 2.19685284, 0.04142509,
       5.13055209, 4.88517842, 5.48407814, 3.96873913, 4.29026345,
       3.40280935, 0.9186632 , 1.28005671])]",[582.3688685894012]
