,problem,layers,optimizer,solutions,parameters,time
0,"{'type': 'maxcut', 'graph': {'directed': False, 'multigraph': False, 'graph': {}, 'nodes': [{'id': 0}, {'id': 1}, {'id': 2}], 'links': [{'weight': 6, 'source': 0, 'target': 1}, {'weight': 7, 'source': 0, 'target': 2}, {'weight': 1, 'source': 1, 'target': 2}]}, 'position': {0: [0.07851080556038943, 0.24969078637319295], 1: [-1.0, 0.10034683312306583], 2: [0.9214891944396112, -0.3500376194962584]}, 'solution': ([0, 1, 1], 13.0)}",27,"{'optimizer': 'COBYLA', 'maxiter': 100, 'shots': 1024, 'parameter_strategy': 'RANDOM', 'x0': None, 'backend': <QAOA_Tester.Backend.NoisyEstimatorBackend object at 0x7efe32f55600>}","[([0, 1, 0], -7.0)]","[array([2.91980581, 4.13175682, 2.1683051 , 2.26441865, 3.02821412,
       3.62769369, 5.32670256, 2.5820741 , 3.03958316, 4.95809647,
       0.71134688, 3.28047717, 1.56542927, 5.7241742 , 3.89166312,
       0.31265026, 1.94914889, 4.48168527, 5.34662608, 3.76066112,
       4.01929074, 2.67229817, 0.2098989 , 0.66258377, 1.06739602,
       3.41599874, 5.15288634, 2.89820823, 4.27767767, 1.10710242,
       1.77833941, 0.30418307, 2.82033947, 2.31438454, 0.28711322,
       4.20136601, 0.43366579, 5.74420388, 4.91310458, 0.57077959,
       4.19973405, 4.9759164 , 3.86366754, 3.48658482, 5.43339339,
       3.21602182, 3.36041988, 3.16930561, 1.38267618, 0.60170794,
       1.90735681, 2.84113686, 0.25615568, 1.42805546])]",[601.4261312484741]
