,problem,layers,optimizer,solutions,parameters,time
0,"{'type': 'maxcut', 'graph': {'directed': False, 'multigraph': False, 'graph': {}, 'nodes': [{'id': 0}, {'id': 1}, {'id': 2}], 'links': [{'weight': 6, 'source': 0, 'target': 1}, {'weight': 7, 'source': 0, 'target': 2}, {'weight': 1, 'source': 1, 'target': 2}]}, 'position': {0: [0.07851080556038943, 0.24969078637319295], 1: [-1.0, 0.10034683312306583], 2: [0.9214891944396112, -0.3500376194962584]}, 'solution': ([0, 1, 1], 13.0)}",26,"{'optimizer': 'COBYLA', 'maxiter': 100, 'shots': 1024, 'parameter_strategy': 'RANDOM', 'x0': None, 'backend': <QAOA_Tester.Backend.NoisyEstimatorBackend object at 0x7f90c1bad510>}","[([0, 1, 0], -7.0)]","[array([2.4977431 , 3.5826436 , 3.65125251, 2.69112839, 1.01551276,
       2.79865054, 2.53932899, 5.94101086, 0.3476599 , 3.95793409,
       3.80417865, 0.35662433, 5.11421314, 6.13183121, 5.17798444,
       4.56648908, 2.742734  , 3.24243314, 2.62369042, 4.06591096,
       5.23916042, 3.0428256 , 0.60541926, 2.08264857, 4.8111351 ,
       1.50018914, 4.350871  , 6.15340853, 0.7197772 , 4.08283253,
       2.51922686, 4.76313879, 5.9684511 , 5.41381672, 4.65715909,
       3.10821585, 1.45334263, 4.23731941, 2.06986667, 2.02667988,
       3.52540186, 5.13786542, 2.00142158, 0.33412338, 3.30512264,
       3.02814181, 2.22422037, 5.08364922, 2.83317254, 5.71028546,
       2.61953972, 2.52221868])]",[572.0069043636322]
