,problem,layers,optimizer,solutions,parameters,time
0,"{'type': 'maxcut', 'graph': {'directed': False, 'multigraph': False, 'graph': {}, 'nodes': [{'id': 0}, {'id': 1}, {'id': 2}], 'links': [{'weight': 6, 'source': 0, 'target': 1}, {'weight': 7, 'source': 0, 'target': 2}, {'weight': 1, 'source': 1, 'target': 2}]}, 'position': {0: [0.07851080556038943, 0.24969078637319295], 1: [-1.0, 0.10034683312306583], 2: [0.9214891944396112, -0.3500376194962584]}, 'solution': ([0, 1, 1], 13.0)}",20,"{'optimizer': 'COBYLA', 'maxiter': 100, 'shots': 1024, 'parameter_strategy': 'RANDOM', 'x0': None, 'backend': <QAOA_Tester.Backend.NoisyEstimatorBackend object at 0x7f6548e116c0>}","[([0, 1, 1], -13.0)]","[array([2.2813402 , 2.39869218, 1.59115544, 1.1351088 , 2.24879939,
       4.10720046, 4.51802806, 4.0097005 , 5.3452224 , 5.84313543,
       0.23223741, 5.49955411, 4.43961826, 5.55718062, 2.77483983,
       0.53495938, 0.4251684 , 4.70979167, 2.516782  , 0.88292111,
       1.91471892, 2.1394188 , 4.86781853, 5.93955525, 3.18110067,
       0.67562299, 2.22046957, 0.01557968, 2.35223331, 3.38822449,
       4.73707911, 1.32827515, 3.66620123, 2.03985198, 0.46219043,
       4.48930522, 5.96709108, 1.66553821, 0.91528887, 1.25009833])]",[617.7372550964355]
