,problem,layers,optimizer,solutions,parameters,time
0,"{'type': 'maxcut', 'graph': {'directed': False, 'multigraph': False, 'graph': {}, 'nodes': [{'id': 0}, {'id': 1}, {'id': 2}], 'links': [{'weight': 6, 'source': 0, 'target': 1}, {'weight': 7, 'source': 0, 'target': 2}, {'weight': 1, 'source': 1, 'target': 2}]}, 'position': {0: [0.07851080556038943, 0.24969078637319295], 1: [-1.0, 0.10034683312306583], 2: [0.9214891944396112, -0.3500376194962584]}, 'solution': ([0, 1, 1], 13.0)}",19,"{'optimizer': 'COBYLA', 'maxiter': 100, 'shots': 1024, 'parameter_strategy': 'RANDOM', 'x0': None, 'backend': <QAOA_Tester.Backend.NoisyEstimatorBackend object at 0x7f3263a254e0>}","[([1, 0, 1], -7.0)]","[array([3.81996649, 1.81666463, 0.93346939, 4.35563016, 5.75582592,
       3.21759436, 5.77321318, 0.88706547, 2.34586945, 1.0990578 ,
       4.43686975, 0.19752717, 1.99935732, 0.14002587, 4.61910924,
       3.54298394, 3.89809018, 0.46829569, 4.18892793, 0.57854693,
       3.52227476, 1.64295386, 5.22219648, 0.05480812, 5.56516698,
       4.58203585, 5.42294212, 1.57921037, 5.5959863 , 5.19606786,
       5.75668885, 1.85024159, 4.75530644, 5.67507305, 2.58807646,
       0.3977691 , 1.72090633, 5.0523477 ])]",[582.7899835109711]
