,problem,layers,optimizer,solutions,parameters,time
0,"{'type': 'maxcut', 'graph': {'directed': False, 'multigraph': False, 'graph': {}, 'nodes': [{'id': 0}, {'id': 1}, {'id': 2}], 'links': [{'weight': 6, 'source': 0, 'target': 1}, {'weight': 7, 'source': 0, 'target': 2}, {'weight': 1, 'source': 1, 'target': 2}]}, 'position': {0: [0.07851080556038943, 0.24969078637319295], 1: [-1.0, 0.10034683312306583], 2: [0.9214891944396112, -0.3500376194962584]}, 'solution': ([0, 1, 1], 13.0)}",14,"{'optimizer': 'COBYLA', 'maxiter': 100, 'shots': 1024, 'parameter_strategy': 'RANDOM', 'x0': None, 'backend': <QAOA_Tester.Backend.NoisyEstimatorBackend object at 0x7f0636ff96f0>}","[([0, 0, 1], -8.0)]","[array([2.47998472, 5.36134239, 0.68996493, 6.01630368, 4.18639361,
       1.54302202, 0.95218453, 4.80331127, 1.16940266, 3.05277339,
       1.21244312, 0.49936783, 1.02644353, 0.97432954, 5.27258683,
       5.8076983 , 0.74786019, 0.80454804, 1.15654571, 5.68428572,
       1.0455279 , 3.8138142 , 5.46249306, 2.98425865, 1.759267  ,
       2.94340532, 4.67425588, 4.15017593])]",[611.1476662158966]
