,problem,layers,optimizer,solutions,parameters,time
0,"{'type': 'maxcut', 'graph': {'directed': False, 'multigraph': False, 'graph': {}, 'nodes': [{'id': 0}, {'id': 1}, {'id': 2}], 'links': [{'weight': 6, 'source': 0, 'target': 1}, {'weight': 7, 'source': 0, 'target': 2}, {'weight': 1, 'source': 1, 'target': 2}]}, 'position': {0: [0.07851080556038943, 0.24969078637319295], 1: [-1.0, 0.10034683312306583], 2: [0.9214891944396112, -0.3500376194962584]}, 'solution': ([0, 1, 1], 13.0)}",28,"{'optimizer': 'COBYLA', 'maxiter': 100, 'shots': 1024, 'parameter_strategy': 'RANDOM', 'x0': None, 'backend': <QAOA_Tester.Backend.NoisyEstimatorBackend object at 0x7fcb2aac1510>}","[([1, 1, 0], -8.0)]","[array([4.75936366, 0.16852358, 4.38585277, 4.0330823 , 1.14296149,
       1.65734163, 1.21495518, 4.10693718, 5.14987988, 3.05936377,
       5.47368133, 3.11748649, 4.30148725, 1.21172965, 0.78366985,
       3.03009523, 6.13998216, 1.65811465, 2.45937871, 4.93135468,
       0.43702304, 6.09152596, 4.59208042, 4.65407027, 4.07942306,
       5.90520751, 2.00398298, 1.76671468, 3.12826932, 2.47012801,
       5.50756562, 2.87436967, 5.58734608, 2.69016828, 4.79860256,
       0.82214164, 2.6223371 , 4.65140861, 5.51439771, 1.45677176,
       2.11295756, 3.19721601, 5.41806985, 5.17467142, 0.05552856,
       1.98820758, 1.23598132, 4.97405615, 2.90664474, 1.8097275 ,
       2.79413931, 0.28365578, 2.83034082, 4.65988077, 5.10874194,
       5.70559692])]",[607.1953110694885]
