,problem,layers,optimizer,solutions,parameters,time
0,"{'type': 'maxcut', 'graph': {'directed': False, 'multigraph': False, 'graph': {}, 'nodes': [{'id': 0}, {'id': 1}, {'id': 2}], 'links': [{'weight': 6, 'source': 0, 'target': 1}, {'weight': 7, 'source': 0, 'target': 2}, {'weight': 1, 'source': 1, 'target': 2}]}, 'position': {0: [0.07851080556038943, 0.24969078637319295], 1: [-1.0, 0.10034683312306583], 2: [0.9214891944396112, -0.3500376194962584]}, 'solution': ([0, 1, 1], 13.0)}",15,"{'optimizer': 'COBYLA', 'maxiter': 100, 'shots': 1024, 'parameter_strategy': 'RANDOM', 'x0': None, 'backend': <QAOA_Tester.Backend.NoisyEstimatorBackend object at 0x7efe3457fa30>}","[([1, 0, 0], -13.0)]","[array([0.54160122, 4.45441749, 5.18868278, 3.44185328, 4.28121382,
       4.57977335, 6.04974596, 3.22648336, 0.79321056, 1.02087563,
       2.44209423, 3.16515277, 2.6940602 , 3.31552179, 6.40193638,
       1.40161841, 4.34401253, 4.18671625, 3.86222139, 4.57982057,
       3.51346147, 0.26795779, 1.5207925 , 0.28271201, 4.42124854,
       3.20661052, 0.1335335 , 2.19492401, 4.21928517, 1.1055467 ])]",[633.2577390670776]
