,problem,layers,optimizer,solutions,parameters,time
0,"{'type': 'maxcut', 'graph': {'directed': False, 'multigraph': False, 'graph': {}, 'nodes': [{'id': 0}, {'id': 1}, {'id': 2}], 'links': [{'weight': 6, 'source': 0, 'target': 1}, {'weight': 7, 'source': 0, 'target': 2}, {'weight': 1, 'source': 1, 'target': 2}]}, 'position': {0: [0.07851080556038943, 0.24969078637319295], 1: [-1.0, 0.10034683312306583], 2: [0.9214891944396112, -0.3500376194962584]}, 'solution': ([0, 1, 1], 13.0)}",12,"{'optimizer': 'COBYLA', 'maxiter': 100, 'shots': 1024, 'parameter_strategy': 'RANDOM', 'x0': None, 'backend': <QAOA_Tester.Backend.NoisyEstimatorBackend object at 0x7f81c0be9e10>}","[([1, 1, 1], 0.0)]","[array([3.65716120e+00, 7.67495774e-01, 5.95731160e+00, 3.34202372e-03,
       2.69586057e+00, 4.46646156e+00, 2.67291672e+00, 3.23869745e+00,
       4.38312529e+00, 5.44918216e+00, 3.35077700e+00, 4.70129857e+00,
       4.65619247e-01, 1.43024417e+00, 1.86694233e-01, 3.52304577e+00,
       3.11253985e+00, 2.32317458e+00, 3.66356949e+00, 2.55355810e+00,
       3.03573645e+00, 2.43888858e+00, 2.68200164e+00, 4.01388292e+00])]",[591.2152621746063]
