,problem,layers,optimizer,solutions,parameters,time
0,"{'type': 'maxcut', 'graph': {'directed': False, 'multigraph': False, 'graph': {}, 'nodes': [{'id': 0}, {'id': 1}, {'id': 2}], 'links': [{'weight': 6, 'source': 0, 'target': 1}, {'weight': 7, 'source': 0, 'target': 2}, {'weight': 1, 'source': 1, 'target': 2}]}, 'position': {0: [0.07851080556038943, 0.24969078637319295], 1: [-1.0, 0.10034683312306583], 2: [0.9214891944396112, -0.3500376194962584]}, 'solution': ([0, 1, 1], 13.0)}",19,"{'optimizer': 'COBYLA', 'maxiter': 100, 'shots': 1024, 'parameter_strategy': 'RANDOM', 'x0': None, 'backend': <QAOA_Tester.Backend.NoisyEstimatorBackend object at 0x7f5233c68eb0>}","[([0, 1, 0], -7.0)]","[array([0.52713735, 5.88723211, 2.65813502, 3.14095066, 1.43232705,
       2.56435516, 0.58011793, 2.53773096, 5.37969193, 1.30299068,
       6.13903131, 3.37276871, 1.89183872, 4.87643152, 0.98097409,
       0.90505689, 5.6294046 , 1.33542122, 3.1693083 , 5.29742472,
       0.132085  , 6.07003761, 4.00193785, 3.68009338, 0.75681494,
       5.48905836, 3.99812294, 1.19341794, 0.78248621, 2.06305012,
       1.79163923, 5.20147115, 0.26168952, 2.32232821, 2.9015891 ,
       4.39419102, 0.6146057 , 2.68628962])]",[573.1420710086823]
