,problem,layers,optimizer,solutions,parameters,time
0,"{'type': 'maxcut', 'graph': {'directed': False, 'multigraph': False, 'graph': {}, 'nodes': [{'id': 0}, {'id': 1}, {'id': 2}], 'links': [{'weight': 6, 'source': 0, 'target': 1}, {'weight': 7, 'source': 0, 'target': 2}, {'weight': 1, 'source': 1, 'target': 2}]}, 'position': {0: [0.07851080556038943, 0.24969078637319295], 1: [-1.0, 0.10034683312306583], 2: [0.9214891944396112, -0.3500376194962584]}, 'solution': ([0, 1, 1], 13.0)}",20,"{'optimizer': 'COBYLA', 'maxiter': 100, 'shots': 1024, 'parameter_strategy': 'RANDOM', 'x0': None, 'backend': <QAOA_Tester.Backend.NoisyEstimatorBackend object at 0x7f96aa561570>}","[([0, 1, 0], -7.0)]","[array([2.12796546, 3.07252761, 5.6323092 , 2.20288251, 3.20318248,
       2.67501372, 3.88363565, 2.18363775, 2.2019404 , 2.51737403,
       2.59213526, 1.45100979, 2.30181075, 2.88223435, 2.83478137,
       3.00484009, 3.53536377, 4.82799538, 1.92319091, 8.43032058,
       4.18858522, 1.73608057, 1.52166831, 2.52744432, 5.01556961,
       5.2282784 , 4.77524219, 4.9461532 , 5.89141438, 4.06851947,
       2.89954591, 4.10695909, 1.71956491, 2.54827739, 2.19148123,
       3.01299924, 4.60648965, 6.31420532, 3.79888198, 2.25937443])]",[605.7932977676392]
