,problem,layers,optimizer,solutions,parameters,time
0,"{'type': 'maxcut', 'graph': {'directed': False, 'multigraph': False, 'graph': {}, 'nodes': [{'id': 0}, {'id': 1}, {'id': 2}], 'links': [{'weight': 6, 'source': 0, 'target': 1}, {'weight': 7, 'source': 0, 'target': 2}, {'weight': 1, 'source': 1, 'target': 2}]}, 'position': {0: [0.07851080556038943, 0.24969078637319295], 1: [-1.0, 0.10034683312306583], 2: [0.9214891944396112, -0.3500376194962584]}, 'solution': ([0, 1, 1], 13.0)}",21,"{'optimizer': 'COBYLA', 'maxiter': 100, 'shots': 1024, 'parameter_strategy': 'RANDOM', 'x0': None, 'backend': <QAOA_Tester.Backend.NoisyEstimatorBackend object at 0x7f957152f5e0>}","[([0, 0, 0], 0.0)]","[array([3.75589719, 6.05255383, 3.14932463, 0.39156863, 5.04404729,
       0.35957658, 4.76194411, 0.06232648, 4.98063243, 3.48796404,
       1.50348622, 1.72158262, 2.40586196, 3.85303309, 3.69076339,
       0.88374247, 0.2761708 , 1.35332481, 1.04310986, 0.95740816,
       5.07007985, 5.30816709, 6.07254713, 5.19054457, 5.55866888,
       4.35432496, 2.58103306, 3.29167883, 2.77904674, 5.81057279,
       2.09122718, 2.07286084, 1.84720598, 2.9648046 , 1.56258464,
       5.52680244, 5.71281038, 3.23265798, 4.58757113, 0.91012969,
       2.45441557, 2.84249858])]",[565.3529760837555]
