,problem,layers,optimizer,solutions,parameters,time
0,"{'type': 'maxcut', 'graph': {'directed': False, 'multigraph': False, 'graph': {}, 'nodes': [{'id': 0}, {'id': 1}, {'id': 2}], 'links': [{'weight': 6, 'source': 0, 'target': 1}, {'weight': 7, 'source': 0, 'target': 2}, {'weight': 1, 'source': 1, 'target': 2}]}, 'position': {0: [0.07851080556038943, 0.24969078637319295], 1: [-1.0, 0.10034683312306583], 2: [0.9214891944396112, -0.3500376194962584]}, 'solution': ([0, 1, 1], 13.0)}",21,"{'optimizer': 'COBYLA', 'maxiter': 100, 'shots': 1024, 'parameter_strategy': 'RANDOM', 'x0': None, 'backend': <QAOA_Tester.Backend.NoisyEstimatorBackend object at 0x7f227ed71750>}","[([0, 1, 0], -7.0)]","[array([ 5.91820405,  2.04500407,  0.43889522,  0.45118001,  3.05344887,
        2.33045492,  2.00115324,  5.60745369,  0.72761035,  1.29921162,
        4.42170226,  5.66215188,  0.37700947,  0.67242447,  4.98614937,
        6.11664523, -0.015901  ,  4.85950756,  0.90880022,  5.16642398,
        1.91079167,  6.24765825,  1.52390617,  2.06701351,  3.09411912,
        0.67136353,  2.70001399,  2.70202726,  2.74652058,  3.87060231,
        3.0116532 ,  2.17638375,  1.45559244,  4.07302385,  4.34055827,
        3.42146425,  0.56129519,  1.49724204,  0.38243487,  4.03176144,
        0.65775619,  2.63058397])]",[577.6279246807098]
