,problem,layers,optimizer,solutions,parameters,time
0,"{'type': 'maxcut', 'graph': {'directed': False, 'multigraph': False, 'graph': {}, 'nodes': [{'id': 0}, {'id': 1}, {'id': 2}], 'links': [{'weight': 6, 'source': 0, 'target': 1}, {'weight': 7, 'source': 0, 'target': 2}, {'weight': 1, 'source': 1, 'target': 2}]}, 'position': {0: [0.07851080556038943, 0.24969078637319295], 1: [-1.0, 0.10034683312306583], 2: [0.9214891944396112, -0.3500376194962584]}, 'solution': ([0, 1, 1], 13.0)}",28,"{'optimizer': 'COBYLA', 'maxiter': 100, 'shots': 1024, 'parameter_strategy': 'RANDOM', 'x0': None, 'backend': <QAOA_Tester.Backend.NoisyEstimatorBackend object at 0x7f0c65339480>}","[([1, 1, 0], -8.0)]","[array([2.76153083, 1.28345257, 4.82103542, 6.0433648 , 4.9898832 ,
       5.22896071, 0.32269895, 3.83344358, 5.49174102, 5.04952401,
       2.25082161, 3.67133271, 5.33653902, 3.35129829, 5.48348839,
       3.54137817, 1.92750545, 4.13048694, 6.18436962, 0.38255341,
       5.74082095, 2.24497996, 0.93990396, 4.83516187, 0.60380313,
       5.25385764, 0.13419686, 1.06888272, 3.22882447, 3.80880959,
       1.12534651, 4.05900931, 2.50016791, 1.27884854, 4.23963484,
       4.87528022, 0.26832166, 0.79459246, 1.87473892, 5.83557123,
       3.19267457, 5.65987096, 5.63969811, 1.39279889, 1.26645142,
       0.55789869, 2.99654652, 5.09357996, 0.55688676, 3.89938888,
       1.67700052, 4.38420004, 5.26362073, 2.40758709, 2.32777537,
       4.01717011])]",[622.7979512214661]
