,problem,layers,optimizer,solutions,parameters,time
0,"{'type': 'maxcut', 'graph': {'directed': False, 'multigraph': False, 'graph': {}, 'nodes': [{'id': 0}, {'id': 1}, {'id': 2}], 'links': [{'weight': 6, 'source': 0, 'target': 1}, {'weight': 7, 'source': 0, 'target': 2}, {'weight': 1, 'source': 1, 'target': 2}]}, 'position': {0: [0.07851080556038943, 0.24969078637319295], 1: [-1.0, 0.10034683312306583], 2: [0.9214891944396112, -0.3500376194962584]}, 'solution': ([0, 1, 1], 13.0)}",25,"{'optimizer': 'COBYLA', 'maxiter': 100, 'shots': 1024, 'parameter_strategy': 'RANDOM', 'x0': None, 'backend': <QAOA_Tester.Backend.NoisyEstimatorBackend object at 0x7f17a24ed390>}","[([1, 0, 1], -7.0)]","[array([5.13664343, 4.9125865 , 2.48007141, 5.22667288, 1.50230554,
       6.07892386, 5.62511237, 5.9715393 , 3.39507516, 2.26050014,
       2.19734804, 3.54328329, 3.70995095, 5.01170087, 0.14527862,
       1.93955137, 1.77510602, 2.0355441 , 6.10740109, 0.14294073,
       4.46925264, 0.21934914, 2.00640861, 2.01835057, 4.16292585,
       2.78394554, 5.81569679, 0.37981329, 3.11236973, 1.74066761,
       3.61336003, 2.07714158, 0.98621011, 0.6172515 , 4.34664382,
       4.70697038, 0.01666001, 0.51228009, 5.17291198, 5.77261707,
       5.15261469, 2.9488619 , 2.2633467 , 5.53894764, 0.86132376,
       1.12333312, 1.26791882, 4.5295876 , 5.78380831, 1.09918757])]",[571.9654095172882]
