,problem,layers,optimizer,solutions,parameters,time
0,"{'type': 'maxcut', 'graph': {'directed': False, 'multigraph': False, 'graph': {}, 'nodes': [{'id': 0}, {'id': 1}, {'id': 2}], 'links': [{'weight': 6, 'source': 0, 'target': 1}, {'weight': 7, 'source': 0, 'target': 2}, {'weight': 1, 'source': 1, 'target': 2}]}, 'position': {0: [0.07851080556038943, 0.24969078637319295], 1: [-1.0, 0.10034683312306583], 2: [0.9214891944396112, -0.3500376194962584]}, 'solution': ([0, 1, 1], 13.0)}",24,"{'optimizer': 'COBYLA', 'maxiter': 100, 'shots': 1024, 'parameter_strategy': 'RANDOM', 'x0': None, 'backend': <QAOA_Tester.Backend.NoisyEstimatorBackend object at 0x7f443fe54eb0>}","[([0, 0, 1], -8.0)]","[array([1.29177073, 6.06807197, 5.51385201, 4.52841569, 5.59100569,
       0.27459471, 1.1507165 , 2.15264477, 3.24778319, 2.53044461,
       0.67387596, 2.08218509, 0.12923263, 4.11374401, 5.35503861,
       3.2488996 , 0.60203003, 1.0382124 , 0.74080599, 5.86884484,
       0.32406052, 1.88823056, 4.53685087, 2.94629006, 0.8331877 ,
       1.73196901, 2.58104289, 0.70981857, 3.61923378, 0.37947263,
       2.64149458, 3.75360038, 0.17940533, 1.41558583, 2.2926804 ,
       4.3981116 , 3.76812173, 1.95922327, 4.48372449, 1.26111028,
       5.94791457, 2.93002051, 5.8159066 , 0.94558296, 2.46459228,
       6.25756231, 6.24224998, 1.30800285])]",[620.7643311023712]
