,problem,layers,optimizer,solutions,parameters,time
0,"{'type': 'maxcut', 'graph': {'directed': False, 'multigraph': False, 'graph': {}, 'nodes': [{'id': 0}, {'id': 1}, {'id': 2}], 'links': [{'weight': 6, 'source': 0, 'target': 1}, {'weight': 7, 'source': 0, 'target': 2}, {'weight': 1, 'source': 1, 'target': 2}]}, 'position': {0: [0.07851080556038943, 0.24969078637319295], 1: [-1.0, 0.10034683312306583], 2: [0.9214891944396112, -0.3500376194962584]}, 'solution': ([0, 1, 1], 13.0)}",17,"{'optimizer': 'COBYLA', 'maxiter': 100, 'shots': 1024, 'parameter_strategy': 'RANDOM', 'x0': None, 'backend': <QAOA_Tester.Backend.NoisyEstimatorBackend object at 0x7fa655258ee0>}","[([1, 1, 1], 0.0)]","[array([1.50076376e+00, 3.52855350e+00, 2.94069502e+00, 5.43033689e+00,
       1.94430170e+00, 5.52443499e+00, 2.48983181e+00, 4.58844012e-01,
       2.39704360e-01, 2.00173902e+00, 9.88900585e-01, 4.15620917e+00,
       2.86614150e-01, 4.61581206e+00, 3.47648942e-01, 1.78713089e-01,
       4.69129668e+00, 5.32072233e-01, 5.63914672e-01, 5.81222057e+00,
       5.72879800e+00, 1.13314952e-03, 1.34024003e+00, 5.44239449e+00,
       2.45443675e+00, 4.80320166e+00, 3.54591785e+00, 3.46583903e+00,
       3.10068365e+00, 3.22773681e+00, 5.38642891e-01, 3.97440332e+00,
       8.48397775e-01, 6.13215730e+00])]",[583.2800061702728]
