,problem,layers,optimizer,solutions,parameters,time
0,"{'type': 'maxcut', 'graph': {'directed': False, 'multigraph': False, 'graph': {}, 'nodes': [{'id': 0}, {'id': 1}, {'id': 2}], 'links': [{'weight': 6, 'source': 0, 'target': 1}, {'weight': 7, 'source': 0, 'target': 2}, {'weight': 1, 'source': 1, 'target': 2}]}, 'position': {0: [0.07851080556038943, 0.24969078637319295], 1: [-1.0, 0.10034683312306583], 2: [0.9214891944396112, -0.3500376194962584]}, 'solution': ([0, 1, 1], 13.0)}",15,"{'optimizer': 'COBYLA', 'maxiter': 100, 'shots': 1024, 'parameter_strategy': 'RANDOM', 'x0': None, 'backend': <QAOA_Tester.Backend.NoisyEstimatorBackend object at 0x7f0721d6f610>}","[([1, 0, 1], -7.0)]","[array([2.43421327, 4.36255484, 4.96590459, 3.8972517 , 1.57161641,
       2.33814482, 5.78945576, 1.43543277, 5.7292237 , 0.39999747,
       3.62130996, 3.80500106, 5.86283365, 2.01716865, 1.50640924,
       0.0820958 , 4.32825079, 5.49460322, 3.40714349, 2.36160835,
       0.62788489, 3.4917812 , 1.43567413, 5.28310261, 1.89086188,
       5.5338656 , 2.55288226, 1.11648498, 3.47918275, 2.43285213])]",[588.5485248565674]
