,problem,layers,optimizer,solutions,parameters,time
0,"{'type': 'maxcut', 'graph': {'directed': False, 'multigraph': False, 'graph': {}, 'nodes': [{'id': 0}, {'id': 1}, {'id': 2}], 'links': [{'weight': 6, 'source': 0, 'target': 1}, {'weight': 7, 'source': 0, 'target': 2}, {'weight': 1, 'source': 1, 'target': 2}]}, 'position': {0: [0.07851080556038943, 0.24969078637319295], 1: [-1.0, 0.10034683312306583], 2: [0.9214891944396112, -0.3500376194962584]}, 'solution': ([0, 1, 1], 13.0)}",18,"{'optimizer': 'COBYLA', 'maxiter': 100, 'shots': 1024, 'parameter_strategy': 'RANDOM', 'x0': None, 'backend': <QAOA_Tester.Backend.NoisyEstimatorBackend object at 0x7fc672641600>}","[([0, 0, 1], -8.0)]","[array([0.20920669, 1.49642385, 4.5711356 , 0.15464754, 0.18998657,
       2.35792921, 4.70840194, 1.73259376, 2.30085009, 3.22628055,
       3.7692346 , 0.2161708 , 2.20685796, 1.84052005, 2.19423449,
       5.92854175, 2.99067548, 4.60911211, 1.10571604, 3.02960942,
       0.7606802 , 5.84528415, 0.29095272, 1.73800604, 5.43129848,
       5.79818994, 2.4062025 , 6.02079837, 2.10584082, 5.69923591,
       6.1379132 , 5.66670963, 2.04182974, 3.41700813, 5.98045425,
       5.8812875 ])]",[590.3739950656891]
