,problem,layers,optimizer,solutions,parameters,time
0,"{'type': 'maxcut', 'graph': {'directed': False, 'multigraph': False, 'graph': {}, 'nodes': [{'id': 0}, {'id': 1}, {'id': 2}], 'links': [{'weight': 6, 'source': 0, 'target': 1}, {'weight': 7, 'source': 0, 'target': 2}, {'weight': 1, 'source': 1, 'target': 2}]}, 'position': {0: [0.07851080556038943, 0.24969078637319295], 1: [-1.0, 0.10034683312306583], 2: [0.9214891944396112, -0.3500376194962584]}, 'solution': ([0, 1, 1], 13.0)}",25,"{'optimizer': 'COBYLA', 'maxiter': 100, 'shots': 1024, 'parameter_strategy': 'RANDOM', 'x0': None, 'backend': <QAOA_Tester.Backend.NoisyEstimatorBackend object at 0x7ff398565a20>}","[([1, 1, 0], -8.0)]","[array([0.65920816, 1.7608973 , 6.00207255, 2.39157312, 4.40020633,
       5.53824262, 3.80946783, 1.32874112, 0.10804686, 1.03988623,
       0.40935981, 5.32981259, 2.96412509, 4.42121287, 4.15623869,
       3.91271475, 3.42971637, 5.6708457 , 6.06333744, 3.40090279,
       0.58189138, 2.42044927, 2.70430772, 5.68115211, 1.10803798,
       3.43947802, 6.18738657, 1.85527619, 2.4402279 , 0.4464347 ,
       5.49804492, 1.40097422, 3.50481719, 0.43649387, 4.39262236,
       4.38886265, 2.64019243, 2.61306927, 3.64118786, 3.9298578 ,
       6.13152114, 1.08019406, 0.16286692, 4.69915993, 5.29442789,
       3.87022248, 3.87515419, 0.55290896, 0.06303818, 0.35265659])]",[585.0164380073547]
