,problem,layers,optimizer,solutions,parameters,time
0,"{'type': 'maxcut', 'graph': {'directed': False, 'multigraph': False, 'graph': {}, 'nodes': [{'id': 0}, {'id': 1}, {'id': 2}], 'links': [{'weight': 6, 'source': 0, 'target': 1}, {'weight': 7, 'source': 0, 'target': 2}, {'weight': 1, 'source': 1, 'target': 2}]}, 'position': {0: [0.07851080556038943, 0.24969078637319295], 1: [-1.0, 0.10034683312306583], 2: [0.9214891944396112, -0.3500376194962584]}, 'solution': ([0, 1, 1], 13.0)}",29,"{'optimizer': 'COBYLA', 'maxiter': 100, 'shots': 1024, 'parameter_strategy': 'RANDOM', 'x0': None, 'backend': <QAOA_Tester.Backend.NoisyEstimatorBackend object at 0x7fc3ee285780>}","[([0, 1, 0], -7.0)]","[array([4.79077684, 4.86469222, 4.16773586, 2.31340536, 5.17580125,
       1.10066662, 4.30170712, 6.00606478, 5.3899372 , 0.176705  ,
       5.69948963, 2.74794702, 1.27569446, 2.020191  , 0.85442003,
       0.52408522, 1.6823938 , 0.49070072, 5.78388837, 2.12331889,
       1.68475039, 0.07516807, 4.15042376, 6.08610311, 1.14332645,
       1.16983907, 5.37979658, 0.92974363, 5.71439743, 3.01862716,
       0.47908909, 1.18486912, 0.49039172, 1.66230022, 4.2840393 ,
       5.49637841, 4.0041873 , 2.16781792, 1.24678868, 3.02320566,
       2.28752781, 4.81005798, 4.97572954, 1.39564905, 1.47787726,
       4.07790287, 0.53818676, 3.23499034, 3.25414746, 0.40901185,
       0.16183339, 0.91650597, 1.09953027, 1.09472452, 5.74281178,
       3.2151894 , 2.70917967, 1.17485639])]",[561.3134214878082]
