,problem,layers,optimizer,solutions,parameters,time
0,"{'type': 'maxcut', 'graph': {'directed': False, 'multigraph': False, 'graph': {}, 'nodes': [{'id': 0}, {'id': 1}, {'id': 2}], 'links': [{'weight': 6, 'source': 0, 'target': 1}, {'weight': 7, 'source': 0, 'target': 2}, {'weight': 1, 'source': 1, 'target': 2}]}, 'position': {0: [0.07851080556038943, 0.24969078637319295], 1: [-1.0, 0.10034683312306583], 2: [0.9214891944396112, -0.3500376194962584]}, 'solution': ([0, 1, 1], 13.0)}",18,"{'optimizer': 'COBYLA', 'maxiter': 100, 'shots': 1024, 'parameter_strategy': 'RANDOM', 'x0': None, 'backend': <QAOA_Tester.Backend.NoisyEstimatorBackend object at 0x7fdf04303d00>}","[([1, 0, 1], -7.0)]","[array([0.12746953, 6.08959117, 5.69624999, 2.5273614 , 3.3497895 ,
       3.21694241, 3.74175901, 1.61777983, 5.55387796, 5.63216678,
       6.21701473, 0.70760608, 4.25395456, 5.80726066, 4.74920313,
       2.20549393, 1.8028513 , 3.48407676, 0.77631764, 4.05083841,
       4.75583301, 5.85059139, 3.3618048 , 3.30294033, 0.4207804 ,
       3.90651306, 3.53667313, 5.03366114, 4.79005755, 1.89317129,
       5.35429826, 5.9491807 , 5.51268674, 2.16640092, 5.93276116,
       5.35572729])]",[571.7050414085388]
