,problem,layers,optimizer,solutions,parameters,time
0,"{'type': 'maxcut', 'graph': {'directed': False, 'multigraph': False, 'graph': {}, 'nodes': [{'id': 0}, {'id': 1}, {'id': 2}], 'links': [{'weight': 6, 'source': 0, 'target': 1}, {'weight': 7, 'source': 0, 'target': 2}, {'weight': 1, 'source': 1, 'target': 2}]}, 'position': {0: [0.07851080556038943, 0.24969078637319295], 1: [-1.0, 0.10034683312306583], 2: [0.9214891944396112, -0.3500376194962584]}, 'solution': ([0, 1, 1], 13.0)}",22,"{'optimizer': 'COBYLA', 'maxiter': 100, 'shots': 1024, 'parameter_strategy': 'RANDOM', 'x0': None, 'backend': <QAOA_Tester.Backend.NoisyEstimatorBackend object at 0x7f7e64389480>}","[([0, 0, 0], 0.0)]","[array([3.40660399, 0.18412637, 4.24817335, 6.28795634, 3.51015089,
       2.02118415, 0.56191508, 3.02354378, 1.90163971, 0.36663996,
       5.35240996, 0.7288909 , 0.76622345, 1.48321771, 1.74523587,
       6.09827967, 3.80301068, 0.65629783, 5.59716954, 2.98829782,
       2.47663155, 0.35187574, 5.13038111, 2.48407377, 0.80017239,
       1.79069251, 2.94615523, 2.4812439 , 5.98822178, 1.34464115,
       0.73159776, 0.73546477, 1.83494371, 2.42333483, 2.43296358,
       4.84451446, 1.52934943, 2.04161974, 1.32293639, 2.95327097,
       5.51840941, 3.07040201, 5.13595579, 5.78216174])]",[612.0071821212769]
