,problem,layers,optimizer,solutions,parameters,time
0,"{'type': 'maxcut', 'graph': {'directed': False, 'multigraph': False, 'graph': {}, 'nodes': [{'id': 0}, {'id': 1}, {'id': 2}], 'links': [{'weight': 6, 'source': 0, 'target': 1}, {'weight': 7, 'source': 0, 'target': 2}, {'weight': 1, 'source': 1, 'target': 2}]}, 'position': {0: [0.07851080556038943, 0.24969078637319295], 1: [-1.0, 0.10034683312306583], 2: [0.9214891944396112, -0.3500376194962584]}, 'solution': ([0, 1, 1], 13.0)}",20,"{'optimizer': 'COBYLA', 'maxiter': 100, 'shots': 1024, 'parameter_strategy': 'RANDOM', 'x0': None, 'backend': <QAOA_Tester.Backend.NoisyEstimatorBackend object at 0x7f7865481990>}","[([1, 0, 0], -13.0)]","[array([ 1.33751135,  2.98985402,  6.05412398,  4.65429143,  5.61803274,
        1.16096949,  3.30011904,  5.88686054,  5.58456513,  2.56145466,
        5.27089011,  5.13491921,  3.6010167 ,  5.58913379,  4.23417304,
        2.22445994,  1.43827262, -0.0825881 ,  3.47422384,  6.46458332,
        1.09204817,  0.04799669,  0.52544661,  4.52315671,  6.17835192,
        0.49840968,  0.32580144,  5.47961259,  3.69908194,  0.44837689,
        5.15806331,  4.98821251,  2.81397014,  1.80052028,  3.29387199,
        0.52542875,  0.72568437,  5.77151318,  1.27171866,  2.28814227])]",[572.9855000972748]
