,problem,layers,optimizer,solutions,parameters,time
0,"{'type': 'maxcut', 'graph': {'directed': False, 'multigraph': False, 'graph': {}, 'nodes': [{'id': 0}, {'id': 1}, {'id': 2}], 'links': [{'weight': 6, 'source': 0, 'target': 1}, {'weight': 7, 'source': 0, 'target': 2}, {'weight': 1, 'source': 1, 'target': 2}]}, 'position': {0: [0.07851080556038943, 0.24969078637319295], 1: [-1.0, 0.10034683312306583], 2: [0.9214891944396112, -0.3500376194962584]}, 'solution': ([0, 1, 1], 13.0)}",18,"{'optimizer': 'COBYLA', 'maxiter': 100, 'shots': 1024, 'parameter_strategy': 'RANDOM', 'x0': None, 'backend': <QAOA_Tester.Backend.NoisyEstimatorBackend object at 0x7f2c6dbdd7e0>}","[([0, 0, 0], 0.0)]","[array([4.2716203 , 5.89696035, 4.29950243, 4.42520399, 5.33166772,
       0.82123046, 1.21144765, 2.98029523, 4.08570379, 2.37960894,
       0.29261559, 2.57555346, 4.25480896, 1.79472879, 4.80629174,
       0.42897611, 0.22162952, 4.17497748, 2.46758211, 2.23859063,
       5.88483053, 4.46087439, 1.94408332, 6.21837382, 4.38950659,
       3.07967002, 6.02328071, 0.73063837, 0.1452428 , 3.80413891,
       4.75933718, 1.35969577, 4.25091743, 3.54382939, 5.57634247,
       3.78698019])]",[589.8020074367523]
