,problem,layers,optimizer,solutions,parameters,time
0,"{'type': 'maxcut', 'graph': {'directed': False, 'multigraph': False, 'graph': {}, 'nodes': [{'id': 0}, {'id': 1}, {'id': 2}], 'links': [{'weight': 6, 'source': 0, 'target': 1}, {'weight': 7, 'source': 0, 'target': 2}, {'weight': 1, 'source': 1, 'target': 2}]}, 'position': {0: [0.07851080556038943, 0.24969078637319295], 1: [-1.0, 0.10034683312306583], 2: [0.9214891944396112, -0.3500376194962584]}, 'solution': ([0, 1, 1], 13.0)}",23,"{'optimizer': 'COBYLA', 'maxiter': 100, 'shots': 1024, 'parameter_strategy': 'RANDOM', 'x0': None, 'backend': <QAOA_Tester.Backend.NoisyEstimatorBackend object at 0x7fa64f9551b0>}","[([0, 0, 0], 0.0)]","[array([3.35180657, 2.75341511, 3.0407668 , 3.74530158, 0.93971413,
       2.02193881, 3.64200525, 3.75503166, 4.00151922, 1.97278203,
       0.54386535, 2.15205467, 4.5706439 , 2.14301965, 2.89806287,
       2.46636212, 2.11848746, 1.98699651, 4.62874009, 0.88630565,
       1.71089777, 6.14045572, 6.1655625 , 0.30129647, 2.82394823,
       1.0679736 , 2.13916536, 3.87683666, 4.90176283, 1.94346716,
       1.42273418, 2.80239169, 5.79012833, 2.79413026, 2.80470622,
       2.08920625, 1.40442945, 6.03385384, 0.9381438 , 0.47875327,
       0.27079739, 1.05177344, 4.09199425, 0.24430054, 1.08948533,
       1.12356244])]",[595.2090394496918]
