,problem,layers,optimizer,solutions,parameters,time
0,"{'type': 'maxcut', 'graph': {'directed': False, 'multigraph': False, 'graph': {}, 'nodes': [{'id': 0}, {'id': 1}, {'id': 2}], 'links': [{'weight': 6, 'source': 0, 'target': 1}, {'weight': 7, 'source': 0, 'target': 2}, {'weight': 1, 'source': 1, 'target': 2}]}, 'position': {0: [0.07851080556038943, 0.24969078637319295], 1: [-1.0, 0.10034683312306583], 2: [0.9214891944396112, -0.3500376194962584]}, 'solution': ([0, 1, 1], 13.0)}",30,"{'optimizer': 'COBYLA', 'maxiter': 100, 'shots': 1024, 'parameter_strategy': 'RANDOM', 'x0': None, 'backend': <QAOA_Tester.Backend.NoisyEstimatorBackend object at 0x7f01f3fe18d0>}","[([1, 0, 1], -7.0)]","[array([5.56215162, 2.42599446, 3.62083872, 3.60052496, 3.97015338,
       3.71439078, 5.25978125, 2.39934663, 2.74344414, 4.86906453,
       2.47890234, 1.13810859, 1.19920124, 6.26452049, 1.43706466,
       1.60928477, 2.81863864, 4.95035723, 5.10372023, 3.38434171,
       3.83373372, 4.4641477 , 3.65193909, 0.52562257, 3.89018744,
       3.23876311, 3.84754517, 2.19683181, 4.22269398, 4.11223195,
       2.62051497, 2.85794418, 2.40263193, 3.09763778, 4.393081  ,
       1.69783184, 2.79247513, 1.3984564 , 3.92028196, 3.82252109,
       5.66588444, 4.04453843, 5.27607767, 0.22743801, 4.9048836 ,
       4.29638064, 1.18475809, 6.08873082, 4.3940623 , 0.50692086,
       1.98346308, 1.90239422, 2.85064275, 3.70922368, 1.36228307,
       2.60001113, 3.89964718, 3.21991352, 4.27901028, 3.9371745 ])]",[564.9896011352539]
