,problem,layers,optimizer,solutions,parameters,time
0,"{'type': 'maxcut', 'graph': {'directed': False, 'multigraph': False, 'graph': {}, 'nodes': [{'id': 0}, {'id': 1}, {'id': 2}], 'links': [{'weight': 6, 'source': 0, 'target': 1}, {'weight': 7, 'source': 0, 'target': 2}, {'weight': 1, 'source': 1, 'target': 2}]}, 'position': {0: [0.07851080556038943, 0.24969078637319295], 1: [-1.0, 0.10034683312306583], 2: [0.9214891944396112, -0.3500376194962584]}, 'solution': ([0, 1, 1], 13.0)}",28,"{'optimizer': 'COBYLA', 'maxiter': 100, 'shots': 1024, 'parameter_strategy': 'RANDOM', 'x0': None, 'backend': <QAOA_Tester.Backend.NoisyEstimatorBackend object at 0x7ff8bfd37c70>}","[([0, 0, 1], -8.0)]","[array([3.66154926, 3.42904587, 1.32066003, 4.74270806, 3.73030754,
       5.29289641, 1.42900756, 3.36833722, 2.61322767, 4.428774  ,
       3.61645085, 1.88614492, 0.99217623, 0.8334451 , 2.86792181,
       1.91492449, 0.58036625, 6.04409147, 5.98898008, 5.13373234,
       2.03979644, 2.71607853, 0.1121444 , 0.37163418, 2.94973412,
       0.4904445 , 1.82574347, 3.31234767, 0.54660217, 5.33049536,
       1.75307996, 4.12407978, 2.06456548, 6.17117332, 0.19405548,
       5.25726452, 2.76475365, 5.67902861, 2.04657953, 4.48042883,
       4.68985177, 4.52926603, 3.88096402, 2.10541133, 4.76814618,
       0.29038442, 5.29040272, 1.64130728, 4.11952012, 1.73802158,
       1.65869687, 1.47161327, 3.61004419, 2.14504772, 2.32054093,
       6.18943286])]",[596.3753428459167]
