,problem,layers,optimizer,solutions,parameters,time
0,"{'type': 'maxcut', 'graph': {'directed': False, 'multigraph': False, 'graph': {}, 'nodes': [{'id': 0}, {'id': 1}, {'id': 2}], 'links': [{'weight': 6, 'source': 0, 'target': 1}, {'weight': 7, 'source': 0, 'target': 2}, {'weight': 1, 'source': 1, 'target': 2}]}, 'position': {0: [0.07851080556038943, 0.24969078637319295], 1: [-1.0, 0.10034683312306583], 2: [0.9214891944396112, -0.3500376194962584]}, 'solution': ([0, 1, 1], 13.0)}",14,"{'optimizer': 'COBYLA', 'maxiter': 100, 'shots': 1024, 'parameter_strategy': 'RANDOM', 'x0': None, 'backend': <QAOA_Tester.Backend.NoisyEstimatorBackend object at 0x7fa0013212d0>}","[([0, 0, 1], -8.0)]","[array([0.02949839, 4.30733414, 0.54738065, 1.67951347, 0.27631745,
       2.78937372, 4.53109171, 5.62526269, 1.6448824 , 3.68158477,
       3.07159967, 4.71580655, 3.18014411, 6.99416827, 4.93296621,
       4.28301215, 6.27367412, 4.03888808, 6.27884465, 1.26146529,
       4.27548118, 0.43771028, 3.62363916, 0.49060362, 3.32219706,
       1.13462308, 2.11428191, 3.15097502])]",[583.0142800807953]
