,problem,layers,optimizer,solutions,parameters,time
0,"{'type': 'maxcut', 'graph': {'directed': False, 'multigraph': False, 'graph': {}, 'nodes': [{'id': 0}, {'id': 1}, {'id': 2}], 'links': [{'weight': 6, 'source': 0, 'target': 1}, {'weight': 7, 'source': 0, 'target': 2}, {'weight': 1, 'source': 1, 'target': 2}]}, 'position': {0: [0.07851080556038943, 0.24969078637319295], 1: [-1.0, 0.10034683312306583], 2: [0.9214891944396112, -0.3500376194962584]}, 'solution': ([0, 1, 1], 13.0)}",30,"{'optimizer': 'COBYLA', 'maxiter': 100, 'shots': 1024, 'parameter_strategy': 'RANDOM', 'x0': None, 'backend': <QAOA_Tester.Backend.NoisyEstimatorBackend object at 0x7f8757459540>}","[([1, 0, 0], -13.0)]","[array([2.7921873 , 3.1075481 , 6.01205323, 2.73119595, 3.95779874,
       1.21325571, 2.94008967, 5.62988205, 5.18583021, 3.50290228,
       1.21934173, 1.30002965, 1.07479467, 0.1899084 , 2.11793524,
       3.88980206, 1.90521987, 5.93057436, 4.90929003, 0.7674826 ,
       2.5843033 , 3.95826313, 2.2608622 , 4.90434862, 4.95391084,
       2.17113836, 5.74389874, 3.48583457, 2.43491329, 5.05723498,
       1.02888364, 0.02207172, 4.76159666, 0.32492805, 4.2214752 ,
       2.11056606, 2.88196358, 5.01001949, 5.75353566, 2.46493098,
       4.01969077, 6.06313106, 2.27973051, 0.24972205, 0.05881743,
       0.50672918, 1.37067796, 0.73184236, 3.83498719, 4.42748649,
       3.7351491 , 2.35664957, 2.2603109 , 4.61544549, 2.95404077,
       3.05142172, 6.18699346, 0.22708102, 5.09062313, 2.93608306])]",[479.4646906852722]
