,problem,layers,optimizer,solutions,parameters,time
0,"{'type': 'maxcut', 'graph': {'directed': False, 'multigraph': False, 'graph': {}, 'nodes': [{'id': 0}, {'id': 1}, {'id': 2}], 'links': [{'weight': 6, 'source': 0, 'target': 1}, {'weight': 7, 'source': 0, 'target': 2}, {'weight': 1, 'source': 1, 'target': 2}]}, 'position': {0: [0.07851080556038943, 0.24969078637319295], 1: [-1.0, 0.10034683312306583], 2: [0.9214891944396112, -0.3500376194962584]}, 'solution': ([0, 1, 1], 13.0)}",28,"{'optimizer': 'COBYLA', 'maxiter': 100, 'shots': 1024, 'parameter_strategy': 'RANDOM', 'x0': None, 'backend': <QAOA_Tester.Backend.NoisyEstimatorBackend object at 0x7fc58e4d55d0>}","[([1, 1, 0], -8.0)]","[array([1.60150005, 4.87957769, 4.21084112, 1.67583245, 0.19398944,
       2.51640217, 2.98686405, 0.14315601, 2.42134162, 0.2526454 ,
       3.14379444, 1.18322871, 0.46818415, 0.30809638, 0.4770952 ,
       4.12846567, 3.42955588, 4.72710508, 0.75810042, 2.33437241,
       4.90914249, 1.43274994, 1.37723409, 2.58519628, 0.80284297,
       1.0113465 , 5.81967775, 4.97689997, 3.23964209, 5.93681722,
       3.85690694, 1.08822384, 2.95373405, 5.38655484, 5.27706617,
       2.6451798 , 5.70435016, 4.40038837, 2.80044363, 2.7475629 ,
       3.2864465 , 2.39149272, 5.82010516, 0.29906145, 2.34026753,
       5.34429442, 0.63059953, 3.94395315, 0.900014  , 0.62619889,
       2.07315589, 4.13286434, 5.73726307, 5.66494224, 2.20758038,
       0.33098156])]",[588.0196614265442]
