,problem,layers,optimizer,solutions,parameters,time
0,"{'type': 'maxcut', 'graph': {'directed': False, 'multigraph': False, 'graph': {}, 'nodes': [{'id': 0}, {'id': 1}, {'id': 2}], 'links': [{'weight': 6, 'source': 0, 'target': 1}, {'weight': 7, 'source': 0, 'target': 2}, {'weight': 1, 'source': 1, 'target': 2}]}, 'position': {0: [0.07851080556038943, 0.24969078637319295], 1: [-1.0, 0.10034683312306583], 2: [0.9214891944396112, -0.3500376194962584]}, 'solution': ([0, 1, 1], 13.0)}",29,"{'optimizer': 'COBYLA', 'maxiter': 100, 'shots': 1024, 'parameter_strategy': 'RANDOM', 'x0': None, 'backend': <QAOA_Tester.Backend.NoisyEstimatorBackend object at 0x7f7e566f5540>}","[([0, 0, 0], 0.0)]","[array([2.61018675, 3.19358626, 1.9124333 , 5.3726858 , 0.89123401,
       5.61162237, 3.82738808, 3.27010922, 2.17506485, 4.76368718,
       3.26131081, 6.26858625, 4.75100491, 3.87645815, 4.36739595,
       4.45093032, 5.41462567, 0.84956491, 4.99958759, 4.98792913,
       3.92074701, 5.72123594, 3.55201182, 5.34256528, 2.69508479,
       6.27914983, 2.43413708, 3.80652332, 2.84311463, 1.63013623,
       0.04938613, 4.16877371, 2.80103949, 1.26095443, 4.89994296,
       1.52842509, 5.06925558, 4.67917593, 2.42836649, 0.16835374,
       2.45680239, 5.69261851, 5.76702369, 3.90099578, 2.35284552,
       2.16982326, 0.58807328, 5.84365796, 2.41542456, 4.0158033 ,
       2.68458601, 3.9495898 , 0.93245273, 5.48717236, 5.41407597,
       2.61624822, 4.18479009, 4.10726278])]",[574.0807268619537]
