,problem,layers,optimizer,solutions,parameters,time
0,"{'type': 'maxcut', 'graph': {'directed': False, 'multigraph': False, 'graph': {}, 'nodes': [{'id': 0}, {'id': 1}, {'id': 2}], 'links': [{'weight': 6, 'source': 0, 'target': 1}, {'weight': 7, 'source': 0, 'target': 2}, {'weight': 1, 'source': 1, 'target': 2}]}, 'position': {0: [0.07851080556038943, 0.24969078637319295], 1: [-1.0, 0.10034683312306583], 2: [0.9214891944396112, -0.3500376194962584]}, 'solution': ([0, 1, 1], 13.0)}",23,"{'optimizer': 'COBYLA', 'maxiter': 100, 'shots': 1024, 'parameter_strategy': 'RANDOM', 'x0': None, 'backend': <QAOA_Tester.Backend.NoisyEstimatorBackend object at 0x7fea18869570>}","[([0, 0, 0], 0.0)]","[array([2.69475938, 3.89332421, 0.86071572, 4.69988776, 5.44954914,
       0.37287522, 0.98223817, 3.36197147, 2.34650749, 3.38447106,
       0.54037373, 5.14358973, 3.44966531, 0.70879945, 1.91422718,
       1.38350099, 4.04709109, 3.70259997, 3.82411832, 0.2241805 ,
       0.88408614, 6.1122017 , 4.27992659, 2.2328073 , 3.95088358,
       5.30481546, 1.8873514 , 4.88224974, 5.26609711, 0.30554698,
       5.55623777, 0.25786832, 2.74421698, 1.18162825, 5.44037478,
       4.43855934, 3.98891055, 2.63324018, 6.27138916, 5.86781004,
       5.75655051, 5.08358825, 4.42524645, 3.4722882 , 1.00696411,
       4.93549928])]",[595.2350888252258]
