,problem,layers,optimizer,solutions,parameters,time
0,"{'type': 'maxcut', 'graph': {'directed': False, 'multigraph': False, 'graph': {}, 'nodes': [{'id': 0}, {'id': 1}, {'id': 2}], 'links': [{'weight': 6, 'source': 0, 'target': 1}, {'weight': 7, 'source': 0, 'target': 2}, {'weight': 1, 'source': 1, 'target': 2}]}, 'position': {0: [0.07851080556038943, 0.24969078637319295], 1: [-1.0, 0.10034683312306583], 2: [0.9214891944396112, -0.3500376194962584]}, 'solution': ([0, 1, 1], 13.0)}",29,"{'optimizer': 'COBYLA', 'maxiter': 100, 'shots': 1024, 'parameter_strategy': 'RANDOM', 'x0': None, 'backend': <QAOA_Tester.Backend.NoisyEstimatorBackend object at 0x7fc3127e5600>}","[([0, 1, 0], -7.0)]","[array([0.01588412, 5.41014316, 5.78581723, 0.79215397, 5.51942467,
       0.86698363, 5.38128906, 0.1183133 , 1.85937938, 2.81911987,
       3.03529041, 4.20525822, 1.13763205, 5.03294304, 3.68601993,
       0.96916493, 0.92605699, 4.61607392, 0.87284566, 2.13327822,
       3.193601  , 3.45794977, 5.70239586, 3.39275325, 1.09619156,
       6.04796518, 2.66259958, 5.5987742 , 1.91043844, 3.22476017,
       0.56605197, 3.45009961, 5.95843304, 2.6412443 , 5.3673812 ,
       2.33753601, 5.00001546, 4.39800243, 4.57111874, 0.24718049,
       5.73150259, 6.08643783, 4.98173106, 1.4139743 , 4.98803043,
       6.15513531, 0.25339751, 1.84074707, 2.54389995, 1.45976064,
       0.60273821, 2.34390428, 3.90273875, 5.701934  , 4.51212645,
       0.91712148, 1.98332204, 0.28552244])]",[568.8497250080109]
