,problem,layers,optimizer,solutions,parameters,time
0,"{'type': 'maxcut', 'graph': {'directed': False, 'multigraph': False, 'graph': {}, 'nodes': [{'id': 0}, {'id': 1}, {'id': 2}], 'links': [{'weight': 6, 'source': 0, 'target': 1}, {'weight': 7, 'source': 0, 'target': 2}, {'weight': 1, 'source': 1, 'target': 2}]}, 'position': {0: [0.07851080556038943, 0.24969078637319295], 1: [-1.0, 0.10034683312306583], 2: [0.9214891944396112, -0.3500376194962584]}, 'solution': ([0, 1, 1], 13.0)}",30,"{'optimizer': 'COBYLA', 'maxiter': 100, 'shots': 1024, 'parameter_strategy': 'RANDOM', 'x0': None, 'backend': <QAOA_Tester.Backend.NoisyEstimatorBackend object at 0x7f50cb3a16c0>}","[([0, 0, 0], 0.0)]","[array([2.27257617, 0.45095894, 2.47329196, 3.96126519, 0.90970236,
       2.61888995, 0.44760864, 3.52662122, 3.94317068, 5.2077065 ,
       2.51716811, 4.09583157, 1.20458428, 2.98030237, 1.31906851,
       0.36765132, 0.31410615, 2.31142306, 5.3399521 , 1.38193278,
       1.72974512, 5.56776671, 1.1566899 , 2.86250726, 0.05218529,
       0.5219206 , 1.54228017, 4.89370958, 4.86748332, 2.30825094,
       3.67027661, 2.36549221, 5.8889246 , 5.76260044, 3.68357822,
       2.11989494, 3.62957884, 1.48470494, 2.22905044, 5.66124978,
       0.01690897, 2.45150714, 1.90800945, 0.46716016, 3.41703831,
       1.38743963, 2.52659666, 3.12425022, 3.92334403, 4.83086546,
       1.0979153 , 5.68087175, 5.20048142, 6.23369379, 5.96204479,
       5.907656  , 3.71604178, 2.78741719, 3.91574908, 3.08862737])]",[506.50366044044495]
