,problem,layers,optimizer,solutions,parameters,time
0,"{'type': 'maxcut', 'graph': {'directed': False, 'multigraph': False, 'graph': {}, 'nodes': [{'id': 0}, {'id': 1}, {'id': 2}], 'links': [{'weight': 6, 'source': 0, 'target': 1}, {'weight': 7, 'source': 0, 'target': 2}, {'weight': 1, 'source': 1, 'target': 2}]}, 'position': {0: [0.07851080556038943, 0.24969078637319295], 1: [-1.0, 0.10034683312306583], 2: [0.9214891944396112, -0.3500376194962584]}, 'solution': ([0, 1, 1], 13.0)}",25,"{'optimizer': 'COBYLA', 'maxiter': 100, 'shots': 1024, 'parameter_strategy': 'RANDOM', 'x0': None, 'backend': <QAOA_Tester.Backend.NoisyEstimatorBackend object at 0x7f67ca497d60>}","[([1, 0, 1], -7.0)]","[array([2.87628374, 4.69000678, 1.32852903, 5.86362104, 0.24445205,
       2.94142826, 5.30610027, 5.04617144, 6.16325248, 5.51852774,
       1.66089363, 0.86785325, 0.36586299, 1.65673925, 5.72200146,
       4.80093575, 0.14481174, 1.06422043, 0.0552865 , 5.31218926,
       1.30224207, 5.29201838, 4.46450443, 5.5277254 , 5.17088969,
       3.83048849, 0.83830068, 3.00655493, 4.25672198, 3.43634588,
       5.9759508 , 5.30958458, 6.24916756, 4.30364834, 6.14790565,
       3.81599884, 3.57821068, 1.89234028, 3.12521491, 3.79642606,
       0.78983485, 4.39702724, 4.67119324, 2.90759716, 0.45805799,
       5.21258699, 6.1769411 , 0.29481721, 0.54972419, 0.95739917])]",[606.9018771648407]
