,problem,layers,optimizer,solutions,parameters,time
0,"{'type': 'maxcut', 'graph': {'directed': False, 'multigraph': False, 'graph': {}, 'nodes': [{'id': 0}, {'id': 1}, {'id': 2}], 'links': [{'weight': 6, 'source': 0, 'target': 1}, {'weight': 7, 'source': 0, 'target': 2}, {'weight': 1, 'source': 1, 'target': 2}]}, 'position': {0: [0.07851080556038943, 0.24969078637319295], 1: [-1.0, 0.10034683312306583], 2: [0.9214891944396112, -0.3500376194962584]}, 'solution': ([0, 1, 1], 13.0)}",14,"{'optimizer': 'COBYLA', 'maxiter': 100, 'shots': 1024, 'parameter_strategy': 'RANDOM', 'x0': None, 'backend': <QAOA_Tester.Backend.NoisyEstimatorBackend object at 0x7f21543cd780>}","[([0, 1, 1], -13.0)]","[array([0.39025719, 2.74842353, 0.96057875, 2.34906746, 0.02498064,
       4.93081205, 6.26441235, 0.29205022, 4.09683635, 0.70305143,
       4.08030941, 2.06844423, 0.27404559, 6.0951632 , 6.07978468,
       4.81332836, 4.04542315, 1.35733362, 5.67633335, 2.9951309 ,
       1.57264466, 0.85349209, 0.8068813 , 5.22341405, 0.42143289,
       2.27364989, 1.25622918, 1.31581651])]",[606.0091361999512]
