,problem,layers,optimizer,solutions,parameters,time
0,"{'type': 'maxcut', 'graph': {'directed': False, 'multigraph': False, 'graph': {}, 'nodes': [{'id': 0}, {'id': 1}, {'id': 2}], 'links': [{'weight': 6, 'source': 0, 'target': 1}, {'weight': 7, 'source': 0, 'target': 2}, {'weight': 1, 'source': 1, 'target': 2}]}, 'position': {0: [0.07851080556038943, 0.24969078637319295], 1: [-1.0, 0.10034683312306583], 2: [0.9214891944396112, -0.3500376194962584]}, 'solution': ([0, 1, 1], 13.0)}",30,"{'optimizer': 'COBYLA', 'maxiter': 100, 'shots': 1024, 'parameter_strategy': 'RANDOM', 'x0': None, 'backend': <QAOA_Tester.Backend.NoisyEstimatorBackend object at 0x7fa59ccfd4e0>}","[([0, 1, 0], -7.0)]","[array([0.93137551, 3.23046146, 0.46639058, 1.56480458, 1.88376842,
       2.67758233, 3.74374571, 4.68752213, 5.75351031, 0.13269119,
       3.69980359, 4.72596023, 0.01297048, 2.3399329 , 4.52983129,
       0.4874799 , 4.56981375, 5.71163828, 5.52761013, 3.26124683,
       3.24912082, 2.8553453 , 0.54752906, 1.30511521, 3.1600544 ,
       0.42546805, 3.14948234, 0.50364842, 1.21627693, 0.03319212,
       4.22235288, 6.11693903, 1.264659  , 5.73842469, 5.09592186,
       2.1001303 , 2.8595659 , 3.83162913, 1.754757  , 5.43955096,
       0.61808742, 6.11875309, 0.2446462 , 5.28824711, 1.08364325,
       4.97690513, 5.0669453 , 1.90219923, 1.25028227, 0.26081353,
       0.10908155, 2.18704789, 6.07323024, 4.49123921, 5.80060923,
       0.9900011 , 1.90107058, 6.18908557, 4.50960603, 2.70737551])]",[564.1395647525787]
