,problem,layers,optimizer,solutions,parameters,time
0,"{'type': 'maxcut', 'graph': {'directed': False, 'multigraph': False, 'graph': {}, 'nodes': [{'id': 0}, {'id': 1}, {'id': 2}], 'links': [{'weight': 6, 'source': 0, 'target': 1}, {'weight': 7, 'source': 0, 'target': 2}, {'weight': 1, 'source': 1, 'target': 2}]}, 'position': {0: [0.07851080556038943, 0.24969078637319295], 1: [-1.0, 0.10034683312306583], 2: [0.9214891944396112, -0.3500376194962584]}, 'solution': ([0, 1, 1], 13.0)}",23,"{'optimizer': 'COBYLA', 'maxiter': 100, 'shots': 1024, 'parameter_strategy': 'RANDOM', 'x0': None, 'backend': <QAOA_Tester.Backend.NoisyEstimatorBackend object at 0x7f4ae27dfd30>}","[([0, 1, 0], -7.0)]","[array([1.85844077, 0.98867072, 5.42699346, 4.82661911, 1.28503203,
       5.80586523, 1.01752563, 1.49820571, 4.14530094, 5.06864763,
       3.00650623, 0.56918564, 4.35336911, 4.71390406, 5.86669176,
       2.35732071, 4.6570878 , 2.09840909, 3.59749132, 5.72867132,
       4.48133965, 4.93389344, 4.60778661, 0.07604029, 5.99114263,
       5.20402649, 2.63946154, 4.9199823 , 5.44796634, 2.14566879,
       0.19547624, 5.81923717, 2.44204438, 2.46460509, 1.92419132,
       3.00644572, 0.66386577, 3.09913893, 1.71299655, 5.25941596,
       2.74497125, 0.11290932, 0.64419894, 3.43498601, 3.7812431 ,
       2.22633546])]",[599.5000493526459]
