,problem,layers,optimizer,solutions,parameters,time
0,"{'type': 'maxcut', 'graph': {'directed': False, 'multigraph': False, 'graph': {}, 'nodes': [{'id': 0}, {'id': 1}, {'id': 2}], 'links': [{'weight': 6, 'source': 0, 'target': 1}, {'weight': 7, 'source': 0, 'target': 2}, {'weight': 1, 'source': 1, 'target': 2}]}, 'position': {0: [0.07851080556038943, 0.24969078637319295], 1: [-1.0, 0.10034683312306583], 2: [0.9214891944396112, -0.3500376194962584]}, 'solution': ([0, 1, 1], 13.0)}",18,"{'optimizer': 'COBYLA', 'maxiter': 100, 'shots': 1024, 'parameter_strategy': 'RANDOM', 'x0': None, 'backend': <QAOA_Tester.Backend.NoisyEstimatorBackend object at 0x7f57ea228df0>}","[([1, 1, 1], 0.0)]","[array([0.20114223, 5.42188285, 1.00138067, 0.34693532, 3.37415602,
       5.69600469, 0.65931979, 4.80713387, 4.25546447, 4.9827827 ,
       2.59286882, 4.8314689 , 4.07482886, 1.37741721, 1.05300259,
       2.45155013, 5.97917088, 2.19340864, 0.77596331, 0.84993592,
       3.56129337, 2.49650724, 0.84380773, 2.12397677, 5.36464684,
       0.67606381, 3.86935846, 4.32492504, 4.95847958, 5.20709666,
       5.62026886, 3.9758717 , 5.5232776 , 2.2939388 , 5.8828308 ,
       1.12776451])]",[599.0515666007996]
