,problem,layers,optimizer,solutions,parameters,time
0,"{'type': 'maxcut', 'graph': {'directed': False, 'multigraph': False, 'graph': {}, 'nodes': [{'id': 0}, {'id': 1}, {'id': 2}], 'links': [{'weight': 6, 'source': 0, 'target': 1}, {'weight': 7, 'source': 0, 'target': 2}, {'weight': 1, 'source': 1, 'target': 2}]}, 'position': {0: [0.07851080556038943, 0.24969078637319295], 1: [-1.0, 0.10034683312306583], 2: [0.9214891944396112, -0.3500376194962584]}, 'solution': ([0, 1, 1], 13.0)}",15,"{'optimizer': 'COBYLA', 'maxiter': 100, 'shots': 1024, 'parameter_strategy': 'RANDOM', 'x0': None, 'backend': <QAOA_Tester.Backend.NoisyEstimatorBackend object at 0x7f494929d570>}","[([0, 1, 0], -7.0)]","[array([2.22872242, 4.62972381, 4.47449266, 4.33597461, 2.27952234,
       0.40117294, 5.28783811, 4.92510634, 2.39411948, 0.90742287,
       4.53961607, 5.14138697, 4.58675537, 0.17183054, 5.81403439,
       5.7137489 , 1.24041377, 3.96981195, 1.71907835, 4.04873576,
       0.71275087, 0.1859723 , 5.7057434 , 4.16374416, 3.00339139,
       6.07592888, 3.96465117, 1.03593785, 1.87481392, 3.80008053])]",[608.5173513889313]
