,problem,layers,optimizer,solutions,parameters,time
0,"{'type': 'maxcut', 'graph': {'directed': False, 'multigraph': False, 'graph': {}, 'nodes': [{'id': 0}, {'id': 1}, {'id': 2}], 'links': [{'weight': 6, 'source': 0, 'target': 1}, {'weight': 7, 'source': 0, 'target': 2}, {'weight': 1, 'source': 1, 'target': 2}]}, 'position': {0: [0.07851080556038943, 0.24969078637319295], 1: [-1.0, 0.10034683312306583], 2: [0.9214891944396112, -0.3500376194962584]}, 'solution': ([0, 1, 1], 13.0)}",17,"{'optimizer': 'COBYLA', 'maxiter': 100, 'shots': 1024, 'parameter_strategy': 'RANDOM', 'x0': None, 'backend': <QAOA_Tester.Backend.NoisyEstimatorBackend object at 0x7f78a4cbd690>}","[([1, 1, 0], -8.0)]","[array([3.21097335, 5.45063   , 3.78361666, 4.75287003, 4.70947596,
       4.80160804, 4.5481049 , 5.35965005, 1.76254153, 4.55069703,
       5.99355184, 4.53426933, 3.02893645, 4.95126149, 5.64721594,
       5.58768629, 3.37929673, 3.54476695, 3.54614375, 2.11643685,
       3.70360416, 4.36993005, 1.7814718 , 4.67322715, 2.89708168,
       0.1395681 , 0.52421847, 1.0862692 , 2.42515309, 3.23453856,
       3.02650547, 4.45137649, 4.30048252, 0.50841137])]",[622.8385307788849]
