,problem,layers,optimizer,solutions,parameters,time
0,"{'type': 'maxcut', 'graph': {'directed': False, 'multigraph': False, 'graph': {}, 'nodes': [{'id': 0}, {'id': 1}, {'id': 2}], 'links': [{'weight': 6, 'source': 0, 'target': 1}, {'weight': 7, 'source': 0, 'target': 2}, {'weight': 1, 'source': 1, 'target': 2}]}, 'position': {0: [0.07851080556038943, 0.24969078637319295], 1: [-1.0, 0.10034683312306583], 2: [0.9214891944396112, -0.3500376194962584]}, 'solution': ([0, 1, 1], 13.0)}",16,"{'optimizer': 'COBYLA', 'maxiter': 100, 'shots': 1024, 'parameter_strategy': 'RANDOM', 'x0': None, 'backend': <QAOA_Tester.Backend.NoisyEstimatorBackend object at 0x7f10e5e81cc0>}","[([1, 1, 0], -8.0)]","[array([2.1533383 , 0.05333254, 5.48090071, 1.43292451, 2.08779405,
       3.11532625, 2.07584558, 3.15139854, 4.30599368, 4.51194448,
       3.37947935, 3.05939382, 2.97833328, 3.00324567, 0.83308445,
       6.47726989, 4.18353016, 4.49673077, 3.01754844, 0.58654742,
       4.55912895, 0.32321378, 4.19490763, 1.52019796, 5.62143366,
       5.21711224, 0.95090793, 4.72843449, 1.38980798, 5.13786952,
       2.84485602, 0.38653481])]",[590.1513059139252]
