,problem,layers,optimizer,solutions,parameters,time
0,"{'type': 'maxcut', 'graph': {'directed': False, 'multigraph': False, 'graph': {}, 'nodes': [{'id': 0}, {'id': 1}, {'id': 2}], 'links': [{'weight': 6, 'source': 0, 'target': 1}, {'weight': 7, 'source': 0, 'target': 2}, {'weight': 1, 'source': 1, 'target': 2}]}, 'position': {0: [0.07851080556038943, 0.24969078637319295], 1: [-1.0, 0.10034683312306583], 2: [0.9214891944396112, -0.3500376194962584]}, 'solution': ([0, 1, 1], 13.0)}",23,"{'optimizer': 'COBYLA', 'maxiter': 100, 'shots': 1024, 'parameter_strategy': 'RANDOM', 'x0': None, 'backend': <QAOA_Tester.Backend.NoisyEstimatorBackend object at 0x7f77a10f98a0>}","[([0, 0, 0], 0.0)]","[array([0.24956022, 0.20618652, 2.78580551, 1.07853627, 3.21346594,
       0.38264313, 4.00229409, 5.56607984, 3.33063933, 4.56672233,
       0.56884152, 1.68459111, 0.92678544, 2.35887065, 2.3698916 ,
       3.21324718, 5.09702059, 1.54737132, 4.67535397, 5.33012682,
       5.60394487, 3.12290779, 1.16801616, 4.47380716, 3.05190574,
       2.47109159, 3.39307982, 4.35091247, 5.5435538 , 6.27986089,
       3.41289044, 2.37955854, 0.34037494, 5.70466485, 4.65632339,
       5.55473546, 4.78937626, 2.3901014 , 5.59012053, 2.09526673,
       0.89624525, 4.16402015, 2.71560052, 2.88235181, 2.17676788,
       0.57955155])]",[586.5544826984406]
