,problem,layers,optimizer,solutions,parameters,time
0,"{'type': 'maxcut', 'graph': {'directed': False, 'multigraph': False, 'graph': {}, 'nodes': [{'id': 0}, {'id': 1}, {'id': 2}], 'links': [{'weight': 6, 'source': 0, 'target': 1}, {'weight': 7, 'source': 0, 'target': 2}, {'weight': 1, 'source': 1, 'target': 2}]}, 'position': {0: [0.07851080556038943, 0.24969078637319295], 1: [-1.0, 0.10034683312306583], 2: [0.9214891944396112, -0.3500376194962584]}, 'solution': ([0, 1, 1], 13.0)}",30,"{'optimizer': 'COBYLA', 'maxiter': 100, 'shots': 1024, 'parameter_strategy': 'RANDOM', 'x0': None, 'backend': <QAOA_Tester.Backend.NoisyEstimatorBackend object at 0x7f7d3b94d540>}","[([0, 0, 1], -8.0)]","[array([4.80912796, 5.10641887, 0.20635411, 4.70893186, 3.52190065,
       0.28790532, 3.95155546, 0.43463259, 4.3121714 , 0.79323066,
       2.96558797, 2.06800269, 5.70131856, 1.49966833, 0.65698455,
       0.68566487, 3.50938299, 0.51446455, 3.70206488, 3.47320359,
       2.09164547, 1.09947563, 0.62646237, 2.20573652, 5.51496205,
       5.01463169, 1.88173519, 1.11756667, 5.46563711, 2.11498377,
       0.65117953, 5.06679096, 2.2870745 , 5.49100266, 1.59957463,
       1.65393501, 4.80739863, 5.48993798, 0.74347311, 4.92712993,
       2.56670162, 2.22008422, 5.31945404, 2.94468275, 3.61705046,
       1.21142606, 2.83734689, 3.13027078, 3.25562779, 2.33391829,
       0.74449252, 1.59606017, 4.71037175, 3.49240145, 5.85255509,
       2.02881167, 0.10327996, 5.42257506, 0.82328776, 3.97812624])]",[489.9171371459961]
