,problem,layers,optimizer,solutions,parameters,time
0,"{'type': 'maxcut', 'graph': {'directed': False, 'multigraph': False, 'graph': {}, 'nodes': [{'id': 0}, {'id': 1}, {'id': 2}], 'links': [{'weight': 6, 'source': 0, 'target': 1}, {'weight': 7, 'source': 0, 'target': 2}, {'weight': 1, 'source': 1, 'target': 2}]}, 'position': {0: [0.07851080556038943, 0.24969078637319295], 1: [-1.0, 0.10034683312306583], 2: [0.9214891944396112, -0.3500376194962584]}, 'solution': ([0, 1, 1], 13.0)}",23,"{'optimizer': 'COBYLA', 'maxiter': 100, 'shots': 1024, 'parameter_strategy': 'RANDOM', 'x0': None, 'backend': <QAOA_Tester.Backend.NoisyEstimatorBackend object at 0x7fb700e2d6f0>}","[([0, 0, 0], 0.0)]","[array([5.81972983, 5.6778864 , 0.98932441, 5.26249875, 5.59292061,
       0.28732865, 1.3786327 , 2.30440747, 3.80046827, 0.13977176,
       3.37720296, 5.39026985, 3.75620762, 5.45629573, 0.99570762,
       0.35928105, 1.87945798, 4.99387088, 4.60656244, 2.29466932,
       2.22176954, 3.12337978, 4.00032357, 2.44301308, 1.34056576,
       0.40519904, 2.43860076, 6.19173039, 5.50307987, 2.91828737,
       1.45194034, 4.61177544, 4.95554519, 4.76090249, 0.99529938,
       0.25874637, 3.93172922, 5.6125374 , 0.73391799, 3.356663  ,
       3.42666521, 2.53739571, 3.31498145, 4.15333025, 0.47414669,
       3.69174329])]",[583.0393419265747]
