,problem,layers,optimizer,solutions,parameters,time
0,"{'type': 'maxcut', 'graph': {'directed': False, 'multigraph': False, 'graph': {}, 'nodes': [{'id': 0}, {'id': 1}, {'id': 2}], 'links': [{'weight': 6, 'source': 0, 'target': 1}, {'weight': 7, 'source': 0, 'target': 2}, {'weight': 1, 'source': 1, 'target': 2}]}, 'position': {0: [0.07851080556038943, 0.24969078637319295], 1: [-1.0, 0.10034683312306583], 2: [0.9214891944396112, -0.3500376194962584]}, 'solution': ([0, 1, 1], 13.0)}",29,"{'optimizer': 'COBYLA', 'maxiter': 100, 'shots': 1024, 'parameter_strategy': 'RANDOM', 'x0': None, 'backend': <QAOA_Tester.Backend.NoisyEstimatorBackend object at 0x7f3d09ca7d30>}","[([1, 1, 0], -8.0)]","[array([0.30542661, 3.29472368, 0.80073449, 0.83170276, 1.37454869,
       4.29836334, 4.35942894, 1.06435546, 0.45433087, 4.53800649,
       0.8146164 , 2.2974865 , 5.64297924, 3.27315908, 2.16472186,
       0.89483158, 3.19759739, 6.17543867, 4.19396475, 2.38706612,
       4.20010047, 6.17305144, 4.71509299, 2.77205137, 0.11217845,
       0.77459808, 4.85289458, 2.42050212, 1.10462678, 4.97374107,
       5.20575219, 5.15159626, 5.60760464, 1.69539037, 5.78216556,
       4.35665125, 4.2483576 , 4.05196176, 0.9328561 , 2.92653118,
       4.65000178, 3.71682372, 2.88893286, 2.79388092, 3.19271569,
       5.45526474, 0.72370915, 0.32674888, 0.17898587, 4.47361792,
       4.20271119, 0.6695464 , 3.82675613, 2.53740035, 0.59050155,
       0.9711729 , 4.98795804, 0.64760826])]",[576.9364914894104]
