,problem,layers,optimizer,solutions,parameters,time
0,"{'type': 'maxcut', 'graph': {'directed': False, 'multigraph': False, 'graph': {}, 'nodes': [{'id': 0}, {'id': 1}, {'id': 2}], 'links': [{'weight': 6, 'source': 0, 'target': 1}, {'weight': 7, 'source': 0, 'target': 2}, {'weight': 1, 'source': 1, 'target': 2}]}, 'position': {0: [0.07851080556038943, 0.24969078637319295], 1: [-1.0, 0.10034683312306583], 2: [0.9214891944396112, -0.3500376194962584]}, 'solution': ([0, 1, 1], 13.0)}",22,"{'optimizer': 'COBYLA', 'maxiter': 100, 'shots': 1024, 'parameter_strategy': 'RANDOM', 'x0': None, 'backend': <QAOA_Tester.Backend.NoisyEstimatorBackend object at 0x7fc3a7d458d0>}","[([1, 0, 1], -7.0)]","[array([6.23738665, 0.17739989, 5.97593518, 5.35748018, 3.94236976,
       0.54319326, 0.08833475, 4.94156527, 1.67321635, 2.50112842,
       5.61562561, 1.27664938, 2.9464005 , 0.42862147, 0.19156329,
       4.37958526, 4.02105864, 2.72089273, 0.91612614, 5.80563477,
       1.47858606, 4.25603291, 6.22158191, 4.94590077, 0.08640841,
       5.53045579, 6.09525391, 3.93157853, 3.01928568, 1.799713  ,
       0.38279786, 4.13898215, 4.74159505, 6.27485688, 4.73128116,
       4.37365463, 1.39046911, 4.10262314, 0.81150315, 3.86369626,
       3.2485007 , 2.8406424 , 2.69432761, 5.59314388])]",[604.5966625213623]
