,problem,layers,optimizer,solutions,parameters,time
0,"{'type': 'maxcut', 'graph': {'directed': False, 'multigraph': False, 'graph': {}, 'nodes': [{'id': 0}, {'id': 1}, {'id': 2}], 'links': [{'weight': 6, 'source': 0, 'target': 1}, {'weight': 7, 'source': 0, 'target': 2}, {'weight': 1, 'source': 1, 'target': 2}]}, 'position': {0: [0.07851080556038943, 0.24969078637319295], 1: [-1.0, 0.10034683312306583], 2: [0.9214891944396112, -0.3500376194962584]}, 'solution': ([0, 1, 1], 13.0)}",26,"{'optimizer': 'COBYLA', 'maxiter': 100, 'shots': 1024, 'parameter_strategy': 'RANDOM', 'x0': None, 'backend': <QAOA_Tester.Backend.NoisyEstimatorBackend object at 0x7f31ae6c56c0>}","[([1, 1, 1], 0.0)]","[array([1.73898451, 4.18529445, 1.97977101, 3.99993375, 0.82791715,
       2.13085362, 4.1137665 , 3.35774787, 5.03755064, 5.67469855,
       3.29970972, 1.07481504, 1.55285382, 2.11135863, 2.5517969 ,
       6.11602527, 3.53451398, 1.11792781, 4.91369473, 6.04279567,
       3.50080775, 6.24555575, 3.53695674, 2.5718927 , 5.98249714,
       0.14204492, 4.78401894, 5.80739957, 1.95260312, 3.07098439,
       5.56660367, 0.78209858, 2.45365628, 1.84710117, 5.94141998,
       5.67874349, 3.97106364, 5.87240823, 2.01097392, 5.81498561,
       4.58986181, 0.45460626, 0.88058921, 4.14976252, 3.40558299,
       2.40831383, 1.39465934, 3.38852108, 0.08763133, 3.57992911,
       4.69315659, 6.21532022])]",[594.1282734870911]
