,problem,layers,optimizer,solutions,parameters,time
0,"{'type': 'maxcut', 'graph': {'directed': False, 'multigraph': False, 'graph': {}, 'nodes': [{'id': 0}, {'id': 1}, {'id': 2}], 'links': [{'weight': 6, 'source': 0, 'target': 1}, {'weight': 7, 'source': 0, 'target': 2}, {'weight': 1, 'source': 1, 'target': 2}]}, 'position': {0: [0.07851080556038943, 0.24969078637319295], 1: [-1.0, 0.10034683312306583], 2: [0.9214891944396112, -0.3500376194962584]}, 'solution': ([0, 1, 1], 13.0)}",22,"{'optimizer': 'COBYLA', 'maxiter': 100, 'shots': 1024, 'parameter_strategy': 'RANDOM', 'x0': None, 'backend': <QAOA_Tester.Backend.NoisyEstimatorBackend object at 0x7fbf124d9210>}","[([1, 1, 0], -8.0)]","[array([5.78107751, 1.32045534, 2.48913334, 2.77012076, 2.48204311,
       2.91312514, 5.10625853, 0.79924014, 1.4758745 , 3.8341811 ,
       5.18755213, 6.26206956, 0.17361899, 4.52607564, 0.75554034,
       3.88622016, 4.3278803 , 3.45370579, 0.97093089, 3.51130355,
       5.41310433, 1.6228307 , 6.0305632 , 1.51649093, 1.93327156,
       5.70109344, 0.32500712, 2.72605362, 2.89402207, 1.33759331,
       3.99789075, 0.72076505, 3.32584236, 2.3353235 , 5.14064279,
       1.16461745, 1.03144813, 0.63850371, 3.52238744, 3.0572969 ,
       2.08156467, 5.33880332, 2.62467233, 1.70415594])]",[585.50532579422]
