,problem,layers,optimizer,solutions,parameters,time
0,"{'type': 'maxcut', 'graph': {'directed': False, 'multigraph': False, 'graph': {}, 'nodes': [{'id': 0}, {'id': 1}, {'id': 2}], 'links': [{'weight': 6, 'source': 0, 'target': 1}, {'weight': 7, 'source': 0, 'target': 2}, {'weight': 1, 'source': 1, 'target': 2}]}, 'position': {0: [0.07851080556038943, 0.24969078637319295], 1: [-1.0, 0.10034683312306583], 2: [0.9214891944396112, -0.3500376194962584]}, 'solution': ([0, 1, 1], 13.0)}",30,"{'optimizer': 'COBYLA', 'maxiter': 100, 'shots': 1024, 'parameter_strategy': 'RANDOM', 'x0': None, 'backend': <QAOA_Tester.Backend.NoisyEstimatorBackend object at 0x7f87b5595480>}","[([0, 1, 1], -13.0)]","[array([0.96697994, 0.7729353 , 2.50964877, 2.47680871, 4.72902287,
       1.91989456, 5.67028444, 5.14917978, 3.02940024, 0.26521505,
       5.57616065, 0.85287161, 1.01276436, 2.86785952, 2.01988965,
       4.91789283, 1.82209593, 3.63201734, 5.55382009, 0.89952614,
       5.61042235, 1.54200845, 4.71286403, 3.83043073, 1.32994349,
       1.3373062 , 3.8547396 , 2.39925774, 2.5819119 , 3.32436433,
       3.70848609, 5.8366307 , 0.92399054, 4.67174607, 5.14154201,
       0.04956066, 2.52142397, 1.31681886, 3.21622874, 5.36029515,
       6.26754489, 2.30072707, 3.72341216, 3.57522693, 2.39447129,
       3.93024246, 0.55960302, 1.39616874, 6.26096573, 2.39705708,
       1.34399075, 4.00250708, 3.75690249, 5.1443839 , 2.40308609,
       4.75696927, 6.04638046, 1.44016046, 2.83455474, 0.23063123])]",[543.1355493068695]
