,problem,layers,optimizer,solutions,parameters,time
0,"{'type': 'maxcut', 'graph': {'directed': False, 'multigraph': False, 'graph': {}, 'nodes': [{'id': 0}, {'id': 1}, {'id': 2}], 'links': [{'weight': 6, 'source': 0, 'target': 1}, {'weight': 7, 'source': 0, 'target': 2}, {'weight': 1, 'source': 1, 'target': 2}]}, 'position': {0: [0.07851080556038943, 0.24969078637319295], 1: [-1.0, 0.10034683312306583], 2: [0.9214891944396112, -0.3500376194962584]}, 'solution': ([0, 1, 1], 13.0)}",19,"{'optimizer': 'COBYLA', 'maxiter': 100, 'shots': 1024, 'parameter_strategy': 'RANDOM', 'x0': None, 'backend': <QAOA_Tester.Backend.NoisyEstimatorBackend object at 0x7f4088ef9570>}","[([1, 1, 1], 0.0)]","[array([3.67328975, 2.21421649, 0.01720871, 3.52507626, 2.18851398,
       2.15975904, 5.3581514 , 1.91651834, 6.07970628, 5.97470807,
       3.50041816, 2.20504934, 5.32234723, 6.13393309, 3.93260693,
       2.89701592, 1.6262687 , 0.80252528, 0.79439236, 5.03083186,
       1.73782199, 2.98298663, 5.08020048, 3.22310764, 2.23015098,
       4.13496799, 3.08572652, 4.64572881, 2.38478756, 4.45825736,
       2.72680731, 3.67084583, 5.77452699, 0.13714405, 1.69477691,
       2.36891599, 1.2615694 , 0.79642341])]",[572.3194136619568]
