,problem,layers,optimizer,solutions,parameters,time
0,"{'type': 'maxcut', 'graph': {'directed': False, 'multigraph': False, 'graph': {}, 'nodes': [{'id': 0}, {'id': 1}, {'id': 2}], 'links': [{'weight': 6, 'source': 0, 'target': 1}, {'weight': 7, 'source': 0, 'target': 2}, {'weight': 1, 'source': 1, 'target': 2}]}, 'position': {0: [0.07851080556038943, 0.24969078637319295], 1: [-1.0, 0.10034683312306583], 2: [0.9214891944396112, -0.3500376194962584]}, 'solution': ([0, 1, 1], 13.0)}",26,"{'optimizer': 'COBYLA', 'maxiter': 100, 'shots': 1024, 'parameter_strategy': 'RANDOM', 'x0': None, 'backend': <QAOA_Tester.Backend.NoisyEstimatorBackend object at 0x7f6891089450>}","[([1, 0, 1], -7.0)]","[array([4.25519407, 5.57745411, 4.64812582, 4.57871998, 0.73673683,
       0.04478359, 4.78717504, 1.64594689, 4.34859854, 6.04091062,
       2.71893171, 6.06397485, 5.71051796, 4.48690501, 5.52388754,
       6.16957542, 1.91631835, 0.47299985, 0.59250852, 0.92406929,
       5.62102511, 4.55891437, 0.7867213 , 3.14041945, 3.96521356,
       1.92856603, 0.80932792, 1.96213357, 2.46914343, 1.71931047,
       2.88876824, 1.64608675, 1.85072184, 1.39136119, 2.67644117,
       1.65491608, 0.13690628, 0.02962416, 1.62048939, 0.12126854,
       4.35624905, 2.35216171, 2.75658228, 4.3459315 , 1.5224741 ,
       5.13546439, 0.21357898, 5.7095735 , 1.36473435, 6.14499783,
       2.36339952, 4.49005198])]",[589.4445354938507]
