,problem,layers,optimizer,solutions,parameters,time
0,"{'type': 'maxcut', 'graph': {'directed': False, 'multigraph': False, 'graph': {}, 'nodes': [{'id': 0}, {'id': 1}, {'id': 2}], 'links': [{'weight': 6, 'source': 0, 'target': 1}, {'weight': 7, 'source': 0, 'target': 2}, {'weight': 1, 'source': 1, 'target': 2}]}, 'position': {0: [0.07851080556038943, 0.24969078637319295], 1: [-1.0, 0.10034683312306583], 2: [0.9214891944396112, -0.3500376194962584]}, 'solution': ([0, 1, 1], 13.0)}",23,"{'optimizer': 'COBYLA', 'maxiter': 100, 'shots': 1024, 'parameter_strategy': 'RANDOM', 'x0': None, 'backend': <QAOA_Tester.Backend.NoisyEstimatorBackend object at 0x7fd86ecb1b10>}","[([1, 1, 0], -8.0)]","[array([4.55381687, 4.89050594, 5.35364947, 1.00721311, 5.20871689,
       3.19381992, 5.68272103, 0.21991569, 2.02905612, 1.73332566,
       0.75914554, 1.0018076 , 1.37732068, 2.49185489, 3.10642723,
       2.39942615, 1.90457976, 2.92136661, 3.09226238, 0.6073784 ,
       1.84422883, 3.99195432, 4.50838329, 1.51628484, 5.3152049 ,
       1.10664074, 1.61995885, 4.61939494, 0.51597129, 5.38376709,
       1.61207   , 0.96613203, 5.7298808 , 1.48309908, 2.37929424,
       5.457464  , 3.64212411, 1.86568541, 4.68406886, 3.28235814,
       5.77490601, 5.90589184, 5.37252326, 5.24862581, 4.89592932,
       0.48522336])]",[578.0396275520325]
