,problem,layers,optimizer,solutions,parameters,time
0,"{'type': 'maxcut', 'graph': {'directed': False, 'multigraph': False, 'graph': {}, 'nodes': [{'id': 0}, {'id': 1}, {'id': 2}], 'links': [{'weight': 6, 'source': 0, 'target': 1}, {'weight': 7, 'source': 0, 'target': 2}, {'weight': 1, 'source': 1, 'target': 2}]}, 'position': {0: [0.07851080556038943, 0.24969078637319295], 1: [-1.0, 0.10034683312306583], 2: [0.9214891944396112, -0.3500376194962584]}, 'solution': ([0, 1, 1], 13.0)}",30,"{'optimizer': 'COBYLA', 'maxiter': 100, 'shots': 1024, 'parameter_strategy': 'RANDOM', 'x0': None, 'backend': <QAOA_Tester.Backend.NoisyEstimatorBackend object at 0x7fc004eb9240>}","[([1, 1, 1], 0.0)]","[array([6.28204645, 5.00564482, 4.09989662, 3.99559284, 2.20515682,
       1.9213272 , 6.05023587, 4.18524588, 2.07589979, 3.80224389,
       0.5199462 , 1.50811886, 5.97852137, 0.75608662, 3.45968528,
       2.24745574, 6.21639688, 3.54902484, 4.53969872, 2.21554144,
       0.99500757, 0.55901947, 5.78443483, 1.16092056, 4.95386173,
       0.22905414, 4.31677807, 0.47394594, 4.85980358, 4.7086729 ,
       1.73299085, 6.14183223, 1.02553287, 5.62614136, 1.03896448,
       3.04164961, 3.7312605 , 4.92568705, 5.22941488, 2.69048641,
       1.33183768, 1.69826424, 5.3518283 , 1.56772447, 2.13858885,
       4.75894022, 2.95648415, 5.60217987, 3.62227139, 5.65203779,
       3.01767937, 5.96754624, 0.67985907, 1.8879486 , 0.04796635,
       0.65730127, 1.95773413, 4.40336952, 6.01175737, 1.99624815])]",[478.47436118125916]
