,problem,layers,optimizer,solutions,parameters,time
0,"{'type': 'maxcut', 'graph': {'directed': False, 'multigraph': False, 'graph': {}, 'nodes': [{'id': 0}, {'id': 1}, {'id': 2}], 'links': [{'weight': 6, 'source': 0, 'target': 1}, {'weight': 7, 'source': 0, 'target': 2}, {'weight': 1, 'source': 1, 'target': 2}]}, 'position': {0: [0.07851080556038943, 0.24969078637319295], 1: [-1.0, 0.10034683312306583], 2: [0.9214891944396112, -0.3500376194962584]}, 'solution': ([0, 1, 1], 13.0)}",19,"{'optimizer': 'COBYLA', 'maxiter': 100, 'shots': 1024, 'parameter_strategy': 'RANDOM', 'x0': None, 'backend': <QAOA_Tester.Backend.NoisyEstimatorBackend object at 0x7f1a98631870>}","[([0, 1, 0], -7.0)]","[array([3.81238207, 1.30029192, 1.88498189, 2.60265476, 4.11054886,
       4.16274364, 2.02786855, 5.36261808, 4.10759679, 4.9445579 ,
       3.61135542, 5.68635713, 3.09209423, 2.39810366, 0.09884775,
       5.3400771 , 4.11329119, 5.49619911, 1.34964909, 2.37471287,
       0.92243564, 5.20268331, 3.87641238, 2.85795879, 0.5581857 ,
       5.37059718, 1.46578784, 3.08645222, 3.38683256, 3.99575734,
       4.15798171, 4.60985391, 4.38205297, 4.36304773, 1.47322937,
       1.54253752, 4.84942088, 5.57148398])]",[609.7850830554962]
