,problem,layers,optimizer,solutions,parameters,time
0,"{'type': 'maxcut', 'graph': {'directed': False, 'multigraph': False, 'graph': {}, 'nodes': [{'id': 0}, {'id': 1}, {'id': 2}], 'links': [{'weight': 6, 'source': 0, 'target': 1}, {'weight': 7, 'source': 0, 'target': 2}, {'weight': 1, 'source': 1, 'target': 2}]}, 'position': {0: [0.07851080556038943, 0.24969078637319295], 1: [-1.0, 0.10034683312306583], 2: [0.9214891944396112, -0.3500376194962584]}, 'solution': ([0, 1, 1], 13.0)}",16,"{'optimizer': 'COBYLA', 'maxiter': 100, 'shots': 1024, 'parameter_strategy': 'RANDOM', 'x0': None, 'backend': <QAOA_Tester.Backend.NoisyEstimatorBackend object at 0x7f970d81aaa0>}","[([0, 1, 0], -7.0)]","[array([0.93958181, 5.47037582, 1.65401469, 4.34179345, 3.62891271,
       2.99433834, 4.03132357, 0.84027066, 3.99280543, 2.36344129,
       3.06084682, 4.70565055, 3.74934207, 2.05451389, 5.67411282,
       0.87618338, 4.35298018, 3.8186304 , 2.46883784, 1.82403055,
       1.96514727, 3.36571259, 5.43804955, 6.07271314, 1.72977599,
       2.3464414 , 3.50302199, 2.87399882, 2.04188164, 2.26699626,
       1.38037081, 2.50126285])]",[626.227371931076]
