,problem,layers,optimizer,solutions,parameters,time
0,"{'type': 'maxcut', 'graph': {'directed': False, 'multigraph': False, 'graph': {}, 'nodes': [{'id': 0}, {'id': 1}, {'id': 2}], 'links': [{'weight': 6, 'source': 0, 'target': 1}, {'weight': 7, 'source': 0, 'target': 2}, {'weight': 1, 'source': 1, 'target': 2}]}, 'position': {0: [0.07851080556038943, 0.24969078637319295], 1: [-1.0, 0.10034683312306583], 2: [0.9214891944396112, -0.3500376194962584]}, 'solution': ([0, 1, 1], 13.0)}",15,"{'optimizer': 'COBYLA', 'maxiter': 100, 'shots': 1024, 'parameter_strategy': 'RANDOM', 'x0': None, 'backend': <QAOA_Tester.Backend.NoisyEstimatorBackend object at 0x7f5d2e219c00>}","[([0, 0, 1], -8.0)]","[array([6.20601431, 2.87686297, 3.53816774, 5.49336063, 0.76664762,
       0.01954029, 2.70929694, 0.91889321, 4.66100027, 4.4442701 ,
       2.03198551, 5.39455862, 0.86162181, 5.695745  , 0.94978777,
       4.43993016, 3.12857084, 2.13553419, 1.71847651, 6.01833527,
       2.31932734, 3.54771894, 0.0969615 , 4.89646659, 1.61063761,
       0.90470412, 5.23737756, 1.66306539, 0.16673752, 0.22104943])]",[620.7680044174194]
