,problem,layers,optimizer,solutions,parameters,time
0,"{'type': 'maxcut', 'graph': {'directed': False, 'multigraph': False, 'graph': {}, 'nodes': [{'id': 0}, {'id': 1}, {'id': 2}], 'links': [{'weight': 6, 'source': 0, 'target': 1}, {'weight': 7, 'source': 0, 'target': 2}, {'weight': 1, 'source': 1, 'target': 2}]}, 'position': {0: [0.07851080556038943, 0.24969078637319295], 1: [-1.0, 0.10034683312306583], 2: [0.9214891944396112, -0.3500376194962584]}, 'solution': ([0, 1, 1], 13.0)}",23,"{'optimizer': 'COBYLA', 'maxiter': 100, 'shots': 1024, 'parameter_strategy': 'RANDOM', 'x0': None, 'backend': <QAOA_Tester.Backend.NoisyEstimatorBackend object at 0x7f0ef31d5510>}","[([1, 1, 0], -8.0)]","[array([2.27708662, 5.27327786, 3.2496361 , 4.69368732, 3.13083417,
       2.52813577, 3.17007862, 5.04234672, 0.94099818, 5.79756712,
       3.4820351 , 0.90955114, 3.66212189, 0.91118909, 5.91923597,
       2.56750013, 1.95465072, 6.04532644, 1.47182269, 1.10612502,
       1.90702776, 6.20338404, 1.44476648, 2.1265012 , 3.2222238 ,
       0.70048835, 3.35799782, 2.35360199, 6.00738383, 5.03171861,
       0.55210769, 3.36911409, 1.26848343, 1.46756597, 1.91324412,
       0.74082086, 1.06254713, 3.52098401, 4.77880845, 2.59107093,
       0.6183042 , 1.60871851, 1.02520554, 6.15107821, 4.37011514,
       6.14454641])]",[596.2112879753113]
