,problem,layers,optimizer,solutions,parameters,time
0,"{'type': 'maxcut', 'graph': {'directed': False, 'multigraph': False, 'graph': {}, 'nodes': [{'id': 0}, {'id': 1}, {'id': 2}], 'links': [{'weight': 6, 'source': 0, 'target': 1}, {'weight': 7, 'source': 0, 'target': 2}, {'weight': 1, 'source': 1, 'target': 2}]}, 'position': {0: [0.07851080556038943, 0.24969078637319295], 1: [-1.0, 0.10034683312306583], 2: [0.9214891944396112, -0.3500376194962584]}, 'solution': ([0, 1, 1], 13.0)}",26,"{'optimizer': 'COBYLA', 'maxiter': 100, 'shots': 1024, 'parameter_strategy': 'RANDOM', 'x0': None, 'backend': <QAOA_Tester.Backend.NoisyEstimatorBackend object at 0x7f4aa5c1f9a0>}","[([1, 0, 0], -13.0)]","[array([2.20494904, 5.94577277, 2.90883643, 3.40868336, 4.43485858,
       5.40939325, 0.0662472 , 2.10964808, 3.18525424, 5.96613119,
       1.93427478, 5.29738502, 5.32515197, 1.81357954, 2.22624605,
       1.05153136, 0.8599538 , 3.01074488, 4.2253876 , 4.30088919,
       1.56028057, 6.25581438, 3.23340331, 2.32320809, 6.13593469,
       5.53056215, 0.40469514, 5.97438316, 4.34106581, 0.80412611,
       5.36396832, 3.67113639, 1.68962577, 1.29095089, 1.17936864,
       1.92578426, 3.86366971, 4.02354941, 2.8083723 , 0.24029611,
       2.2513857 , 0.05835985, 6.07225961, 0.44771904, 5.40872542,
       5.99005834, 4.20129165, 1.47019041, 3.46102086, 5.19032558,
       4.70430656, 5.33221145])]",[587.249739408493]
