,problem,layers,optimizer,solutions,parameters,time
0,"{'type': 'maxcut', 'graph': {'directed': False, 'multigraph': False, 'graph': {}, 'nodes': [{'id': 0}, {'id': 1}, {'id': 2}], 'links': [{'weight': 6, 'source': 0, 'target': 1}, {'weight': 7, 'source': 0, 'target': 2}, {'weight': 1, 'source': 1, 'target': 2}]}, 'position': {0: [0.07851080556038943, 0.24969078637319295], 1: [-1.0, 0.10034683312306583], 2: [0.9214891944396112, -0.3500376194962584]}, 'solution': ([0, 1, 1], 13.0)}",26,"{'optimizer': 'COBYLA', 'maxiter': 100, 'shots': 1024, 'parameter_strategy': 'RANDOM', 'x0': None, 'backend': <QAOA_Tester.Backend.NoisyEstimatorBackend object at 0x7f2f67aad4b0>}","[([0, 0, 0], 0.0)]","[array([1.30900809, 2.60981372, 1.27493694, 2.43852047, 2.70209383,
       6.03121615, 4.63730021, 5.74924944, 1.43576121, 2.33846058,
       4.08636706, 0.85438628, 4.5620582 , 4.63664944, 4.70414189,
       4.84416647, 3.71411434, 5.81541127, 5.08204498, 0.4105452 ,
       2.93197821, 4.41803376, 1.19902461, 1.38388758, 0.5121547 ,
       2.51675437, 3.10845857, 3.60239675, 5.46814103, 5.89030267,
       2.5633293 , 4.01473898, 2.06791072, 5.5634233 , 5.37983463,
       3.21471532, 4.81759829, 4.55208151, 0.19190471, 6.01409542,
       4.96134719, 0.26058722, 3.93261789, 5.0903468 , 4.5604658 ,
       2.04087618, 2.59776624, 1.79140144, 0.69058437, 0.05475434,
       5.60732736, 4.97955457])]",[578.662716627121]
