,problem,layers,optimizer,solutions,parameters,time
0,"{'type': 'maxcut', 'graph': {'directed': False, 'multigraph': False, 'graph': {}, 'nodes': [{'id': 0}, {'id': 1}, {'id': 2}], 'links': [{'weight': 6, 'source': 0, 'target': 1}, {'weight': 7, 'source': 0, 'target': 2}, {'weight': 1, 'source': 1, 'target': 2}]}, 'position': {0: [0.07851080556038943, 0.24969078637319295], 1: [-1.0, 0.10034683312306583], 2: [0.9214891944396112, -0.3500376194962584]}, 'solution': ([0, 1, 1], 13.0)}",26,"{'optimizer': 'COBYLA', 'maxiter': 100, 'shots': 1024, 'parameter_strategy': 'RANDOM', 'x0': None, 'backend': <QAOA_Tester.Backend.NoisyEstimatorBackend object at 0x7f412fbc9450>}","[([0, 0, 0], 0.0)]","[array([5.59933908, 3.8858688 , 5.85231692, 0.28482781, 0.89915771,
       3.50803893, 1.34984885, 4.46477448, 5.63877733, 1.5100443 ,
       4.4957166 , 3.86147348, 1.69633441, 4.33849363, 4.49676049,
       5.95681331, 3.46795583, 0.0393553 , 0.41292874, 4.1524625 ,
       3.81865946, 5.21835561, 6.04261963, 3.7831205 , 3.50610725,
       3.43557992, 3.8583053 , 4.57534119, 6.2566869 , 0.77548359,
       1.57393806, 2.71696663, 5.53121795, 2.44983318, 1.09177889,
       0.27674294, 2.23296882, 2.79764238, 2.89756666, 6.05491739,
       5.28223392, 4.29627469, 1.28963837, 1.168662  , 0.64263134,
       2.51734795, 2.08464112, 5.44054021, 4.61117126, 4.92736922,
       3.81359604, 0.07508368])]",[639.3192660808563]
