,problem,layers,optimizer,solutions,parameters,time
0,"{'type': 'maxcut', 'graph': {'directed': False, 'multigraph': False, 'graph': {}, 'nodes': [{'id': 0}, {'id': 1}, {'id': 2}], 'links': [{'weight': 6, 'source': 0, 'target': 1}, {'weight': 7, 'source': 0, 'target': 2}, {'weight': 1, 'source': 1, 'target': 2}]}, 'position': {0: [0.07851080556038943, 0.24969078637319295], 1: [-1.0, 0.10034683312306583], 2: [0.9214891944396112, -0.3500376194962584]}, 'solution': ([0, 1, 1], 13.0)}",26,"{'optimizer': 'COBYLA', 'maxiter': 100, 'shots': 1024, 'parameter_strategy': 'RANDOM', 'x0': None, 'backend': <QAOA_Tester.Backend.NoisyEstimatorBackend object at 0x7f63346b1240>}","[([1, 1, 1], 0.0)]","[array([1.60011526, 5.54005392, 4.24683498, 3.51589411, 4.40806861,
       1.99347018, 3.70548561, 2.43710095, 4.72188222, 2.27629184,
       0.57105868, 2.07058252, 0.34153337, 3.12827809, 2.5174534 ,
       5.63543161, 5.7612775 , 2.25914352, 2.71892995, 3.72693238,
       3.29138684, 4.53995515, 5.75855494, 4.2393549 , 4.70727427,
       1.89609757, 0.2299332 , 5.64621768, 1.49943318, 0.41210451,
       2.47043067, 1.95001379, 6.11133576, 1.72179046, 0.64336921,
       5.32532964, 2.44503366, 2.36499714, 2.81345606, 3.73963432,
       4.3630631 , 1.48919281, 0.58943403, 3.50293267, 1.07390612,
       3.29491662, 5.7194818 , 2.68438116, 3.89439174, 4.82102179,
       1.31267181, 6.00187937])]",[573.1816947460175]
