,problem,layers,optimizer,solutions,parameters,time
0,"{'type': 'maxcut', 'graph': {'directed': False, 'multigraph': False, 'graph': {}, 'nodes': [{'id': 0}, {'id': 1}, {'id': 2}], 'links': [{'weight': 6, 'source': 0, 'target': 1}, {'weight': 7, 'source': 0, 'target': 2}, {'weight': 1, 'source': 1, 'target': 2}]}, 'position': {0: [0.07851080556038943, 0.24969078637319295], 1: [-1.0, 0.10034683312306583], 2: [0.9214891944396112, -0.3500376194962584]}, 'solution': ([0, 1, 1], 13.0)}",21,"{'optimizer': 'COBYLA', 'maxiter': 100, 'shots': 1024, 'parameter_strategy': 'RANDOM', 'x0': None, 'backend': <QAOA_Tester.Backend.NoisyEstimatorBackend object at 0x7f5664141b10>}","[([1, 1, 1], 0.0)]","[array([4.61049723, 3.94488162, 5.2563272 , 5.75776462, 0.2006244 ,
       5.10271395, 5.83685226, 6.24208744, 6.18203701, 5.75883813,
       1.95014205, 3.42715193, 5.3040666 , 5.56826617, 5.44641162,
       1.85262445, 2.06542112, 4.11681701, 5.33726306, 4.72790313,
       0.82661285, 0.12809596, 2.73634733, 3.50428778, 2.11025844,
       2.72199507, 6.02089342, 1.31140676, 5.74091257, 4.81265892,
       6.02023465, 2.43591865, 3.74457255, 4.19065891, 5.84991797,
       0.97638041, 3.39706688, 0.12501932, 0.45322245, 0.78857673,
       4.0473029 , 4.19305218])]",[580.3835418224335]
