,problem,layers,optimizer,solutions,parameters,time
0,"{'type': 'maxcut', 'graph': {'directed': False, 'multigraph': False, 'graph': {}, 'nodes': [{'id': 0}, {'id': 1}, {'id': 2}], 'links': [{'weight': 6, 'source': 0, 'target': 1}, {'weight': 7, 'source': 0, 'target': 2}, {'weight': 1, 'source': 1, 'target': 2}]}, 'position': {0: [0.07851080556038943, 0.24969078637319295], 1: [-1.0, 0.10034683312306583], 2: [0.9214891944396112, -0.3500376194962584]}, 'solution': ([0, 1, 1], 13.0)}",16,"{'optimizer': 'COBYLA', 'maxiter': 100, 'shots': 1024, 'parameter_strategy': 'RANDOM', 'x0': None, 'backend': <QAOA_Tester.Backend.NoisyEstimatorBackend object at 0x7f39f742d690>}","[([0, 0, 0], 0.0)]","[array([2.2408253 , 0.81637931, 3.32487862, 2.02697518, 4.84283586,
       5.24527553, 5.10592533, 0.56724438, 1.25816415, 2.51244139,
       5.78737652, 0.334312  , 3.68034023, 2.06059134, 0.24255621,
       2.93483756, 0.25839146, 6.25504216, 0.65615299, 2.95483492,
       1.93660528, 5.56531082, 1.55699009, 0.33809925, 1.76280906,
       0.12504676, 6.17611698, 3.86152431, 5.84518324, 0.19141557,
       2.73600753, 1.31174924])]",[567.8725423812866]
