,problem,layers,optimizer,solutions,parameters,time
0,"{'type': 'maxcut', 'graph': {'directed': False, 'multigraph': False, 'graph': {}, 'nodes': [{'id': 0}, {'id': 1}, {'id': 2}], 'links': [{'weight': 6, 'source': 0, 'target': 1}, {'weight': 7, 'source': 0, 'target': 2}, {'weight': 1, 'source': 1, 'target': 2}]}, 'position': {0: [0.07851080556038943, 0.24969078637319295], 1: [-1.0, 0.10034683312306583], 2: [0.9214891944396112, -0.3500376194962584]}, 'solution': ([0, 1, 1], 13.0)}",29,"{'optimizer': 'COBYLA', 'maxiter': 100, 'shots': 1024, 'parameter_strategy': 'RANDOM', 'x0': None, 'backend': <QAOA_Tester.Backend.NoisyEstimatorBackend object at 0x7f23a5019750>}","[([1, 1, 1], 0.0)]","[array([4.02427467, 2.08947036, 2.38696199, 0.6618725 , 4.4820954 ,
       2.75077214, 6.07753875, 3.41483952, 4.6600262 , 3.38706602,
       0.07341063, 1.42329466, 1.84164619, 5.72289683, 2.93340321,
       2.96098956, 2.71144564, 4.33736918, 1.9627463 , 3.76738592,
       0.21748417, 3.55362057, 0.49253926, 6.28151114, 1.50888794,
       2.2531825 , 4.38125199, 1.94775617, 2.06115993, 0.94096206,
       6.22864464, 4.202357  , 1.68848646, 1.25748174, 1.74245011,
       5.71865769, 3.92729587, 2.08874654, 4.25601574, 3.62287299,
       1.06783649, 3.42873471, 2.57270481, 4.60928633, 2.77847639,
       4.97986179, 2.54602657, 0.67918763, 2.8477724 , 1.26923586,
       4.67361163, 4.41110353, 4.61445499, 1.20682614, 5.62027559,
       5.65216843, 1.7839473 , 2.91577995])]",[610.0767862796783]
