,problem,layers,optimizer,solutions,parameters,time
0,"{'type': 'maxcut', 'graph': {'directed': False, 'multigraph': False, 'graph': {}, 'nodes': [{'id': 0}, {'id': 1}, {'id': 2}], 'links': [{'weight': 6, 'source': 0, 'target': 1}, {'weight': 7, 'source': 0, 'target': 2}, {'weight': 1, 'source': 1, 'target': 2}]}, 'position': {0: [0.07851080556038943, 0.24969078637319295], 1: [-1.0, 0.10034683312306583], 2: [0.9214891944396112, -0.3500376194962584]}, 'solution': ([0, 1, 1], 13.0)}",21,"{'optimizer': 'COBYLA', 'maxiter': 100, 'shots': 1024, 'parameter_strategy': 'RANDOM', 'x0': None, 'backend': <QAOA_Tester.Backend.NoisyEstimatorBackend object at 0x7f4c9fa23430>}","[([1, 1, 1], 0.0)]","[array([0.41674996, 4.3691404 , 5.67829436, 1.8295523 , 1.83641774,
       5.91833568, 4.53490819, 0.13636033, 5.65535937, 3.57946914,
       1.31566271, 1.50777941, 2.38859905, 0.70783422, 5.37370145,
       0.77513019, 4.71962344, 4.36825611, 3.14097879, 4.97236233,
       1.3353105 , 6.06525652, 3.13852576, 3.07090005, 6.00565614,
       5.32746409, 5.45780981, 1.88595725, 4.10997015, 5.82461888,
       0.45351486, 4.69171511, 3.50590322, 2.76545294, 0.60869845,
       3.12480333, 3.82502475, 4.69761182, 2.34358261, 0.60913887,
       2.82289426, 2.2336087 ])]",[587.7361650466919]
