,problem,layers,optimizer,solutions,parameters,time
0,"{'type': 'maxcut', 'graph': {'directed': False, 'multigraph': False, 'graph': {}, 'nodes': [{'id': 0}, {'id': 1}, {'id': 2}], 'links': [{'weight': 6, 'source': 0, 'target': 1}, {'weight': 7, 'source': 0, 'target': 2}, {'weight': 1, 'source': 1, 'target': 2}]}, 'position': {0: [0.07851080556038943, 0.24969078637319295], 1: [-1.0, 0.10034683312306583], 2: [0.9214891944396112, -0.3500376194962584]}, 'solution': ([0, 1, 1], 13.0)}",26,"{'optimizer': 'COBYLA', 'maxiter': 100, 'shots': 1024, 'parameter_strategy': 'RANDOM', 'x0': None, 'backend': <QAOA_Tester.Backend.NoisyEstimatorBackend object at 0x7f9675f1d480>}","[([1, 1, 1], 0.0)]","[array([2.37269672, 2.84797767, 1.37357634, 0.16753609, 0.48229796,
       3.77673492, 1.5678852 , 4.27555201, 5.51922614, 4.4516299 ,
       0.23911854, 3.95454331, 5.43600447, 4.10275137, 5.07148414,
       5.18187269, 4.25694899, 6.01159215, 3.41502317, 3.84917544,
       4.5828796 , 4.15674651, 0.55934714, 4.20624355, 3.07910571,
       6.03342611, 2.82056507, 5.78661637, 3.81903418, 6.10033614,
       4.825399  , 5.93519466, 4.19397222, 5.90655813, 0.45445162,
       2.65039474, 3.10526107, 5.40642525, 0.78208163, 5.24605875,
       0.62408385, 3.71576713, 0.4999956 , 2.15043396, 2.9105455 ,
       4.90428015, 3.82585193, 4.18184818, 5.59355747, 1.71666871,
       4.07991722, 0.79594882])]",[617.0575513839722]
