,problem,layers,optimizer,solutions,parameters,time
0,"{'type': 'maxcut', 'graph': {'directed': False, 'multigraph': False, 'graph': {}, 'nodes': [{'id': 0}, {'id': 1}, {'id': 2}], 'links': [{'weight': 6, 'source': 0, 'target': 1}, {'weight': 7, 'source': 0, 'target': 2}, {'weight': 1, 'source': 1, 'target': 2}]}, 'position': {0: [0.07851080556038943, 0.24969078637319295], 1: [-1.0, 0.10034683312306583], 2: [0.9214891944396112, -0.3500376194962584]}, 'solution': ([0, 1, 1], 13.0)}",17,"{'optimizer': 'COBYLA', 'maxiter': 100, 'shots': 1024, 'parameter_strategy': 'RANDOM', 'x0': None, 'backend': <QAOA_Tester.Backend.NoisyEstimatorBackend object at 0x7f76a7ed9870>}","[([0, 0, 0], 0.0)]","[array([3.6279373 , 0.17173947, 6.1555464 , 1.32958141, 5.81381771,
       1.31507863, 2.63222034, 5.33440373, 1.47697712, 1.76835871,
       3.37101228, 5.07853371, 2.28279819, 1.36342374, 1.88493042,
       3.66558569, 5.49218976, 0.58276241, 1.83170504, 1.16909762,
       4.87169988, 3.76796117, 2.76815798, 5.98903217, 5.68126869,
       5.2355249 , 4.3887049 , 5.12031486, 4.0401114 , 2.25677184,
       0.62660456, 2.0697636 , 2.44603571, 4.61753276])]",[596.583466053009]
