,problem,layers,optimizer,solutions,parameters,time
0,"{'type': 'maxcut', 'graph': {'directed': False, 'multigraph': False, 'graph': {}, 'nodes': [{'id': 0}, {'id': 1}, {'id': 2}], 'links': [{'weight': 6, 'source': 0, 'target': 1}, {'weight': 7, 'source': 0, 'target': 2}, {'weight': 1, 'source': 1, 'target': 2}]}, 'position': {0: [0.07851080556038943, 0.24969078637319295], 1: [-1.0, 0.10034683312306583], 2: [0.9214891944396112, -0.3500376194962584]}, 'solution': ([0, 1, 1], 13.0)}",25,"{'optimizer': 'COBYLA', 'maxiter': 100, 'shots': 1024, 'parameter_strategy': 'RANDOM', 'x0': None, 'backend': <QAOA_Tester.Backend.NoisyEstimatorBackend object at 0x7fc258139720>}","[([1, 0, 1], -7.0)]","[array([1.69565791, 2.3140526 , 0.93614456, 1.07239131, 2.00848875,
       4.48846703, 5.19181795, 5.85225587, 6.06739552, 6.01504618,
       0.60775546, 2.56833994, 2.09852556, 5.55807839, 6.27536672,
       3.16257342, 1.48217083, 1.04517801, 6.10805668, 5.74284732,
       0.70914071, 5.23662175, 2.54004913, 5.68784972, 4.25940868,
       5.79994619, 1.84092104, 3.29304945, 1.36531922, 2.84206527,
       2.07897237, 1.68935635, 2.75360519, 3.83502475, 5.85177374,
       4.62987848, 0.09599865, 5.89871396, 2.85745966, 4.41980846,
       1.07711807, 2.17485295, 3.99499436, 2.08181514, 0.9766525 ,
       4.81077693, 3.85885992, 3.53307042, 0.81405591, 3.77764872])]",[592.2715222835541]
