,problem,layers,optimizer,solutions,parameters,time
0,"{'type': 'maxcut', 'graph': {'directed': False, 'multigraph': False, 'graph': {}, 'nodes': [{'id': 0}, {'id': 1}, {'id': 2}], 'links': [{'weight': 6, 'source': 0, 'target': 1}, {'weight': 7, 'source': 0, 'target': 2}, {'weight': 1, 'source': 1, 'target': 2}]}, 'position': {0: [0.07851080556038943, 0.24969078637319295], 1: [-1.0, 0.10034683312306583], 2: [0.9214891944396112, -0.3500376194962584]}, 'solution': ([0, 1, 1], 13.0)}",22,"{'optimizer': 'COBYLA', 'maxiter': 100, 'shots': 1024, 'parameter_strategy': 'RANDOM', 'x0': None, 'backend': <QAOA_Tester.Backend.NoisyEstimatorBackend object at 0x7f5e9fb117b0>}","[([1, 0, 0], -13.0)]","[array([3.35643691, 5.32289599, 2.91551246, 0.35281456, 1.29045361,
       3.75100049, 3.01263204, 0.56969786, 3.68402817, 3.52747584,
       5.36085502, 1.4157067 , 3.13298125, 0.67810433, 3.81523975,
       2.53322327, 2.84164125, 3.37333717, 0.89314924, 1.69707484,
       0.49040175, 0.73669085, 0.78757558, 1.7128021 , 3.83589763,
       1.65649644, 4.06912528, 2.08656982, 3.87048719, 0.41184027,
       2.86888534, 1.52193131, 6.139661  , 4.51894453, 4.22730116,
       0.26250704, 5.02795907, 4.19811046, 0.31074246, 1.97701605,
       1.40776831, 3.91559023, 3.08101212, 5.26318585])]",[601.7695753574371]
