,problem,layers,optimizer,solutions,parameters,time
0,"{'type': 'maxcut', 'graph': {'directed': False, 'multigraph': False, 'graph': {}, 'nodes': [{'id': 0}, {'id': 1}, {'id': 2}], 'links': [{'weight': 6, 'source': 0, 'target': 1}, {'weight': 7, 'source': 0, 'target': 2}, {'weight': 1, 'source': 1, 'target': 2}]}, 'position': {0: [0.07851080556038943, 0.24969078637319295], 1: [-1.0, 0.10034683312306583], 2: [0.9214891944396112, -0.3500376194962584]}, 'solution': ([0, 1, 1], 13.0)}",23,"{'optimizer': 'COBYLA', 'maxiter': 100, 'shots': 1024, 'parameter_strategy': 'RANDOM', 'x0': None, 'backend': <QAOA_Tester.Backend.NoisyEstimatorBackend object at 0x7f8199acd6c0>}","[([1, 1, 0], -8.0)]","[array([0.82583832, 3.04871209, 2.78737153, 0.63677508, 1.93608387,
       4.23182895, 2.10550811, 5.92188266, 2.73452135, 0.82267684,
       4.63108521, 2.2536013 , 5.9721062 , 2.80678856, 3.34200308,
       2.16504893, 0.99231255, 5.31491543, 5.3469176 , 4.92776159,
       1.81767424, 2.23595148, 4.71484159, 3.9172314 , 1.61346099,
       1.31880546, 2.01651911, 4.87353093, 2.8501002 , 5.75237705,
       5.40398729, 3.70545387, 4.56401036, 3.9097441 , 2.22407356,
       6.00160411, 2.17384575, 0.73600054, 1.43011786, 5.98434576,
       4.70177667, 0.46498627, 2.74012961, 3.28996938, 2.57912025,
       5.71846459])]",[590.7209844589233]
