,problem,layers,optimizer,solutions,parameters,time
0,"{'type': 'maxcut', 'graph': {'directed': False, 'multigraph': False, 'graph': {}, 'nodes': [{'id': 0}, {'id': 1}, {'id': 2}], 'links': [{'weight': 6, 'source': 0, 'target': 1}, {'weight': 7, 'source': 0, 'target': 2}, {'weight': 1, 'source': 1, 'target': 2}]}, 'position': {0: [0.07851080556038943, 0.24969078637319295], 1: [-1.0, 0.10034683312306583], 2: [0.9214891944396112, -0.3500376194962584]}, 'solution': ([0, 1, 1], 13.0)}",17,"{'optimizer': 'COBYLA', 'maxiter': 100, 'shots': 1024, 'parameter_strategy': 'RANDOM', 'x0': None, 'backend': <QAOA_Tester.Backend.NoisyEstimatorBackend object at 0x7ff6a4b8d570>}","[([1, 1, 1], 0.0)]","[array([4.75576683, 0.47694248, 5.61846216, 5.24943032, 3.48821433,
       1.15692524, 0.61236158, 1.51470618, 0.17657085, 1.47342076,
       3.80045814, 5.23216461, 1.23210507, 0.38728779, 3.00513032,
       5.07863436, 5.14963477, 2.04191145, 1.14668931, 0.10874702,
       6.0084839 , 6.21429506, 0.49799815, 1.17796682, 0.14750083,
       1.55594923, 5.01480507, 5.29457026, 1.31668989, 0.40290694,
       4.60700616, 4.16052479, 5.31106365, 0.37855885])]",[588.6681468486786]
