,problem,layers,optimizer,solutions,parameters,time
0,"{'type': 'maxcut', 'graph': {'directed': False, 'multigraph': False, 'graph': {}, 'nodes': [{'id': 0}, {'id': 1}, {'id': 2}], 'links': [{'weight': 6, 'source': 0, 'target': 1}, {'weight': 7, 'source': 0, 'target': 2}, {'weight': 1, 'source': 1, 'target': 2}]}, 'position': {0: [0.07851080556038943, 0.24969078637319295], 1: [-1.0, 0.10034683312306583], 2: [0.9214891944396112, -0.3500376194962584]}, 'solution': ([0, 1, 1], 13.0)}",23,"{'optimizer': 'COBYLA', 'maxiter': 100, 'shots': 1024, 'parameter_strategy': 'RANDOM', 'x0': None, 'backend': <QAOA_Tester.Backend.NoisyEstimatorBackend object at 0x7f3856611570>}","[([0, 0, 1], -8.0)]","[array([5.85463285, 0.30200856, 3.27754777, 2.10058319, 3.12190807,
       0.75482129, 2.94945375, 4.39080493, 0.10376992, 0.56252346,
       1.7125949 , 3.97061748, 3.38189748, 0.87096174, 0.41267742,
       5.85282754, 3.63127501, 0.57195244, 5.39750042, 4.34103131,
       2.11697299, 4.27501237, 2.3104229 , 2.43378322, 4.64591301,
       0.71198344, 0.90183105, 2.44450407, 1.96176246, 5.58821921,
       2.61454289, 1.22283832, 5.39022031, 1.76808077, 5.18179967,
       1.93155851, 3.34673622, 3.00708312, 1.56733237, 5.73208423,
       2.68277243, 0.39886103, 0.15702377, 0.24060464, 2.49737948,
       6.1968854 ])]",[603.8164637088776]
