,problem,layers,optimizer,solutions,parameters,time
0,"{'type': 'maxcut', 'graph': {'directed': False, 'multigraph': False, 'graph': {}, 'nodes': [{'id': 0}, {'id': 1}, {'id': 2}], 'links': [{'weight': 6, 'source': 0, 'target': 1}, {'weight': 7, 'source': 0, 'target': 2}, {'weight': 1, 'source': 1, 'target': 2}]}, 'position': {0: [0.07851080556038943, 0.24969078637319295], 1: [-1.0, 0.10034683312306583], 2: [0.9214891944396112, -0.3500376194962584]}, 'solution': ([0, 1, 1], 13.0)}",24,"{'optimizer': 'COBYLA', 'maxiter': 100, 'shots': 1024, 'parameter_strategy': 'RANDOM', 'x0': None, 'backend': <QAOA_Tester.Backend.NoisyEstimatorBackend object at 0x7f5abcd1fb20>}","[([1, 1, 1], 0.0)]","[array([ 1.27368128,  4.09499057,  1.00311574,  4.22117487,  2.1370634 ,
        3.76600124,  1.04286611,  2.80204867,  0.96530243,  2.05899487,
        4.76240493,  0.48807707,  0.25783139,  4.41902646,  3.45384131,
        5.50266397,  1.65774918,  4.11510837,  4.32499824,  3.41501791,
        0.3282363 ,  4.77904492,  0.68227164, -0.53235666,  1.18018751,
        3.97213767,  0.22143677,  1.57243707,  5.2981096 ,  5.08127593,
        1.12743148,  1.03698163,  3.93912059,  4.54226671,  3.36507859,
        3.57616183,  3.76872922,  4.44995984,  5.23950198,  1.32869056,
        5.95574241,  5.39127872,  5.63303329,  0.52272867,  1.46839319,
        5.27833934,  2.16618456,  5.52582817])]",[626.9366581439972]
