,problem,layers,optimizer,solutions,parameters,time
0,"{'type': 'maxcut', 'graph': {'directed': False, 'multigraph': False, 'graph': {}, 'nodes': [{'id': 0}, {'id': 1}, {'id': 2}], 'links': [{'weight': 6, 'source': 0, 'target': 1}, {'weight': 7, 'source': 0, 'target': 2}, {'weight': 1, 'source': 1, 'target': 2}]}, 'position': {0: [0.07851080556038943, 0.24969078637319295], 1: [-1.0, 0.10034683312306583], 2: [0.9214891944396112, -0.3500376194962584]}, 'solution': ([0, 1, 1], 13.0)}",25,"{'optimizer': 'COBYLA', 'maxiter': 100, 'shots': 1024, 'parameter_strategy': 'RANDOM', 'x0': None, 'backend': <QAOA_Tester.Backend.NoisyEstimatorBackend object at 0x7f910aa29600>}","[([0, 0, 1], -8.0)]","[array([5.30217403, 1.80372822, 5.22757274, 0.19630001, 4.40973231,
       5.95837197, 2.77831615, 0.47888306, 2.79898653, 2.55446996,
       3.72761623, 1.66686266, 0.7959929 , 2.15344121, 1.93006615,
       4.00903153, 5.40624483, 4.82879495, 3.30363081, 4.95758487,
       4.51487767, 5.48165342, 1.23923818, 1.864166  , 2.00709607,
       0.19170844, 6.23831167, 5.00232187, 1.65386154, 5.19921296,
       0.48831029, 5.08947398, 5.68422397, 0.01351287, 3.64526822,
       2.07289449, 0.56901824, 1.65547868, 4.10075797, 2.98131364,
       6.24697056, 3.5773327 , 1.08690759, 1.74504685, 1.20949877,
       5.82322985, 3.75721561, 3.19628948, 2.65408338, 1.10962054])]",[623.0482375621796]
