,problem,layers,optimizer,solutions,parameters,time
0,"{'type': 'maxcut', 'graph': {'directed': False, 'multigraph': False, 'graph': {}, 'nodes': [{'id': 0}, {'id': 1}, {'id': 2}], 'links': [{'weight': 6, 'source': 0, 'target': 1}, {'weight': 7, 'source': 0, 'target': 2}, {'weight': 1, 'source': 1, 'target': 2}]}, 'position': {0: [0.07851080556038943, 0.24969078637319295], 1: [-1.0, 0.10034683312306583], 2: [0.9214891944396112, -0.3500376194962584]}, 'solution': ([0, 1, 1], 13.0)}",13,"{'optimizer': 'COBYLA', 'maxiter': 100, 'shots': 1024, 'parameter_strategy': 'RANDOM', 'x0': None, 'backend': <QAOA_Tester.Backend.NoisyEstimatorBackend object at 0x7fbcaf4114e0>}","[([1, 0, 0], -13.0)]","[array([3.14398509, 4.49085975, 2.44156267, 0.20833505, 2.0265053 ,
       0.90752549, 2.67849712, 3.14983438, 5.85332683, 1.54876192,
       0.04461088, 0.6427073 , 5.31561934, 1.00520763, 2.35352762,
       1.54512512, 1.71331376, 0.05534152, 5.49140547, 5.57391958,
       5.90094661, 0.18668127, 1.16161804, 5.75178473, 4.70311488,
       6.51061881])]",[618.0791530609131]
