,problem,layers,optimizer,solutions,parameters,time
0,"{'type': 'maxcut', 'graph': {'directed': False, 'multigraph': False, 'graph': {}, 'nodes': [{'id': 0}, {'id': 1}, {'id': 2}], 'links': [{'weight': 6, 'source': 0, 'target': 1}, {'weight': 7, 'source': 0, 'target': 2}, {'weight': 1, 'source': 1, 'target': 2}]}, 'position': {0: [0.07851080556038943, 0.24969078637319295], 1: [-1.0, 0.10034683312306583], 2: [0.9214891944396112, -0.3500376194962584]}, 'solution': ([0, 1, 1], 13.0)}",27,"{'optimizer': 'COBYLA', 'maxiter': 100, 'shots': 1024, 'parameter_strategy': 'RANDOM', 'x0': None, 'backend': <QAOA_Tester.Backend.NoisyEstimatorBackend object at 0x7f40cfbb9b40>}","[([0, 0, 0], 0.0)]","[array([4.52389518, 3.69004943, 4.08116517, 3.80914269, 1.90234154,
       2.57257796, 1.45986896, 6.07063793, 2.63420114, 4.35593083,
       3.80443457, 0.20035187, 2.60563762, 0.0760823 , 2.45659216,
       0.12166178, 3.66557528, 0.95505737, 1.8571753 , 1.21569514,
       1.49666523, 4.50640819, 0.24723006, 1.61460164, 2.96023841,
       1.35562971, 3.01235265, 3.88134329, 5.64401077, 0.29610956,
       0.88174954, 4.11056126, 3.5113503 , 5.35056868, 1.0457574 ,
       5.82903819, 3.54906945, 0.97957676, 0.10051364, 5.81987033,
       5.80808273, 0.35126047, 5.26974417, 0.3588442 , 2.79037591,
       5.45807424, 0.61572149, 2.3676846 , 1.38408741, 0.37177465,
       4.74415066, 2.0490689 , 3.71029488, 1.92878519])]",[601.9750266075134]
