,problem,layers,optimizer,solutions,parameters,time
0,"{'type': 'maxcut', 'graph': {'directed': False, 'multigraph': False, 'graph': {}, 'nodes': [{'id': 0}, {'id': 1}, {'id': 2}], 'links': [{'weight': 6, 'source': 0, 'target': 1}, {'weight': 7, 'source': 0, 'target': 2}, {'weight': 1, 'source': 1, 'target': 2}]}, 'position': {0: [0.07851080556038943, 0.24969078637319295], 1: [-1.0, 0.10034683312306583], 2: [0.9214891944396112, -0.3500376194962584]}, 'solution': ([0, 1, 1], 13.0)}",18,"{'optimizer': 'COBYLA', 'maxiter': 100, 'shots': 1024, 'parameter_strategy': 'RANDOM', 'x0': None, 'backend': <QAOA_Tester.Backend.NoisyEstimatorBackend object at 0x7fc025203880>}","[([1, 1, 1], 0.0)]","[array([4.98100536, 3.11684398, 5.69561095, 3.17778615, 3.67650958,
       1.49008879, 1.59364631, 5.45204708, 3.66542648, 5.21722229,
       3.97413605, 3.78532711, 1.92987169, 6.1626036 , 5.75457523,
       5.21384558, 1.55127295, 4.9310669 , 5.19378666, 0.48924615,
       0.03569155, 1.48229185, 3.25235333, 5.38374063, 2.26495803,
       0.68782599, 3.5160601 , 1.67014772, 4.1331496 , 4.24458176,
       1.99769481, 4.10036435, 2.68291237, 0.90542076, 4.34387898,
       2.96163237])]",[557.6596729755402]
