,problem,layers,optimizer,solutions,parameters,time
0,"{'type': 'maxcut', 'graph': {'directed': False, 'multigraph': False, 'graph': {}, 'nodes': [{'id': 0}, {'id': 1}, {'id': 2}], 'links': [{'weight': 6, 'source': 0, 'target': 1}, {'weight': 7, 'source': 0, 'target': 2}, {'weight': 1, 'source': 1, 'target': 2}]}, 'position': {0: [0.07851080556038943, 0.24969078637319295], 1: [-1.0, 0.10034683312306583], 2: [0.9214891944396112, -0.3500376194962584]}, 'solution': ([0, 1, 1], 13.0)}",20,"{'optimizer': 'COBYLA', 'maxiter': 100, 'shots': 1024, 'parameter_strategy': 'RANDOM', 'x0': None, 'backend': <QAOA_Tester.Backend.NoisyEstimatorBackend object at 0x7f36cd2816f0>}","[([0, 0, 0], 0.0)]","[array([1.78901592, 2.43530665, 3.05851806, 0.07512399, 0.99635357,
       5.64233624, 1.40487855, 1.77864276, 0.10050615, 2.96394983,
       0.61365205, 0.71844944, 2.89043095, 6.07576265, 4.2061519 ,
       3.93051376, 3.27348346, 0.50242762, 0.20745736, 1.53635381,
       4.67893014, 2.76604484, 2.15480794, 5.62609901, 5.19145171,
       4.977036  , 2.96590878, 2.99587432, 3.87700476, 2.68617177,
       5.84277831, 0.5122964 , 3.82691465, 1.6579809 , 4.78521452,
       5.54677665, 1.4767448 , 4.061321  , 5.88143305, 4.5897696 ])]",[585.0076110363007]
