,problem,layers,optimizer,solutions,parameters,time
0,"{'type': 'maxcut', 'graph': {'directed': False, 'multigraph': False, 'graph': {}, 'nodes': [{'id': 0}, {'id': 1}, {'id': 2}], 'links': [{'weight': 6, 'source': 0, 'target': 1}, {'weight': 7, 'source': 0, 'target': 2}, {'weight': 1, 'source': 1, 'target': 2}]}, 'position': {0: [0.07851080556038943, 0.24969078637319295], 1: [-1.0, 0.10034683312306583], 2: [0.9214891944396112, -0.3500376194962584]}, 'solution': ([0, 1, 1], 13.0)}",20,"{'optimizer': 'COBYLA', 'maxiter': 100, 'shots': 1024, 'parameter_strategy': 'RANDOM', 'x0': None, 'backend': <QAOA_Tester.Backend.NoisyEstimatorBackend object at 0x7f320e2e5150>}","[([0, 0, 0], 0.0)]","[array([0.89428822, 4.28117376, 0.80722312, 0.44229701, 1.45957917,
       0.31696237, 2.52827646, 2.94664979, 1.3988333 , 5.71271875,
       5.24763042, 5.43091998, 4.08117547, 1.80586099, 4.01273159,
       3.63629451, 0.09478345, 0.43486639, 1.78113234, 4.55623313,
       3.69407962, 3.53972978, 2.08012157, 2.93942018, 4.12381223,
       6.02651442, 1.10749372, 2.93850037, 3.22137449, 4.10580643,
       4.48478347, 3.74926375, 6.23227053, 2.01816791, 5.00918948,
       3.5962737 , 2.68328558, 2.7473062 , 5.88576299, 4.85814137])]",[614.1808729171753]
