,problem,layers,optimizer,solutions,parameters,time
0,"{'type': 'maxcut', 'graph': {'directed': False, 'multigraph': False, 'graph': {}, 'nodes': [{'id': 0}, {'id': 1}, {'id': 2}], 'links': [{'weight': 6, 'source': 0, 'target': 1}, {'weight': 7, 'source': 0, 'target': 2}, {'weight': 1, 'source': 1, 'target': 2}]}, 'position': {0: [0.07851080556038943, 0.24969078637319295], 1: [-1.0, 0.10034683312306583], 2: [0.9214891944396112, -0.3500376194962584]}, 'solution': ([0, 1, 1], 13.0)}",21,"{'optimizer': 'COBYLA', 'maxiter': 100, 'shots': 1024, 'parameter_strategy': 'RANDOM', 'x0': None, 'backend': <QAOA_Tester.Backend.NoisyEstimatorBackend object at 0x7f65e2ae1450>}","[([1, 1, 1], 0.0)]","[array([1.49452944, 4.94162633, 3.19816781, 3.91542924, 5.89496339,
       3.33687183, 3.33403264, 5.70473644, 1.48980207, 4.37645574,
       2.88069575, 4.7063773 , 2.56239396, 4.30346988, 3.28516305,
       3.68275825, 2.91836537, 0.5274388 , 1.67815402, 0.02409049,
       4.17682132, 6.14922229, 0.24486225, 3.18168478, 4.51151301,
       5.32344366, 5.45829528, 4.50762501, 5.33026946, 2.43950856,
       2.36672289, 5.71041398, 1.91560351, 1.44455046, 3.47447106,
       4.67597307, 4.34262531, 5.77096203, 3.61821958, 0.90649519,
       3.86057995, 4.9358508 ])]",[578.8638586997986]
