,problem,layers,optimizer,solutions,parameters,time
0,"{'type': 'maxcut', 'graph': {'directed': False, 'multigraph': False, 'graph': {}, 'nodes': [{'id': 0}, {'id': 1}, {'id': 2}], 'links': [{'weight': 6, 'source': 0, 'target': 1}, {'weight': 7, 'source': 0, 'target': 2}, {'weight': 1, 'source': 1, 'target': 2}]}, 'position': {0: [0.07851080556038943, 0.24969078637319295], 1: [-1.0, 0.10034683312306583], 2: [0.9214891944396112, -0.3500376194962584]}, 'solution': ([0, 1, 1], 13.0)}",19,"{'optimizer': 'COBYLA', 'maxiter': 100, 'shots': 1024, 'parameter_strategy': 'RANDOM', 'x0': None, 'backend': <QAOA_Tester.Backend.NoisyEstimatorBackend object at 0x7fb2093e52d0>}","[([0, 0, 0], 0.0)]","[array([3.10694291, 4.20819574, 4.30149549, 5.16823611, 3.82545351,
       2.61017964, 5.81197751, 6.11988473, 2.77268301, 1.1570267 ,
       1.33062553, 2.46765161, 4.00262432, 3.21610587, 5.03439034,
       0.54516633, 3.44556414, 3.00123498, 2.99885584, 1.68030403,
       4.79627201, 3.76733044, 2.39808173, 5.85063222, 5.03325925,
       1.765795  , 4.48228561, 6.22214999, 0.46995617, 5.79399293,
       5.31041826, 2.18035774, 2.15208566, 0.23085557, 1.91196687,
       3.07347388, 4.85925218, 5.24739078])]",[564.3527324199677]
