,problem,layers,optimizer,solutions,parameters,time
0,"{'type': 'maxcut', 'graph': {'directed': False, 'multigraph': False, 'graph': {}, 'nodes': [{'id': 0}, {'id': 1}, {'id': 2}], 'links': [{'weight': 6, 'source': 0, 'target': 1}, {'weight': 7, 'source': 0, 'target': 2}, {'weight': 1, 'source': 1, 'target': 2}]}, 'position': {0: [0.07851080556038943, 0.24969078637319295], 1: [-1.0, 0.10034683312306583], 2: [0.9214891944396112, -0.3500376194962584]}, 'solution': ([0, 1, 1], 13.0)}",23,"{'optimizer': 'COBYLA', 'maxiter': 100, 'shots': 1024, 'parameter_strategy': 'RANDOM', 'x0': None, 'backend': <QAOA_Tester.Backend.NoisyEstimatorBackend object at 0x7f97106615d0>}","[([1, 1, 0], -8.0)]","[array([0.28372779, 5.42839003, 5.81928357, 1.05074057, 5.14718362,
       1.5695368 , 5.66702208, 5.0699011 , 1.78472521, 3.97022995,
       3.14101395, 3.49602865, 6.07418409, 2.90651344, 3.87440001,
       4.20938798, 5.26100496, 0.67741204, 1.23600214, 1.44573385,
       0.42870552, 4.3540795 , 4.34660731, 0.96386443, 5.52969498,
       4.69322807, 2.292414  , 4.33614136, 2.37246721, 4.23994077,
       5.45423364, 0.96177374, 1.7109863 , 3.72036703, 3.03044718,
       4.70750434, 2.31540702, 4.14653883, 2.33952997, 2.05739901,
       2.31434195, 1.26554122, 0.86383287, 1.68630837, 1.50710236,
       5.81245347])]",[571.2497549057007]
