,problem,layers,optimizer,solutions,parameters,time
0,"{'type': 'maxcut', 'graph': {'directed': False, 'multigraph': False, 'graph': {}, 'nodes': [{'id': 0}, {'id': 1}, {'id': 2}], 'links': [{'weight': 6, 'source': 0, 'target': 1}, {'weight': 7, 'source': 0, 'target': 2}, {'weight': 1, 'source': 1, 'target': 2}]}, 'position': {0: [0.07851080556038943, 0.24969078637319295], 1: [-1.0, 0.10034683312306583], 2: [0.9214891944396112, -0.3500376194962584]}, 'solution': ([0, 1, 1], 13.0)}",28,"{'optimizer': 'COBYLA', 'maxiter': 100, 'shots': 1024, 'parameter_strategy': 'RANDOM', 'x0': None, 'backend': <QAOA_Tester.Backend.NoisyEstimatorBackend object at 0x7f11c931d600>}","[([0, 0, 1], -8.0)]","[array([5.74765141, 2.88404594, 3.86835927, 0.30179134, 3.21439635,
       4.08276836, 2.24525254, 5.05269306, 5.80900229, 2.51101898,
       0.64875682, 2.55954443, 1.60269475, 4.44497663, 0.99829557,
       5.75113861, 3.25080324, 6.14600598, 2.62615817, 1.21553709,
       2.32435206, 0.5512505 , 2.31991783, 1.6068462 , 3.28448317,
       1.15953546, 0.12595926, 2.87207627, 2.82618332, 4.35666496,
       2.58531434, 2.46979948, 5.14117907, 4.27235768, 1.21525212,
       5.73458508, 0.23889903, 4.19651953, 1.31769481, 2.01482504,
       0.87231074, 2.46423729, 4.71077339, 2.41848705, 2.07557986,
       0.9184516 , 2.31174555, 3.7858258 , 1.71686336, 5.31378739,
       1.24917888, 1.33465717, 0.71263598, 0.63608595, 5.20829613,
       0.03191144])]",[624.0454530715942]
