,problem,layers,optimizer,solutions,parameters,time
0,"{'type': 'maxcut', 'graph': {'directed': False, 'multigraph': False, 'graph': {}, 'nodes': [{'id': 0}, {'id': 1}, {'id': 2}], 'links': [{'weight': 6, 'source': 0, 'target': 1}, {'weight': 7, 'source': 0, 'target': 2}, {'weight': 1, 'source': 1, 'target': 2}]}, 'position': {0: [0.07851080556038943, 0.24969078637319295], 1: [-1.0, 0.10034683312306583], 2: [0.9214891944396112, -0.3500376194962584]}, 'solution': ([0, 1, 1], 13.0)}",16,"{'optimizer': 'COBYLA', 'maxiter': 100, 'shots': 1024, 'parameter_strategy': 'RANDOM', 'x0': None, 'backend': <QAOA_Tester.Backend.NoisyEstimatorBackend object at 0x7fd978907e20>}","[([1, 0, 0], -13.0)]","[array([4.80648746, 2.33567353, 3.67151497, 2.96084016, 4.34204766,
       5.81587166, 3.86884052, 0.6478697 , 2.20301451, 4.17240353,
       1.88528582, 2.15458651, 5.67930268, 1.74046534, 0.57244556,
       2.2588825 , 4.17581708, 1.89859763, 2.8203053 , 6.06332465,
       6.00874236, 4.87492746, 1.30498042, 3.32673569, 4.42957655,
       1.39718313, 6.08630208, 0.20934308, 1.06343899, 4.64304618,
       3.60624405, 0.09390944])]",[582.2908074855804]
