,problem,layers,optimizer,solutions,parameters,time
0,"{'type': 'maxcut', 'graph': {'directed': False, 'multigraph': False, 'graph': {}, 'nodes': [{'id': 0}, {'id': 1}, {'id': 2}], 'links': [{'weight': 6, 'source': 0, 'target': 1}, {'weight': 7, 'source': 0, 'target': 2}, {'weight': 1, 'source': 1, 'target': 2}]}, 'position': {0: [0.07851080556038943, 0.24969078637319295], 1: [-1.0, 0.10034683312306583], 2: [0.9214891944396112, -0.3500376194962584]}, 'solution': ([0, 1, 1], 13.0)}",22,"{'optimizer': 'COBYLA', 'maxiter': 100, 'shots': 1024, 'parameter_strategy': 'RANDOM', 'x0': None, 'backend': <QAOA_Tester.Backend.NoisyEstimatorBackend object at 0x7f54d8edd3c0>}","[([1, 1, 1], 0.0)]","[array([2.93688385, 3.6556206 , 0.41881317, 1.63956563, 4.611635  ,
       1.40821342, 2.26874804, 1.71438351, 0.79401045, 5.101803  ,
       4.73893353, 4.55285896, 2.24080483, 3.67583479, 4.1787039 ,
       2.62551579, 5.47290586, 4.92003356, 0.52704929, 3.54791794,
       5.02843535, 1.81186192, 3.27383186, 2.16112824, 5.28973226,
       5.48941021, 1.55253143, 4.56046267, 3.95338759, 1.38970024,
       6.04736267, 5.10583912, 0.59588483, 1.98923541, 0.9897891 ,
       0.35539839, 6.0069143 , 5.75772292, 4.32441535, 4.30548223,
       5.38397809, 2.62852955, 5.77595229, 2.58267912])]",[593.7117550373077]
