,problem,layers,optimizer,solutions,parameters,time
0,"{'type': 'maxcut', 'graph': {'directed': False, 'multigraph': False, 'graph': {}, 'nodes': [{'id': 0}, {'id': 1}, {'id': 2}], 'links': [{'weight': 6, 'source': 0, 'target': 1}, {'weight': 7, 'source': 0, 'target': 2}, {'weight': 1, 'source': 1, 'target': 2}]}, 'position': {0: [0.07851080556038943, 0.24969078637319295], 1: [-1.0, 0.10034683312306583], 2: [0.9214891944396112, -0.3500376194962584]}, 'solution': ([0, 1, 1], 13.0)}",29,"{'optimizer': 'COBYLA', 'maxiter': 100, 'shots': 1024, 'parameter_strategy': 'RANDOM', 'x0': None, 'backend': <QAOA_Tester.Backend.NoisyEstimatorBackend object at 0x7f39b72859f0>}","[([1, 0, 1], -7.0)]","[array([5.87520056, 2.83345078, 4.96329013, 3.01572736, 2.8200735 ,
       5.98880815, 1.12726936, 5.5901639 , 2.53011391, 5.04692054,
       1.98099988, 1.05632987, 1.78563245, 0.14211534, 1.87845454,
       4.33042178, 5.19092272, 5.98962347, 6.14301908, 5.85689154,
       6.09471832, 5.18635304, 2.718595  , 4.60102814, 4.80140656,
       5.75254755, 0.3970142 , 1.78834476, 5.00196319, 1.98794805,
       0.09612722, 0.27821759, 1.33862159, 0.25837321, 3.66310052,
       3.60791785, 2.21476947, 4.89563709, 1.83862642, 1.88387339,
       4.18568453, 5.44132206, 3.27346267, 1.28739596, 5.32252264,
       4.24014283, 2.76115677, 2.6060257 , 5.51870791, 1.74427974,
       4.54959707, 6.1006664 , 5.5656038 , 5.4356125 , 4.82332086,
       5.66923809, 5.08639744, 1.67142218])]",[597.0832076072693]
