,problem,layers,optimizer,solutions,parameters,time
0,"{'type': 'maxcut', 'graph': {'directed': False, 'multigraph': False, 'graph': {}, 'nodes': [{'id': 0}, {'id': 1}, {'id': 2}], 'links': [{'weight': 6, 'source': 0, 'target': 1}, {'weight': 7, 'source': 0, 'target': 2}, {'weight': 1, 'source': 1, 'target': 2}]}, 'position': {0: [0.07851080556038943, 0.24969078637319295], 1: [-1.0, 0.10034683312306583], 2: [0.9214891944396112, -0.3500376194962584]}, 'solution': ([0, 1, 1], 13.0)}",27,"{'optimizer': 'COBYLA', 'maxiter': 100, 'shots': 1024, 'parameter_strategy': 'RANDOM', 'x0': None, 'backend': <QAOA_Tester.Backend.NoisyEstimatorBackend object at 0x7f1958645480>}","[([1, 0, 1], -7.0)]","[array([4.95850914, 5.39912382, 1.97646044, 4.04732619, 1.0219029 ,
       1.01736408, 4.75699097, 2.45027726, 3.88127251, 3.22995534,
       1.4906811 , 4.48112003, 1.24821187, 2.7022482 , 3.38255254,
       0.37338237, 1.34097851, 0.31457099, 5.01383005, 0.07252783,
       1.54078847, 1.80044019, 3.31507   , 1.02819523, 0.13077083,
       5.85971314, 5.07223727, 4.28439656, 0.23197911, 5.10123079,
       3.09521862, 5.37974227, 3.49824674, 0.56059429, 0.6407085 ,
       4.34630324, 4.44409361, 3.21707354, 0.31229091, 2.33542721,
       4.59195285, 4.57479135, 4.2185905 , 5.61588669, 2.68420064,
       4.26919648, 0.92731292, 0.49705042, 0.51714806, 4.29362209,
       2.8264717 , 1.52021872, 0.042369  , 4.89963006])]",[576.6798317432404]
