,problem,layers,optimizer,solutions,parameters,time
0,"{'type': 'maxcut', 'graph': {'directed': False, 'multigraph': False, 'graph': {}, 'nodes': [{'id': 0}, {'id': 1}, {'id': 2}], 'links': [{'weight': 6, 'source': 0, 'target': 1}, {'weight': 7, 'source': 0, 'target': 2}, {'weight': 1, 'source': 1, 'target': 2}]}, 'position': {0: [0.07851080556038943, 0.24969078637319295], 1: [-1.0, 0.10034683312306583], 2: [0.9214891944396112, -0.3500376194962584]}, 'solution': ([0, 1, 1], 13.0)}",27,"{'optimizer': 'COBYLA', 'maxiter': 100, 'shots': 1024, 'parameter_strategy': 'RANDOM', 'x0': None, 'backend': <QAOA_Tester.Backend.NoisyEstimatorBackend object at 0x7f7bbc2f6980>}","[([0, 0, 1], -8.0)]","[array([5.35353319, 5.66959905, 0.06074766, 3.37430723, 1.74753876,
       4.25056554, 5.85341997, 0.88995667, 1.60955005, 3.25461048,
       2.07389919, 4.93558344, 6.20380939, 0.11389325, 5.82815973,
       3.59074923, 4.80406264, 5.54162386, 2.56252638, 1.2283009 ,
       3.23366143, 1.49928477, 6.23595121, 5.93685744, 2.51799536,
       1.30759904, 4.02064653, 3.63263387, 0.73523079, 3.22528214,
       5.66279712, 0.94530107, 6.10722548, 0.32072751, 2.46447514,
       2.37162076, 0.85782552, 3.93858544, 3.73415315, 5.75907326,
       2.02191469, 5.88171591, 5.40088634, 3.90508585, 2.52566679,
       5.85343576, 4.01473055, 0.7148121 , 1.47096518, 5.46107156,
       2.72015734, 2.94967156, 2.83768153, 5.95901707])]",[603.5892114639282]
