,problem,layers,optimizer,solutions,parameters,time
0,"{'type': 'maxcut', 'graph': {'directed': False, 'multigraph': False, 'graph': {}, 'nodes': [{'id': 0}, {'id': 1}, {'id': 2}], 'links': [{'weight': 6, 'source': 0, 'target': 1}, {'weight': 7, 'source': 0, 'target': 2}, {'weight': 1, 'source': 1, 'target': 2}]}, 'position': {0: [0.07851080556038943, 0.24969078637319295], 1: [-1.0, 0.10034683312306583], 2: [0.9214891944396112, -0.3500376194962584]}, 'solution': ([0, 1, 1], 13.0)}",15,"{'optimizer': 'COBYLA', 'maxiter': 100, 'shots': 1024, 'parameter_strategy': 'RANDOM', 'x0': None, 'backend': <QAOA_Tester.Backend.NoisyEstimatorBackend object at 0x7f18b76e4ee0>}","[([0, 0, 1], -8.0)]","[array([0.44113018, 3.86310405, 0.41243556, 0.12992606, 1.44986606,
       2.76764929, 3.11452827, 5.98407889, 1.5584381 , 4.26309007,
       3.43276145, 2.53633998, 1.00711757, 6.08107351, 4.78371589,
       5.61679305, 5.02019254, 3.83268161, 3.48398713, 4.78818506,
       0.36819378, 5.36071005, 4.53568231, 5.80190442, 1.01990642,
       0.95685338, 3.00639463, 3.67768039, 3.68365749, 3.36834777])]",[597.2375285625458]
