,problem,layers,optimizer,solutions,parameters,time
0,"{'type': 'maxcut', 'graph': {'directed': False, 'multigraph': False, 'graph': {}, 'nodes': [{'id': 0}, {'id': 1}, {'id': 2}], 'links': [{'weight': 6, 'source': 0, 'target': 1}, {'weight': 7, 'source': 0, 'target': 2}, {'weight': 1, 'source': 1, 'target': 2}]}, 'position': {0: [0.07851080556038943, 0.24969078637319295], 1: [-1.0, 0.10034683312306583], 2: [0.9214891944396112, -0.3500376194962584]}, 'solution': ([0, 1, 1], 13.0)}",22,"{'optimizer': 'COBYLA', 'maxiter': 100, 'shots': 1024, 'parameter_strategy': 'RANDOM', 'x0': None, 'backend': <QAOA_Tester.Backend.NoisyEstimatorBackend object at 0x7fa5189ed7b0>}","[([0, 0, 1], -8.0)]","[array([4.9951773 , 2.02114265, 0.86542033, 0.24807006, 3.85968721,
       1.28243026, 1.18183394, 0.43302265, 6.19462916, 0.0672474 ,
       3.42543447, 4.94645418, 1.21318586, 2.41365173, 6.22417849,
       5.01297082, 0.3786483 , 3.37201653, 5.49414295, 5.04964994,
       0.30537161, 4.76699454, 3.36229774, 1.63346817, 2.60708359,
       0.27708781, 6.03705519, 4.85477502, 2.09041758, 3.99213686,
       0.25608335, 4.04226715, 0.54280885, 0.71367868, 3.5381804 ,
       0.56951688, 2.35360342, 5.33276187, 3.08350532, 0.83761437,
       5.6855159 , 2.97111531, 3.04119058, 2.34774659])]",[589.0281374454498]
