,problem,layers,optimizer,solutions,parameters,time
0,"{'type': 'maxcut', 'graph': {'directed': False, 'multigraph': False, 'graph': {}, 'nodes': [{'id': 0}, {'id': 1}, {'id': 2}], 'links': [{'weight': 6, 'source': 0, 'target': 1}, {'weight': 7, 'source': 0, 'target': 2}, {'weight': 1, 'source': 1, 'target': 2}]}, 'position': {0: [0.07851080556038943, 0.24969078637319295], 1: [-1.0, 0.10034683312306583], 2: [0.9214891944396112, -0.3500376194962584]}, 'solution': ([0, 1, 1], 13.0)}",29,"{'optimizer': 'COBYLA', 'maxiter': 100, 'shots': 1024, 'parameter_strategy': 'RANDOM', 'x0': None, 'backend': <QAOA_Tester.Backend.NoisyEstimatorBackend object at 0x7fc4026dd480>}","[([1, 0, 1], -7.0)]","[array([3.89196425, 2.10032317, 2.31274953, 5.85576346, 4.39310635,
       2.06307127, 4.37215317, 5.06249624, 3.08630362, 0.70891814,
       5.84126555, 5.63596918, 4.7872144 , 4.14411196, 2.97219636,
       3.9622447 , 5.62694553, 3.21533056, 3.72981487, 4.49582655,
       4.25013348, 1.82081153, 2.5459318 , 3.61814745, 0.36609169,
       5.94629679, 6.15768204, 5.86179896, 7.23659145, 2.35713975,
       4.74564235, 0.70428749, 2.19283874, 1.13633913, 5.5898115 ,
       5.00247869, 2.23249097, 2.76255041, 0.45874901, 4.85497084,
       1.78183946, 3.49561531, 2.65223397, 2.50412009, 0.82014329,
       1.42426932, 2.14114692, 2.2010636 , 0.55548768, 1.90768607,
       5.60217842, 0.10533176, 0.87742941, 3.94289705, 1.30034945,
       1.00621951, 2.49162308, 4.36071975])]",[571.8829691410065]
