,problem,layers,optimizer,solutions,parameters,time
0,"{'type': 'maxcut', 'graph': {'directed': False, 'multigraph': False, 'graph': {}, 'nodes': [{'id': 0}, {'id': 1}, {'id': 2}], 'links': [{'weight': 6, 'source': 0, 'target': 1}, {'weight': 7, 'source': 0, 'target': 2}, {'weight': 1, 'source': 1, 'target': 2}]}, 'position': {0: [0.07851080556038943, 0.24969078637319295], 1: [-1.0, 0.10034683312306583], 2: [0.9214891944396112, -0.3500376194962584]}, 'solution': ([0, 1, 1], 13.0)}",23,"{'optimizer': 'COBYLA', 'maxiter': 100, 'shots': 1024, 'parameter_strategy': 'RANDOM', 'x0': None, 'backend': <QAOA_Tester.Backend.NoisyEstimatorBackend object at 0x7fe4d50b9b10>}","[([1, 1, 0], -8.0)]","[array([ 2.88219552, -0.01871009,  3.40650819,  0.64262609,  3.85776564,
        4.19209255,  1.65316089,  0.88305348,  2.23066974,  4.24559699,
        0.53882291,  2.11440836,  0.8605617 ,  6.00345371,  1.10235056,
        2.87250292,  5.26494819,  2.04574423,  4.80260238,  4.88907101,
        2.18690044,  4.00678176,  6.54920178,  5.76180637,  5.69846002,
        0.4469615 ,  5.43222307,  4.57355895,  4.41975033,  0.09113041,
        5.23212056,  2.28674437,  5.52391186,  1.62722069,  0.56945423,
        3.15207765,  0.97397206,  3.04384447,  2.41841536,  5.76875301,
        2.64372178,  2.0613497 ,  0.01004665,  4.61600999,  5.07127413,
        2.8214379 ])]",[569.5366916656494]
