,problem,layers,optimizer,solutions,parameters,time
0,"{'type': 'maxcut', 'graph': {'directed': False, 'multigraph': False, 'graph': {}, 'nodes': [{'id': 0}, {'id': 1}, {'id': 2}], 'links': [{'weight': 6, 'source': 0, 'target': 1}, {'weight': 7, 'source': 0, 'target': 2}, {'weight': 1, 'source': 1, 'target': 2}]}, 'position': {0: [0.07851080556038943, 0.24969078637319295], 1: [-1.0, 0.10034683312306583], 2: [0.9214891944396112, -0.3500376194962584]}, 'solution': ([0, 1, 1], 13.0)}",13,"{'optimizer': 'COBYLA', 'maxiter': 100, 'shots': 1024, 'parameter_strategy': 'RANDOM', 'x0': None, 'backend': <QAOA_Tester.Backend.NoisyEstimatorBackend object at 0x7fb3df2814b0>}","[([1, 0, 1], -7.0)]","[array([4.23081727, 6.18124802, 3.97370071, 6.204544  , 1.29487503,
       6.03422271, 3.28265785, 2.64726109, 4.95012682, 4.05148104,
       1.25001567, 5.74935052, 1.03622117, 1.0078736 , 2.46926413,
       3.34534259, 2.5644036 , 0.85708517, 4.41459207, 0.50278541,
       1.08196904, 0.5805127 , 3.59073801, 6.25435591, 5.6184361 ,
       1.85511899])]",[613.2269771099091]
