,problem,layers,optimizer,solutions,parameters,time
0,"{'type': 'maxcut', 'graph': {'directed': False, 'multigraph': False, 'graph': {}, 'nodes': [{'id': 0}, {'id': 1}, {'id': 2}], 'links': [{'weight': 6, 'source': 0, 'target': 1}, {'weight': 7, 'source': 0, 'target': 2}, {'weight': 1, 'source': 1, 'target': 2}]}, 'position': {0: [0.07851080556038943, 0.24969078637319295], 1: [-1.0, 0.10034683312306583], 2: [0.9214891944396112, -0.3500376194962584]}, 'solution': ([0, 1, 1], 13.0)}",20,"{'optimizer': 'COBYLA', 'maxiter': 100, 'shots': 1024, 'parameter_strategy': 'RANDOM', 'x0': None, 'backend': <QAOA_Tester.Backend.NoisyEstimatorBackend object at 0x7fcef3ac3c10>}","[([0, 1, 1], -13.0)]","[array([5.41106887, 2.52978676, 3.92077949, 2.74310535, 3.2706257 ,
       0.82969613, 4.49956129, 2.18887168, 4.3950398 , 0.36517476,
       3.53800004, 0.73500919, 0.38084558, 5.30597121, 1.84585875,
       6.16927446, 2.3796422 , 2.68122925, 0.5597272 , 7.1682157 ,
       0.76887158, 5.87644054, 2.69817571, 4.09047901, 2.62917792,
       1.42830145, 4.90109968, 2.72708794, 5.92474991, 5.22859144,
       5.93193284, 0.53481701, 1.58685776, 5.63015717, 4.25036491,
       4.03554008, 1.35326379, 3.07031029, 1.29781196, 0.37186616])]",[623.2055234909058]
