,problem,layers,optimizer,solutions,parameters,time
0,"{'type': 'maxcut', 'graph': {'directed': False, 'multigraph': False, 'graph': {}, 'nodes': [{'id': 0}, {'id': 1}, {'id': 2}], 'links': [{'weight': 6, 'source': 0, 'target': 1}, {'weight': 7, 'source': 0, 'target': 2}, {'weight': 1, 'source': 1, 'target': 2}]}, 'position': {0: [0.07851080556038943, 0.24969078637319295], 1: [-1.0, 0.10034683312306583], 2: [0.9214891944396112, -0.3500376194962584]}, 'solution': ([0, 1, 1], 13.0)}",24,"{'optimizer': 'COBYLA', 'maxiter': 100, 'shots': 1024, 'parameter_strategy': 'RANDOM', 'x0': None, 'backend': <QAOA_Tester.Backend.NoisyEstimatorBackend object at 0x7f00f7b4d2a0>}","[([1, 0, 0], -13.0)]","[array([1.69415693, 2.22911096, 2.08312277, 1.75402165, 5.95569637,
       3.10202754, 0.27014499, 1.8801303 , 1.63488705, 5.64584134,
       2.8512149 , 2.86379722, 3.98726113, 3.19083593, 1.27890787,
       0.30796378, 2.82241442, 1.69574377, 1.26094539, 5.50921314,
       4.03227789, 4.8070795 , 1.68548928, 3.33362252, 4.26977998,
       1.64483307, 0.20999274, 0.96545335, 0.4495286 , 3.11386066,
       1.84364617, 1.79061052, 5.50734062, 3.03975791, 1.26656942,
       3.3250953 , 1.07026181, 5.31362629, 4.5328891 , 4.44905937,
       4.59424346, 1.07208887, 4.03850418, 3.9812796 , 3.25967794,
       2.19424469, 3.23329509, 1.38866147])]",[568.9025905132294]
