,problem,layers,optimizer,solutions,parameters,time
0,"{'type': 'maxcut', 'graph': {'directed': False, 'multigraph': False, 'graph': {}, 'nodes': [{'id': 0}, {'id': 1}, {'id': 2}], 'links': [{'weight': 6, 'source': 0, 'target': 1}, {'weight': 7, 'source': 0, 'target': 2}, {'weight': 1, 'source': 1, 'target': 2}]}, 'position': {0: [0.07851080556038943, 0.24969078637319295], 1: [-1.0, 0.10034683312306583], 2: [0.9214891944396112, -0.3500376194962584]}, 'solution': ([0, 1, 1], 13.0)}",30,"{'optimizer': 'COBYLA', 'maxiter': 100, 'shots': 1024, 'parameter_strategy': 'RANDOM', 'x0': None, 'backend': <QAOA_Tester.Backend.NoisyEstimatorBackend object at 0x7f2fbd59d870>}","[([0, 0, 0], 0.0)]","[array([1.5914523 , 3.46873495, 2.91498239, 1.99442629, 4.28352126,
       4.82807476, 3.64691986, 0.28043493, 1.45365004, 5.33280466,
       3.4041855 , 2.70230961, 3.94669755, 3.68081675, 3.51884549,
       0.76243924, 0.08141633, 5.69247325, 2.0778825 , 3.76511408,
       3.18334297, 5.86083373, 3.40008018, 0.51034141, 3.47533674,
       4.0726495 , 2.64227233, 5.11564228, 0.85181493, 4.48742895,
       0.35693829, 3.8300487 , 4.54134356, 5.50686124, 3.10834219,
       2.36072029, 5.73603224, 2.52775341, 5.43521169, 3.85551564,
       4.1911922 , 5.23482632, 3.78465368, 4.41254325, 4.69305827,
       3.31150006, 5.16204678, 0.48634136, 1.00714391, 0.20492685,
       4.00667739, 1.74858273, 6.1870407 , 3.69131629, 4.75285614,
       3.31488062, 2.76311036, 1.99940259, 0.03184033, 3.2256994 ])]",[507.1246223449707]
