,problem,layers,optimizer,solutions,parameters,time
0,"{'type': 'maxcut', 'graph': {'directed': False, 'multigraph': False, 'graph': {}, 'nodes': [{'id': 0}, {'id': 1}, {'id': 2}], 'links': [{'weight': 6, 'source': 0, 'target': 1}, {'weight': 7, 'source': 0, 'target': 2}, {'weight': 1, 'source': 1, 'target': 2}]}, 'position': {0: [0.07851080556038943, 0.24969078637319295], 1: [-1.0, 0.10034683312306583], 2: [0.9214891944396112, -0.3500376194962584]}, 'solution': ([0, 1, 1], 13.0)}",30,"{'optimizer': 'COBYLA', 'maxiter': 100, 'shots': 1024, 'parameter_strategy': 'RANDOM', 'x0': None, 'backend': <QAOA_Tester.Backend.NoisyEstimatorBackend object at 0x7f0db45b93f0>}","[([1, 0, 1], -7.0)]","[array([2.85394222, 3.84429431, 3.51571425, 3.50954813, 2.95010203,
       0.13920592, 2.56534789, 0.41093948, 3.67979796, 5.94867392,
       0.70088084, 4.06700218, 0.02006997, 5.83658467, 2.43266556,
       3.55572477, 5.19716741, 5.83496941, 3.0386927 , 4.9398332 ,
       0.17577357, 3.25593349, 0.84739195, 5.37872631, 5.47786904,
       1.11210562, 1.84444011, 5.7997713 , 5.93268749, 4.3827998 ,
       6.02085982, 2.83353694, 0.36216354, 1.63509099, 2.8702204 ,
       6.06254233, 4.57524291, 2.10359525, 0.23606833, 0.22296769,
       0.00746488, 5.56336933, 5.3719686 , 0.30013906, 2.62020313,
       5.76075332, 4.11695638, 3.80881988, 5.79439076, 5.97108542,
       0.48129285, 3.64750242, 2.42385079, 4.50333093, 2.744973  ,
       2.52086981, 6.00482509, 3.21875093, 3.27174696, 4.94135963])]",[491.9856216907501]
