,problem,layers,optimizer,solutions,parameters,time
0,"{'type': 'maxcut', 'graph': {'directed': False, 'multigraph': False, 'graph': {}, 'nodes': [{'id': 0}, {'id': 1}, {'id': 2}], 'links': [{'weight': 6, 'source': 0, 'target': 1}, {'weight': 7, 'source': 0, 'target': 2}, {'weight': 1, 'source': 1, 'target': 2}]}, 'position': {0: [0.07851080556038943, 0.24969078637319295], 1: [-1.0, 0.10034683312306583], 2: [0.9214891944396112, -0.3500376194962584]}, 'solution': ([0, 1, 1], 13.0)}",22,"{'optimizer': 'COBYLA', 'maxiter': 100, 'shots': 1024, 'parameter_strategy': 'RANDOM', 'x0': None, 'backend': <QAOA_Tester.Backend.NoisyEstimatorBackend object at 0x7f77696ebaf0>}","[([0, 1, 1], -13.0)]","[array([0.31712717, 2.96294864, 2.66386282, 2.8765289 , 0.2739978 ,
       3.77893199, 5.77812744, 1.03427621, 3.99124914, 1.41405369,
       4.56177654, 1.39681408, 1.37307788, 5.74492477, 2.88767324,
       3.83587742, 2.04628814, 1.43566764, 4.3354906 , 2.92284384,
       2.15051503, 3.01733515, 5.55443955, 3.57713424, 1.89624948,
       3.11316061, 1.10643984, 4.92195079, 4.16890726, 3.808207  ,
       4.22846527, 3.1305356 , 4.80006647, 1.2425585 , 6.10210273,
       5.77946377, 0.11766757, 5.70873572, 4.98253034, 3.71690878,
       1.08911176, 1.77325076, 2.32226594, 3.89897837])]",[599.6346123218536]
