,problem,layers,optimizer,solutions,parameters,time
0,"{'type': 'maxcut', 'graph': {'directed': False, 'multigraph': False, 'graph': {}, 'nodes': [{'id': 0}, {'id': 1}, {'id': 2}], 'links': [{'weight': 6, 'source': 0, 'target': 1}, {'weight': 7, 'source': 0, 'target': 2}, {'weight': 1, 'source': 1, 'target': 2}]}, 'position': {0: [0.07851080556038943, 0.24969078637319295], 1: [-1.0, 0.10034683312306583], 2: [0.9214891944396112, -0.3500376194962584]}, 'solution': ([0, 1, 1], 13.0)}",22,"{'optimizer': 'COBYLA', 'maxiter': 100, 'shots': 1024, 'parameter_strategy': 'RANDOM', 'x0': None, 'backend': <QAOA_Tester.Backend.NoisyEstimatorBackend object at 0x7ffaa503bdc0>}","[([1, 1, 1], 0.0)]","[array([1.69291300e+00, 3.11931471e+00, 4.43280564e+00, 3.26230730e+00,
       4.40537678e+00, 5.73408716e+00, 2.00407761e-03, 5.10004285e+00,
       3.87061839e-01, 8.44139145e-01, 3.32145137e+00, 1.10703629e+00,
       2.39653192e+00, 1.19417246e+00, 1.70237815e+00, 2.41721951e+00,
       3.50377658e+00, 1.00133790e+00, 5.05074565e+00, 3.90095348e+00,
       1.43071313e+00, 1.86412725e+00, 2.96368666e+00, 3.77502375e+00,
       2.09351745e+00, 7.08123416e-01, 1.97340065e+00, 1.54189018e+00,
       5.02987059e+00, 5.67500691e+00, 4.21020532e+00, 4.95384417e+00,
       5.51978138e+00, 7.59494790e-01, 9.32219761e-02, 3.49589774e+00,
       4.27781786e+00, 1.81626850e+00, 3.21200955e+00, 8.91866201e-01,
       2.69642749e+00, 3.12510521e+00, 2.00962938e+00, 4.79393823e+00])]",[599.5619912147522]
