,problem,layers,optimizer,solutions,parameters,time
0,"{'type': 'maxcut', 'graph': {'directed': False, 'multigraph': False, 'graph': {}, 'nodes': [{'id': 0}, {'id': 1}, {'id': 2}], 'links': [{'weight': 6, 'source': 0, 'target': 1}, {'weight': 7, 'source': 0, 'target': 2}, {'weight': 1, 'source': 1, 'target': 2}]}, 'position': {0: [0.07851080556038943, 0.24969078637319295], 1: [-1.0, 0.10034683312306583], 2: [0.9214891944396112, -0.3500376194962584]}, 'solution': ([0, 1, 1], 13.0)}",15,"{'optimizer': 'COBYLA', 'maxiter': 100, 'shots': 1024, 'parameter_strategy': 'RANDOM', 'x0': None, 'backend': <QAOA_Tester.Backend.NoisyEstimatorBackend object at 0x7fdd6b1e58d0>}","[([1, 0, 1], -7.0)]","[array([3.41566566, 3.50185223, 3.53134123, 0.80409109, 5.87881551,
       5.31313121, 4.61076723, 0.46807803, 2.35621394, 1.52413945,
       1.59463812, 0.96428545, 5.2770343 , 0.92145741, 2.09581451,
       1.17990505, 4.16605054, 3.71865349, 3.40244219, 6.21693239,
       5.45728522, 0.60997895, 1.95099239, 3.06819446, 2.7086025 ,
       2.40177123, 3.30655108, 3.98769126, 4.01576972, 3.3729192 ])]",[585.990950345993]
