,problem,layers,optimizer,solutions,parameters,time
0,"{'type': 'maxcut', 'graph': {'directed': False, 'multigraph': False, 'graph': {}, 'nodes': [{'id': 0}, {'id': 1}, {'id': 2}], 'links': [{'weight': 6, 'source': 0, 'target': 1}, {'weight': 7, 'source': 0, 'target': 2}, {'weight': 1, 'source': 1, 'target': 2}]}, 'position': {0: [0.07851080556038943, 0.24969078637319295], 1: [-1.0, 0.10034683312306583], 2: [0.9214891944396112, -0.3500376194962584]}, 'solution': ([0, 1, 1], 13.0)}",25,"{'optimizer': 'COBYLA', 'maxiter': 100, 'shots': 1024, 'parameter_strategy': 'RANDOM', 'x0': None, 'backend': <QAOA_Tester.Backend.NoisyEstimatorBackend object at 0x7f5fc7635660>}","[([0, 0, 1], -8.0)]","[array([1.98790469, 5.13360666, 2.63150427, 3.20223556, 1.91235239,
       4.99410147, 3.7983921 , 5.71287423, 2.9772949 , 5.35997603,
       1.20217242, 4.05632616, 0.07824438, 3.44044132, 6.21868102,
       0.47870318, 1.92017229, 5.00278132, 4.61643343, 1.22694634,
       4.65553643, 4.08333948, 4.58494446, 5.04370827, 4.51885673,
       3.48663872, 3.38732203, 2.00022307, 4.21681848, 1.69560493,
       4.37538449, 1.08927109, 2.72168285, 4.98770583, 3.85356399,
       5.72793431, 1.12601903, 0.28005803, 1.32396735, 5.10202631,
       2.03433065, 5.09906831, 2.33609716, 5.19201962, 0.18201531,
       2.39079624, 0.99337582, 5.16782231, 5.7552374 , 2.69952084])]",[612.0327398777008]
