,problem,layers,optimizer,solutions,parameters,time
0,"{'type': 'maxcut', 'graph': {'directed': False, 'multigraph': False, 'graph': {}, 'nodes': [{'id': 0}, {'id': 1}, {'id': 2}], 'links': [{'weight': 6, 'source': 0, 'target': 1}, {'weight': 7, 'source': 0, 'target': 2}, {'weight': 1, 'source': 1, 'target': 2}]}, 'position': {0: [0.07851080556038943, 0.24969078637319295], 1: [-1.0, 0.10034683312306583], 2: [0.9214891944396112, -0.3500376194962584]}, 'solution': ([0, 1, 1], 13.0)}",22,"{'optimizer': 'COBYLA', 'maxiter': 100, 'shots': 1024, 'parameter_strategy': 'RANDOM', 'x0': None, 'backend': <QAOA_Tester.Backend.NoisyEstimatorBackend object at 0x7ff8245f1900>}","[([0, 1, 0], -7.0)]","[array([3.73208511, 5.39580108, 4.8333385 , 2.0164966 , 1.26787636,
       2.39070298, 1.51750373, 2.95062599, 4.25489951, 5.29624804,
       5.34081002, 5.69890742, 6.04549316, 5.58405088, 4.81834105,
       3.79925589, 2.52101874, 4.34150616, 0.66157379, 3.89670082,
       2.62287642, 5.19580454, 6.23173683, 3.02859098, 3.22508797,
       0.22034217, 0.55428588, 0.99502111, 2.54288236, 3.69545416,
       4.02548423, 1.60435494, 5.58079257, 2.88324343, 2.12904014,
       3.52200105, 0.74748693, 5.28438776, 2.08213602, 2.49792172,
       6.23372003, 4.64890008, 6.03006917, 5.14003871])]",[603.1601858139038]
