,problem,layers,optimizer,solutions,parameters,time
0,"{'type': 'maxcut', 'graph': {'directed': False, 'multigraph': False, 'graph': {}, 'nodes': [{'id': 0}, {'id': 1}, {'id': 2}], 'links': [{'weight': 6, 'source': 0, 'target': 1}, {'weight': 7, 'source': 0, 'target': 2}, {'weight': 1, 'source': 1, 'target': 2}]}, 'position': {0: [0.07851080556038943, 0.24969078637319295], 1: [-1.0, 0.10034683312306583], 2: [0.9214891944396112, -0.3500376194962584]}, 'solution': ([0, 1, 1], 13.0)}",13,"{'optimizer': 'COBYLA', 'maxiter': 100, 'shots': 1024, 'parameter_strategy': 'RANDOM', 'x0': None, 'backend': <QAOA_Tester.Backend.NoisyEstimatorBackend object at 0x7fb6d95d15d0>}","[([0, 1, 1], -13.0)]","[array([4.64838017, 2.12902714, 0.48247402, 5.02899496, 4.02184186,
       1.438162  , 3.66839852, 0.10901144, 5.69564741, 1.93511257,
       0.93082325, 0.42100665, 4.12200566, 5.48164221, 2.47680703,
       1.06524815, 1.24729422, 3.77548195, 5.3297096 , 0.29254066,
       0.14421962, 4.92736189, 4.32997152, 5.91736817, 1.61018116,
       2.794812  ])]",[596.6720004081726]
