,problem,layers,optimizer,solutions,parameters,time
0,"{'type': 'maxcut', 'graph': {'directed': False, 'multigraph': False, 'graph': {}, 'nodes': [{'id': 0}, {'id': 1}, {'id': 2}], 'links': [{'weight': 6, 'source': 0, 'target': 1}, {'weight': 7, 'source': 0, 'target': 2}, {'weight': 1, 'source': 1, 'target': 2}]}, 'position': {0: [0.07851080556038943, 0.24969078637319295], 1: [-1.0, 0.10034683312306583], 2: [0.9214891944396112, -0.3500376194962584]}, 'solution': ([0, 1, 1], 13.0)}",27,"{'optimizer': 'COBYLA', 'maxiter': 100, 'shots': 1024, 'parameter_strategy': 'RANDOM', 'x0': None, 'backend': <QAOA_Tester.Backend.NoisyEstimatorBackend object at 0x7ff9d4c45d80>}","[([1, 1, 1], 0.0)]","[array([2.82810002, 3.54868291, 4.98780102, 0.70512695, 3.75367168,
       5.3815118 , 4.57812415, 4.26890014, 2.97015033, 4.9950592 ,
       0.51419281, 5.17029626, 6.16441787, 6.17810096, 4.49220522,
       5.92732227, 2.38228825, 2.89793623, 5.53722074, 4.49637616,
       2.02224725, 4.58046302, 2.64853788, 0.19660051, 1.8213959 ,
       5.51563567, 4.19277766, 1.99119176, 2.37913374, 1.82797614,
       5.83814476, 0.43800248, 1.62716721, 3.15996647, 1.90366153,
       1.49040597, 3.59314689, 3.21624682, 1.46061478, 4.76927036,
       5.07233135, 4.96207575, 6.06050647, 5.54107427, 1.04674319,
       3.42783205, 3.64671384, 3.12694807, 4.31945177, 1.79300724,
       3.54699336, 3.63234901, 4.12620801, 4.79585124])]",[586.4477002620697]
