,problem,layers,optimizer,solutions,parameters,time
0,"{'type': 'maxcut', 'graph': {'directed': False, 'multigraph': False, 'graph': {}, 'nodes': [{'id': 0}, {'id': 1}, {'id': 2}], 'links': [{'weight': 6, 'source': 0, 'target': 1}, {'weight': 7, 'source': 0, 'target': 2}, {'weight': 1, 'source': 1, 'target': 2}]}, 'position': {0: [0.07851080556038943, 0.24969078637319295], 1: [-1.0, 0.10034683312306583], 2: [0.9214891944396112, -0.3500376194962584]}, 'solution': ([0, 1, 1], 13.0)}",20,"{'optimizer': 'COBYLA', 'maxiter': 100, 'shots': 1024, 'parameter_strategy': 'RANDOM', 'x0': None, 'backend': <QAOA_Tester.Backend.NoisyEstimatorBackend object at 0x7ffadffb94b0>}","[([1, 1, 0], -8.0)]","[array([4.14499687, 5.92327431, 0.5757025 , 2.65517574, 1.33716641,
       4.79029948, 4.589251  , 5.95744724, 3.42350609, 0.6645417 ,
       4.6503342 , 3.41969545, 2.79785086, 3.77941837, 0.03104498,
       0.46691124, 0.96392114, 4.12930976, 4.06132768, 2.00717873,
       2.97094887, 2.9527939 , 4.02736164, 0.75690248, 3.32052126,
       2.66987632, 3.58544906, 5.23241939, 0.96120369, 2.24730255,
       5.98545087, 2.87312642, 0.38840876, 0.91116995, 2.09709386,
       3.40808395, 2.75571757, 4.8311784 , 5.2995909 , 1.08318951])]",[595.3146212100983]
