,problem,layers,optimizer,solutions,parameters,time
0,"{'type': 'maxcut', 'graph': {'directed': False, 'multigraph': False, 'graph': {}, 'nodes': [{'id': 0}, {'id': 1}, {'id': 2}], 'links': [{'weight': 6, 'source': 0, 'target': 1}, {'weight': 7, 'source': 0, 'target': 2}, {'weight': 1, 'source': 1, 'target': 2}]}, 'position': {0: [0.07851080556038943, 0.24969078637319295], 1: [-1.0, 0.10034683312306583], 2: [0.9214891944396112, -0.3500376194962584]}, 'solution': ([0, 1, 1], 13.0)}",22,"{'optimizer': 'COBYLA', 'maxiter': 100, 'shots': 1024, 'parameter_strategy': 'RANDOM', 'x0': None, 'backend': <QAOA_Tester.Backend.NoisyEstimatorBackend object at 0x7ff62e2c39a0>}","[([0, 0, 0], 0.0)]","[array([1.43632862, 3.39549937, 4.85370982, 1.59855857, 3.07780809,
       4.09130499, 2.79555416, 5.14277923, 0.82589456, 3.97673862,
       2.63318531, 1.63294316, 5.93735886, 5.15321394, 6.08647812,
       5.68503729, 4.34386625, 0.16128715, 0.23622079, 4.48849195,
       4.24312078, 1.71438864, 1.51826875, 5.4359437 , 2.50862991,
       0.33660607, 0.84481015, 3.62148655, 2.92090482, 1.32401286,
       2.29741727, 5.18240717, 4.60992412, 4.0667561 , 2.99290553,
       3.03834836, 0.03808564, 3.76881548, 0.24141518, 0.28141056,
       2.92359187, 0.87391844, 4.4309441 , 5.01175115])]",[590.6767113208771]
