,problem,layers,optimizer,solutions,parameters,time
0,"{'type': 'maxcut', 'graph': {'directed': False, 'multigraph': False, 'graph': {}, 'nodes': [{'id': 0}, {'id': 1}, {'id': 2}], 'links': [{'weight': 6, 'source': 0, 'target': 1}, {'weight': 7, 'source': 0, 'target': 2}, {'weight': 1, 'source': 1, 'target': 2}]}, 'position': {0: [0.07851080556038943, 0.24969078637319295], 1: [-1.0, 0.10034683312306583], 2: [0.9214891944396112, -0.3500376194962584]}, 'solution': ([0, 1, 1], 13.0)}",20,"{'optimizer': 'COBYLA', 'maxiter': 100, 'shots': 1024, 'parameter_strategy': 'RANDOM', 'x0': None, 'backend': <QAOA_Tester.Backend.NoisyEstimatorBackend object at 0x7f33d49c5570>}","[([1, 0, 0], -13.0)]","[array([1.72760265, 6.10264715, 0.17975756, 3.68494563, 3.2538823 ,
       0.22025573, 2.00797404, 3.02208094, 2.46661293, 1.55666815,
       4.10921293, 4.21293156, 1.41170346, 5.5014569 , 4.16988024,
       5.77415804, 6.09247505, 3.25098975, 3.71067172, 7.02757764,
       2.68974685, 6.26816016, 3.05006679, 5.55485895, 2.13065243,
       4.18997305, 0.41116546, 4.0512941 , 5.55824872, 6.09390902,
       6.06238307, 4.26926278, 5.35029824, 0.71826873, 1.42823667,
       4.19175613, 2.81360782, 2.18879487, 0.05092151, 1.97050105])]",[588.1200997829437]
