,problem,layers,optimizer,solutions,parameters,time
0,"{'type': 'maxcut', 'graph': {'directed': False, 'multigraph': False, 'graph': {}, 'nodes': [{'id': 0}, {'id': 1}, {'id': 2}], 'links': [{'weight': 6, 'source': 0, 'target': 1}, {'weight': 7, 'source': 0, 'target': 2}, {'weight': 1, 'source': 1, 'target': 2}]}, 'position': {0: [0.07851080556038943, 0.24969078637319295], 1: [-1.0, 0.10034683312306583], 2: [0.9214891944396112, -0.3500376194962584]}, 'solution': ([0, 1, 1], 13.0)}",16,"{'optimizer': 'COBYLA', 'maxiter': 100, 'shots': 1024, 'parameter_strategy': 'RANDOM', 'x0': None, 'backend': <QAOA_Tester.Backend.NoisyEstimatorBackend object at 0x7f1d50271750>}","[([1, 1, 0], -8.0)]","[array([2.06636628, 5.68591303, 3.82213036, 1.66025894, 1.97309592,
       0.43566687, 5.33465137, 3.97075374, 3.24971985, 4.4481759 ,
       0.43224979, 0.79887046, 5.62437335, 0.72317836, 3.83665747,
       1.62080547, 0.41300413, 4.5407201 , 1.75240172, 5.18599801,
       2.34078131, 4.53000419, 3.84341574, 5.53472359, 4.91050395,
       0.41250913, 5.00304295, 5.93427526, 3.35681904, 3.50214889,
       5.75119417, 5.9935674 ])]",[588.5972104072571]
