,problem,layers,optimizer,solutions,parameters,time
0,"{'type': 'maxcut', 'graph': {'directed': False, 'multigraph': False, 'graph': {}, 'nodes': [{'id': 0}, {'id': 1}, {'id': 2}], 'links': [{'weight': 6, 'source': 0, 'target': 1}, {'weight': 7, 'source': 0, 'target': 2}, {'weight': 1, 'source': 1, 'target': 2}]}, 'position': {0: [0.07851080556038943, 0.24969078637319295], 1: [-1.0, 0.10034683312306583], 2: [0.9214891944396112, -0.3500376194962584]}, 'solution': ([0, 1, 1], 13.0)}",17,"{'optimizer': 'COBYLA', 'maxiter': 100, 'shots': 1024, 'parameter_strategy': 'RANDOM', 'x0': None, 'backend': <QAOA_Tester.Backend.NoisyEstimatorBackend object at 0x7f986f609990>}","[([1, 0, 0], -13.0)]","[array([3.78270552, 1.09186657, 4.04066537, 0.30819188, 3.22550673,
       0.7335691 , 6.32693387, 3.35571504, 3.24059939, 5.05578131,
       5.0272955 , 2.42276017, 0.47226271, 1.1779119 , 4.33614608,
       2.78197889, 2.90200249, 3.4090731 , 3.25192473, 4.06600298,
       3.59854007, 1.82157738, 1.71262075, 0.16681232, 3.98995029,
       0.29248074, 5.054743  , 2.53244319, 5.39218685, 6.37347124,
       3.96791142, 2.3302086 , 5.12013507, 1.19535402])]",[611.6432802677155]
