,problem,layers,optimizer,solutions,parameters,time
0,"{'type': 'maxcut', 'graph': {'directed': False, 'multigraph': False, 'graph': {}, 'nodes': [{'id': 0}, {'id': 1}, {'id': 2}], 'links': [{'weight': 6, 'source': 0, 'target': 1}, {'weight': 7, 'source': 0, 'target': 2}, {'weight': 1, 'source': 1, 'target': 2}]}, 'position': {0: [0.07851080556038943, 0.24969078637319295], 1: [-1.0, 0.10034683312306583], 2: [0.9214891944396112, -0.3500376194962584]}, 'solution': ([0, 1, 1], 13.0)}",25,"{'optimizer': 'COBYLA', 'maxiter': 100, 'shots': 1024, 'parameter_strategy': 'RANDOM', 'x0': None, 'backend': <QAOA_Tester.Backend.NoisyEstimatorBackend object at 0x7fefb04afb20>}","[([1, 0, 0], -13.0)]","[array([4.48934091, 1.15331913, 5.95204871, 1.56001051, 1.45182375,
       4.15164734, 2.6527336 , 5.50252026, 1.76557561, 3.66738176,
       6.22478977, 4.1772492 , 2.89730548, 1.285974  , 0.79934242,
       3.81500069, 5.64206098, 5.67592033, 1.33051079, 4.59158719,
       4.14654489, 2.4672709 , 4.88206106, 4.49143122, 4.75251889,
       0.10347873, 4.82061693, 3.07773428, 2.35532546, 3.15806764,
       5.14905081, 5.43247299, 2.98149851, 3.268918  , 6.10133562,
       6.17648974, 0.47774763, 4.1948616 , 4.39433621, 2.8899392 ,
       5.5177315 , 0.66991078, 5.08301353, 5.35014789, 4.37374845,
       6.21284512, 1.00095956, 5.72785318, 1.0744569 , 0.07927524])]",[585.5558362007141]
