,problem,layers,optimizer,solutions,parameters,time
0,"{'type': 'maxcut', 'graph': {'directed': False, 'multigraph': False, 'graph': {}, 'nodes': [{'id': 0}, {'id': 1}, {'id': 2}], 'links': [{'weight': 6, 'source': 0, 'target': 1}, {'weight': 7, 'source': 0, 'target': 2}, {'weight': 1, 'source': 1, 'target': 2}]}, 'position': {0: [0.07851080556038943, 0.24969078637319295], 1: [-1.0, 0.10034683312306583], 2: [0.9214891944396112, -0.3500376194962584]}, 'solution': ([0, 1, 1], 13.0)}",21,"{'optimizer': 'COBYLA', 'maxiter': 100, 'shots': 1024, 'parameter_strategy': 'RANDOM', 'x0': None, 'backend': <QAOA_Tester.Backend.NoisyEstimatorBackend object at 0x7f9abbddd510>}","[([0, 0, 1], -8.0)]","[array([5.70656187, 0.41865048, 5.03900772, 1.70858291, 3.49257425,
       5.7168731 , 3.69400101, 4.75089435, 0.34549573, 2.23287617,
       4.42059511, 1.21863165, 3.15003747, 3.34519691, 3.5331644 ,
       4.50261461, 4.29372018, 0.30973096, 0.56394219, 1.99564199,
       7.23219873, 1.66058597, 2.09933572, 0.03764133, 3.30977111,
       5.18025632, 3.89399557, 2.01550628, 0.72353624, 0.21385949,
       4.49774417, 6.16269744, 1.46637075, 3.36658891, 3.8091687 ,
       0.23252589, 6.10332804, 5.1066174 , 4.57320426, 5.99633939,
       5.18779131, 5.12402536])]",[593.3614368438721]
