,problem,layers,optimizer,solutions,parameters,time
0,"{'type': 'maxcut', 'graph': {'directed': False, 'multigraph': False, 'graph': {}, 'nodes': [{'id': 0}, {'id': 1}, {'id': 2}], 'links': [{'weight': 6, 'source': 0, 'target': 1}, {'weight': 7, 'source': 0, 'target': 2}, {'weight': 1, 'source': 1, 'target': 2}]}, 'position': {0: [0.07851080556038943, 0.24969078637319295], 1: [-1.0, 0.10034683312306583], 2: [0.9214891944396112, -0.3500376194962584]}, 'solution': ([0, 1, 1], 13.0)}",19,"{'optimizer': 'COBYLA', 'maxiter': 100, 'shots': 1024, 'parameter_strategy': 'RANDOM', 'x0': None, 'backend': <QAOA_Tester.Backend.NoisyEstimatorBackend object at 0x7f971d9a5720>}","[([1, 1, 0], -8.0)]","[array([ 5.72139148,  0.17014604,  5.64698344,  1.78239645,  2.06509319,
        0.81234531,  2.42241382,  4.02821747,  4.1246109 ,  1.21720661,
        4.46456831,  3.6980545 ,  5.47029296,  4.40936649,  1.38397546,
        5.15767258,  2.89562569,  4.34653739, -0.96832902,  2.15275652,
        4.26916137,  6.20638267,  4.75649633,  0.70820075,  0.53661262,
        0.86250778,  2.46416196,  2.54074555,  5.03703574,  2.49084067,
        1.03474191,  0.50684621,  4.36170517,  0.40248343,  4.04673613,
        3.01393036,  0.73604351,  2.74486402])]",[597.0253458023071]
