,problem,layers,optimizer,solutions,parameters,time
0,"{'type': 'maxcut', 'graph': {'directed': False, 'multigraph': False, 'graph': {}, 'nodes': [{'id': 0}, {'id': 1}, {'id': 2}], 'links': [{'weight': 6, 'source': 0, 'target': 1}, {'weight': 7, 'source': 0, 'target': 2}, {'weight': 1, 'source': 1, 'target': 2}]}, 'position': {0: [0.07851080556038943, 0.24969078637319295], 1: [-1.0, 0.10034683312306583], 2: [0.9214891944396112, -0.3500376194962584]}, 'solution': ([0, 1, 1], 13.0)}",29,"{'optimizer': 'COBYLA', 'maxiter': 100, 'shots': 1024, 'parameter_strategy': 'RANDOM', 'x0': None, 'backend': <QAOA_Tester.Backend.NoisyEstimatorBackend object at 0x7f9d1ca51d80>}","[([0, 1, 0], -7.0)]","[array([0.89374192, 0.62861391, 3.93018984, 6.25551206, 3.74795134,
       5.65183001, 1.82226016, 3.061996  , 2.70255168, 4.91754532,
       4.76861272, 5.08998417, 1.241971  , 3.45495411, 2.8139661 ,
       0.34481125, 3.91298544, 2.35598456, 4.21262821, 1.41172437,
       6.15340303, 1.72280838, 5.7562141 , 3.19777992, 4.20334202,
       1.81746919, 4.61822037, 2.87717003, 5.63600771, 1.44573608,
       0.45405586, 2.00183648, 2.92760377, 4.20777415, 2.28975743,
       0.76089429, 3.39630828, 4.44778466, 3.09552605, 4.92371755,
       4.83698513, 2.09323142, 1.12926293, 5.66413797, 2.72418616,
       2.00649212, 5.81895226, 4.14960931, 1.18930329, 5.73031634,
       4.09924664, 3.5003596 , 3.66011301, 2.48566983, 1.157822  ,
       1.98896644, 1.45864512, 0.56783423])]",[563.8286869525909]
