,problem,layers,optimizer,solutions,parameters,time
0,"{'type': 'maxcut', 'graph': {'directed': False, 'multigraph': False, 'graph': {}, 'nodes': [{'id': 0}, {'id': 1}, {'id': 2}], 'links': [{'weight': 6, 'source': 0, 'target': 1}, {'weight': 7, 'source': 0, 'target': 2}, {'weight': 1, 'source': 1, 'target': 2}]}, 'position': {0: [0.07851080556038943, 0.24969078637319295], 1: [-1.0, 0.10034683312306583], 2: [0.9214891944396112, -0.3500376194962584]}, 'solution': ([0, 1, 1], 13.0)}",22,"{'optimizer': 'COBYLA', 'maxiter': 100, 'shots': 1024, 'parameter_strategy': 'RANDOM', 'x0': None, 'backend': <QAOA_Tester.Backend.NoisyEstimatorBackend object at 0x7feec82cd840>}","[([1, 0, 0], -13.0)]","[array([5.08888694, 2.23158345, 2.96073121, 5.15150155, 2.11328471,
       2.36919177, 3.00110312, 5.10344182, 0.91416616, 5.46321083,
       3.28095524, 1.24829511, 3.25393598, 6.09251194, 1.29568857,
       4.70714453, 5.44531655, 3.39063802, 1.98546069, 4.63316463,
       1.79378723, 6.47145097, 2.6635301 , 0.12840556, 1.54642799,
       0.72613795, 2.70009708, 3.22559854, 4.32098053, 4.28837974,
       1.36907232, 1.27642546, 0.33371627, 3.65919085, 1.94423265,
       2.43984414, 6.26574443, 6.12717313, 4.25115344, 3.19987557,
       0.70515888, 6.1347353 , 1.74227117, 0.76717578])]",[584.4812910556793]
