,problem,layers,optimizer,solutions,parameters,time
0,"{'type': 'maxcut', 'graph': {'directed': False, 'multigraph': False, 'graph': {}, 'nodes': [{'id': 0}, {'id': 1}, {'id': 2}], 'links': [{'weight': 6, 'source': 0, 'target': 1}, {'weight': 7, 'source': 0, 'target': 2}, {'weight': 1, 'source': 1, 'target': 2}]}, 'position': {0: [0.07851080556038943, 0.24969078637319295], 1: [-1.0, 0.10034683312306583], 2: [0.9214891944396112, -0.3500376194962584]}, 'solution': ([0, 1, 1], 13.0)}",27,"{'optimizer': 'COBYLA', 'maxiter': 100, 'shots': 1024, 'parameter_strategy': 'RANDOM', 'x0': None, 'backend': <QAOA_Tester.Backend.NoisyEstimatorBackend object at 0x7fee4fcb94e0>}","[([0, 0, 1], -8.0)]","[array([0.11961682, 5.78473519, 1.55508357, 4.4660135 , 2.28581141,
       2.34057935, 3.54376059, 6.23389937, 6.23795039, 2.79785717,
       1.53319406, 0.27910186, 5.99537547, 0.69873036, 1.18484133,
       2.73227209, 5.91886106, 1.23528466, 1.90325763, 5.79690708,
       3.25989277, 5.16589135, 3.72163378, 3.15634646, 3.1084439 ,
       0.77522498, 4.6670356 , 3.32235097, 5.2585088 , 0.04569838,
       5.04187114, 4.44125038, 3.35031611, 4.21147262, 3.17577101,
       5.95886368, 3.3200923 , 0.39984811, 3.09317285, 3.99487403,
       4.71474506, 2.38469777, 3.19448054, 5.08356314, 1.37412844,
       1.1697793 , 1.95092567, 0.01622386, 3.29401129, 1.55756827,
       6.00097405, 5.1556182 , 3.70139131, 5.61697685])]",[598.2020266056061]
