,problem,layers,optimizer,solutions,parameters,time
0,"{'type': 'maxcut', 'graph': {'directed': False, 'multigraph': False, 'graph': {}, 'nodes': [{'id': 0}, {'id': 1}, {'id': 2}], 'links': [{'weight': 6, 'source': 0, 'target': 1}, {'weight': 7, 'source': 0, 'target': 2}, {'weight': 1, 'source': 1, 'target': 2}]}, 'position': {0: [0.07851080556038943, 0.24969078637319295], 1: [-1.0, 0.10034683312306583], 2: [0.9214891944396112, -0.3500376194962584]}, 'solution': ([0, 1, 1], 13.0)}",16,"{'optimizer': 'COBYLA', 'maxiter': 100, 'shots': 1024, 'parameter_strategy': 'RANDOM', 'x0': None, 'backend': <QAOA_Tester.Backend.NoisyEstimatorBackend object at 0x7f9b488fd5d0>}","[([1, 1, 0], -8.0)]","[array([1.15960981, 2.86431671, 2.62303801, 2.99794619, 0.80522666,
       4.99054765, 4.11181499, 2.86549675, 0.82361204, 3.45569431,
       3.58404612, 3.48101497, 2.37108159, 3.00193448, 3.33265453,
       1.27692399, 4.34093912, 4.764641  , 2.55113013, 1.40605311,
       5.3289532 , 1.12071669, 4.69347768, 2.51361314, 3.28404605,
       2.58496937, 4.80333409, 5.05170313, 4.20972554, 1.44126391,
       5.94509466, 6.07096966])]",[588.8150355815887]
