,problem,layers,optimizer,solutions,parameters,time
0,"{'type': 'maxcut', 'graph': {'directed': False, 'multigraph': False, 'graph': {}, 'nodes': [{'id': 0}, {'id': 1}, {'id': 2}], 'links': [{'weight': 6, 'source': 0, 'target': 1}, {'weight': 7, 'source': 0, 'target': 2}, {'weight': 1, 'source': 1, 'target': 2}]}, 'position': {0: [0.07851080556038943, 0.24969078637319295], 1: [-1.0, 0.10034683312306583], 2: [0.9214891944396112, -0.3500376194962584]}, 'solution': ([0, 1, 1], 13.0)}",19,"{'optimizer': 'COBYLA', 'maxiter': 100, 'shots': 1024, 'parameter_strategy': 'RANDOM', 'x0': None, 'backend': <QAOA_Tester.Backend.NoisyEstimatorBackend object at 0x7f4026779690>}","[([1, 1, 1], 0.0)]","[array([4.81580612, 3.67723877, 6.09643168, 3.70441529, 3.28284185,
       3.71070887, 0.88506641, 5.03123873, 5.12621038, 0.43608695,
       0.92942245, 1.42613876, 2.61780336, 1.90436145, 2.59221374,
       4.10518787, 2.21042688, 3.84369763, 4.01347365, 5.85139815,
       4.71978296, 5.92246984, 5.26166075, 0.44611463, 1.86250643,
       0.24230641, 1.27624014, 3.54364675, 3.42247338, 1.19750772,
       1.07291869, 4.47646383, 0.50210837, 0.51095225, 5.19073351,
       2.95893132, 2.77037211, 0.60901227])]",[596.8761348724365]
