,problem,layers,optimizer,solutions,parameters,time
0,"{'type': 'maxcut', 'graph': {'directed': False, 'multigraph': False, 'graph': {}, 'nodes': [{'id': 0}, {'id': 1}, {'id': 2}], 'links': [{'weight': 6, 'source': 0, 'target': 1}, {'weight': 7, 'source': 0, 'target': 2}, {'weight': 1, 'source': 1, 'target': 2}]}, 'position': {0: [0.07851080556038943, 0.24969078637319295], 1: [-1.0, 0.10034683312306583], 2: [0.9214891944396112, -0.3500376194962584]}, 'solution': ([0, 1, 1], 13.0)}",24,"{'optimizer': 'COBYLA', 'maxiter': 100, 'shots': 1024, 'parameter_strategy': 'RANDOM', 'x0': None, 'backend': <QAOA_Tester.Backend.NoisyEstimatorBackend object at 0x7fb6b284d8d0>}","[([0, 1, 0], -7.0)]","[array([1.99038438, 2.06833525, 2.48798463, 6.11144046, 3.06301459,
       3.67659664, 3.37867655, 4.06573987, 2.47950344, 3.96122602,
       4.92644866, 1.71047553, 0.60467462, 5.50514055, 5.66632488,
       5.59461323, 6.22170779, 3.56325317, 5.8976112 , 4.00049472,
       3.59112581, 1.35748388, 3.67520209, 0.79287559, 1.44044293,
       3.7790914 , 4.13127051, 6.05109088, 4.94614222, 5.03207458,
       0.53685255, 0.4925173 , 0.4186302 , 1.84871093, 5.78468904,
       1.41209181, 4.7593843 , 6.26027058, 0.68281008, 3.6167705 ,
       1.65175403, 5.15354629, 6.13697694, 1.31870933, 4.1790193 ,
       4.68248204, 2.75851469, 1.05016169])]",[577.3145401477814]
