,problem,layers,optimizer,solutions,parameters,time
0,"{'type': 'maxcut', 'graph': {'directed': False, 'multigraph': False, 'graph': {}, 'nodes': [{'id': 0}, {'id': 1}, {'id': 2}], 'links': [{'weight': 6, 'source': 0, 'target': 1}, {'weight': 7, 'source': 0, 'target': 2}, {'weight': 1, 'source': 1, 'target': 2}]}, 'position': {0: [0.07851080556038943, 0.24969078637319295], 1: [-1.0, 0.10034683312306583], 2: [0.9214891944396112, -0.3500376194962584]}, 'solution': ([0, 1, 1], 13.0)}",18,"{'optimizer': 'COBYLA', 'maxiter': 100, 'shots': 1024, 'parameter_strategy': 'RANDOM', 'x0': None, 'backend': <QAOA_Tester.Backend.NoisyEstimatorBackend object at 0x7f66fe797730>}","[([0, 1, 0], -7.0)]","[array([4.87495051, 4.03264084, 6.05704273, 2.92263657, 3.07772034,
       2.88559296, 4.43593934, 3.26847888, 2.11122462, 0.51359937,
       1.67793905, 0.39481884, 4.60529372, 0.25936539, 4.80474642,
       1.77728744, 5.8273263 , 6.23904984, 2.38872892, 5.24705444,
       4.37620453, 0.93005038, 1.40302308, 2.84828468, 5.32367982,
       4.10473436, 3.1278607 , 5.99372408, 5.43126723, 3.23134348,
       5.06424272, 4.32714969, 5.78201296, 5.20210959, 3.29488157,
       3.0431219 ])]",[594.3509187698364]
