,problem,layers,optimizer,solutions,parameters,time
0,"{'type': 'maxcut', 'graph': {'directed': False, 'multigraph': False, 'graph': {}, 'nodes': [{'id': 0}, {'id': 1}, {'id': 2}], 'links': [{'weight': 6, 'source': 0, 'target': 1}, {'weight': 7, 'source': 0, 'target': 2}, {'weight': 1, 'source': 1, 'target': 2}]}, 'position': {0: [0.07851080556038943, 0.24969078637319295], 1: [-1.0, 0.10034683312306583], 2: [0.9214891944396112, -0.3500376194962584]}, 'solution': ([0, 1, 1], 13.0)}",22,"{'optimizer': 'COBYLA', 'maxiter': 100, 'shots': 1024, 'parameter_strategy': 'RANDOM', 'x0': None, 'backend': <QAOA_Tester.Backend.NoisyEstimatorBackend object at 0x7f99d12fd750>}","[([0, 1, 0], -7.0)]","[array([6.03637795, 4.03627008, 6.0624309 , 5.56281006, 4.52178482,
       4.19078416, 0.57167368, 2.51211971, 5.6144256 , 3.40425097,
       5.18714203, 3.28921295, 1.16811413, 0.14501515, 0.24682765,
       5.54850305, 4.16714921, 2.28019719, 1.02212079, 4.1514085 ,
       0.00978612, 5.66828212, 3.25713237, 2.42563614, 1.32579086,
       5.24123875, 1.10602172, 5.98705909, 0.72409882, 2.86782516,
       4.86498828, 6.05736804, 1.60150692, 5.24191495, 1.79759516,
       6.13185218, 2.32526118, 5.09837977, 4.34431149, 4.86919851,
       6.24776628, 4.86902172, 3.39995275, 0.99693014])]",[597.7685527801514]
