,problem,layers,optimizer,solutions,parameters,time
0,"{'type': 'maxcut', 'graph': {'directed': False, 'multigraph': False, 'graph': {}, 'nodes': [{'id': 0}, {'id': 1}, {'id': 2}], 'links': [{'weight': 6, 'source': 0, 'target': 1}, {'weight': 7, 'source': 0, 'target': 2}, {'weight': 1, 'source': 1, 'target': 2}]}, 'position': {0: [0.07851080556038943, 0.24969078637319295], 1: [-1.0, 0.10034683312306583], 2: [0.9214891944396112, -0.3500376194962584]}, 'solution': ([0, 1, 1], 13.0)}",26,"{'optimizer': 'COBYLA', 'maxiter': 100, 'shots': 1024, 'parameter_strategy': 'RANDOM', 'x0': None, 'backend': <QAOA_Tester.Backend.NoisyEstimatorBackend object at 0x7fa5b79bd870>}","[([0, 1, 0], -7.0)]","[array([1.97006386, 2.829709  , 5.22340587, 3.5244014 , 2.21478555,
       2.10938287, 4.47201547, 0.97321741, 5.44549643, 4.48895661,
       4.60429148, 1.1290846 , 5.78586916, 5.70811589, 3.69149229,
       5.31089611, 3.87015938, 2.3209308 , 5.91001418, 3.09157422,
       1.83757628, 6.17561448, 1.25710299, 3.74500213, 5.70576392,
       2.63729659, 4.99579553, 3.88519364, 0.47779838, 4.61827155,
       1.28251587, 2.09220467, 1.37400391, 3.52725301, 3.22562377,
       4.55461914, 6.23443897, 6.20336925, 6.3092262 , 4.77784244,
       2.09231807, 0.63192081, 5.79240406, 2.78677835, 5.69272559,
       4.35814705, 4.17021048, 1.19995523, 1.5361123 , 1.37988936,
       3.38701206, 4.77462017])]",[643.9920792579651]
