,problem,layers,optimizer,solutions,parameters,time
0,"{'type': 'maxcut', 'graph': {'directed': False, 'multigraph': False, 'graph': {}, 'nodes': [{'id': 0}, {'id': 1}, {'id': 2}], 'links': [{'weight': 6, 'source': 0, 'target': 1}, {'weight': 7, 'source': 0, 'target': 2}, {'weight': 1, 'source': 1, 'target': 2}]}, 'position': {0: [0.07851080556038943, 0.24969078637319295], 1: [-1.0, 0.10034683312306583], 2: [0.9214891944396112, -0.3500376194962584]}, 'solution': ([0, 1, 1], 13.0)}",25,"{'optimizer': 'COBYLA', 'maxiter': 100, 'shots': 1024, 'parameter_strategy': 'RANDOM', 'x0': None, 'backend': <QAOA_Tester.Backend.NoisyEstimatorBackend object at 0x7f13ffcad510>}","[([0, 0, 1], -8.0)]","[array([2.09557516, 4.36190528, 3.86659113, 3.17515377, 6.04439399,
       3.47238951, 2.66353397, 5.94903905, 3.35043416, 1.52521229,
       2.1716274 , 0.36022594, 4.00850122, 3.11248626, 0.10919459,
       4.02432281, 6.14891355, 2.34012262, 3.97628271, 3.17890126,
       2.08441625, 3.06279508, 4.60535302, 4.77918802, 1.36840585,
       2.4851743 , 5.55677999, 2.76020188, 4.63262502, 3.7881886 ,
       5.14791586, 1.91648966, 1.53177136, 4.49644277, 3.91245901,
       1.1806348 , 3.67566421, 0.57635159, 6.04048772, 4.94487709,
       6.07282831, 2.6738808 , 3.80391632, 0.90398362, 5.55513371,
       5.78275021, 6.05188331, 4.72598443, 6.01886215, 2.35170837])]",[562.152731180191]
