,problem,layers,optimizer,solutions,parameters,time
0,"{'type': 'maxcut', 'graph': {'directed': False, 'multigraph': False, 'graph': {}, 'nodes': [{'id': 0}, {'id': 1}, {'id': 2}], 'links': [{'weight': 6, 'source': 0, 'target': 1}, {'weight': 7, 'source': 0, 'target': 2}, {'weight': 1, 'source': 1, 'target': 2}]}, 'position': {0: [0.07851080556038943, 0.24969078637319295], 1: [-1.0, 0.10034683312306583], 2: [0.9214891944396112, -0.3500376194962584]}, 'solution': ([0, 1, 1], 13.0)}",21,"{'optimizer': 'COBYLA', 'maxiter': 100, 'shots': 1024, 'parameter_strategy': 'RANDOM', 'x0': None, 'backend': <QAOA_Tester.Backend.NoisyEstimatorBackend object at 0x7f6b2aa5fbb0>}","[([1, 1, 1], 0.0)]","[array([4.78258167, 4.07845574, 0.0665726 , 3.8197336 , 0.1753294 ,
       3.51847478, 0.10228719, 3.78581361, 1.67070948, 3.35559389,
       3.26166459, 4.24471952, 2.72286951, 3.15699236, 5.96758723,
       6.09196214, 4.75820163, 3.7649358 , 2.33791354, 4.40903131,
       4.05892571, 6.15017074, 0.77186312, 2.18344132, 2.93527033,
       4.29400929, 0.86803521, 2.32048626, 1.36633623, 1.71599673,
       1.12739191, 1.61614247, 0.19975957, 0.625013  , 0.72892104,
       6.01863461, 3.90923948, 2.95567717, 3.4492671 , 3.68640837,
       1.27667688, 2.90441563])]",[569.3574981689453]
