,problem,layers,optimizer,solutions,parameters,time
0,"{'type': 'maxcut', 'graph': {'directed': False, 'multigraph': False, 'graph': {}, 'nodes': [{'id': 0}, {'id': 1}, {'id': 2}], 'links': [{'weight': 6, 'source': 0, 'target': 1}, {'weight': 7, 'source': 0, 'target': 2}, {'weight': 1, 'source': 1, 'target': 2}]}, 'position': {0: [0.07851080556038943, 0.24969078637319295], 1: [-1.0, 0.10034683312306583], 2: [0.9214891944396112, -0.3500376194962584]}, 'solution': ([0, 1, 1], 13.0)}",19,"{'optimizer': 'COBYLA', 'maxiter': 100, 'shots': 1024, 'parameter_strategy': 'RANDOM', 'x0': None, 'backend': <QAOA_Tester.Backend.NoisyEstimatorBackend object at 0x7efd6bc29780>}","[([0, 1, 0], -7.0)]","[array([3.50428008, 0.27456785, 3.80683758, 2.76273738, 4.14902311,
       2.60586449, 5.82336316, 5.67513537, 5.96983546, 4.10827827,
       2.97298107, 3.4146624 , 1.66726568, 4.53010973, 2.13401466,
       4.60969481, 5.95663867, 5.05650841, 5.31139584, 5.83813616,
       0.98615083, 0.66227665, 3.95943913, 4.82919429, 6.1333772 ,
       4.30584739, 5.47278313, 5.92260722, 5.05656576, 3.24591078,
       3.23455918, 2.86258582, 0.98439063, 2.18969521, 2.40404336,
       2.41804434, 0.72670405, 0.31042958])]",[595.9621751308441]
