,problem,layers,optimizer,solutions,parameters,time
0,"{'type': 'maxcut', 'graph': {'directed': False, 'multigraph': False, 'graph': {}, 'nodes': [{'id': 0}, {'id': 1}, {'id': 2}], 'links': [{'weight': 6, 'source': 0, 'target': 1}, {'weight': 7, 'source': 0, 'target': 2}, {'weight': 1, 'source': 1, 'target': 2}]}, 'position': {0: [0.07851080556038943, 0.24969078637319295], 1: [-1.0, 0.10034683312306583], 2: [0.9214891944396112, -0.3500376194962584]}, 'solution': ([0, 1, 1], 13.0)}",29,"{'optimizer': 'COBYLA', 'maxiter': 100, 'shots': 1024, 'parameter_strategy': 'RANDOM', 'x0': None, 'backend': <QAOA_Tester.Backend.NoisyEstimatorBackend object at 0x7f02367d97e0>}","[([1, 1, 0], -8.0)]","[array([6.24033469, 2.51004302, 6.17564163, 4.40266394, 1.18198768,
       4.10508337, 2.19817691, 0.86497242, 2.28384187, 3.56910772,
       3.58251984, 4.80708403, 6.24474059, 1.49816089, 1.88019893,
       2.15321618, 0.92524374, 3.45746631, 3.58904004, 6.05160891,
       1.73126299, 6.18786882, 2.60329631, 4.02029618, 5.25254953,
       5.25574867, 5.53007823, 3.1188571 , 5.21406511, 5.71253555,
       0.94387313, 0.10249921, 0.53629821, 6.01960124, 2.30465413,
       2.83735176, 4.4342258 , 5.55004336, 5.66883099, 5.70585917,
       3.02734649, 4.56704391, 5.49801414, 5.31954731, 2.84425949,
       1.09072479, 4.41886558, 5.37964727, 1.0408459 , 0.43788549,
       0.71332296, 0.7134964 , 3.66303666, 0.73596031, 2.0192585 ,
       3.99219538, 1.56374592, 0.31566745])]",[569.5043165683746]
