,problem,layers,optimizer,solutions,parameters,time
0,"{'type': 'maxcut', 'graph': {'directed': False, 'multigraph': False, 'graph': {}, 'nodes': [{'id': 0}, {'id': 1}, {'id': 2}], 'links': [{'weight': 6, 'source': 0, 'target': 1}, {'weight': 7, 'source': 0, 'target': 2}, {'weight': 1, 'source': 1, 'target': 2}]}, 'position': {0: [0.07851080556038943, 0.24969078637319295], 1: [-1.0, 0.10034683312306583], 2: [0.9214891944396112, -0.3500376194962584]}, 'solution': ([0, 1, 1], 13.0)}",25,"{'optimizer': 'COBYLA', 'maxiter': 100, 'shots': 1024, 'parameter_strategy': 'RANDOM', 'x0': None, 'backend': <QAOA_Tester.Backend.NoisyEstimatorBackend object at 0x7fedf22c9510>}","[([0, 0, 0], 0.0)]","[array([5.96570545, 3.07235066, 4.30693902, 2.3688309 , 4.27411684,
       2.92735106, 2.11971073, 5.05051703, 2.92323084, 2.05916781,
       3.57661561, 2.368462  , 6.08327372, 4.99791577, 6.12050783,
       4.28117602, 0.42831369, 0.16866253, 4.53398906, 0.03282734,
       3.98699512, 2.8548351 , 1.14271494, 1.82623584, 5.17314217,
       1.19935717, 4.44723201, 4.36960294, 0.88300967, 5.39799919,
       0.49195256, 2.83378095, 5.45522929, 0.99516951, 4.19449131,
       2.42680595, 2.98490049, 5.46536733, 5.73066454, 4.40190304,
       3.67613939, 5.4059202 , 1.96939238, 2.37279445, 0.47332231,
       4.89954859, 4.88818455, 1.35594209, 3.38028056, 2.04296571])]",[587.3771185874939]
