,problem,layers,optimizer,solutions,parameters,time
0,"{'type': 'maxcut', 'graph': {'directed': False, 'multigraph': False, 'graph': {}, 'nodes': [{'id': 0}, {'id': 1}, {'id': 2}], 'links': [{'weight': 6, 'source': 0, 'target': 1}, {'weight': 7, 'source': 0, 'target': 2}, {'weight': 1, 'source': 1, 'target': 2}]}, 'position': {0: [0.07851080556038943, 0.24969078637319295], 1: [-1.0, 0.10034683312306583], 2: [0.9214891944396112, -0.3500376194962584]}, 'solution': ([0, 1, 1], 13.0)}",30,"{'optimizer': 'COBYLA', 'maxiter': 100, 'shots': 1024, 'parameter_strategy': 'RANDOM', 'x0': None, 'backend': <QAOA_Tester.Backend.NoisyEstimatorBackend object at 0x7f8a1482d180>}","[([1, 1, 0], -8.0)]","[array([5.59986208e+00, 4.30107959e+00, 5.81882396e+00, 1.88366550e+00,
       5.16292963e+00, 5.83074284e+00, 5.94297024e+00, 4.32778533e+00,
       4.31239181e+00, 1.07905444e+00, 5.76176655e+00, 4.23049131e-01,
       4.30970122e+00, 5.77898325e+00, 1.98575913e+00, 2.47318596e-01,
       4.96868243e+00, 2.10766000e+00, 2.41461383e+00, 2.10773818e+00,
       1.93260842e+00, 1.87911978e+00, 5.67979358e+00, 2.34609200e+00,
       1.93208556e+00, 1.90927690e+00, 6.13759187e+00, 1.16282866e-03,
       2.15083003e+00, 6.69352912e+00, 1.30822255e+00, 4.35629982e+00,
       3.42062178e+00, 2.06251117e+00, 3.25982346e+00, 2.26004079e+00,
       1.62455571e-01, 4.33949395e+00, 1.70239320e-02, 5.09199270e+00,
       1.38816385e+00, 5.87415708e+00, 5.20163128e-02, 5.88235576e+00,
       4.63301467e-01, 3.94854827e+00, 1.35572227e+00, 4.00733104e+00,
       5.49183839e+00, 3.33389376e+00, 6.15857761e+00, 3.03124244e+00,
       5.55961269e+00, 1.32674920e+00, 4.56065981e-01, 2.76156527e+00,
       7.97244971e-01, 3.37365120e+00, 4.07725215e-01, 6.14751100e+00])]",[555.742264509201]
