,problem,layers,optimizer,solutions,parameters,time
0,"{'type': 'maxcut', 'graph': {'directed': False, 'multigraph': False, 'graph': {}, 'nodes': [{'id': 0}, {'id': 1}, {'id': 2}], 'links': [{'weight': 6, 'source': 0, 'target': 1}, {'weight': 7, 'source': 0, 'target': 2}, {'weight': 1, 'source': 1, 'target': 2}]}, 'position': {0: [0.07851080556038943, 0.24969078637319295], 1: [-1.0, 0.10034683312306583], 2: [0.9214891944396112, -0.3500376194962584]}, 'solution': ([0, 1, 1], 13.0)}",17,"{'optimizer': 'COBYLA', 'maxiter': 100, 'shots': 1024, 'parameter_strategy': 'RANDOM', 'x0': None, 'backend': <QAOA_Tester.Backend.NoisyEstimatorBackend object at 0x7fde6e5b14b0>}","[([0, 0, 1], -8.0)]","[array([5.46132634, 1.20316217, 0.65340022, 5.53972074, 5.69396464,
       0.58976843, 0.44949393, 5.93819498, 0.38188954, 1.39013902,
       4.54028233, 4.13486523, 2.13560535, 3.69049422, 1.39753887,
       4.71671371, 5.64090055, 3.84449703, 2.17451227, 4.49670611,
       0.3081479 , 0.77477315, 5.74749225, 0.66590976, 4.79341283,
       3.81588759, 1.07898323, 3.20831713, 3.38174298, 0.53035647,
       6.01937563, 4.6340315 , 2.96194954, 4.31144561])]",[581.7335121631622]
