,problem,layers,optimizer,solutions,parameters,time
0,"{'type': 'maxcut', 'graph': {'directed': False, 'multigraph': False, 'graph': {}, 'nodes': [{'id': 0}, {'id': 1}, {'id': 2}], 'links': [{'weight': 6, 'source': 0, 'target': 1}, {'weight': 7, 'source': 0, 'target': 2}, {'weight': 1, 'source': 1, 'target': 2}]}, 'position': {0: [0.07851080556038943, 0.24969078637319295], 1: [-1.0, 0.10034683312306583], 2: [0.9214891944396112, -0.3500376194962584]}, 'solution': ([0, 1, 1], 13.0)}",22,"{'optimizer': 'COBYLA', 'maxiter': 100, 'shots': 1024, 'parameter_strategy': 'RANDOM', 'x0': None, 'backend': <QAOA_Tester.Backend.NoisyEstimatorBackend object at 0x7f17d0e89120>}","[([0, 0, 1], -8.0)]","[array([2.77295307, 1.2009556 , 3.07711713, 0.71011514, 0.64102644,
       3.65306336, 0.89557577, 3.34607695, 0.66815309, 1.52609899,
       3.3299073 , 6.01817241, 4.62815186, 5.3920577 , 2.37901813,
       4.52944301, 5.05502971, 0.4153928 , 3.91599241, 2.78960212,
       4.44434218, 5.2473587 , 3.45340131, 2.75994483, 1.29016482,
       3.83733535, 2.47841108, 3.9086108 , 0.43783737, 4.89071818,
       4.27643174, 5.22435528, 1.01773391, 0.76648084, 5.21992916,
       0.09745948, 5.92805349, 5.81817755, 4.07799777, 3.45187365,
       5.06897617, 3.0059443 , 0.75660991, 2.66165439])]",[629.0855860710144]
