,problem,layers,optimizer,solutions,parameters,time
0,"{'type': 'maxcut', 'graph': {'directed': False, 'multigraph': False, 'graph': {}, 'nodes': [{'id': 0}, {'id': 1}, {'id': 2}], 'links': [{'weight': 6, 'source': 0, 'target': 1}, {'weight': 7, 'source': 0, 'target': 2}, {'weight': 1, 'source': 1, 'target': 2}]}, 'position': {0: [0.07851080556038943, 0.24969078637319295], 1: [-1.0, 0.10034683312306583], 2: [0.9214891944396112, -0.3500376194962584]}, 'solution': ([0, 1, 1], 13.0)}",24,"{'optimizer': 'COBYLA', 'maxiter': 100, 'shots': 1024, 'parameter_strategy': 'RANDOM', 'x0': None, 'backend': <QAOA_Tester.Backend.NoisyEstimatorBackend object at 0x7f69715c9720>}","[([1, 1, 1], 0.0)]","[array([1.60561129, 4.55625765, 4.43726612, 6.17615792, 4.2582086 ,
       2.45739134, 5.59325081, 3.35194117, 0.04212398, 3.63288849,
       1.30124457, 6.08892133, 4.59487683, 4.12132726, 0.52285464,
       6.24713564, 5.23270872, 4.95575787, 0.51355202, 0.40503533,
       2.2714946 , 1.98622039, 3.74959531, 5.56894397, 4.87573254,
       1.54762763, 4.37553988, 5.75477708, 1.10348412, 5.17689748,
       2.22658113, 4.20995822, 0.3939628 , 1.04393859, 4.71950385,
       5.43726056, 0.16736535, 2.94386942, 1.75452831, 4.70087704,
       0.13796037, 3.89076185, 4.64894874, 2.41911228, 3.26813683,
       2.64752747, 0.18357176, 5.30431396])]",[583.0923790931702]
