,problem,layers,optimizer,solutions,parameters,time
0,"{'type': 'maxcut', 'graph': {'directed': False, 'multigraph': False, 'graph': {}, 'nodes': [{'id': 0}, {'id': 1}, {'id': 2}], 'links': [{'weight': 6, 'source': 0, 'target': 1}, {'weight': 7, 'source': 0, 'target': 2}, {'weight': 1, 'source': 1, 'target': 2}]}, 'position': {0: [0.07851080556038943, 0.24969078637319295], 1: [-1.0, 0.10034683312306583], 2: [0.9214891944396112, -0.3500376194962584]}, 'solution': ([0, 1, 1], 13.0)}",24,"{'optimizer': 'COBYLA', 'maxiter': 100, 'shots': 1024, 'parameter_strategy': 'RANDOM', 'x0': None, 'backend': <QAOA_Tester.Backend.NoisyEstimatorBackend object at 0x7f9ff5efd480>}","[([1, 0, 1], -7.0)]","[array([4.33994078, 0.6576992 , 5.84738371, 4.66675889, 5.86392318,
       2.43799179, 3.31747958, 0.90479638, 3.62220888, 0.41318143,
       0.09378686, 0.53900862, 1.32546125, 4.24472025, 0.9050895 ,
       2.68961535, 0.2001735 , 2.40930439, 2.62342225, 1.97059482,
       0.35155517, 3.15039534, 2.68025007, 3.12733627, 0.97584009,
       5.55897964, 5.14823356, 0.26453719, 3.31068222, 2.93758451,
       1.22921819, 6.08572161, 4.01633795, 2.20888475, 3.08551405,
       2.65216567, 5.53216297, 4.59057136, 2.17599052, 1.71322256,
       3.35348442, 0.97675501, 2.49251059, 4.54957734, 3.19872925,
       2.44502386, 3.56406993, 5.53693838])]",[632.5267291069031]
