,problem,layers,optimizer,solutions,parameters,time
0,"{'type': 'maxcut', 'graph': {'directed': False, 'multigraph': False, 'graph': {}, 'nodes': [{'id': 0}, {'id': 1}, {'id': 2}], 'links': [{'weight': 6, 'source': 0, 'target': 1}, {'weight': 7, 'source': 0, 'target': 2}, {'weight': 1, 'source': 1, 'target': 2}]}, 'position': {0: [0.07851080556038943, 0.24969078637319295], 1: [-1.0, 0.10034683312306583], 2: [0.9214891944396112, -0.3500376194962584]}, 'solution': ([0, 1, 1], 13.0)}",30,"{'optimizer': 'COBYLA', 'maxiter': 100, 'shots': 1024, 'parameter_strategy': 'RANDOM', 'x0': None, 'backend': <QAOA_Tester.Backend.NoisyEstimatorBackend object at 0x7f49d333d540>}","[([1, 1, 0], -8.0)]","[array([2.98033782, 5.1742697 , 1.8682595 , 4.86759557, 3.42098564,
       0.63346743, 0.50636306, 4.20194257, 4.61717395, 3.14336074,
       5.02826365, 6.02086074, 3.97089076, 1.85212   , 5.10643936,
       3.15966835, 4.67076934, 3.9178214 , 1.40334677, 5.67985166,
       5.93067733, 4.25920897, 0.78136447, 4.24373252, 3.83883203,
       2.16965292, 5.76422487, 5.04762062, 3.8052056 , 0.1867367 ,
       3.80615816, 3.46626785, 1.27846888, 5.04937447, 4.27362613,
       0.76510494, 0.50397636, 1.82211127, 2.17134965, 0.04496495,
       5.21172056, 6.0329222 , 3.94207903, 0.4561186 , 2.26895229,
       3.32869167, 2.50029814, 0.09638812, 4.11639797, 6.21571065,
       6.13737439, 0.93827275, 4.80533859, 2.18037521, 3.88306324,
       1.14241313, 5.98236445, 3.93772393, 4.95711975, 1.5313334 ])]",[528.6123266220093]
