,problem,layers,optimizer,solutions,parameters,time
0,"{'type': 'maxcut', 'graph': {'directed': False, 'multigraph': False, 'graph': {}, 'nodes': [{'id': 0}, {'id': 1}, {'id': 2}], 'links': [{'weight': 6, 'source': 0, 'target': 1}, {'weight': 7, 'source': 0, 'target': 2}, {'weight': 1, 'source': 1, 'target': 2}]}, 'position': {0: [0.07851080556038943, 0.24969078637319295], 1: [-1.0, 0.10034683312306583], 2: [0.9214891944396112, -0.3500376194962584]}, 'solution': ([0, 1, 1], 13.0)}",16,"{'optimizer': 'COBYLA', 'maxiter': 100, 'shots': 1024, 'parameter_strategy': 'RANDOM', 'x0': None, 'backend': <QAOA_Tester.Backend.NoisyEstimatorBackend object at 0x7f5cbb0e74c0>}","[([1, 0, 0], -13.0)]","[array([2.33825132, 4.13831859, 5.52540689, 2.9969144 , 0.98348652,
       4.73043468, 3.67888541, 2.81713991, 1.97870302, 1.7081666 ,
       3.3964381 , 1.73331331, 5.97488604, 0.98539505, 0.28170967,
       5.22089312, 6.26905196, 2.58707969, 2.78255626, 3.37726881,
       4.05872086, 1.27820744, 4.72903432, 4.19396349, 2.13671889,
       4.83490792, 1.49306119, 0.4961957 , 1.00948481, 1.53433017,
       4.29834412, 0.96536384])]",[586.9618606567383]
