,problem,layers,optimizer,solutions,parameters,time
0,"{'type': 'maxcut', 'graph': {'directed': False, 'multigraph': False, 'graph': {}, 'nodes': [{'id': 0}, {'id': 1}, {'id': 2}], 'links': [{'weight': 6, 'source': 0, 'target': 1}, {'weight': 7, 'source': 0, 'target': 2}, {'weight': 1, 'source': 1, 'target': 2}]}, 'position': {0: [0.07851080556038943, 0.24969078637319295], 1: [-1.0, 0.10034683312306583], 2: [0.9214891944396112, -0.3500376194962584]}, 'solution': ([0, 1, 1], 13.0)}",24,"{'optimizer': 'COBYLA', 'maxiter': 100, 'shots': 1024, 'parameter_strategy': 'RANDOM', 'x0': None, 'backend': <QAOA_Tester.Backend.NoisyEstimatorBackend object at 0x7f44ab861240>}","[([1, 1, 1], 0.0)]","[array([5.64924104, 0.09473436, 4.69337741, 3.94785548, 5.48213581,
       5.31640007, 4.78244625, 2.20492428, 5.87497356, 1.57905684,
       4.28503348, 4.60760207, 1.14765583, 4.60235254, 1.68853485,
       3.23043486, 5.81746872, 0.30134015, 3.50239834, 5.1061131 ,
       0.11947902, 2.68784261, 2.5076487 , 4.85920493, 1.54451379,
       3.42216173, 4.62329819, 0.19941324, 3.1162299 , 0.34351407,
       0.4397065 , 5.66747684, 6.15684299, 2.61904619, 2.07165912,
       3.29814091, 4.77007363, 5.52926599, 1.63882669, 5.42356316,
       2.48645859, 4.08222995, 1.05685315, 6.22034618, 2.00193701,
       2.6665904 , 2.11903371, 5.83106379])]",[630.0990903377533]
