,problem,layers,optimizer,solutions,parameters,time
0,"{'type': 'maxcut', 'graph': {'directed': False, 'multigraph': False, 'graph': {}, 'nodes': [{'id': 0}, {'id': 1}, {'id': 2}], 'links': [{'weight': 6, 'source': 0, 'target': 1}, {'weight': 7, 'source': 0, 'target': 2}, {'weight': 1, 'source': 1, 'target': 2}]}, 'position': {0: [0.07851080556038943, 0.24969078637319295], 1: [-1.0, 0.10034683312306583], 2: [0.9214891944396112, -0.3500376194962584]}, 'solution': ([0, 1, 1], 13.0)}",23,"{'optimizer': 'COBYLA', 'maxiter': 100, 'shots': 1024, 'parameter_strategy': 'RANDOM', 'x0': None, 'backend': <QAOA_Tester.Backend.NoisyEstimatorBackend object at 0x7fbf891cd4e0>}","[([1, 0, 1], -7.0)]","[array([5.37126188, 0.73658704, 5.95853289, 3.77459727, 5.95325974,
       1.99808518, 5.07092943, 1.50786456, 5.90723935, 4.52895744,
       0.78957961, 4.14568139, 2.01419522, 3.50025208, 5.03159303,
       1.14763724, 1.2824477 , 4.75314602, 0.69976472, 2.03264018,
       6.4408593 , 1.88909841, 8.26575075, 3.72221384, 2.05584414,
       3.71231713, 4.93536786, 0.88252598, 3.89004065, 1.95601455,
       1.26402227, 2.35211099, 3.09306001, 2.88562634, 0.74303268,
       4.45525125, 4.06539881, 0.72108716, 4.30448017, 3.80908009,
       0.72055888, 2.84043218, 5.5622656 , 0.47518786, 4.23647317,
       0.03242919])]",[621.027174949646]
