,problem,layers,optimizer,solutions,parameters,time
0,"{'type': 'maxcut', 'graph': {'directed': False, 'multigraph': False, 'graph': {}, 'nodes': [{'id': 0}, {'id': 1}, {'id': 2}], 'links': [{'weight': 6, 'source': 0, 'target': 1}, {'weight': 7, 'source': 0, 'target': 2}, {'weight': 1, 'source': 1, 'target': 2}]}, 'position': {0: [0.07851080556038943, 0.24969078637319295], 1: [-1.0, 0.10034683312306583], 2: [0.9214891944396112, -0.3500376194962584]}, 'solution': ([0, 1, 1], 13.0)}",26,"{'optimizer': 'COBYLA', 'maxiter': 100, 'shots': 1024, 'parameter_strategy': 'RANDOM', 'x0': None, 'backend': <QAOA_Tester.Backend.NoisyEstimatorBackend object at 0x7f6da34c1360>}","[([1, 0, 1], -7.0)]","[array([0.67508381, 4.43651291, 1.95560011, 0.61980951, 0.05349194,
       5.96248439, 4.0610401 , 0.57825197, 4.4792225 , 2.5743715 ,
       4.5827157 , 5.74954161, 2.02913569, 5.30257395, 3.91957173,
       0.52777936, 3.81806016, 0.93729154, 4.64346221, 2.58148817,
       1.73443154, 1.05920541, 4.42546324, 4.19826547, 0.54219443,
       1.79579385, 0.60930444, 0.31427166, 0.59659619, 0.61819967,
       0.8250329 , 4.60438454, 3.9369193 , 5.34909271, 3.08681293,
       2.27161106, 1.8700623 , 2.38247459, 1.86710015, 3.01549937,
       3.17430111, 1.58277453, 5.13266909, 0.2165356 , 5.981508  ,
       2.10859897, 5.92930536, 2.81911246, 2.72708901, 2.28670636,
       2.40018196, 3.97530471])]",[579.1590876579285]
