,problem,layers,optimizer,solutions,parameters,time
0,"{'type': 'maxcut', 'graph': {'directed': False, 'multigraph': False, 'graph': {}, 'nodes': [{'id': 0}, {'id': 1}, {'id': 2}], 'links': [{'weight': 6, 'source': 0, 'target': 1}, {'weight': 7, 'source': 0, 'target': 2}, {'weight': 1, 'source': 1, 'target': 2}]}, 'position': {0: [0.07851080556038943, 0.24969078637319295], 1: [-1.0, 0.10034683312306583], 2: [0.9214891944396112, -0.3500376194962584]}, 'solution': ([0, 1, 1], 13.0)}",16,"{'optimizer': 'COBYLA', 'maxiter': 100, 'shots': 1024, 'parameter_strategy': 'RANDOM', 'x0': None, 'backend': <QAOA_Tester.Backend.NoisyEstimatorBackend object at 0x7fc18ef29900>}","[([0, 1, 1], -13.0)]","[array([4.45252717, 3.68437778, 0.12534073, 0.40598438, 2.40129768,
       3.99657213, 2.75645742, 3.9521617 , 2.25133592, 2.3887621 ,
       6.079329  , 1.79613326, 1.72594494, 3.78627365, 1.14861492,
       3.36460664, 0.93817038, 2.9749676 , 1.52607036, 1.76742722,
       2.86276686, 4.91259493, 5.99327142, 1.41762491, 5.1270641 ,
       2.42203844, 1.17239467, 3.37972881, 4.7219574 , 1.62018413,
       5.86208061, 2.15424595])]",[585.6490380764008]
