,problem,layers,optimizer,solutions,parameters,time
0,"{'type': 'maxcut', 'graph': {'directed': False, 'multigraph': False, 'graph': {}, 'nodes': [{'id': 0}, {'id': 1}, {'id': 2}], 'links': [{'weight': 6, 'source': 0, 'target': 1}, {'weight': 7, 'source': 0, 'target': 2}, {'weight': 1, 'source': 1, 'target': 2}]}, 'position': {0: [0.07851080556038943, 0.24969078637319295], 1: [-1.0, 0.10034683312306583], 2: [0.9214891944396112, -0.3500376194962584]}, 'solution': ([0, 1, 1], 13.0)}",25,"{'optimizer': 'COBYLA', 'maxiter': 100, 'shots': 1024, 'parameter_strategy': 'RANDOM', 'x0': None, 'backend': <QAOA_Tester.Backend.NoisyEstimatorBackend object at 0x7f5eef7356f0>}","[([0, 1, 0], -7.0)]","[array([3.71474246, 3.93992228, 6.23320238, 5.41114816, 5.06390226,
       1.11693683, 0.41025146, 1.97931089, 2.92237536, 2.96177703,
       3.99247148, 1.20933831, 1.350129  , 5.66405584, 2.09019993,
       1.38215196, 5.29216911, 1.8231589 , 4.732013  , 2.42307244,
       4.91668396, 4.64438096, 3.90387605, 2.95857114, 2.95650883,
       4.11917158, 6.0288414 , 0.33509353, 2.94639809, 2.39405912,
       5.92995455, 0.65135579, 1.02308318, 5.2191476 , 2.1008385 ,
       3.61393062, 2.30463531, 6.15294366, 0.19643324, 0.68002897,
       0.97019308, 4.36856486, 0.18987695, 0.85836307, 4.41807761,
       2.26237599, 2.98706412, 2.59047166, 0.30591243, 0.75685377])]",[575.5948753356934]
