,problem,layers,optimizer,solutions,parameters,time
0,"{'type': 'maxcut', 'graph': {'directed': False, 'multigraph': False, 'graph': {}, 'nodes': [{'id': 0}, {'id': 1}, {'id': 2}], 'links': [{'weight': 6, 'source': 0, 'target': 1}, {'weight': 7, 'source': 0, 'target': 2}, {'weight': 1, 'source': 1, 'target': 2}]}, 'position': {0: [0.07851080556038943, 0.24969078637319295], 1: [-1.0, 0.10034683312306583], 2: [0.9214891944396112, -0.3500376194962584]}, 'solution': ([0, 1, 1], 13.0)}",16,"{'optimizer': 'COBYLA', 'maxiter': 100, 'shots': 1024, 'parameter_strategy': 'RANDOM', 'x0': None, 'backend': <QAOA_Tester.Backend.NoisyEstimatorBackend object at 0x7f676c35d5a0>}","[([0, 1, 1], -13.0)]","[array([1.4008129 , 0.93935687, 3.24690634, 0.18338096, 5.18053349,
       4.40524068, 2.66328616, 2.43093648, 3.07969033, 0.62951231,
       4.62326983, 2.53652173, 5.12881023, 5.93497829, 3.5616299 ,
       2.20906237, 5.04751262, 0.16218411, 2.79100785, 5.14517233,
       6.16959429, 5.10201083, 0.52133679, 4.13507578, 0.32712205,
       0.75319967, 2.67195336, 3.85996097, 0.74335692, 3.37561022,
       5.09797567, 4.9490529 ])]",[614.3279433250427]
