,problem,layers,optimizer,solutions,parameters,time
0,"{'type': 'maxcut', 'graph': {'directed': False, 'multigraph': False, 'graph': {}, 'nodes': [{'id': 0}, {'id': 1}, {'id': 2}], 'links': [{'weight': 6, 'source': 0, 'target': 1}, {'weight': 7, 'source': 0, 'target': 2}, {'weight': 1, 'source': 1, 'target': 2}]}, 'position': {0: [0.07851080556038943, 0.24969078637319295], 1: [-1.0, 0.10034683312306583], 2: [0.9214891944396112, -0.3500376194962584]}, 'solution': ([0, 1, 1], 13.0)}",16,"{'optimizer': 'COBYLA', 'maxiter': 100, 'shots': 1024, 'parameter_strategy': 'RANDOM', 'x0': None, 'backend': <QAOA_Tester.Backend.NoisyEstimatorBackend object at 0x7fdfb3f14e20>}","[([1, 0, 0], -13.0)]","[array([3.3142746 , 3.61312471, 3.82282753, 5.00651975, 2.39830314,
       5.4241033 , 0.71421256, 4.98181685, 6.03867589, 2.72592691,
       1.21670223, 0.25591028, 2.82124964, 3.10102372, 2.05277948,
       4.95990406, 0.91429519, 0.56673629, 5.4191012 , 4.05593935,
       3.31539036, 2.55541505, 4.84027731, 4.16193629, 0.74911074,
       4.20619526, 4.03285469, 1.1496548 , 2.91972236, 5.63817139,
       4.4950184 , 4.71949161])]",[583.2343771457672]
