,problem,layers,optimizer,solutions,parameters,time
0,"{'type': 'maxcut', 'graph': {'directed': False, 'multigraph': False, 'graph': {}, 'nodes': [{'id': 0}, {'id': 1}, {'id': 2}], 'links': [{'weight': 6, 'source': 0, 'target': 1}, {'weight': 7, 'source': 0, 'target': 2}, {'weight': 1, 'source': 1, 'target': 2}]}, 'position': {0: [0.07851080556038943, 0.24969078637319295], 1: [-1.0, 0.10034683312306583], 2: [0.9214891944396112, -0.3500376194962584]}, 'solution': ([0, 1, 1], 13.0)}",20,"{'optimizer': 'COBYLA', 'maxiter': 100, 'shots': 1024, 'parameter_strategy': 'RANDOM', 'x0': None, 'backend': <QAOA_Tester.Backend.NoisyEstimatorBackend object at 0x7f4b2a24b850>}","[([1, 1, 0], -8.0)]","[array([3.21794293, 2.92630151, 5.74501385, 3.43604118, 2.14623428,
       4.73713485, 2.25255024, 5.48326957, 3.022327  , 1.19594304,
       3.69693738, 0.10770739, 5.28662868, 0.83967466, 3.46372427,
       1.20026828, 0.21131272, 6.13624816, 3.83540839, 2.2223295 ,
       1.35249728, 0.13669432, 4.644193  , 4.71148183, 1.57565847,
       2.54155722, 5.72173553, 0.5335768 , 6.1045575 , 0.53620527,
       4.5859788 , 5.09653391, 0.12943117, 0.11650746, 2.76502719,
       5.699249  , 4.83755448, 3.81839758, 4.4186982 , 0.52763056])]",[578.7378098964691]
