,problem,layers,optimizer,solutions,parameters,time
0,"{'type': 'maxcut', 'graph': {'directed': False, 'multigraph': False, 'graph': {}, 'nodes': [{'id': 0}, {'id': 1}, {'id': 2}], 'links': [{'weight': 6, 'source': 0, 'target': 1}, {'weight': 7, 'source': 0, 'target': 2}, {'weight': 1, 'source': 1, 'target': 2}]}, 'position': {0: [0.07851080556038943, 0.24969078637319295], 1: [-1.0, 0.10034683312306583], 2: [0.9214891944396112, -0.3500376194962584]}, 'solution': ([0, 1, 1], 13.0)}",21,"{'optimizer': 'COBYLA', 'maxiter': 100, 'shots': 1024, 'parameter_strategy': 'RANDOM', 'x0': None, 'backend': <QAOA_Tester.Backend.NoisyEstimatorBackend object at 0x7fe97483f7f0>}","[([0, 0, 0], 0.0)]","[array([5.96206508, 5.97186022, 4.80039257, 2.15051187, 5.40112394,
       1.18269986, 4.39175882, 0.74457566, 4.95117324, 0.32621743,
       1.46662652, 4.9106502 , 4.25993939, 4.53492995, 5.94950018,
       3.92472338, 3.59402081, 2.89623618, 5.34403307, 3.80595981,
       5.30118128, 0.48631887, 0.44001336, 1.237335  , 4.31813376,
       6.14479821, 2.59872116, 1.4954969 , 1.76324381, 1.01134646,
       4.13200625, 4.85172775, 5.4236232 , 3.99233733, 5.10701728,
       0.16009448, 5.70616466, 5.30907141, 6.06858596, 3.74728851,
       1.44768335, 0.13983179])]",[593.5563740730286]
