,problem,layers,optimizer,solutions,parameters,time
0,"{'type': 'maxcut', 'graph': {'directed': False, 'multigraph': False, 'graph': {}, 'nodes': [{'id': 0}, {'id': 1}, {'id': 2}], 'links': [{'weight': 6, 'source': 0, 'target': 1}, {'weight': 7, 'source': 0, 'target': 2}, {'weight': 1, 'source': 1, 'target': 2}]}, 'position': {0: [0.07851080556038943, 0.24969078637319295], 1: [-1.0, 0.10034683312306583], 2: [0.9214891944396112, -0.3500376194962584]}, 'solution': ([0, 1, 1], 13.0)}",28,"{'optimizer': 'COBYLA', 'maxiter': 100, 'shots': 1024, 'parameter_strategy': 'RANDOM', 'x0': None, 'backend': <QAOA_Tester.Backend.NoisyEstimatorBackend object at 0x7f1ec58cf4c0>}","[([0, 1, 1], -13.0)]","[array([2.76088081, 2.12076192, 3.23264412, 2.64269064, 3.39646276,
       3.08464318, 5.13142844, 1.81274463, 4.14820133, 2.69674092,
       6.01452872, 3.71409455, 4.11023705, 5.51614456, 0.03915064,
       6.00030813, 2.56532653, 5.42256133, 1.968573  , 0.27126455,
       2.94793999, 4.70438502, 1.03326131, 2.53406259, 0.45183477,
       5.98864278, 4.73356992, 0.87217572, 1.85297063, 0.92660273,
       1.9837549 , 3.52585914, 3.84315816, 2.55588638, 1.43218563,
       0.48658014, 0.43415782, 5.10145682, 0.84839794, 3.98509412,
       4.63677417, 0.87817753, 5.83688523, 4.59240848, 5.24596132,
       3.65381823, 1.06917355, 2.55543281, 5.00885629, 4.10093673,
       5.94683403, 5.75849285, 5.76892931, 4.49333357, 3.67343397,
       2.45268758])]",[612.0489113330841]
