,problem,layers,optimizer,solutions,parameters,time
0,"{'type': 'maxcut', 'graph': {'directed': False, 'multigraph': False, 'graph': {}, 'nodes': [{'id': 0}, {'id': 1}, {'id': 2}], 'links': [{'weight': 6, 'source': 0, 'target': 1}, {'weight': 7, 'source': 0, 'target': 2}, {'weight': 1, 'source': 1, 'target': 2}]}, 'position': {0: [0.07851080556038943, 0.24969078637319295], 1: [-1.0, 0.10034683312306583], 2: [0.9214891944396112, -0.3500376194962584]}, 'solution': ([0, 1, 1], 13.0)}",24,"{'optimizer': 'COBYLA', 'maxiter': 100, 'shots': 1024, 'parameter_strategy': 'RANDOM', 'x0': None, 'backend': <QAOA_Tester.Backend.NoisyEstimatorBackend object at 0x7f988fab5510>}","[([0, 1, 0], -7.0)]","[array([0.75204717, 2.14723937, 3.15111388, 1.10813999, 3.13557772,
       0.00868905, 2.24794537, 5.80197223, 3.4984446 , 1.52138654,
       1.02814676, 3.68579883, 4.901098  , 1.92265726, 1.05086008,
       1.88744392, 3.92054905, 0.72208776, 2.73006256, 3.18199748,
       5.83525602, 2.94314871, 1.04174302, 3.06689039, 2.63917429,
       4.99121633, 3.05830542, 5.57578384, 1.4620486 , 0.40879395,
       3.99223595, 4.49880935, 0.65352464, 3.49263909, 0.67782944,
       4.89351842, 0.6886136 , 3.83401587, 0.39462598, 3.86417986,
       0.65348049, 3.85228606, 3.75744675, 3.43812022, 0.84674053,
       3.50696115, 2.50363112, 3.20159911])]",[583.4820339679718]
