,problem,layers,optimizer,solutions,parameters,time
0,"{'type': 'maxcut', 'graph': {'directed': False, 'multigraph': False, 'graph': {}, 'nodes': [{'id': 0}, {'id': 1}, {'id': 2}], 'links': [{'weight': 6, 'source': 0, 'target': 1}, {'weight': 7, 'source': 0, 'target': 2}, {'weight': 1, 'source': 1, 'target': 2}]}, 'position': {0: [0.07851080556038943, 0.24969078637319295], 1: [-1.0, 0.10034683312306583], 2: [0.9214891944396112, -0.3500376194962584]}, 'solution': ([0, 1, 1], 13.0)}",25,"{'optimizer': 'COBYLA', 'maxiter': 100, 'shots': 1024, 'parameter_strategy': 'RANDOM', 'x0': None, 'backend': <QAOA_Tester.Backend.NoisyEstimatorBackend object at 0x7fcc19775840>}","[([1, 0, 1], -7.0)]","[array([5.18167665, 6.15489274, 4.34606083, 2.27703389, 1.36433429,
       1.05818713, 5.08564218, 2.13139483, 0.3387466 , 1.87399319,
       0.21222545, 2.68606818, 5.89683301, 3.09970134, 1.55337655,
       5.5376284 , 2.30581373, 1.10388494, 3.40322705, 3.50941306,
       5.68906565, 6.12641688, 3.26050188, 4.34162553, 2.76246921,
       3.98932363, 5.70439171, 5.7163585 , 0.80966981, 1.83595008,
       0.680338  , 0.61818002, 1.09755384, 4.32778821, 3.54536982,
       1.49890544, 3.32925192, 0.810175  , 6.25075688, 1.76030597,
       0.99484475, 2.29781504, 1.20795041, 4.35644255, 5.93711584,
       0.85288591, 3.04798149, 5.8767332 , 3.49304939, 4.45010988])]",[585.4339003562927]
