,problem,layers,optimizer,solutions,parameters,time
0,"{'type': 'maxcut', 'graph': {'directed': False, 'multigraph': False, 'graph': {}, 'nodes': [{'id': 0}, {'id': 1}, {'id': 2}], 'links': [{'weight': 6, 'source': 0, 'target': 1}, {'weight': 7, 'source': 0, 'target': 2}, {'weight': 1, 'source': 1, 'target': 2}]}, 'position': {0: [0.07851080556038943, 0.24969078637319295], 1: [-1.0, 0.10034683312306583], 2: [0.9214891944396112, -0.3500376194962584]}, 'solution': ([0, 1, 1], 13.0)}",18,"{'optimizer': 'COBYLA', 'maxiter': 100, 'shots': 1024, 'parameter_strategy': 'RANDOM', 'x0': None, 'backend': <QAOA_Tester.Backend.NoisyEstimatorBackend object at 0x7f121afa9570>}","[([1, 0, 0], -13.0)]","[array([1.64868716, 5.82300065, 3.29543265, 1.88284784, 3.5243296 ,
       1.66442164, 3.19264987, 3.73431123, 6.02094031, 4.18427565,
       1.07194154, 1.69374197, 5.61768011, 2.49216994, 2.48516612,
       6.02925251, 5.05323228, 1.06509818, 1.1563773 , 0.98260031,
       1.57939151, 1.06118807, 1.23568574, 5.89303747, 2.30712731,
       4.11620956, 3.61559428, 4.70367266, 4.6629567 , 3.16504248,
       3.99021082, 0.44321417, 2.78665212, 0.04008387, 5.60697451,
       1.75398803])]",[604.6562473773956]
