,problem,layers,optimizer,solutions,parameters,time
0,"{'type': 'maxcut', 'graph': {'directed': False, 'multigraph': False, 'graph': {}, 'nodes': [{'id': 0}, {'id': 1}, {'id': 2}], 'links': [{'weight': 6, 'source': 0, 'target': 1}, {'weight': 7, 'source': 0, 'target': 2}, {'weight': 1, 'source': 1, 'target': 2}]}, 'position': {0: [0.07851080556038943, 0.24969078637319295], 1: [-1.0, 0.10034683312306583], 2: [0.9214891944396112, -0.3500376194962584]}, 'solution': ([0, 1, 1], 13.0)}",23,"{'optimizer': 'COBYLA', 'maxiter': 100, 'shots': 1024, 'parameter_strategy': 'RANDOM', 'x0': None, 'backend': <QAOA_Tester.Backend.NoisyEstimatorBackend object at 0x7f864559d630>}","[([0, 0, 1], -8.0)]","[array([0.94145236, 4.35665146, 0.20579314, 3.69300545, 5.57510571,
       2.94016806, 3.90450047, 1.9351705 , 3.07488108, 4.34558196,
       3.96204751, 3.19420153, 1.92657854, 0.95280366, 2.89255706,
       5.54579288, 3.22782637, 4.05987545, 1.08477578, 3.27535735,
       4.1504942 , 3.19095487, 1.62585696, 0.72097859, 5.07059776,
       2.83387073, 1.25597342, 3.49452391, 5.67767811, 5.58331276,
       4.31955319, 1.50921405, 4.34701993, 0.40863425, 3.56808255,
       0.33607689, 3.06878901, 3.92801244, 3.20697245, 2.25594491,
       4.12734315, 3.57837293, 4.40780551, 2.3453961 , 0.23751636,
       2.40327227])]",[588.2128336429596]
