,problem,layers,optimizer,solutions,parameters,time
0,"{'type': 'maxcut', 'graph': {'directed': False, 'multigraph': False, 'graph': {}, 'nodes': [{'id': 0}, {'id': 1}, {'id': 2}], 'links': [{'weight': 6, 'source': 0, 'target': 1}, {'weight': 7, 'source': 0, 'target': 2}, {'weight': 1, 'source': 1, 'target': 2}]}, 'position': {0: [0.07851080556038943, 0.24969078637319295], 1: [-1.0, 0.10034683312306583], 2: [0.9214891944396112, -0.3500376194962584]}, 'solution': ([0, 1, 1], 13.0)}",20,"{'optimizer': 'COBYLA', 'maxiter': 100, 'shots': 1024, 'parameter_strategy': 'RANDOM', 'x0': None, 'backend': <QAOA_Tester.Backend.NoisyEstimatorBackend object at 0x7f9f26d696f0>}","[([0, 1, 0], -7.0)]","[array([4.95071410e+00, 2.90655235e+00, 3.60486321e+00, 2.59511485e+00,
       1.43461199e+00, 3.89401427e+00, 4.25955021e+00, 2.10314540e-01,
       5.31484643e+00, 6.21433131e-01, 1.33117519e-01, 4.42822779e+00,
       3.12969381e+00, 4.43482905e+00, 2.00126223e+00, 3.95555271e+00,
       4.63992372e+00, 1.87776881e+00, 2.90866674e+00, 1.72993328e+00,
       1.27147341e+00, 4.41680368e+00, 3.87093101e-02, 4.49317334e-01,
       4.19430274e+00, 4.10214246e+00, 5.88141648e-01, 5.41041638e+00,
       3.02404425e+00, 3.23671893e+00, 5.43484808e+00, 2.52865348e+00,
       4.54587481e+00, 4.50403717e+00, 5.05143241e+00, 2.15793844e-03,
       2.56546769e-01, 4.79223609e+00, 1.75221847e+00, 6.06630867e+00])]",[582.0865087509155]
