,problem,layers,optimizer,solutions,parameters,time
0,"{'type': 'maxcut', 'graph': {'directed': False, 'multigraph': False, 'graph': {}, 'nodes': [{'id': 0}, {'id': 1}, {'id': 2}], 'links': [{'weight': 6, 'source': 0, 'target': 1}, {'weight': 7, 'source': 0, 'target': 2}, {'weight': 1, 'source': 1, 'target': 2}]}, 'position': {0: [0.07851080556038943, 0.24969078637319295], 1: [-1.0, 0.10034683312306583], 2: [0.9214891944396112, -0.3500376194962584]}, 'solution': ([0, 1, 1], 13.0)}",26,"{'optimizer': 'COBYLA', 'maxiter': 100, 'shots': 1024, 'parameter_strategy': 'RANDOM', 'x0': None, 'backend': <QAOA_Tester.Backend.NoisyEstimatorBackend object at 0x7f60da458e80>}","[([0, 1, 1], -13.0)]","[array([1.9128389 , 0.36863906, 0.39901964, 3.26566606, 1.5841583 ,
       0.19181311, 0.88260262, 5.65149966, 5.53008706, 3.58818563,
       3.23995221, 4.61889496, 0.48635216, 2.49323411, 5.84148449,
       2.83288567, 5.18842897, 2.96961569, 5.40480242, 0.59992017,
       1.15794887, 2.21360706, 0.41273511, 2.49919416, 1.05672537,
       2.85393184, 4.13045536, 2.8146025 , 1.64791354, 4.89185465,
       5.441378  , 0.71031602, 2.00272554, 1.94807839, 2.10604281,
       4.77371936, 0.43786983, 3.20135915, 3.08780794, 0.31395209,
       1.36478304, 2.03054905, 4.77979076, 3.06198732, 2.16826115,
       4.45132339, 0.08987554, 0.06539081, 5.61902065, 0.81848695,
       0.94501748, 3.88567409])]",[629.1998338699341]
