,problem,layers,optimizer,solutions,parameters,time
0,"{'type': 'maxcut', 'graph': {'directed': False, 'multigraph': False, 'graph': {}, 'nodes': [{'id': 0}, {'id': 1}, {'id': 2}], 'links': [{'weight': 6, 'source': 0, 'target': 1}, {'weight': 7, 'source': 0, 'target': 2}, {'weight': 1, 'source': 1, 'target': 2}]}, 'position': {0: [0.07851080556038943, 0.24969078637319295], 1: [-1.0, 0.10034683312306583], 2: [0.9214891944396112, -0.3500376194962584]}, 'solution': ([0, 1, 1], 13.0)}",28,"{'optimizer': 'COBYLA', 'maxiter': 100, 'shots': 1024, 'parameter_strategy': 'RANDOM', 'x0': None, 'backend': <QAOA_Tester.Backend.NoisyEstimatorBackend object at 0x7faa5ff1b280>}","[([0, 1, 0], -7.0)]","[array([4.05491028, 3.01794321, 4.43828438, 4.32702118, 5.95713572,
       4.68631155, 4.51846431, 3.80298102, 0.69350261, 5.63276003,
       1.95161088, 5.07969425, 2.72168362, 1.78750077, 3.03846051,
       0.33732213, 2.07402069, 3.39021674, 4.48308792, 2.47957436,
       3.57199486, 0.71738633, 0.663502  , 1.67534134, 0.40439516,
       2.5288178 , 5.21782293, 5.22928882, 3.65976678, 1.48343211,
       3.89300984, 1.50901997, 2.05979159, 0.59773231, 2.16886924,
       4.16799432, 1.97705511, 0.61174566, 2.57235609, 0.98953781,
       1.07574595, 1.64667119, 1.05368548, 0.90640159, 2.83566109,
       2.77697374, 3.56117484, 0.86684291, 1.64137426, 0.00922879,
       0.25789908, 4.02424685, 3.49624474, 3.97042111, 2.01249436,
       3.22192184])]",[580.3660368919373]
