,problem,layers,optimizer,solutions,parameters,time
0,"{'type': 'maxcut', 'graph': {'directed': False, 'multigraph': False, 'graph': {}, 'nodes': [{'id': 0}, {'id': 1}, {'id': 2}], 'links': [{'weight': 6, 'source': 0, 'target': 1}, {'weight': 7, 'source': 0, 'target': 2}, {'weight': 1, 'source': 1, 'target': 2}]}, 'position': {0: [0.07851080556038943, 0.24969078637319295], 1: [-1.0, 0.10034683312306583], 2: [0.9214891944396112, -0.3500376194962584]}, 'solution': ([0, 1, 1], 13.0)}",27,"{'optimizer': 'COBYLA', 'maxiter': 100, 'shots': 1024, 'parameter_strategy': 'RANDOM', 'x0': None, 'backend': <QAOA_Tester.Backend.NoisyEstimatorBackend object at 0x7f5eb94bd7b0>}","[([1, 0, 1], -7.0)]","[array([2.20261863, 0.20132477, 4.34975674, 4.07595938, 0.29417287,
       0.39289602, 5.64488088, 2.32833344, 3.62726093, 2.63623158,
       2.20034962, 2.55275503, 0.26046834, 1.00814017, 0.10561761,
       2.58265907, 5.21306165, 2.13087515, 4.91406409, 0.35154541,
       0.32037469, 0.65089973, 0.12015319, 1.98547185, 1.16786741,
       2.12449308, 5.46340731, 4.69669686, 1.86680592, 0.54409435,
       0.1281869 , 4.72516451, 4.29067016, 1.3389959 , 2.97008852,
       3.63031261, 0.25894472, 3.19398467, 0.81903869, 3.67403702,
       5.46231631, 5.22446851, 0.94636301, 2.80074181, 4.72941513,
       2.66517246, 2.81160822, 5.23917773, 6.13084603, 5.65866799,
       3.63921288, 3.87077316, 3.96087741, 5.54574796])]",[588.0464773178101]
