,problem,layers,optimizer,solutions,parameters,time
0,"{'type': 'maxcut', 'graph': {'directed': False, 'multigraph': False, 'graph': {}, 'nodes': [{'id': 0}, {'id': 1}, {'id': 2}], 'links': [{'weight': 6, 'source': 0, 'target': 1}, {'weight': 7, 'source': 0, 'target': 2}, {'weight': 1, 'source': 1, 'target': 2}]}, 'position': {0: [0.07851080556038943, 0.24969078637319295], 1: [-1.0, 0.10034683312306583], 2: [0.9214891944396112, -0.3500376194962584]}, 'solution': ([0, 1, 1], 13.0)}",28,"{'optimizer': 'COBYLA', 'maxiter': 100, 'shots': 1024, 'parameter_strategy': 'RANDOM', 'x0': None, 'backend': <QAOA_Tester.Backend.NoisyEstimatorBackend object at 0x7efca0081360>}","[([1, 0, 0], -13.0)]","[array([2.34240962, 5.37931839, 2.41217957, 2.42192201, 2.22900636,
       4.53341307, 2.33975235, 5.89454825, 1.61965953, 2.94075954,
       3.52708232, 4.90508406, 0.57705183, 3.24836903, 1.80282411,
       1.42381204, 2.86563925, 1.88511713, 2.58374149, 0.78809011,
       4.4844407 , 5.66902457, 4.59792055, 6.0662528 , 2.77754112,
       3.60339812, 1.16580261, 1.2022972 , 4.73487304, 0.30911983,
       4.08021553, 3.01648459, 3.97378565, 1.97928171, 4.27513961,
       3.2747999 , 4.20417296, 4.29033081, 0.40887542, 3.53914207,
       5.70212815, 4.09232987, 0.09042699, 0.54754694, 0.50483058,
       3.55033752, 2.56879846, 2.37564799, 5.25021003, 1.81586281,
       6.17264729, 4.38900389, 3.02062095, 5.84252879, 4.89337119,
       4.27592752])]",[612.1994209289551]
