,problem,layers,optimizer,solutions,parameters,time
0,"{'type': 'maxcut', 'graph': {'directed': False, 'multigraph': False, 'graph': {}, 'nodes': [{'id': 0}, {'id': 1}, {'id': 2}], 'links': [{'weight': 6, 'source': 0, 'target': 1}, {'weight': 7, 'source': 0, 'target': 2}, {'weight': 1, 'source': 1, 'target': 2}]}, 'position': {0: [0.07851080556038943, 0.24969078637319295], 1: [-1.0, 0.10034683312306583], 2: [0.9214891944396112, -0.3500376194962584]}, 'solution': ([0, 1, 1], 13.0)}",25,"{'optimizer': 'COBYLA', 'maxiter': 100, 'shots': 1024, 'parameter_strategy': 'RANDOM', 'x0': None, 'backend': <QAOA_Tester.Backend.NoisyEstimatorBackend object at 0x7f83c908d630>}","[([0, 1, 1], -13.0)]","[array([4.23756422, 4.70418582, 3.78209416, 4.80965082, 0.04451462,
       6.15255993, 1.35730061, 2.78374882, 4.49117282, 4.09245595,
       1.41035937, 5.00176723, 1.09866982, 3.41824504, 6.16490505,
       4.11882163, 1.50645555, 5.83286146, 2.9256421 , 2.3210943 ,
       5.86383053, 0.99066677, 4.41728112, 4.35311979, 1.44409698,
       2.34910695, 0.2415846 , 2.1056253 , 2.62360635, 2.11867978,
       2.41723718, 3.79385144, 3.35110923, 0.07459769, 4.94884487,
       0.54402944, 3.54127164, 1.87838846, 3.25673578, 3.59534313,
       3.6237823 , 1.05158067, 5.32299462, 0.98085822, 5.35532187,
       4.44892732, 3.80208799, 3.44579984, 1.05368563, 5.1686074 ])]",[604.9108703136444]
