,problem,layers,optimizer,solutions,parameters,time
0,"{'type': 'maxcut', 'graph': {'directed': False, 'multigraph': False, 'graph': {}, 'nodes': [{'id': 0}, {'id': 1}, {'id': 2}], 'links': [{'weight': 6, 'source': 0, 'target': 1}, {'weight': 7, 'source': 0, 'target': 2}, {'weight': 1, 'source': 1, 'target': 2}]}, 'position': {0: [0.07851080556038943, 0.24969078637319295], 1: [-1.0, 0.10034683312306583], 2: [0.9214891944396112, -0.3500376194962584]}, 'solution': ([0, 1, 1], 13.0)}",25,"{'optimizer': 'COBYLA', 'maxiter': 100, 'shots': 1024, 'parameter_strategy': 'RANDOM', 'x0': None, 'backend': <QAOA_Tester.Backend.NoisyEstimatorBackend object at 0x7f46f70dd960>}","[([1, 1, 0], -8.0)]","[array([0.49127226, 0.65678493, 3.40352684, 1.78906812, 1.64286155,
       2.31075193, 3.93862732, 2.03549237, 0.33669458, 4.70811824,
       4.10067637, 5.18109687, 2.36142827, 3.62906554, 1.13649066,
       6.25289967, 4.15697105, 5.96115796, 0.46374911, 3.7567079 ,
       3.33622227, 3.23668101, 6.12879461, 1.60334227, 0.27614076,
       4.17173935, 0.52451615, 4.10150585, 1.27883822, 6.02544073,
       2.38444881, 3.17287996, 2.43854321, 0.78244012, 0.50385743,
       2.99243829, 2.01619401, 0.90253741, 5.47550248, 5.27645654,
       3.46942164, 1.81118911, 1.44588893, 3.37655498, 4.76715545,
       3.6951821 , 4.34371747, 3.26698968, 0.32603825, 2.80216991])]",[587.7306332588196]
