,problem,layers,optimizer,solutions,parameters,time
0,"{'type': 'maxcut', 'graph': {'directed': False, 'multigraph': False, 'graph': {}, 'nodes': [{'id': 0}, {'id': 1}, {'id': 2}], 'links': [{'weight': 6, 'source': 0, 'target': 1}, {'weight': 7, 'source': 0, 'target': 2}, {'weight': 1, 'source': 1, 'target': 2}]}, 'position': {0: [0.07851080556038943, 0.24969078637319295], 1: [-1.0, 0.10034683312306583], 2: [0.9214891944396112, -0.3500376194962584]}, 'solution': ([0, 1, 1], 13.0)}",23,"{'optimizer': 'COBYLA', 'maxiter': 100, 'shots': 1024, 'parameter_strategy': 'RANDOM', 'x0': None, 'backend': <QAOA_Tester.Backend.NoisyEstimatorBackend object at 0x7fc33f0618d0>}","[([0, 0, 1], -8.0)]","[array([1.00633848, 0.14587626, 5.8038946 , 4.71012344, 4.26719419,
       0.43303191, 3.77620958, 4.85214546, 2.50243877, 5.3905404 ,
       1.66615902, 6.15948848, 3.86099182, 5.3549727 , 0.75858839,
       3.4037458 , 1.76114094, 5.79174311, 3.88972596, 0.52960797,
       3.88285045, 1.43064103, 0.92571336, 2.03295818, 2.02554459,
       2.84850953, 3.99274798, 4.89673923, 2.29574508, 5.08457238,
       3.31954979, 4.08427249, 2.99470252, 3.29598929, 3.91858716,
       2.81454867, 2.39736003, 3.47789595, 5.53847206, 4.71798593,
       2.80386156, 4.84302159, 5.56669092, 5.52762244, 0.12794052,
       4.89714891])]",[574.9833087921143]
