,problem,layers,optimizer,solutions,parameters,time
0,"{'type': 'maxcut', 'graph': {'directed': False, 'multigraph': False, 'graph': {}, 'nodes': [{'id': 0}, {'id': 1}, {'id': 2}], 'links': [{'weight': 6, 'source': 0, 'target': 1}, {'weight': 7, 'source': 0, 'target': 2}, {'weight': 1, 'source': 1, 'target': 2}]}, 'position': {0: [0.07851080556038943, 0.24969078637319295], 1: [-1.0, 0.10034683312306583], 2: [0.9214891944396112, -0.3500376194962584]}, 'solution': ([0, 1, 1], 13.0)}",28,"{'optimizer': 'COBYLA', 'maxiter': 100, 'shots': 1024, 'parameter_strategy': 'RANDOM', 'x0': None, 'backend': <QAOA_Tester.Backend.NoisyEstimatorBackend object at 0x7ff971723d30>}","[([1, 0, 0], -13.0)]","[array([0.27613153, 1.23039395, 0.76529467, 5.18065783, 0.34108255,
       0.863546  , 1.06700982, 3.25018729, 0.56260769, 1.08124999,
       5.22720413, 1.56866506, 2.82042402, 2.03348811, 4.34855534,
       1.19021445, 1.0537283 , 5.5615004 , 0.35274784, 3.22486985,
       1.3023571 , 1.98110512, 1.91216516, 3.69037818, 5.47069918,
       6.2076786 , 1.76288623, 3.72552169, 1.3804109 , 4.39706743,
       0.05951625, 0.1456652 , 4.54361761, 4.32425215, 5.98970701,
       2.35051522, 3.39805165, 4.09777877, 3.16723417, 2.45022972,
       2.74903693, 3.31219467, 2.60254639, 3.02995375, 3.00916836,
       2.21533404, 2.29456626, 6.13722736, 2.28335751, 3.31566007,
       4.99899884, 5.45819467, 2.03076418, 4.30905861, 0.33831636,
       1.96412353])]",[582.7325615882874]
