,problem,layers,optimizer,solutions,parameters,time
0,"{'type': 'maxcut', 'graph': {'directed': False, 'multigraph': False, 'graph': {}, 'nodes': [{'id': 0}, {'id': 1}, {'id': 2}], 'links': [{'weight': 6, 'source': 0, 'target': 1}, {'weight': 7, 'source': 0, 'target': 2}, {'weight': 1, 'source': 1, 'target': 2}]}, 'position': {0: [0.07851080556038943, 0.24969078637319295], 1: [-1.0, 0.10034683312306583], 2: [0.9214891944396112, -0.3500376194962584]}, 'solution': ([0, 1, 1], 13.0)}",28,"{'optimizer': 'COBYLA', 'maxiter': 100, 'shots': 1024, 'parameter_strategy': 'RANDOM', 'x0': None, 'backend': <QAOA_Tester.Backend.NoisyEstimatorBackend object at 0x7f955698d7b0>}","[([0, 1, 1], -13.0)]","[array([0.78035945, 2.29476293, 0.64442934, 5.46986818, 3.85793011,
       1.82219236, 1.62943778, 2.0718518 , 5.37951747, 0.21978111,
       5.64164267, 3.59826799, 6.212195  , 0.22870326, 3.31507489,
       5.27504797, 4.02808278, 1.00654146, 5.22577161, 2.44378477,
       5.20391103, 6.21297444, 1.31344142, 3.10702343, 0.6491597 ,
       0.25601673, 5.03577912, 2.15764032, 4.38542661, 0.31886731,
       4.69709975, 1.86722312, 6.07229136, 0.94831691, 5.11454617,
       5.14556915, 1.31386852, 2.88904751, 3.25768647, 0.29838402,
       1.06339571, 1.78322342, 4.54857935, 3.11018131, 3.102596  ,
       1.665263  , 1.41208003, 1.29391298, 4.03119635, 4.29167066,
       6.0302988 , 2.49353423, 5.01858164, 1.65659487, 0.67942721,
       0.85288225])]",[580.3313632011414]
