,problem,layers,optimizer,solutions,parameters,time
0,"{'type': 'maxcut', 'graph': {'directed': False, 'multigraph': False, 'graph': {}, 'nodes': [{'id': 0}, {'id': 1}, {'id': 2}], 'links': [{'weight': 6, 'source': 0, 'target': 1}, {'weight': 7, 'source': 0, 'target': 2}, {'weight': 1, 'source': 1, 'target': 2}]}, 'position': {0: [0.07851080556038943, 0.24969078637319295], 1: [-1.0, 0.10034683312306583], 2: [0.9214891944396112, -0.3500376194962584]}, 'solution': ([0, 1, 1], 13.0)}",29,"{'optimizer': 'COBYLA', 'maxiter': 100, 'shots': 1024, 'parameter_strategy': 'RANDOM', 'x0': None, 'backend': <QAOA_Tester.Backend.NoisyEstimatorBackend object at 0x7f633d849570>}","[([1, 0, 1], -7.0)]","[array([4.44739106, 1.05819158, 3.22312918, 0.88196036, 4.81559802,
       3.22396303, 3.80722514, 2.97705779, 3.35261301, 3.3352576 ,
       5.13320875, 0.46460591, 5.44361295, 0.92785306, 5.34088613,
       2.11899966, 5.89751568, 4.56305468, 5.11442341, 6.02866505,
       3.84147021, 1.57317565, 1.40089112, 4.53213779, 5.88631667,
       3.14711497, 3.51489163, 2.44346438, 0.67970467, 1.08288196,
       4.62377138, 3.96348105, 6.11094967, 1.88438007, 3.89560051,
       2.3241555 , 0.26710397, 3.7756049 , 6.10826811, 0.42877582,
       4.81051069, 2.36083282, 3.24327609, 0.20417995, 1.97019065,
       2.69279381, 0.95152374, 1.91681545, 1.91658562, 5.74702831,
       1.59856763, 4.79503572, 0.00656489, 3.97090994, 4.38479236,
       4.51160541, 0.41931783, 1.38190964])]",[560.0346610546112]
