,problem,layers,optimizer,solutions,parameters,time
0,"{'type': 'maxcut', 'graph': {'directed': False, 'multigraph': False, 'graph': {}, 'nodes': [{'id': 0}, {'id': 1}, {'id': 2}], 'links': [{'weight': 6, 'source': 0, 'target': 1}, {'weight': 7, 'source': 0, 'target': 2}, {'weight': 1, 'source': 1, 'target': 2}]}, 'position': {0: [0.07851080556038943, 0.24969078637319295], 1: [-1.0, 0.10034683312306583], 2: [0.9214891944396112, -0.3500376194962584]}, 'solution': ([0, 1, 1], 13.0)}",29,"{'optimizer': 'COBYLA', 'maxiter': 100, 'shots': 1024, 'parameter_strategy': 'RANDOM', 'x0': None, 'backend': <QAOA_Tester.Backend.NoisyEstimatorBackend object at 0x7f02499e0dc0>}","[([1, 1, 0], -8.0)]","[array([0.07468807, 0.498875  , 1.06233131, 6.18205104, 5.3468982 ,
       5.03743779, 3.23836682, 3.39707102, 0.2969006 , 1.09940089,
       3.54769543, 2.41816588, 2.40710981, 3.95537183, 6.12405397,
       4.85414275, 1.15129498, 3.22815236, 1.22335509, 3.94262177,
       5.59395417, 4.56332758, 0.14643745, 0.62419025, 1.61165243,
       1.14122567, 2.82472457, 2.25606751, 0.89796913, 5.8326191 ,
       4.52502865, 0.90138806, 5.93226169, 4.09925106, 5.96362468,
       0.11385479, 3.67043091, 4.21546141, 4.63035094, 6.14547904,
       5.01320195, 4.02191842, 6.23778108, 0.50796133, 6.02460014,
       1.19114556, 0.39041066, 3.45976133, 3.5715202 , 5.09734896,
       3.93172464, 1.23459318, 3.83545977, 1.06973341, 5.08495317,
       3.29628319, 2.22843071, 2.23316291])]",[584.871509552002]
