,problem,layers,optimizer,solutions,parameters,time
0,"{'type': 'maxcut', 'graph': {'directed': False, 'multigraph': False, 'graph': {}, 'nodes': [{'id': 0}, {'id': 1}, {'id': 2}], 'links': [{'weight': 6, 'source': 0, 'target': 1}, {'weight': 7, 'source': 0, 'target': 2}, {'weight': 1, 'source': 1, 'target': 2}]}, 'position': {0: [0.07851080556038943, 0.24969078637319295], 1: [-1.0, 0.10034683312306583], 2: [0.9214891944396112, -0.3500376194962584]}, 'solution': ([0, 1, 1], 13.0)}",22,"{'optimizer': 'COBYLA', 'maxiter': 100, 'shots': 1024, 'parameter_strategy': 'RANDOM', 'x0': None, 'backend': <QAOA_Tester.Backend.NoisyEstimatorBackend object at 0x7f782fc6d960>}","[([0, 0, 1], -8.0)]","[array([ 3.37449519,  1.66629212,  0.73110111,  4.67489455,  4.7759785 ,
        0.62737716,  3.59568068,  1.31836677,  4.70413644,  3.41345778,
        4.05392357,  2.44423404,  4.08483044,  1.72338184,  1.54027047,
        3.76031034,  3.74267278,  5.30294667,  5.28165472,  6.03510161,
        2.50034712, -0.61464416,  3.97008561,  4.96075274,  0.5930748 ,
        3.2227945 ,  3.33769945,  1.65901937,  1.06463954,  5.11332764,
        5.35838163,  1.59199666,  5.36229808,  5.08353251,  5.16747054,
        2.67106286,  0.72210106,  4.88485748,  2.96450027,  5.27733482,
        1.43975583,  4.40690791,  4.93683301,  5.29243474])]",[607.0716164112091]
