,problem,layers,optimizer,solutions,parameters,time
0,"{'type': 'maxcut', 'graph': {'directed': False, 'multigraph': False, 'graph': {}, 'nodes': [{'id': 0}, {'id': 1}, {'id': 2}], 'links': [{'weight': 6, 'source': 0, 'target': 1}, {'weight': 7, 'source': 0, 'target': 2}, {'weight': 1, 'source': 1, 'target': 2}]}, 'position': {0: [0.07851080556038943, 0.24969078637319295], 1: [-1.0, 0.10034683312306583], 2: [0.9214891944396112, -0.3500376194962584]}, 'solution': ([0, 1, 1], 13.0)}",21,"{'optimizer': 'COBYLA', 'maxiter': 100, 'shots': 1024, 'parameter_strategy': 'RANDOM', 'x0': None, 'backend': <QAOA_Tester.Backend.NoisyEstimatorBackend object at 0x7f86157c19f0>}","[([1, 1, 0], -8.0)]","[array([3.04505823, 2.64146758, 3.47663247, 3.81485408, 2.85764598,
       5.5762475 , 0.95159025, 5.49413734, 2.85176121, 4.72789576,
       2.64658996, 1.25994355, 2.85967777, 1.64518801, 2.83145953,
       2.14445071, 1.94921479, 0.96165019, 0.33980484, 4.99955743,
       3.52439318, 1.86060835, 6.02932757, 5.96997269, 6.00602493,
       6.14537604, 3.44672517, 2.19920659, 3.6645875 , 5.36251443,
       5.80604655, 3.10308139, 2.60953304, 4.50403944, 5.92502064,
       3.23397707, 1.69904843, 3.34518944, 4.15478646, 1.24394014,
       2.00875868, 4.12609679])]",[574.4540686607361]
