,problem,layers,optimizer,solutions,parameters,time
0,"{'type': 'maxcut', 'graph': {'directed': False, 'multigraph': False, 'graph': {}, 'nodes': [{'id': 0}, {'id': 1}, {'id': 2}], 'links': [{'weight': 6, 'source': 0, 'target': 1}, {'weight': 7, 'source': 0, 'target': 2}, {'weight': 1, 'source': 1, 'target': 2}]}, 'position': {0: [0.07851080556038943, 0.24969078637319295], 1: [-1.0, 0.10034683312306583], 2: [0.9214891944396112, -0.3500376194962584]}, 'solution': ([0, 1, 1], 13.0)}",27,"{'optimizer': 'COBYLA', 'maxiter': 100, 'shots': 1024, 'parameter_strategy': 'RANDOM', 'x0': None, 'backend': <QAOA_Tester.Backend.NoisyEstimatorBackend object at 0x7f9f442e5720>}","[([1, 1, 0], -8.0)]","[array([2.70177963, 5.01200621, 4.33389805, 5.2287845 , 3.93677791,
       1.06616923, 3.16719346, 0.09886245, 5.89671046, 4.02554049,
       1.64155018, 5.62809391, 3.69769178, 4.97689273, 5.11964327,
       4.42355315, 1.87524842, 5.01951117, 0.29437893, 0.89548292,
       4.02759518, 5.35871292, 0.89503746, 3.25574786, 5.40074438,
       3.62034244, 6.24200731, 0.52612524, 0.8609134 , 0.21359979,
       0.91638127, 0.40630435, 4.5462818 , 1.61276121, 6.22297471,
       3.80613089, 2.16829263, 0.2710336 , 3.21340297, 3.48327046,
       1.35105257, 3.4264048 , 2.03555559, 2.84792186, 3.73009151,
       0.61958723, 1.31499639, 1.8705286 , 5.438356  , 4.55069862,
       1.49765339, 3.06104121, 5.7463167 , 0.78215064])]",[558.7768201828003]
