,problem,layers,optimizer,solutions,parameters,time
0,"{'type': 'maxcut', 'graph': {'directed': False, 'multigraph': False, 'graph': {}, 'nodes': [{'id': 0}, {'id': 1}, {'id': 2}], 'links': [{'weight': 6, 'source': 0, 'target': 1}, {'weight': 7, 'source': 0, 'target': 2}, {'weight': 1, 'source': 1, 'target': 2}]}, 'position': {0: [0.07851080556038943, 0.24969078637319295], 1: [-1.0, 0.10034683312306583], 2: [0.9214891944396112, -0.3500376194962584]}, 'solution': ([0, 1, 1], 13.0)}",30,"{'optimizer': 'COBYLA', 'maxiter': 100, 'shots': 1024, 'parameter_strategy': 'RANDOM', 'x0': None, 'backend': <QAOA_Tester.Backend.NoisyEstimatorBackend object at 0x7fe8f67e0d90>}","[([0, 1, 0], -7.0)]","[array([6.21082433, 1.77503894, 3.34561923, 1.26201054, 3.9115667 ,
       4.97842407, 4.04102565, 6.01175412, 0.69683149, 0.21010038,
       2.8574126 , 3.26632539, 0.17709751, 6.21082856, 4.04593295,
       1.58972433, 3.79323989, 2.20169511, 6.14487789, 0.16401617,
       2.47928492, 1.14170731, 3.18108528, 3.02177785, 5.2435695 ,
       5.27679323, 6.03492982, 0.76206616, 4.78177103, 5.82771195,
       0.60535628, 6.04552971, 5.7041058 , 0.12226664, 0.18890112,
       6.26137371, 1.08388651, 1.05396749, 4.23594565, 0.44249584,
       6.11744025, 3.23354506, 4.71397082, 2.68292308, 4.52506708,
       0.68487718, 5.67407887, 1.92975383, 4.48633344, 3.21417218,
       3.35446002, 0.75217605, 4.41760209, 1.3737117 , 0.36068355,
       2.23257434, 3.25058765, 5.18423273, 5.1847167 , 2.06600818])]",[535.3013076782227]
