,problem,layers,optimizer,solutions,parameters,time
0,"{'type': 'maxcut', 'graph': {'directed': False, 'multigraph': False, 'graph': {}, 'nodes': [{'id': 0}, {'id': 1}, {'id': 2}], 'links': [{'weight': 6, 'source': 0, 'target': 1}, {'weight': 7, 'source': 0, 'target': 2}, {'weight': 1, 'source': 1, 'target': 2}]}, 'position': {0: [0.07851080556038943, 0.24969078637319295], 1: [-1.0, 0.10034683312306583], 2: [0.9214891944396112, -0.3500376194962584]}, 'solution': ([0, 1, 1], 13.0)}",18,"{'optimizer': 'COBYLA', 'maxiter': 100, 'shots': 1024, 'parameter_strategy': 'RANDOM', 'x0': None, 'backend': <QAOA_Tester.Backend.NoisyEstimatorBackend object at 0x7f89ec48d7b0>}","[([1, 1, 0], -8.0)]","[array([2.45383606, 3.40909922, 0.12389612, 2.89866578, 2.02272955,
       3.03902238, 2.58596155, 1.12601365, 3.80893221, 4.92357752,
       6.02101863, 3.03823754, 4.95107412, 3.76329877, 0.33468619,
       2.1611657 , 6.19598284, 4.70859464, 2.21076298, 2.94195116,
       3.81681505, 4.62467668, 4.29460768, 5.85392399, 2.67586816,
       1.85927452, 5.89833295, 1.37275091, 5.48893794, 4.23038669,
       0.82819901, 4.07773426, 4.20466262, 6.19824611, 3.42385321,
       4.97391071])]",[595.9266629219055]
