,problem,layers,optimizer,solutions,parameters,time
0,"{'type': 'maxcut', 'graph': {'directed': False, 'multigraph': False, 'graph': {}, 'nodes': [{'id': 0}, {'id': 1}, {'id': 2}], 'links': [{'weight': 6, 'source': 0, 'target': 1}, {'weight': 7, 'source': 0, 'target': 2}, {'weight': 1, 'source': 1, 'target': 2}]}, 'position': {0: [0.07851080556038943, 0.24969078637319295], 1: [-1.0, 0.10034683312306583], 2: [0.9214891944396112, -0.3500376194962584]}, 'solution': ([0, 1, 1], 13.0)}",15,"{'optimizer': 'COBYLA', 'maxiter': 100, 'shots': 1024, 'parameter_strategy': 'RANDOM', 'x0': None, 'backend': <QAOA_Tester.Backend.NoisyEstimatorBackend object at 0x7fc7ab45b850>}","[([1, 1, 0], -8.0)]","[array([0.37722973, 3.68257308, 2.07768903, 1.98136664, 4.63582189,
       0.73327126, 5.12632895, 2.2419503 , 1.60327149, 1.2722159 ,
       3.42617544, 4.17309636, 3.86184873, 2.51133581, 8.39363771,
       4.63424926, 6.12674501, 5.74199157, 0.26677197, 1.66341142,
       5.42105828, 3.37200404, 5.98518626, 1.96983502, 6.04104834,
       2.76527352, 2.2437314 , 2.34215774, 2.97271702, 5.19033646])]",[584.8258001804352]
