,problem,layers,optimizer,solutions,parameters,time
0,"{'type': 'maxcut', 'graph': {'directed': False, 'multigraph': False, 'graph': {}, 'nodes': [{'id': 0}, {'id': 1}, {'id': 2}], 'links': [{'weight': 6, 'source': 0, 'target': 1}, {'weight': 7, 'source': 0, 'target': 2}, {'weight': 1, 'source': 1, 'target': 2}]}, 'position': {0: [0.07851080556038943, 0.24969078637319295], 1: [-1.0, 0.10034683312306583], 2: [0.9214891944396112, -0.3500376194962584]}, 'solution': ([0, 1, 1], 13.0)}",16,"{'optimizer': 'COBYLA', 'maxiter': 100, 'shots': 1024, 'parameter_strategy': 'RANDOM', 'x0': None, 'backend': <QAOA_Tester.Backend.NoisyEstimatorBackend object at 0x7f8c01ddd3c0>}","[([1, 1, 0], -8.0)]","[array([4.51703421, 4.09396884, 0.12123155, 4.35431025, 5.29684392,
       0.4980972 , 2.46448743, 4.64423486, 1.60883747, 4.39217606,
       5.32595319, 5.99194047, 2.94310238, 1.73777806, 2.98421811,
       0.59245695, 1.87964198, 5.73495162, 4.72072151, 1.75494491,
       6.24839723, 2.9133241 , 5.14453591, 1.34845353, 1.12150884,
       2.98523236, 4.06149954, 2.19418032, 6.03230375, 3.89998738,
       0.33822429, 0.26050904])]",[574.0285220146179]
