,problem,layers,optimizer,solutions,parameters,time
0,"{'type': 'maxcut', 'graph': {'directed': False, 'multigraph': False, 'graph': {}, 'nodes': [{'id': 0}, {'id': 1}, {'id': 2}], 'links': [{'weight': 6, 'source': 0, 'target': 1}, {'weight': 7, 'source': 0, 'target': 2}, {'weight': 1, 'source': 1, 'target': 2}]}, 'position': {0: [0.07851080556038943, 0.24969078637319295], 1: [-1.0, 0.10034683312306583], 2: [0.9214891944396112, -0.3500376194962584]}, 'solution': ([0, 1, 1], 13.0)}",20,"{'optimizer': 'COBYLA', 'maxiter': 100, 'shots': 1024, 'parameter_strategy': 'RANDOM', 'x0': None, 'backend': <QAOA_Tester.Backend.NoisyEstimatorBackend object at 0x7f9a5b0b9270>}","[([0, 0, 0], 0.0)]","[array([4.57525998, 5.86429441, 4.61621674, 0.20546342, 5.3367394 ,
       1.88718679, 3.16972658, 1.03618046, 0.60577705, 0.18178098,
       5.07133546, 4.56179682, 2.61349055, 0.62954323, 2.2554272 ,
       3.00243056, 5.91581899, 2.55692757, 5.06242723, 1.57911069,
       3.43895567, 1.29992648, 3.99882661, 1.85242135, 2.22310684,
       3.81645236, 1.41075277, 5.94680345, 3.50745499, 2.54612841,
       0.07128977, 0.12667607, 4.1279972 , 1.51263065, 5.78211902,
       1.36331026, 6.07101593, 5.28415165, 5.40934082, 5.78554586])]",[599.9941699504852]
