,problem,layers,optimizer,solutions,parameters,time
0,"{'type': 'maxcut', 'graph': {'directed': False, 'multigraph': False, 'graph': {}, 'nodes': [{'id': 0}, {'id': 1}, {'id': 2}], 'links': [{'weight': 6, 'source': 0, 'target': 1}, {'weight': 7, 'source': 0, 'target': 2}, {'weight': 1, 'source': 1, 'target': 2}]}, 'position': {0: [0.07851080556038943, 0.24969078637319295], 1: [-1.0, 0.10034683312306583], 2: [0.9214891944396112, -0.3500376194962584]}, 'solution': ([0, 1, 1], 13.0)}",29,"{'optimizer': 'COBYLA', 'maxiter': 100, 'shots': 1024, 'parameter_strategy': 'RANDOM', 'x0': None, 'backend': <QAOA_Tester.Backend.NoisyEstimatorBackend object at 0x7fcd72f8d420>}","[([1, 1, 1], 0.0)]","[array([3.59108737, 3.52563065, 0.60727067, 1.07850997, 2.588557  ,
       3.48366846, 5.19424015, 6.21736331, 3.49573034, 4.20656654,
       3.11386868, 4.77159748, 5.34344819, 1.51675364, 5.94857424,
       5.94997397, 1.95917799, 5.05059612, 1.62531173, 5.22227043,
       2.97907907, 5.59780158, 5.46826161, 1.07640525, 3.35667548,
       1.2387242 , 3.62151783, 2.61048743, 2.10439661, 0.84972143,
       5.01951746, 4.24587982, 4.17628784, 0.55198744, 3.37206405,
       1.35124982, 4.08388177, 2.51719894, 4.89890689, 4.44953178,
       2.80324743, 5.53093255, 1.65432014, 1.9158702 , 4.72124062,
       4.89286723, 1.18363999, 0.57503223, 5.56476378, 4.57407459,
       6.07313749, 3.40055227, 1.38448195, 1.92508527, 4.51502   ,
       4.55077782, 0.20970654, 1.28249103])]",[553.847635269165]
