,problem,layers,optimizer,solutions,parameters,time
0,"{'type': 'maxcut', 'graph': {'directed': False, 'multigraph': False, 'graph': {}, 'nodes': [{'id': 0}, {'id': 1}, {'id': 2}], 'links': [{'weight': 6, 'source': 0, 'target': 1}, {'weight': 7, 'source': 0, 'target': 2}, {'weight': 1, 'source': 1, 'target': 2}]}, 'position': {0: [0.07851080556038943, 0.24969078637319295], 1: [-1.0, 0.10034683312306583], 2: [0.9214891944396112, -0.3500376194962584]}, 'solution': ([0, 1, 1], 13.0)}",27,"{'optimizer': 'COBYLA', 'maxiter': 100, 'shots': 1024, 'parameter_strategy': 'RANDOM', 'x0': None, 'backend': <QAOA_Tester.Backend.NoisyEstimatorBackend object at 0x7fe4a386baf0>}","[([1, 0, 0], -13.0)]","[array([1.10030098, 3.53406326, 1.46791108, 3.26464194, 4.48958139,
       1.50313107, 0.50923902, 3.34297392, 5.52609702, 5.77483365,
       2.50095005, 3.12701134, 2.12381141, 5.23595036, 5.49590309,
       2.47958012, 1.75352573, 1.45474547, 3.67361736, 0.73016939,
       5.83389012, 2.71953196, 3.19154125, 1.71629033, 0.24577613,
       1.39190014, 5.21953546, 0.19537409, 3.40926304, 1.76568762,
       3.7308872 , 3.20363157, 1.56549124, 2.71252018, 2.51718149,
       2.07919685, 3.47161092, 4.7295845 , 5.40607402, 3.77034823,
       4.33215196, 3.62705823, 5.66816112, 0.03339399, 0.84371029,
       5.76126953, 5.58189757, 0.47843456, 0.33924697, 4.1107742 ,
       4.82492342, 0.78398616, 2.99543438, 1.71796152])]",[565.9306223392487]
