,problem,layers,optimizer,solutions,parameters,time
0,"{'type': 'maxcut', 'graph': {'directed': False, 'multigraph': False, 'graph': {}, 'nodes': [{'id': 0}, {'id': 1}, {'id': 2}], 'links': [{'weight': 6, 'source': 0, 'target': 1}, {'weight': 7, 'source': 0, 'target': 2}, {'weight': 1, 'source': 1, 'target': 2}]}, 'position': {0: [0.07851080556038943, 0.24969078637319295], 1: [-1.0, 0.10034683312306583], 2: [0.9214891944396112, -0.3500376194962584]}, 'solution': ([0, 1, 1], 13.0)}",17,"{'optimizer': 'COBYLA', 'maxiter': 100, 'shots': 1024, 'parameter_strategy': 'RANDOM', 'x0': None, 'backend': <QAOA_Tester.Backend.NoisyEstimatorBackend object at 0x7f24e9be7880>}","[([0, 0, 1], -8.0)]","[array([4.58187193, 4.55423517, 3.40289565, 2.56677345, 0.18705395,
       1.49841798, 3.6390663 , 3.11883112, 0.7064537 , 1.69096479,
       0.29813605, 0.45615492, 2.22416185, 0.23032234, 3.65621231,
       1.34955082, 2.99438529, 0.21209486, 0.13992239, 1.7943081 ,
       3.32689122, 2.25847734, 2.02456967, 2.28820125, 2.2079559 ,
       1.54631638, 2.79218721, 2.35964839, 4.05136207, 1.15899308,
       3.93346241, 3.08859591, 0.25072953, 5.55359946])]",[598.8340580463409]
