,problem,layers,optimizer,solutions,parameters,time
0,"{'type': 'maxcut', 'graph': {'directed': False, 'multigraph': False, 'graph': {}, 'nodes': [{'id': 0}, {'id': 1}, {'id': 2}], 'links': [{'weight': 6, 'source': 0, 'target': 1}, {'weight': 7, 'source': 0, 'target': 2}, {'weight': 1, 'source': 1, 'target': 2}]}, 'position': {0: [0.07851080556038943, 0.24969078637319295], 1: [-1.0, 0.10034683312306583], 2: [0.9214891944396112, -0.3500376194962584]}, 'solution': ([0, 1, 1], 13.0)}",23,"{'optimizer': 'COBYLA', 'maxiter': 100, 'shots': 1024, 'parameter_strategy': 'RANDOM', 'x0': None, 'backend': <QAOA_Tester.Backend.NoisyEstimatorBackend object at 0x7f9a19b05810>}","[([1, 1, 1], 0.0)]","[array([3.94416176, 1.60789087, 3.39346809, 3.57658549, 4.49142475,
       0.60502811, 4.629655  , 3.79043873, 0.40528741, 2.94113312,
       3.73236807, 4.96826851, 4.87010056, 1.20157291, 2.6012402 ,
       5.05311833, 1.86675924, 2.40021738, 2.35098377, 1.99539487,
       1.70745423, 6.07930586, 2.96378537, 4.67074881, 4.2154178 ,
       5.92193559, 3.20965713, 1.18086191, 0.82598831, 0.02962888,
       1.61675925, 4.29732933, 4.00436618, 3.1487737 , 1.84906211,
       6.05181059, 3.99390058, 3.24875878, 3.29809971, 3.21764507,
       0.4767334 , 1.36761694, 2.31554171, 2.21669169, 5.29235838,
       3.33123785])]",[612.972894191742]
