,problem,layers,optimizer,solutions,parameters,time
0,"{'type': 'maxcut', 'graph': {'directed': False, 'multigraph': False, 'graph': {}, 'nodes': [{'id': 0}, {'id': 1}, {'id': 2}], 'links': [{'weight': 6, 'source': 0, 'target': 1}, {'weight': 7, 'source': 0, 'target': 2}, {'weight': 1, 'source': 1, 'target': 2}]}, 'position': {0: [0.07851080556038943, 0.24969078637319295], 1: [-1.0, 0.10034683312306583], 2: [0.9214891944396112, -0.3500376194962584]}, 'solution': ([0, 1, 1], 13.0)}",16,"{'optimizer': 'COBYLA', 'maxiter': 100, 'shots': 1024, 'parameter_strategy': 'RANDOM', 'x0': None, 'backend': <QAOA_Tester.Backend.NoisyEstimatorBackend object at 0x7f18d3d5d720>}","[([1, 1, 0], -8.0)]","[array([1.50608593, 1.44101201, 0.78610135, 1.21044966, 1.45643681,
       1.86949301, 1.3677685 , 2.70597292, 0.68278972, 4.43243256,
       2.20606194, 4.61214766, 2.13790245, 2.63139419, 0.03450225,
       4.49125299, 2.86989387, 4.64896766, 3.09689261, 1.12547734,
       0.66817214, 3.91273792, 2.28083686, 5.5844507 , 5.97650362,
       1.868933  , 1.95280715, 1.61696473, 3.44089387, 0.12968108,
       2.8797107 , 5.48008125])]",[572.8410494327545]
