,problem,layers,optimizer,solutions,parameters,time
0,"{'type': 'maxcut', 'graph': {'directed': False, 'multigraph': False, 'graph': {}, 'nodes': [{'id': 0}, {'id': 1}, {'id': 2}], 'links': [{'weight': 6, 'source': 0, 'target': 1}, {'weight': 7, 'source': 0, 'target': 2}, {'weight': 1, 'source': 1, 'target': 2}]}, 'position': {0: [0.07851080556038943, 0.24969078637319295], 1: [-1.0, 0.10034683312306583], 2: [0.9214891944396112, -0.3500376194962584]}, 'solution': ([0, 1, 1], 13.0)}",19,"{'optimizer': 'COBYLA', 'maxiter': 100, 'shots': 1024, 'parameter_strategy': 'RANDOM', 'x0': None, 'backend': <QAOA_Tester.Backend.NoisyEstimatorBackend object at 0x7fb755f11690>}","[([1, 1, 1], 0.0)]","[array([4.22283667, 4.45274659, 4.19550273, 0.42319877, 4.79693778,
       0.85674287, 0.44791434, 2.01451819, 2.18618163, 0.59787128,
       1.7782256 , 5.16953626, 3.60061791, 5.88662379, 3.10527187,
       6.18346499, 4.72992957, 6.26896729, 4.24554973, 2.29968104,
       0.39203768, 2.94827585, 0.95613239, 3.43881739, 1.21724421,
       5.77440746, 3.75730611, 1.83335304, 2.39008417, 1.48206505,
       2.21333964, 3.20533323, 4.50796334, 0.97633113, 3.33596748,
       2.9177199 , 1.02275221, 4.09596099])]",[612.3637161254883]
