,problem,layers,optimizer,solutions,parameters,time
0,"{'type': 'maxcut', 'graph': {'directed': False, 'multigraph': False, 'graph': {}, 'nodes': [{'id': 0}, {'id': 1}, {'id': 2}], 'links': [{'weight': 6, 'source': 0, 'target': 1}, {'weight': 7, 'source': 0, 'target': 2}, {'weight': 1, 'source': 1, 'target': 2}]}, 'position': {0: [0.07851080556038943, 0.24969078637319295], 1: [-1.0, 0.10034683312306583], 2: [0.9214891944396112, -0.3500376194962584]}, 'solution': ([0, 1, 1], 13.0)}",17,"{'optimizer': 'COBYLA', 'maxiter': 100, 'shots': 1024, 'parameter_strategy': 'RANDOM', 'x0': None, 'backend': <QAOA_Tester.Backend.NoisyEstimatorBackend object at 0x7fd22a6030a0>}","[([0, 1, 0], -7.0)]","[array([2.64269719, 6.03373328, 2.67016082, 4.50255258, 0.41037472,
       4.22634945, 0.74462373, 3.0203326 , 2.3097234 , 3.67542669,
       1.30124694, 2.38521595, 2.88052185, 0.95438239, 2.84602285,
       4.79788626, 1.60195343, 0.55931871, 5.72951269, 1.75680029,
       2.51228165, 2.07128247, 1.08549621, 4.79037984, 0.88554744,
       1.17777556, 3.35040974, 5.9579866 , 5.77781357, 1.15176386,
       1.78231569, 2.61068544, 6.04314637, 6.15906044])]",[569.400821685791]
