,problem,layers,optimizer,solutions,parameters,time
0,"{'type': 'maxcut', 'graph': {'directed': False, 'multigraph': False, 'graph': {}, 'nodes': [{'id': 0}, {'id': 1}, {'id': 2}], 'links': [{'weight': 6, 'source': 0, 'target': 1}, {'weight': 7, 'source': 0, 'target': 2}, {'weight': 1, 'source': 1, 'target': 2}]}, 'position': {0: [0.07851080556038943, 0.24969078637319295], 1: [-1.0, 0.10034683312306583], 2: [0.9214891944396112, -0.3500376194962584]}, 'solution': ([0, 1, 1], 13.0)}",30,"{'optimizer': 'COBYLA', 'maxiter': 100, 'shots': 1024, 'parameter_strategy': 'RANDOM', 'x0': None, 'backend': <QAOA_Tester.Backend.NoisyEstimatorBackend object at 0x7f4ae14b53f0>}","[([1, 0, 1], -7.0)]","[array([5.32390184, 3.52315161, 0.62674904, 3.28574147, 1.16741498,
       3.00972637, 5.42160418, 5.56561921, 0.53522693, 3.72623911,
       6.14165564, 2.60958815, 3.38098213, 3.96237233, 6.24038616,
       4.97497934, 5.1937124 , 1.66308316, 0.03729404, 3.42332817,
       1.11911808, 3.88325622, 1.94163942, 0.46076171, 4.70012741,
       2.65010657, 1.74173316, 0.50365332, 4.79307858, 2.26866995,
       5.39538508, 4.20970573, 4.2221788 , 3.62644972, 0.61933776,
       4.9013609 , 2.68288461, 4.91402509, 0.50848445, 3.43327832,
       3.3439437 , 0.43927912, 4.22187759, 2.64095898, 3.39171283,
       1.34378379, 3.57415269, 4.37853479, 3.58824801, 3.12563976,
       4.14117386, 0.90209763, 5.34601974, 5.50959959, 5.50776055,
       4.05945348, 1.33548481, 0.46557454, 3.74519581, 1.64850063])]",[488.1554491519928]
