,problem,layers,optimizer,solutions,parameters,time
0,"{'type': 'maxcut', 'graph': {'directed': False, 'multigraph': False, 'graph': {}, 'nodes': [{'id': 0}, {'id': 1}, {'id': 2}], 'links': [{'weight': 6, 'source': 0, 'target': 1}, {'weight': 7, 'source': 0, 'target': 2}, {'weight': 1, 'source': 1, 'target': 2}]}, 'position': {0: [0.07851080556038943, 0.24969078637319295], 1: [-1.0, 0.10034683312306583], 2: [0.9214891944396112, -0.3500376194962584]}, 'solution': ([0, 1, 1], 13.0)}",20,"{'optimizer': 'COBYLA', 'maxiter': 100, 'shots': 1024, 'parameter_strategy': 'RANDOM', 'x0': None, 'backend': <QAOA_Tester.Backend.NoisyEstimatorBackend object at 0x7f69805d96f0>}","[([1, 1, 0], -8.0)]","[array([0.23884725, 3.24261613, 0.07743382, 4.47743467, 4.60594325,
       6.09509884, 4.91411961, 4.39377815, 0.8304128 , 0.29659369,
       2.30410494, 4.85024189, 0.35079832, 4.64939323, 0.96324808,
       3.94686061, 3.50737952, 4.12183104, 1.71895297, 1.05919409,
       2.82890234, 3.88246377, 5.36856531, 2.3820415 , 4.81732536,
       4.31576852, 4.39367313, 1.5247379 , 1.62004733, 1.98225592,
       2.64247942, 0.94625991, 4.06755649, 6.2451693 , 2.57828118,
       4.99410498, 0.25795722, 5.85651351, 5.27807297, 2.21775777])]",[592.832980632782]
