,problem,layers,optimizer,solutions,parameters,time
0,"{'type': 'maxcut', 'graph': {'directed': False, 'multigraph': False, 'graph': {}, 'nodes': [{'id': 0}, {'id': 1}, {'id': 2}], 'links': [{'weight': 6, 'source': 0, 'target': 1}, {'weight': 7, 'source': 0, 'target': 2}, {'weight': 1, 'source': 1, 'target': 2}]}, 'position': {0: [0.07851080556038943, 0.24969078637319295], 1: [-1.0, 0.10034683312306583], 2: [0.9214891944396112, -0.3500376194962584]}, 'solution': ([0, 1, 1], 13.0)}",15,"{'optimizer': 'COBYLA', 'maxiter': 100, 'shots': 1024, 'parameter_strategy': 'RANDOM', 'x0': None, 'backend': <QAOA_Tester.Backend.NoisyEstimatorBackend object at 0x7f88d27513f0>}","[([1, 1, 0], -8.0)]","[array([0.85292903, 0.43280746, 5.67914581, 3.15618857, 4.23497075,
       2.18153355, 3.12974338, 4.52486265, 0.07446366, 3.1698895 ,
       3.61273658, 2.03257649, 1.22420417, 3.96969402, 5.10372991,
       3.92362268, 0.92741706, 6.13742777, 3.62986284, 5.06827074,
       2.51772057, 5.59685448, 3.65000727, 0.41092197, 2.40815924,
       3.64440863, 2.11058266, 2.14420482, 5.02909235, 6.05578248])]",[596.6229078769684]
