,problem,layers,optimizer,solutions,parameters,time
0,"{'type': 'maxcut', 'graph': {'directed': False, 'multigraph': False, 'graph': {}, 'nodes': [{'id': 0}, {'id': 1}, {'id': 2}], 'links': [{'weight': 6, 'source': 0, 'target': 1}, {'weight': 7, 'source': 0, 'target': 2}, {'weight': 1, 'source': 1, 'target': 2}]}, 'position': {0: [0.07851080556038943, 0.24969078637319295], 1: [-1.0, 0.10034683312306583], 2: [0.9214891944396112, -0.3500376194962584]}, 'solution': ([0, 1, 1], 13.0)}",25,"{'optimizer': 'COBYLA', 'maxiter': 100, 'shots': 1024, 'parameter_strategy': 'RANDOM', 'x0': None, 'backend': <QAOA_Tester.Backend.NoisyEstimatorBackend object at 0x7f50676b58a0>}","[([1, 0, 0], -13.0)]","[array([4.38051784, 2.68986114, 4.92948482, 2.60455054, 0.56671912,
       4.75170564, 2.10955758, 4.57338734, 0.16798441, 1.9068437 ,
       5.40430314, 2.71634688, 4.61458464, 5.67292556, 1.93551692,
       2.11519515, 3.98938546, 2.72376412, 5.26181004, 5.09093583,
       5.38040176, 1.40918339, 3.9939547 , 3.28760186, 3.32948992,
       0.95105749, 4.47187098, 6.27688414, 2.14053696, 0.41097805,
       3.43486641, 2.13172113, 3.97400511, 4.7269049 , 6.10435553,
       3.69628932, 0.14151277, 0.98937988, 5.51602939, 5.16176646,
       2.5118547 , 0.62415966, 6.01640502, 6.05907999, 4.10145027,
       2.81657225, 5.28363013, 5.37376465, 1.67046204, 6.02506961])]",[581.4656548500061]
