,problem,layers,optimizer,solutions,parameters,time
0,"{'type': 'maxcut', 'graph': {'directed': False, 'multigraph': False, 'graph': {}, 'nodes': [{'id': 0}, {'id': 1}, {'id': 2}], 'links': [{'weight': 6, 'source': 0, 'target': 1}, {'weight': 7, 'source': 0, 'target': 2}, {'weight': 1, 'source': 1, 'target': 2}]}, 'position': {0: [0.07851080556038943, 0.24969078637319295], 1: [-1.0, 0.10034683312306583], 2: [0.9214891944396112, -0.3500376194962584]}, 'solution': ([0, 1, 1], 13.0)}",26,"{'optimizer': 'COBYLA', 'maxiter': 100, 'shots': 1024, 'parameter_strategy': 'RANDOM', 'x0': None, 'backend': <QAOA_Tester.Backend.NoisyEstimatorBackend object at 0x7f10f23d16f0>}","[([1, 0, 1], -7.0)]","[array([1.57652599, 4.06812011, 3.09746023, 4.4852509 , 1.18200744,
       4.73180159, 5.78748588, 1.78425409, 1.60216932, 2.07001508,
       0.30394249, 2.01380208, 1.11200896, 3.29190238, 2.1181479 ,
       0.73470031, 6.06117438, 2.462221  , 4.6685009 , 2.96893865,
       5.23391875, 0.21466591, 3.40629206, 5.41373293, 2.34520311,
       1.38125748, 0.6443348 , 1.67770386, 2.98060067, 0.5566778 ,
       0.80014772, 4.09555718, 0.53881491, 3.79372544, 2.01149201,
       5.01629723, 5.41614491, 0.76611801, 1.09304589, 5.90023179,
       4.0538922 , 1.70407406, 0.96288093, 5.86261071, 0.28787065,
       4.81694503, 5.84600767, 5.96165559, 4.86902942, 2.97578707,
       2.84107637, 2.94027925])]",[632.5491366386414]
