,problem,layers,optimizer,solutions,parameters,time
0,"{'type': 'maxcut', 'graph': {'directed': False, 'multigraph': False, 'graph': {}, 'nodes': [{'id': 0}, {'id': 1}, {'id': 2}], 'links': [{'weight': 6, 'source': 0, 'target': 1}, {'weight': 7, 'source': 0, 'target': 2}, {'weight': 1, 'source': 1, 'target': 2}]}, 'position': {0: [0.07851080556038943, 0.24969078637319295], 1: [-1.0, 0.10034683312306583], 2: [0.9214891944396112, -0.3500376194962584]}, 'solution': ([0, 1, 1], 13.0)}",20,"{'optimizer': 'COBYLA', 'maxiter': 100, 'shots': 1024, 'parameter_strategy': 'RANDOM', 'x0': None, 'backend': <QAOA_Tester.Backend.NoisyEstimatorBackend object at 0x7fe626fd9ae0>}","[([0, 1, 1], -13.0)]","[array([3.42004607, 5.80014202, 6.16864166, 1.00532423, 3.83336896,
       2.50936741, 0.56104913, 2.46557974, 2.15686825, 1.75709237,
       1.38270241, 0.57430532, 5.24949181, 4.76992385, 2.45434362,
       5.05555834, 5.51749599, 0.4510825 , 4.06924772, 3.33047583,
       1.80094042, 1.58614453, 4.19674279, 3.19972457, 4.46702546,
       4.50150631, 3.95960083, 5.99501579, 2.94780215, 6.17727011,
       3.64642032, 3.89789622, 3.68572846, 0.37740401, 1.87324792,
       4.65432115, 4.99147488, 2.98782267, 1.81614634, 0.86158749])]",[599.8200852870941]
