,problem,layers,optimizer,solutions,parameters,time
0,"{'type': 'maxcut', 'graph': {'directed': False, 'multigraph': False, 'graph': {}, 'nodes': [{'id': 0}, {'id': 1}, {'id': 2}], 'links': [{'weight': 6, 'source': 0, 'target': 1}, {'weight': 7, 'source': 0, 'target': 2}, {'weight': 1, 'source': 1, 'target': 2}]}, 'position': {0: [0.07851080556038943, 0.24969078637319295], 1: [-1.0, 0.10034683312306583], 2: [0.9214891944396112, -0.3500376194962584]}, 'solution': ([0, 1, 1], 13.0)}",30,"{'optimizer': 'COBYLA', 'maxiter': 100, 'shots': 1024, 'parameter_strategy': 'RANDOM', 'x0': None, 'backend': <QAOA_Tester.Backend.NoisyEstimatorBackend object at 0x7f0656ef1600>}","[([0, 0, 0], 0.0)]","[array([2.30634162, 4.70952906, 4.33401867, 4.65819242, 4.19728142,
       0.73032366, 3.21830353, 5.48963659, 1.82698777, 5.99470861,
       4.52229317, 2.89051627, 3.3740283 , 5.94481445, 0.11427419,
       6.0057943 , 2.54059946, 2.70322869, 4.33628236, 5.7326887 ,
       3.67523285, 2.99390109, 2.36157092, 2.85840184, 3.49402848,
       4.73752459, 2.46048371, 2.79618232, 2.2923119 , 5.99431703,
       5.97777305, 3.90877507, 5.31169932, 0.5091941 , 1.79705892,
       0.54004684, 4.62579669, 1.09995341, 1.63698029, 1.86206996,
       3.00366826, 3.62045403, 4.70041713, 1.16569762, 5.43761487,
       0.81056788, 2.99349738, 1.59839866, 4.07981285, 2.97833439,
       4.95231557, 4.11780818, 1.57767915, 1.51348442, 0.3311489 ,
       3.47049669, 0.01929747, 1.07745558, 3.56595691, 2.57536058])]",[514.7506544589996]
