,problem,layers,optimizer,solutions,parameters,time
0,"{'type': 'maxcut', 'graph': {'directed': False, 'multigraph': False, 'graph': {}, 'nodes': [{'id': 0}, {'id': 1}, {'id': 2}], 'links': [{'weight': 6, 'source': 0, 'target': 1}, {'weight': 7, 'source': 0, 'target': 2}, {'weight': 1, 'source': 1, 'target': 2}]}, 'position': {0: [0.07851080556038943, 0.24969078637319295], 1: [-1.0, 0.10034683312306583], 2: [0.9214891944396112, -0.3500376194962584]}, 'solution': ([0, 1, 1], 13.0)}",19,"{'optimizer': 'COBYLA', 'maxiter': 100, 'shots': 1024, 'parameter_strategy': 'RANDOM', 'x0': None, 'backend': <QAOA_Tester.Backend.NoisyEstimatorBackend object at 0x7f9f9e4e0f10>}","[([1, 0, 1], -7.0)]","[array([1.55155407, 3.96498654, 1.30934629, 2.04264255, 1.88220576,
       1.0011958 , 3.29327876, 4.72720438, 0.51354108, 1.2650812 ,
       0.77449347, 0.61927184, 2.4487276 , 4.90303028, 1.75235986,
       5.54071455, 0.7516238 , 4.7769651 , 1.51165804, 6.2166999 ,
       5.38250333, 4.49985119, 5.87780779, 1.91244908, 6.27018024,
       4.2632185 , 4.29864418, 5.65865695, 6.25644126, 2.71656702,
       0.70308981, 3.40762867, 0.90345491, 4.76565803, 3.45846586,
       3.9656416 , 5.47375117, 0.53447881])]",[573.9285063743591]
