,problem,layers,optimizer,solutions,parameters,time
0,"{'type': 'maxcut', 'graph': {'directed': False, 'multigraph': False, 'graph': {}, 'nodes': [{'id': 0}, {'id': 1}, {'id': 2}], 'links': [{'weight': 6, 'source': 0, 'target': 1}, {'weight': 7, 'source': 0, 'target': 2}, {'weight': 1, 'source': 1, 'target': 2}]}, 'position': {0: [0.07851080556038943, 0.24969078637319295], 1: [-1.0, 0.10034683312306583], 2: [0.9214891944396112, -0.3500376194962584]}, 'solution': ([0, 1, 1], 13.0)}",15,"{'optimizer': 'COBYLA', 'maxiter': 100, 'shots': 1024, 'parameter_strategy': 'RANDOM', 'x0': None, 'backend': <QAOA_Tester.Backend.NoisyEstimatorBackend object at 0x7fb462eecdf0>}","[([0, 0, 1], -8.0)]","[array([3.72773854, 2.59480158, 5.75117053, 1.74710584, 4.777123  ,
       2.45923314, 4.65786704, 0.58853719, 2.18516656, 3.82231913,
       0.25222981, 0.1848835 , 4.19838679, 1.00236889, 2.98369179,
       5.98894715, 1.48159276, 0.83028883, 5.70404504, 0.91662718,
       3.04743324, 4.0172839 , 0.32236886, 4.45014344, 0.71184968,
       3.42038236, 1.84507403, 1.87226087, 0.48660191, 3.65305057])]",[605.3648884296417]
