,problem,layers,optimizer,solutions,parameters,time
0,"{'type': 'maxcut', 'graph': {'directed': False, 'multigraph': False, 'graph': {}, 'nodes': [{'id': 0}, {'id': 1}, {'id': 2}], 'links': [{'weight': 6, 'source': 0, 'target': 1}, {'weight': 7, 'source': 0, 'target': 2}, {'weight': 1, 'source': 1, 'target': 2}]}, 'position': {0: [0.07851080556038943, 0.24969078637319295], 1: [-1.0, 0.10034683312306583], 2: [0.9214891944396112, -0.3500376194962584]}, 'solution': ([0, 1, 1], 13.0)}",30,"{'optimizer': 'COBYLA', 'maxiter': 100, 'shots': 1024, 'parameter_strategy': 'RANDOM', 'x0': None, 'backend': <QAOA_Tester.Backend.NoisyEstimatorBackend object at 0x7f7208411390>}","[([0, 0, 0], 0.0)]","[array([3.4025902 , 5.75857531, 1.65479342, 4.85042951, 3.03046534,
       6.23767542, 4.39065894, 2.33852637, 1.06945121, 0.97111604,
       0.83716356, 0.42740639, 4.78632472, 1.57140146, 2.59136375,
       0.49596057, 0.14620137, 0.28995545, 1.87272742, 2.91539978,
       1.14325948, 2.84291063, 5.70143357, 2.8612573 , 0.27571745,
       4.15315524, 0.56024428, 3.22949076, 1.79688528, 5.34594463,
       5.37733445, 1.59159579, 3.6035557 , 3.78567966, 2.25456007,
       4.02454202, 4.65058883, 5.3748893 , 5.58252517, 0.45668086,
       2.28474412, 0.93104876, 2.37053215, 0.58029166, 3.51746915,
       2.97404054, 4.11447948, 5.21952615, 3.14999985, 5.29371948,
       4.02975391, 1.18992387, 3.33762694, 3.18891893, 2.27890707,
       1.83576621, 1.73205779, 1.99828477, 1.90800897, 0.73006606])]",[568.8491744995117]
