,problem,layers,optimizer,solutions,parameters,time
0,"{'type': 'maxcut', 'graph': {'directed': False, 'multigraph': False, 'graph': {}, 'nodes': [{'id': 0}, {'id': 1}, {'id': 2}], 'links': [{'weight': 6, 'source': 0, 'target': 1}, {'weight': 7, 'source': 0, 'target': 2}, {'weight': 1, 'source': 1, 'target': 2}]}, 'position': {0: [0.07851080556038943, 0.24969078637319295], 1: [-1.0, 0.10034683312306583], 2: [0.9214891944396112, -0.3500376194962584]}, 'solution': ([0, 1, 1], 13.0)}",19,"{'optimizer': 'COBYLA', 'maxiter': 100, 'shots': 1024, 'parameter_strategy': 'RANDOM', 'x0': None, 'backend': <QAOA_Tester.Backend.NoisyEstimatorBackend object at 0x7f1fe783f130>}","[([0, 0, 0], 0.0)]","[array([3.06735351, 4.39000071, 0.71894453, 2.10785832, 0.45593513,
       1.98446732, 2.37963817, 2.06255562, 3.22265304, 6.33855901,
       0.83127929, 0.36537843, 2.33374992, 5.48266839, 1.53362685,
       5.83424663, 0.52827039, 0.85776644, 7.36725338, 2.22389274,
       5.68889455, 5.8212927 , 6.21778728, 2.54026061, 0.83530642,
       4.61875118, 2.14866634, 1.72683515, 4.91917494, 4.75145169,
       2.05389413, 4.91987564, 4.80859093, 1.99732385, 3.40882501,
       0.64910338, 3.93879386, 3.60227932])]",[593.9909365177155]
