,problem,layers,optimizer,solutions,parameters,time
0,"{'type': 'maxcut', 'graph': {'directed': False, 'multigraph': False, 'graph': {}, 'nodes': [{'id': 0}, {'id': 1}, {'id': 2}], 'links': [{'weight': 6, 'source': 0, 'target': 1}, {'weight': 7, 'source': 0, 'target': 2}, {'weight': 1, 'source': 1, 'target': 2}]}, 'position': {0: [0.07851080556038943, 0.24969078637319295], 1: [-1.0, 0.10034683312306583], 2: [0.9214891944396112, -0.3500376194962584]}, 'solution': ([0, 1, 1], 13.0)}",15,"{'optimizer': 'COBYLA', 'maxiter': 100, 'shots': 1024, 'parameter_strategy': 'RANDOM', 'x0': None, 'backend': <QAOA_Tester.Backend.NoisyEstimatorBackend object at 0x7fa43ca6d870>}","[([1, 1, 1], 0.0)]","[array([6.26311339, 1.50133358, 1.40596419, 3.33966878, 2.1886788 ,
       3.10095585, 1.85885247, 2.16697795, 2.02525179, 1.09183647,
       5.1392367 , 0.12414549, 0.26095189, 1.85641912, 1.86802132,
       0.13204012, 4.29950242, 0.10989264, 4.46478075, 5.93272112,
       4.35483506, 4.2073434 , 5.04298796, 0.8438893 , 4.26911103,
       3.42621899, 6.10501655, 2.54943813, 3.43102636, 4.202083  ])]",[586.8805947303772]
