,problem,layers,optimizer,solutions,parameters,time
0,"{'type': 'maxcut', 'graph': {'directed': False, 'multigraph': False, 'graph': {}, 'nodes': [{'id': 0}, {'id': 1}, {'id': 2}], 'links': [{'weight': 6, 'source': 0, 'target': 1}, {'weight': 7, 'source': 0, 'target': 2}, {'weight': 1, 'source': 1, 'target': 2}]}, 'position': {0: [0.07851080556038943, 0.24969078637319295], 1: [-1.0, 0.10034683312306583], 2: [0.9214891944396112, -0.3500376194962584]}, 'solution': ([0, 1, 1], 13.0)}",25,"{'optimizer': 'COBYLA', 'maxiter': 100, 'shots': 1024, 'parameter_strategy': 'RANDOM', 'x0': None, 'backend': <QAOA_Tester.Backend.NoisyEstimatorBackend object at 0x7f52719dbf70>}","[([1, 0, 0], -13.0)]","[array([2.1302871 , 5.74402195, 2.69811444, 3.6411969 , 5.31850477,
       6.01801177, 2.46815067, 0.984926  , 1.65974482, 0.58783469,
       5.48055357, 6.14140523, 5.9722009 , 6.03228258, 3.41987329,
       1.94731047, 0.50769919, 3.61996478, 2.08591589, 2.1868391 ,
       3.46099075, 4.71208125, 1.24156787, 3.78100328, 6.03666589,
       5.37595396, 5.2627714 , 0.32571173, 2.59554145, 0.7147899 ,
       4.53399176, 1.75083188, 3.33295352, 3.38165768, 0.8795759 ,
       4.58213222, 6.02949482, 5.48451316, 5.69635234, 4.00396759,
       4.28470654, 3.57312519, 6.17709654, 3.36164752, 1.36876527,
       0.85733293, 3.53119543, 2.40170403, 4.8207171 , 1.41656204])]",[568.1488316059113]
