,problem,layers,optimizer,solutions,parameters,time
0,"{'type': 'maxcut', 'graph': {'directed': False, 'multigraph': False, 'graph': {}, 'nodes': [{'id': 0}, {'id': 1}, {'id': 2}], 'links': [{'weight': 6, 'source': 0, 'target': 1}, {'weight': 7, 'source': 0, 'target': 2}, {'weight': 1, 'source': 1, 'target': 2}]}, 'position': {0: [0.07851080556038943, 0.24969078637319295], 1: [-1.0, 0.10034683312306583], 2: [0.9214891944396112, -0.3500376194962584]}, 'solution': ([0, 1, 1], 13.0)}",29,"{'optimizer': 'COBYLA', 'maxiter': 100, 'shots': 1024, 'parameter_strategy': 'RANDOM', 'x0': None, 'backend': <QAOA_Tester.Backend.NoisyEstimatorBackend object at 0x7f96ddcc7f70>}","[([0, 0, 0], 0.0)]","[array([5.44607069, 5.67105124, 0.19091728, 5.25917419, 2.68878291,
       5.8995803 , 4.66063795, 1.01198189, 4.1604942 , 4.69309466,
       4.20440944, 0.40523854, 0.6647798 , 4.99897456, 2.93138351,
       3.81000925, 1.97971525, 3.09104119, 1.3561338 , 6.12246418,
       3.22213158, 3.66857373, 4.50150138, 1.67609649, 1.72190353,
       3.60432839, 4.51893639, 2.60176003, 3.16485505, 5.79106692,
       0.88151737, 1.55550579, 0.95016881, 3.63533459, 4.82328126,
       1.53991443, 4.09798567, 6.0987959 , 0.06531374, 3.59419331,
       1.27177199, 3.343847  , 1.20494073, 1.9134762 , 3.95669644,
       2.26067158, 0.87066371, 2.21806109, 3.86622862, 4.16236703,
       0.10318863, 3.90051314, 1.20465599, 0.64684721, 5.35056487,
       3.18606209, 2.89582833, 2.06674449])]",[597.095978975296]
