,problem,layers,optimizer,solutions,parameters,time
0,"{'type': 'maxcut', 'graph': {'directed': False, 'multigraph': False, 'graph': {}, 'nodes': [{'id': 0}, {'id': 1}, {'id': 2}], 'links': [{'weight': 6, 'source': 0, 'target': 1}, {'weight': 7, 'source': 0, 'target': 2}, {'weight': 1, 'source': 1, 'target': 2}]}, 'position': {0: [0.07851080556038943, 0.24969078637319295], 1: [-1.0, 0.10034683312306583], 2: [0.9214891944396112, -0.3500376194962584]}, 'solution': ([0, 1, 1], 13.0)}",19,"{'optimizer': 'COBYLA', 'maxiter': 100, 'shots': 1024, 'parameter_strategy': 'RANDOM', 'x0': None, 'backend': <QAOA_Tester.Backend.NoisyEstimatorBackend object at 0x7f6ba4e78e80>}","[([1, 1, 1], 0.0)]","[array([5.76829332, 1.71877649, 1.2776601 , 4.99338669, 4.13077469,
       6.06745196, 2.11430434, 3.69547168, 2.56541179, 1.10424199,
       0.60225171, 4.08530037, 1.94223521, 1.98536414, 0.21000572,
       2.52423231, 3.25223077, 6.06721729, 4.75473094, 0.31338784,
       5.84645685, 4.6203909 , 3.49192648, 0.02182732, 5.97564019,
       2.95721337, 5.73105439, 5.51804327, 5.13339995, 2.9372533 ,
       2.27785667, 0.67395163, 2.15028797, 3.73538501, 1.37016902,
       5.74201014, 2.67930074, 0.23199199])]",[592.2699449062347]
