,problem,layers,optimizer,solutions,parameters,time
0,"{'type': 'maxcut', 'graph': {'directed': False, 'multigraph': False, 'graph': {}, 'nodes': [{'id': 0}, {'id': 1}, {'id': 2}], 'links': [{'weight': 6, 'source': 0, 'target': 1}, {'weight': 7, 'source': 0, 'target': 2}, {'weight': 1, 'source': 1, 'target': 2}]}, 'position': {0: [0.07851080556038943, 0.24969078637319295], 1: [-1.0, 0.10034683312306583], 2: [0.9214891944396112, -0.3500376194962584]}, 'solution': ([0, 1, 1], 13.0)}",13,"{'optimizer': 'COBYLA', 'maxiter': 100, 'shots': 1024, 'parameter_strategy': 'RANDOM', 'x0': None, 'backend': <QAOA_Tester.Backend.NoisyEstimatorBackend object at 0x7f9fd10515d0>}","[([1, 1, 1], 0.0)]","[array([ 5.37547037,  6.96954911,  0.53737475,  2.2476792 ,  5.34185658,
        1.97569535,  1.38353077,  1.7821183 ,  3.15149526, -0.2631946 ,
        2.38859872, -0.10048319,  4.61966982,  1.72483818,  2.35000698,
        4.1271486 ,  6.19731746,  1.46352544,  2.78577039,  1.26885569,
        1.47447449,  3.14178554,  4.18499024,  1.25940093,  3.25423579,
        1.72111354])]",[597.8462965488434]
