,problem,layers,optimizer,solutions,parameters,time
0,"{'type': 'maxcut', 'graph': {'directed': False, 'multigraph': False, 'graph': {}, 'nodes': [{'id': 0}, {'id': 1}, {'id': 2}], 'links': [{'weight': 6, 'source': 0, 'target': 1}, {'weight': 7, 'source': 0, 'target': 2}, {'weight': 1, 'source': 1, 'target': 2}]}, 'position': {0: [0.07851080556038943, 0.24969078637319295], 1: [-1.0, 0.10034683312306583], 2: [0.9214891944396112, -0.3500376194962584]}, 'solution': ([0, 1, 1], 13.0)}",25,"{'optimizer': 'COBYLA', 'maxiter': 100, 'shots': 1024, 'parameter_strategy': 'RANDOM', 'x0': None, 'backend': <QAOA_Tester.Backend.NoisyEstimatorBackend object at 0x7f1008621a50>}","[([1, 0, 1], -7.0)]","[array([ 4.36651898,  5.72566699,  5.03396399,  3.03679032,  2.26950491,
        1.63505492,  1.45008022,  6.07959996,  3.5689153 ,  5.87653574,
        5.74661013,  4.2523477 ,  2.87404063,  3.5045501 ,  3.79314988,
        6.03654458,  3.20962017,  5.98743314,  0.04606908,  0.24229698,
        2.83491551,  0.02417147,  6.19127024,  2.03603924, -0.93167044,
        4.51534829,  1.332283  ,  3.72854152,  5.48594085,  5.76150331,
        5.01337447,  2.54231991,  5.52944322,  3.02444401,  0.01509429,
        5.2842922 ,  3.36919727,  2.44391288,  2.87593206,  4.71731005,
        0.1148422 ,  4.89494173,  2.85407819,  5.77802713,  0.29693131,
        1.34102832,  1.42593964,  3.96800338,  5.47561355,  0.10412435])]",[561.6731224060059]
