,problem,layers,optimizer,solutions,parameters,time
0,"{'type': 'maxcut', 'graph': {'directed': False, 'multigraph': False, 'graph': {}, 'nodes': [{'id': 0}, {'id': 1}, {'id': 2}], 'links': [{'weight': 6, 'source': 0, 'target': 1}, {'weight': 7, 'source': 0, 'target': 2}, {'weight': 1, 'source': 1, 'target': 2}]}, 'position': {0: [0.07851080556038943, 0.24969078637319295], 1: [-1.0, 0.10034683312306583], 2: [0.9214891944396112, -0.3500376194962584]}, 'solution': ([0, 1, 1], 13.0)}",25,"{'optimizer': 'COBYLA', 'maxiter': 100, 'shots': 1024, 'parameter_strategy': 'RANDOM', 'x0': None, 'backend': <QAOA_Tester.Backend.NoisyEstimatorBackend object at 0x7fa209919870>}","[([1, 0, 0], -13.0)]","[array([ 1.03126858,  0.49459281,  5.64702325,  2.57863888,  0.83722822,
        4.94030758,  0.4221707 ,  4.22929277,  1.49046355,  2.49473946,
        0.2121855 ,  5.78845183,  4.58030027,  5.39970009,  2.02167766,
        6.2100956 ,  5.06456173,  1.53278406,  1.16506194,  4.30286577,
        5.51284128,  3.01453828,  3.9909015 ,  3.04650827, -0.01403756,
        3.59849132,  5.52646664,  5.53901425,  1.63775145,  1.99940612,
        3.96704284,  5.43984548,  2.17308443,  2.13492963,  0.43318353,
        2.50624228,  3.02156855,  3.10377916,  2.73131336,  0.05685799,
        0.1235062 ,  1.34140705,  1.91644891,  2.31610908,  4.52660452,
        4.11168423,  2.04964023,  4.41281826,  2.09258005,  4.92081529])]",[609.8560786247253]
