,problem,layers,optimizer,solutions,parameters,time
0,"{'type': 'maxcut', 'graph': {'directed': False, 'multigraph': False, 'graph': {}, 'nodes': [{'id': 0}, {'id': 1}, {'id': 2}], 'links': [{'weight': 6, 'source': 0, 'target': 1}, {'weight': 7, 'source': 0, 'target': 2}, {'weight': 1, 'source': 1, 'target': 2}]}, 'position': {0: [0.07851080556038943, 0.24969078637319295], 1: [-1.0, 0.10034683312306583], 2: [0.9214891944396112, -0.3500376194962584]}, 'solution': ([0, 1, 1], 13.0)}",20,"{'optimizer': 'COBYLA', 'maxiter': 100, 'shots': 1024, 'parameter_strategy': 'RANDOM', 'x0': None, 'backend': <QAOA_Tester.Backend.NoisyEstimatorBackend object at 0x7fc848ef2350>}","[([0, 0, 0], 0.0)]","[array([6.25329536, 6.2588739 , 2.03643252, 2.79118306, 4.26275147,
       2.47601078, 3.25115222, 5.59783503, 2.77654405, 0.472765  ,
       5.39086788, 4.87139507, 5.42317012, 5.37181239, 4.33009101,
       2.86146854, 0.16933016, 5.01366192, 5.99968628, 6.01928661,
       4.56586971, 4.63810697, 3.25231028, 4.08003786, 2.45149658,
       2.07099921, 3.55877306, 5.55349595, 3.36447404, 4.27350569,
       1.2289664 , 0.40267964, 4.7881568 , 1.169521  , 4.26993432,
       5.61752852, 2.00146453, 5.50365303, 3.3393982 , 0.28931172])]",[587.1831378936768]
