,problem,layers,optimizer,solutions,parameters,time
0,"{'type': 'maxcut', 'graph': {'directed': False, 'multigraph': False, 'graph': {}, 'nodes': [{'id': 0}, {'id': 1}, {'id': 2}], 'links': [{'weight': 6, 'source': 0, 'target': 1}, {'weight': 7, 'source': 0, 'target': 2}, {'weight': 1, 'source': 1, 'target': 2}]}, 'position': {0: [0.07851080556038943, 0.24969078637319295], 1: [-1.0, 0.10034683312306583], 2: [0.9214891944396112, -0.3500376194962584]}, 'solution': ([0, 1, 1], 13.0)}",23,"{'optimizer': 'COBYLA', 'maxiter': 100, 'shots': 1024, 'parameter_strategy': 'RANDOM', 'x0': None, 'backend': <QAOA_Tester.Backend.NoisyEstimatorBackend object at 0x7f1ea29599f0>}","[([0, 1, 0], -7.0)]","[array([2.39739696, 1.2769865 , 2.16308386, 3.22125495, 4.85081667,
       0.611621  , 3.31269373, 5.59690937, 3.61553037, 5.84717356,
       0.24626683, 2.0702417 , 2.2871847 , 5.95565183, 3.03758254,
       6.04756563, 1.89266722, 5.52982147, 2.87020037, 0.66587397,
       4.36509445, 4.58736559, 1.7145604 , 3.73843681, 1.2983501 ,
       2.43631041, 3.73075964, 3.46875275, 3.72214451, 0.97077032,
       2.26624965, 0.44971711, 6.00366364, 2.8895896 , 6.15045379,
       2.56098593, 4.94840012, 4.09076729, 4.49014065, 4.48047597,
       5.40077799, 3.32712896, 5.5997866 , 5.29112129, 2.5625741 ,
       4.09297508])]",[564.8061828613281]
