,problem,layers,optimizer,solutions,parameters,time
0,"{'type': 'maxcut', 'graph': {'directed': False, 'multigraph': False, 'graph': {}, 'nodes': [{'id': 0}, {'id': 1}, {'id': 2}], 'links': [{'weight': 6, 'source': 0, 'target': 1}, {'weight': 7, 'source': 0, 'target': 2}, {'weight': 1, 'source': 1, 'target': 2}]}, 'position': {0: [0.07851080556038943, 0.24969078637319295], 1: [-1.0, 0.10034683312306583], 2: [0.9214891944396112, -0.3500376194962584]}, 'solution': ([0, 1, 1], 13.0)}",30,"{'optimizer': 'COBYLA', 'maxiter': 100, 'shots': 1024, 'parameter_strategy': 'RANDOM', 'x0': None, 'backend': <QAOA_Tester.Backend.NoisyEstimatorBackend object at 0x7f1fb99f24d0>}","[([0, 0, 0], 0.0)]","[array([0.91416335, 2.72111683, 2.66793348, 2.99402506, 0.72559659,
       4.3930203 , 1.035409  , 2.69396098, 4.05732812, 1.48249309,
       5.50937823, 3.09782438, 2.76781686, 4.18470214, 5.02359401,
       3.18164407, 0.40020533, 4.51282659, 2.93285277, 0.81930796,
       1.0906277 , 2.50273076, 0.53250867, 0.31255417, 3.18452604,
       2.62121729, 0.52900225, 0.87361345, 2.59551021, 6.1098367 ,
       6.20523973, 1.75508355, 2.25331533, 2.69388023, 3.26418836,
       5.70669539, 0.651686  , 0.81180662, 0.56432481, 2.27269948,
       5.43492566, 1.69132548, 6.23988062, 5.7163924 , 3.50343338,
       6.23197141, 1.34806693, 3.87285543, 2.80792071, 3.81790427,
       0.68001273, 1.84024215, 0.99537987, 0.53474921, 1.63451394,
       4.77040132, 2.40827726, 1.66754549, 2.9138746 , 5.6730922 ])]",[546.0739803314209]
