,problem,layers,optimizer,solutions,parameters,time
0,"{'type': 'maxcut', 'graph': {'directed': False, 'multigraph': False, 'graph': {}, 'nodes': [{'id': 0}, {'id': 1}, {'id': 2}], 'links': [{'weight': 6, 'source': 0, 'target': 1}, {'weight': 7, 'source': 0, 'target': 2}, {'weight': 1, 'source': 1, 'target': 2}]}, 'position': {0: [0.07851080556038943, 0.24969078637319295], 1: [-1.0, 0.10034683312306583], 2: [0.9214891944396112, -0.3500376194962584]}, 'solution': ([0, 1, 1], 13.0)}",15,"{'optimizer': 'COBYLA', 'maxiter': 100, 'shots': 1024, 'parameter_strategy': 'RANDOM', 'x0': None, 'backend': <QAOA_Tester.Backend.NoisyEstimatorBackend object at 0x7f8fcb2cd090>}","[([1, 0, 0], -13.0)]","[array([1.24769491, 4.32197065, 4.44695614, 4.90737748, 6.05825239,
       1.75780738, 5.25626342, 3.17681509, 4.19870723, 4.07787202,
       3.89875909, 6.10268064, 2.27418736, 1.85532415, 5.32253059,
       4.90710593, 2.99540137, 0.60816667, 2.83419111, 3.10829984,
       0.26215794, 4.09283298, 3.68970783, 5.89145341, 4.23750346,
       0.34327526, 6.20998771, 0.44324914, 4.72144329, 5.15426894])]",[587.2570297718048]
