,problem,layers,optimizer,solutions,parameters,time
0,"{'type': 'maxcut', 'graph': {'directed': False, 'multigraph': False, 'graph': {}, 'nodes': [{'id': 0}, {'id': 1}, {'id': 2}], 'links': [{'weight': 6, 'source': 0, 'target': 1}, {'weight': 7, 'source': 0, 'target': 2}, {'weight': 1, 'source': 1, 'target': 2}]}, 'position': {0: [0.07851080556038943, 0.24969078637319295], 1: [-1.0, 0.10034683312306583], 2: [0.9214891944396112, -0.3500376194962584]}, 'solution': ([0, 1, 1], 13.0)}",18,"{'optimizer': 'COBYLA', 'maxiter': 100, 'shots': 1024, 'parameter_strategy': 'RANDOM', 'x0': None, 'backend': <QAOA_Tester.Backend.NoisyEstimatorBackend object at 0x7f54d4147ca0>}","[([1, 1, 0], -8.0)]","[array([0.4857316 , 1.92002956, 0.9930463 , 4.12370228, 3.14122382,
       2.22896356, 6.12220167, 0.30872882, 3.40130036, 2.55921928,
       3.2801557 , 1.06237008, 5.29145631, 4.69574476, 0.72330584,
       3.50207674, 5.31492514, 1.53394568, 1.42360594, 4.66679637,
       1.93102186, 0.05522003, 1.39655267, 0.67270662, 4.93196669,
       1.50658668, 1.30231526, 3.93491336, 0.1174228 , 3.81513433,
       2.33610876, 5.91598126, 0.35095135, 5.56796019, 1.12724447,
       6.12419012])]",[599.4109814167023]
