,problem,layers,optimizer,solutions,parameters,time
0,"{'type': 'maxcut', 'graph': {'directed': False, 'multigraph': False, 'graph': {}, 'nodes': [{'id': 0}, {'id': 1}, {'id': 2}], 'links': [{'weight': 6, 'source': 0, 'target': 1}, {'weight': 7, 'source': 0, 'target': 2}, {'weight': 1, 'source': 1, 'target': 2}]}, 'position': {0: [0.07851080556038943, 0.24969078637319295], 1: [-1.0, 0.10034683312306583], 2: [0.9214891944396112, -0.3500376194962584]}, 'solution': ([0, 1, 1], 13.0)}",29,"{'optimizer': 'COBYLA', 'maxiter': 100, 'shots': 1024, 'parameter_strategy': 'RANDOM', 'x0': None, 'backend': <QAOA_Tester.Backend.NoisyEstimatorBackend object at 0x7fe91de799f0>}","[([0, 0, 1], -8.0)]","[array([6.22159566, 0.31295345, 2.89374388, 0.88128198, 0.25432334,
       3.2931041 , 3.71567875, 0.12215017, 1.64629389, 3.3136865 ,
       0.45550459, 5.89491062, 2.45712141, 3.35932692, 1.10754888,
       3.41344009, 0.52701485, 3.57138999, 1.89925228, 1.21561657,
       6.23212664, 3.06209706, 6.13716149, 3.72773689, 3.7331121 ,
       1.87025907, 2.44788038, 2.46562104, 4.68145518, 5.90803318,
       0.15653417, 5.1988262 , 2.33031314, 6.24798833, 4.01100613,
       4.842462  , 6.03480411, 2.56365519, 2.5113548 , 2.76228774,
       5.18063839, 0.6540146 , 1.90152782, 3.25102881, 5.4217642 ,
       4.57018088, 1.75479767, 5.49526117, 0.68625285, 5.00800628,
       3.57420085, 3.21291568, 2.38343444, 0.08253872, 5.35389222,
       1.96403809, 3.32678324, 2.3323076 ])]",[627.9939506053925]
