,problem,layers,optimizer,solutions,parameters,time
0,"{'type': 'maxcut', 'graph': {'directed': False, 'multigraph': False, 'graph': {}, 'nodes': [{'id': 0}, {'id': 1}, {'id': 2}], 'links': [{'weight': 6, 'source': 0, 'target': 1}, {'weight': 7, 'source': 0, 'target': 2}, {'weight': 1, 'source': 1, 'target': 2}]}, 'position': {0: [0.07851080556038943, 0.24969078637319295], 1: [-1.0, 0.10034683312306583], 2: [0.9214891944396112, -0.3500376194962584]}, 'solution': ([0, 1, 1], 13.0)}",14,"{'optimizer': 'COBYLA', 'maxiter': 100, 'shots': 1024, 'parameter_strategy': 'RANDOM', 'x0': None, 'backend': <QAOA_Tester.Backend.NoisyEstimatorBackend object at 0x7fbd61e4d3c0>}","[([0, 0, 0], 0.0)]","[array([ 6.06340419,  4.48422749,  5.29219864,  1.84644098,  5.3322619 ,
        0.42953594,  0.14285911,  1.02458026,  5.97344342,  0.07174885,
        5.05931525,  1.64820893,  1.05897828,  2.07871624,  3.53822353,
        5.24114353,  4.48771066,  3.37583155,  2.4106132 ,  5.24595226,
        5.06527773,  4.58132662,  4.82164911,  6.07156788, -0.18748701,
        1.54912928,  3.53713729,  0.84920632])]",[591.086766242981]
