,problem,layers,optimizer,solutions,parameters,time
0,"{'type': 'maxcut', 'graph': {'directed': False, 'multigraph': False, 'graph': {}, 'nodes': [{'id': 0}, {'id': 1}, {'id': 2}], 'links': [{'weight': 6, 'source': 0, 'target': 1}, {'weight': 7, 'source': 0, 'target': 2}, {'weight': 1, 'source': 1, 'target': 2}]}, 'position': {0: [0.07851080556038943, 0.24969078637319295], 1: [-1.0, 0.10034683312306583], 2: [0.9214891944396112, -0.3500376194962584]}, 'solution': ([0, 1, 1], 13.0)}",16,"{'optimizer': 'COBYLA', 'maxiter': 100, 'shots': 1024, 'parameter_strategy': 'RANDOM', 'x0': None, 'backend': <QAOA_Tester.Backend.NoisyEstimatorBackend object at 0x7f026b6c1870>}","[([1, 1, 0], -8.0)]","[array([4.11125357, 2.2646396 , 0.97406532, 5.26583087, 3.55616298,
       0.78083131, 4.94504187, 2.36962694, 1.73002584, 0.88704819,
       3.6857524 , 4.16015448, 4.88210469, 3.83196117, 0.76893591,
       6.4595458 , 0.41741317, 2.5803818 , 3.38002038, 1.12682435,
       0.60720975, 1.84605729, 5.48629016, 3.33864695, 5.42727126,
       2.29863306, 6.25946082, 4.09923246, 0.78319112, 1.65346621,
       5.22538874, 1.69702472])]",[614.7661509513855]
