,problem,layers,optimizer,solutions,parameters,time
0,"{'type': 'maxcut', 'graph': {'directed': False, 'multigraph': False, 'graph': {}, 'nodes': [{'id': 0}, {'id': 1}, {'id': 2}], 'links': [{'weight': 6, 'source': 0, 'target': 1}, {'weight': 7, 'source': 0, 'target': 2}, {'weight': 1, 'source': 1, 'target': 2}]}, 'position': {0: [0.07851080556038943, 0.24969078637319295], 1: [-1.0, 0.10034683312306583], 2: [0.9214891944396112, -0.3500376194962584]}, 'solution': ([0, 1, 1], 13.0)}",27,"{'optimizer': 'COBYLA', 'maxiter': 100, 'shots': 1024, 'parameter_strategy': 'RANDOM', 'x0': None, 'backend': <QAOA_Tester.Backend.NoisyEstimatorBackend object at 0x7f217b828df0>}","[([0, 0, 0], 0.0)]","[array([0.36070137, 1.38545922, 4.85970038, 5.91357033, 1.08861241,
       4.18852476, 0.29849179, 1.84680501, 3.9064929 , 5.48946059,
       4.79117391, 4.53833814, 5.67289989, 0.16506443, 4.5591764 ,
       6.16728644, 4.1979543 , 5.33614766, 5.81739416, 4.35608009,
       3.35336274, 4.13522356, 3.88451111, 5.05058539, 2.24369131,
       0.36398381, 1.01199642, 4.27749734, 4.87556662, 1.51991133,
       5.06053883, 1.94490393, 3.68345955, 4.51894761, 3.03906957,
       1.50658001, 5.7768889 , 1.08819619, 0.42966781, 2.90226535,
       5.22789121, 4.68036266, 5.84969685, 2.15615408, 1.46095757,
       4.35497394, 5.84011924, 5.7860392 , 4.63299086, 5.18495772,
       1.49349986, 2.96175476, 0.5401977 , 2.9325093 ])]",[571.4667778015137]
