,problem,layers,optimizer,solutions,parameters,time
0,"{'type': 'maxcut', 'graph': {'directed': False, 'multigraph': False, 'graph': {}, 'nodes': [{'id': 0}, {'id': 1}, {'id': 2}], 'links': [{'weight': 6, 'source': 0, 'target': 1}, {'weight': 7, 'source': 0, 'target': 2}, {'weight': 1, 'source': 1, 'target': 2}]}, 'position': {0: [0.07851080556038943, 0.24969078637319295], 1: [-1.0, 0.10034683312306583], 2: [0.9214891944396112, -0.3500376194962584]}, 'solution': ([0, 1, 1], 13.0)}",18,"{'optimizer': 'COBYLA', 'maxiter': 100, 'shots': 1024, 'parameter_strategy': 'RANDOM', 'x0': None, 'backend': <QAOA_Tester.Backend.NoisyEstimatorBackend object at 0x7f68e5f61570>}","[([1, 1, 0], -8.0)]","[array([6.22450989, 5.97539308, 5.08932601, 3.12713589, 0.70003773,
       1.39896486, 5.01842612, 0.15345557, 3.51618952, 3.08801203,
       2.4386284 , 4.10993589, 1.60138867, 3.27595337, 1.87808526,
       0.31035132, 0.97051766, 4.47614415, 5.04801079, 2.86916685,
       0.82148974, 1.45127282, 1.41751371, 3.26137919, 4.93453379,
       0.59890968, 5.75871968, 2.06722035, 1.88346253, 2.89792724,
       2.95581994, 4.71103817, 5.06599613, 1.37194616, 0.1990779 ,
       2.79368111])]",[597.5312716960907]
