,problem,layers,optimizer,solutions,parameters,time
0,"{'type': 'maxcut', 'graph': {'directed': False, 'multigraph': False, 'graph': {}, 'nodes': [{'id': 0}, {'id': 1}, {'id': 2}], 'links': [{'weight': 6, 'source': 0, 'target': 1}, {'weight': 7, 'source': 0, 'target': 2}, {'weight': 1, 'source': 1, 'target': 2}]}, 'position': {0: [0.07851080556038943, 0.24969078637319295], 1: [-1.0, 0.10034683312306583], 2: [0.9214891944396112, -0.3500376194962584]}, 'solution': ([0, 1, 1], 13.0)}",29,"{'optimizer': 'COBYLA', 'maxiter': 100, 'shots': 1024, 'parameter_strategy': 'RANDOM', 'x0': None, 'backend': <QAOA_Tester.Backend.NoisyEstimatorBackend object at 0x7ff4ef7f7ee0>}","[([1, 1, 1], 0.0)]","[array([0.71581458, 3.5107482 , 3.11173427, 5.40079174, 0.6015938 ,
       2.70676767, 1.23276789, 5.24079132, 2.43717324, 1.48850327,
       0.68270194, 4.15653314, 0.44908715, 5.40459806, 6.20664466,
       2.3582303 , 1.96004028, 4.71569601, 4.64069245, 2.3485663 ,
       1.55897757, 5.11330722, 4.64441484, 1.55495281, 3.57037247,
       3.88410237, 3.13138433, 3.64435193, 6.37466534, 2.74340327,
       3.60143814, 2.50182448, 2.28550001, 2.42968087, 0.41675879,
       4.5766557 , 4.62295252, 6.24137956, 4.93955251, 2.50368985,
       3.55971388, 1.56944667, 4.22230419, 1.46087838, 2.50014147,
       3.82180963, 0.98017839, 0.0384824 , 1.22610956, 5.48507163,
       2.52408033, 1.60278962, 0.49701754, 5.00684918, 1.44653778,
       2.07212538, 5.70190904, 4.06740897])]",[570.174348115921]
