,problem,layers,optimizer,solutions,parameters,time
0,"{'type': 'maxcut', 'graph': {'directed': False, 'multigraph': False, 'graph': {}, 'nodes': [{'id': 0}, {'id': 1}, {'id': 2}], 'links': [{'weight': 6, 'source': 0, 'target': 1}, {'weight': 7, 'source': 0, 'target': 2}, {'weight': 1, 'source': 1, 'target': 2}]}, 'position': {0: [0.07851080556038943, 0.24969078637319295], 1: [-1.0, 0.10034683312306583], 2: [0.9214891944396112, -0.3500376194962584]}, 'solution': ([0, 1, 1], 13.0)}",16,"{'optimizer': 'COBYLA', 'maxiter': 100, 'shots': 1024, 'parameter_strategy': 'RANDOM', 'x0': None, 'backend': <QAOA_Tester.Backend.NoisyEstimatorBackend object at 0x7fe6a8e990f0>}","[([1, 0, 0], -13.0)]","[array([1.28227213, 4.28655464, 0.31383921, 0.74419374, 5.73115399,
       1.23043866, 2.78379228, 4.88956308, 1.75381015, 5.0298686 ,
       5.49564839, 1.75359297, 1.99013283, 3.38627218, 4.51797712,
       7.82684327, 5.87700049, 0.31478072, 3.97999604, 2.49611964,
       3.9054718 , 5.64193614, 3.74519095, 2.85237529, 0.32188849,
       6.17070136, 0.14374357, 1.38529391, 3.24385053, 2.31198383,
       5.25844531, 4.7943204 ])]",[584.3610143661499]
