,problem,layers,optimizer,solutions,parameters,time
0,"{'type': 'maxcut', 'graph': {'directed': False, 'multigraph': False, 'graph': {}, 'nodes': [{'id': 0}, {'id': 1}, {'id': 2}], 'links': [{'weight': 6, 'source': 0, 'target': 1}, {'weight': 7, 'source': 0, 'target': 2}, {'weight': 1, 'source': 1, 'target': 2}]}, 'position': {0: [0.07851080556038943, 0.24969078637319295], 1: [-1.0, 0.10034683312306583], 2: [0.9214891944396112, -0.3500376194962584]}, 'solution': ([0, 1, 1], 13.0)}",19,"{'optimizer': 'COBYLA', 'maxiter': 100, 'shots': 1024, 'parameter_strategy': 'RANDOM', 'x0': None, 'backend': <QAOA_Tester.Backend.NoisyEstimatorBackend object at 0x7f918418f7c0>}","[([1, 0, 1], -7.0)]","[array([0.90812507, 3.05552493, 1.44099134, 4.06002252, 2.93528188,
       5.03274781, 4.52791084, 4.01806803, 3.9725939 , 1.13059191,
       5.64033383, 0.24048573, 3.65977287, 3.71509683, 0.65192919,
       5.03225972, 2.80217024, 2.53290241, 4.03913346, 5.69262994,
       2.26273296, 3.0533372 , 1.57911024, 4.66016978, 4.91081283,
       6.01096318, 2.07521102, 3.72080368, 0.76919858, 5.3527672 ,
       5.59069061, 5.50362525, 5.14341854, 3.73282745, 2.80510626,
       0.99432527, 3.85700266, 1.48280857])]",[594.8438031673431]
