,problem,layers,optimizer,solutions,parameters,time
0,"{'type': 'maxcut', 'graph': {'directed': False, 'multigraph': False, 'graph': {}, 'nodes': [{'id': 0}, {'id': 1}, {'id': 2}], 'links': [{'weight': 6, 'source': 0, 'target': 1}, {'weight': 7, 'source': 0, 'target': 2}, {'weight': 1, 'source': 1, 'target': 2}]}, 'position': {0: [0.07851080556038943, 0.24969078637319295], 1: [-1.0, 0.10034683312306583], 2: [0.9214891944396112, -0.3500376194962584]}, 'solution': ([0, 1, 1], 13.0)}",27,"{'optimizer': 'COBYLA', 'maxiter': 100, 'shots': 1024, 'parameter_strategy': 'RANDOM', 'x0': None, 'backend': <QAOA_Tester.Backend.NoisyEstimatorBackend object at 0x7ff8d300d3c0>}","[([0, 0, 1], -8.0)]","[array([2.89119534, 2.62622479, 1.82826759, 4.68672665, 3.22014129,
       3.47387516, 1.01082861, 4.29509285, 1.58796488, 2.78304107,
       1.58676997, 4.41750181, 3.61825221, 5.94385452, 0.91693411,
       4.85735744, 6.33199205, 6.22424807, 5.15795943, 2.87394321,
       3.78804827, 5.51813812, 4.13838546, 4.54118776, 3.25492561,
       5.28793541, 4.09447394, 3.94492494, 1.73226318, 4.96124537,
       1.27648531, 5.79556569, 2.06906831, 1.98114405, 0.39491975,
       0.59169045, 5.93166326, 0.52926402, 5.40711045, 1.12193899,
       6.02544663, 2.19869826, 2.28382579, 2.46291403, 5.82921965,
       1.18096021, 1.60930099, 0.36316183, 4.2611781 , 5.46851209,
       5.13511193, 6.12549559, 1.50253232, 5.47943978])]",[604.188806772232]
