,problem,layers,optimizer,solutions,parameters,time
0,"{'type': 'maxcut', 'graph': {'directed': False, 'multigraph': False, 'graph': {}, 'nodes': [{'id': 0}, {'id': 1}, {'id': 2}], 'links': [{'weight': 6, 'source': 0, 'target': 1}, {'weight': 7, 'source': 0, 'target': 2}, {'weight': 1, 'source': 1, 'target': 2}]}, 'position': {0: [0.07851080556038943, 0.24969078637319295], 1: [-1.0, 0.10034683312306583], 2: [0.9214891944396112, -0.3500376194962584]}, 'solution': ([0, 1, 1], 13.0)}",22,"{'optimizer': 'COBYLA', 'maxiter': 100, 'shots': 1024, 'parameter_strategy': 'RANDOM', 'x0': None, 'backend': <QAOA_Tester.Backend.NoisyEstimatorBackend object at 0x7f226d789990>}","[([1, 1, 1], 0.0)]","[array([4.96395177, 4.41995637, 5.90085664, 4.16315726, 3.93284889,
       0.96175524, 3.57943116, 0.67865065, 2.69251256, 0.97846647,
       0.02119052, 0.31706064, 6.21757533, 3.43436197, 1.60515139,
       0.12662559, 2.01347728, 1.22468445, 1.65993832, 1.80162674,
       4.33655669, 0.10998053, 0.93417906, 4.66204088, 0.12221138,
       0.39049943, 5.82235294, 5.72989208, 3.46725719, 1.75692516,
       0.21104143, 2.62151853, 5.4391452 , 3.23427975, 3.21136169,
       3.77908425, 4.39486337, 5.56970703, 3.25759776, 3.47414492,
       4.89106766, 3.59431196, 0.1438546 , 3.98924414])]",[616.518482208252]
