,problem,layers,optimizer,solutions,parameters,time
0,"{'type': 'maxcut', 'graph': {'directed': False, 'multigraph': False, 'graph': {}, 'nodes': [{'id': 0}, {'id': 1}, {'id': 2}], 'links': [{'weight': 6, 'source': 0, 'target': 1}, {'weight': 7, 'source': 0, 'target': 2}, {'weight': 1, 'source': 1, 'target': 2}]}, 'position': {0: [0.07851080556038943, 0.24969078637319295], 1: [-1.0, 0.10034683312306583], 2: [0.9214891944396112, -0.3500376194962584]}, 'solution': ([0, 1, 1], 13.0)}",16,"{'optimizer': 'COBYLA', 'maxiter': 100, 'shots': 1024, 'parameter_strategy': 'RANDOM', 'x0': None, 'backend': <QAOA_Tester.Backend.NoisyEstimatorBackend object at 0x7fba301898a0>}","[([1, 0, 0], -13.0)]","[array([4.1861031 , 5.59913423, 5.65978665, 3.17262243, 0.885007  ,
       4.07827125, 5.23531834, 5.90098519, 0.46632916, 5.51099101,
       1.5405327 , 3.00250996, 5.60587353, 2.03505034, 5.12778333,
       5.19480309, 5.52066697, 3.23952155, 5.60525251, 2.84655641,
       4.37278245, 3.53267322, 5.07215534, 5.75335748, 2.65665498,
       4.00583907, 5.4963032 , 6.2420041 , 4.65292029, 1.22176625,
       5.47091854, 4.61383935])]",[586.0317640304565]
