,problem,layers,optimizer,solutions,parameters,time
0,"{'type': 'maxcut', 'graph': {'directed': False, 'multigraph': False, 'graph': {}, 'nodes': [{'id': 0}, {'id': 1}, {'id': 2}], 'links': [{'weight': 6, 'source': 0, 'target': 1}, {'weight': 7, 'source': 0, 'target': 2}, {'weight': 1, 'source': 1, 'target': 2}]}, 'position': {0: [0.07851080556038943, 0.24969078637319295], 1: [-1.0, 0.10034683312306583], 2: [0.9214891944396112, -0.3500376194962584]}, 'solution': ([0, 1, 1], 13.0)}",24,"{'optimizer': 'COBYLA', 'maxiter': 100, 'shots': 1024, 'parameter_strategy': 'RANDOM', 'x0': None, 'backend': <QAOA_Tester.Backend.NoisyEstimatorBackend object at 0x7f6a8356d540>}","[([0, 0, 0], 0.0)]","[array([ 2.45758529e+00,  5.18404423e+00,  4.38156355e+00,  1.39574188e+00,
        4.12371396e+00,  9.26095698e-01,  4.32962532e+00,  5.46857169e+00,
        1.80040086e-01,  5.21226088e+00,  2.11202358e+00,  3.92414310e+00,
        2.05640347e-01,  4.51801464e+00,  4.42896208e+00, -2.67669234e-03,
        1.65727635e+00,  1.14173525e+00,  1.29981323e+00,  1.26997122e+00,
        4.16585419e+00,  4.00586179e+00,  3.30707393e+00,  9.99205814e-01,
        5.67137211e+00,  5.53850044e+00,  3.45050309e+00,  5.92991499e+00,
        1.48146482e-01,  2.49866539e+00,  3.70918667e+00,  3.44217803e+00,
        4.08867189e+00,  1.65062841e+00,  1.36601476e+00,  5.08522411e+00,
        4.33947360e-01,  2.36500425e+00,  1.77325440e+00,  4.29073806e+00,
        6.19592668e+00,  1.83634427e+00,  3.98524950e+00,  7.44010148e-01,
        3.76418572e+00,  3.78655692e+00,  9.46547273e-01,  5.69032550e+00])]",[584.4646582603455]
