,problem,layers,optimizer,solutions,parameters,time
0,"{'type': 'maxcut', 'graph': {'directed': False, 'multigraph': False, 'graph': {}, 'nodes': [{'id': 0}, {'id': 1}, {'id': 2}], 'links': [{'weight': 6, 'source': 0, 'target': 1}, {'weight': 7, 'source': 0, 'target': 2}, {'weight': 1, 'source': 1, 'target': 2}]}, 'position': {0: [0.07851080556038943, 0.24969078637319295], 1: [-1.0, 0.10034683312306583], 2: [0.9214891944396112, -0.3500376194962584]}, 'solution': ([0, 1, 1], 13.0)}",17,"{'optimizer': 'COBYLA', 'maxiter': 100, 'shots': 1024, 'parameter_strategy': 'RANDOM', 'x0': None, 'backend': <QAOA_Tester.Backend.NoisyEstimatorBackend object at 0x7f775552d810>}","[([1, 0, 0], -13.0)]","[array([3.47076798, 4.32567447, 2.56985972, 2.87426592, 3.22037817,
       0.40399018, 3.7519271 , 2.80596818, 0.72009429, 3.08679109,
       6.28108193, 0.30593579, 0.81049719, 4.00264657, 0.60823122,
       0.80754112, 5.94776061, 3.77423463, 4.99669023, 3.59270033,
       1.29749102, 2.30169666, 0.41453313, 4.00956446, 0.92934105,
       3.03904375, 0.67076781, 2.34891049, 5.46289302, 4.84183838,
       2.80537186, 1.24137239, 6.10189229, 2.05150824])]",[608.3705654144287]
