,problem,layers,optimizer,solutions,parameters,time
0,"{'type': 'maxcut', 'graph': {'directed': False, 'multigraph': False, 'graph': {}, 'nodes': [{'id': 0}, {'id': 1}, {'id': 2}], 'links': [{'weight': 6, 'source': 0, 'target': 1}, {'weight': 7, 'source': 0, 'target': 2}, {'weight': 1, 'source': 1, 'target': 2}]}, 'position': {0: [0.07851080556038943, 0.24969078637319295], 1: [-1.0, 0.10034683312306583], 2: [0.9214891944396112, -0.3500376194962584]}, 'solution': ([0, 1, 1], 13.0)}",23,"{'optimizer': 'COBYLA', 'maxiter': 100, 'shots': 1024, 'parameter_strategy': 'RANDOM', 'x0': None, 'backend': <QAOA_Tester.Backend.NoisyEstimatorBackend object at 0x7fa62953d2d0>}","[([0, 0, 0], 0.0)]","[array([ 3.29383789,  1.62508847,  2.06862039,  3.18736005,  5.70897075,
        4.48793971,  0.69899572,  5.78949458,  2.07624717,  5.48009172,
        0.11940941,  5.81745535,  2.31937227,  4.25001554,  3.82483834,
        2.71186841,  2.22663705,  4.39542784,  4.01991623,  0.74436574,
        3.2264519 ,  3.23024198, -0.40139039,  3.10753151,  1.59903019,
        0.91916469,  3.76151712,  3.23009669,  0.29934876,  4.44926854,
        2.32028728,  0.67470278,  6.32642359,  2.92053525,  5.63264604,
        5.85378157,  5.97622296,  3.12094901,  2.46234443,  5.54372542,
        3.3827117 ,  3.89824672,  2.99828057,  1.13222803,  3.27852732,
        5.01171415])]",[614.8283956050873]
