,problem,layers,optimizer,solutions,parameters,time
0,"{'type': 'maxcut', 'graph': {'directed': False, 'multigraph': False, 'graph': {}, 'nodes': [{'id': 0}, {'id': 1}, {'id': 2}], 'links': [{'weight': 6, 'source': 0, 'target': 1}, {'weight': 7, 'source': 0, 'target': 2}, {'weight': 1, 'source': 1, 'target': 2}]}, 'position': {0: [0.07851080556038943, 0.24969078637319295], 1: [-1.0, 0.10034683312306583], 2: [0.9214891944396112, -0.3500376194962584]}, 'solution': ([0, 1, 1], 13.0)}",24,"{'optimizer': 'COBYLA', 'maxiter': 100, 'shots': 1024, 'parameter_strategy': 'RANDOM', 'x0': None, 'backend': <QAOA_Tester.Backend.NoisyEstimatorBackend object at 0x7f6be4689360>}","[([0, 0, 0], 0.0)]","[array([5.71708185, 3.53103412, 3.32588932, 0.27240287, 5.04566018,
       6.12722879, 1.70385946, 2.70200752, 5.30533108, 3.24924002,
       5.11754962, 4.2139033 , 4.32407351, 5.37194554, 3.94125263,
       5.55177317, 0.20377791, 1.47462931, 4.67267194, 2.95364823,
       1.59948396, 1.07211824, 5.01253255, 5.87126989, 0.22735167,
       5.5157078 , 4.17954469, 1.3754157 , 5.80938873, 4.94503403,
       1.19277755, 4.51534242, 2.8262448 , 4.81518804, 0.22153982,
       0.21786774, 0.24190371, 1.92658196, 5.60563506, 2.16708416,
       0.35069722, 5.33252031, 4.69902806, 6.26206641, 3.78425652,
       3.33127736, 1.94014053, 5.77482824])]",[577.7155129909515]
