,problem,layers,optimizer,solutions,parameters,time
0,"{'type': 'maxcut', 'graph': {'directed': False, 'multigraph': False, 'graph': {}, 'nodes': [{'id': 0}, {'id': 1}, {'id': 2}], 'links': [{'weight': 6, 'source': 0, 'target': 1}, {'weight': 7, 'source': 0, 'target': 2}, {'weight': 1, 'source': 1, 'target': 2}]}, 'position': {0: [0.07851080556038943, 0.24969078637319295], 1: [-1.0, 0.10034683312306583], 2: [0.9214891944396112, -0.3500376194962584]}, 'solution': ([0, 1, 1], 13.0)}",21,"{'optimizer': 'COBYLA', 'maxiter': 100, 'shots': 1024, 'parameter_strategy': 'RANDOM', 'x0': None, 'backend': <QAOA_Tester.Backend.NoisyEstimatorBackend object at 0x7f1eeca418a0>}","[([0, 0, 1], -8.0)]","[array([1.41456422, 2.21060936, 2.43567107, 1.54131029, 0.17109239,
       5.14508953, 0.17990553, 0.98742122, 2.90722715, 1.00824078,
       5.36260764, 4.95003447, 1.67113312, 0.88635282, 4.56503197,
       1.72690113, 2.23883669, 5.82643433, 1.86275828, 5.99699966,
       3.61022739, 2.43177917, 3.24842094, 4.03326361, 2.45698112,
       4.53141449, 0.94145824, 1.64761608, 0.60628411, 4.30495408,
       2.44110149, 5.24304167, 4.12773806, 5.69648442, 0.81116969,
       2.1011025 , 3.18864836, 1.63941479, 2.22744013, 4.73284125,
       4.43369682, 5.26394715])]",[544.4622020721436]
