,problem,layers,optimizer,solutions,parameters,time
0,"{'type': 'maxcut', 'graph': {'directed': False, 'multigraph': False, 'graph': {}, 'nodes': [{'id': 0}, {'id': 1}, {'id': 2}], 'links': [{'weight': 6, 'source': 0, 'target': 1}, {'weight': 7, 'source': 0, 'target': 2}, {'weight': 1, 'source': 1, 'target': 2}]}, 'position': {0: [0.07851080556038943, 0.24969078637319295], 1: [-1.0, 0.10034683312306583], 2: [0.9214891944396112, -0.3500376194962584]}, 'solution': ([0, 1, 1], 13.0)}",28,"{'optimizer': 'COBYLA', 'maxiter': 100, 'shots': 1024, 'parameter_strategy': 'RANDOM', 'x0': None, 'backend': <QAOA_Tester.Backend.NoisyEstimatorBackend object at 0x7fc6186716c0>}","[([1, 0, 0], -13.0)]","[array([1.62626732, 0.16387516, 0.75191963, 5.18609387, 0.64371515,
       0.40460436, 5.11725265, 1.21878976, 4.79252571, 3.39067934,
       4.01027142, 4.85807738, 4.38061335, 0.68613175, 4.13964897,
       1.74561568, 1.30044109, 1.82309611, 2.83014923, 2.99346908,
       0.93121949, 1.05731154, 2.78213969, 0.51583053, 1.42869855,
       6.01163912, 5.87605884, 3.20578513, 6.05180178, 4.44809017,
       3.2804475 , 4.9278018 , 2.56150462, 5.82241347, 5.5147001 ,
       1.87210567, 5.81555469, 4.22675695, 2.44598408, 4.71064354,
       1.44818298, 2.60045508, 1.8353717 , 2.4170739 , 4.25638913,
       2.65455806, 3.27373545, 5.38086171, 3.70239754, 6.14122125,
       0.05080486, 5.78170573, 1.27513017, 5.27050494, 4.1078017 ,
       2.43039033])]",[615.2317900657654]
